"key","value","section","note","script"
"submitted_n_obs_merged",13591,"baseline","rows in merged_data_with_met (text: 13591)","2_analysis/01_submitted_baseline.R"
"submitted_n_fluxbot_after_qc",6865,"baseline","","2_analysis/01_submitted_baseline.R"
"submitted_n_autochamber_hours_after_qc",6726,"baseline","","2_analysis/01_submitted_baseline.R"
"submitted_gam_fs_intercept",2.6873,"baseline","text 2.687","2_analysis/01_submitted_baseline.R"
"submitted_gam_fs_stand2",-0.013058,"baseline","text -0.013","2_analysis/01_submitted_baseline.R"
"submitted_gam_fs_method",-0.33194,"baseline","text -0.332","2_analysis/01_submitted_baseline.R"
"submitted_gam_fs_method_se",0.25024,"baseline","text 0.250","2_analysis/01_submitted_baseline.R"
"submitted_gam_fs_method_p",0.1847,"baseline","text 0.185","2_analysis/01_submitted_baseline.R"
"submitted_gam_fs_r2adj",0.54127,"baseline","text 0.541","2_analysis/01_submitted_baseline.R"
"submitted_gam_fs_edf_id",23.926,"baseline","text 23.93","2_analysis/01_submitted_baseline.R"
"submitted_fig4_n_hours",336,"baseline","","2_analysis/01_submitted_baseline.R"
"submitted_fig4_mean_autochamber",2.6895,"baseline","qmd comment 2.690","2_analysis/01_submitted_baseline.R"
"submitted_fig4_mean_fluxbot",2.389,"baseline","qmd comment 2.389","2_analysis/01_submitted_baseline.R"
"submitted_fig5_n",334,"baseline","","2_analysis/01_submitted_baseline.R"
"submitted_fig5_ccc",0.70464,"baseline","text 0.70","2_analysis/01_submitted_baseline.R"
"submitted_fig5_intercept",-0.49204,"baseline","text -0.49","2_analysis/01_submitted_baseline.R"
"submitted_fig5_slope",1.0859,"baseline","text 1.09","2_analysis/01_submitted_baseline.R"
"submitted_fig5_r2",0.67125,"baseline","text 0.67","2_analysis/01_submitted_baseline.R"
"submitted_fig5_ccc_no_autochamber_gt1_filter",0.70087,"baseline","qmd drops hours with autochamber stand-mean <= 1 before CCC","2_analysis/01_submitted_baseline.R"
"submitted_fig5_n_no_autochamber_gt1_filter",334,"baseline","","2_analysis/01_submitted_baseline.R"
"submitted_q10_autochamber",2.3057,"baseline","text 2.31","2_analysis/01_submitted_baseline.R"
"submitted_q10_autochamber_tmin",11.156,"baseline","","2_analysis/01_submitted_baseline.R"
"submitted_q10_autochamber_tmax",19.1,"baseline","","2_analysis/01_submitted_baseline.R"
"submitted_q10_fluxbot",2.8645,"baseline","text 2.86","2_analysis/01_submitted_baseline.R"
"submitted_q10_fluxbot_tmin",8.4889,"baseline","","2_analysis/01_submitted_baseline.R"
"submitted_q10_fluxbot_tmax",19.1,"baseline","","2_analysis/01_submitted_baseline.R"
"submitted_gini_autochamber",0.12868,"baseline","text 0.13","2_analysis/01_submitted_baseline.R"
"submitted_gini_fluxbot",0.15859,"baseline","text 0.16","2_analysis/01_submitted_baseline.R"
"pressure_hf001_mean_hPa",1015.8,"A7","","2_analysis/02_station_pressure.R"
"pressure_local_mean_hPa",976.34,"A7","median of in-chamber LPS22, per stand-hour","2_analysis/02_station_pressure.R"
"pressure_ratio_mean",0.96115,"A7","flux correction factor local/HF001","2_analysis/02_station_pressure.R"
"pressure_ratio_sd",0.0080796,"A7","","2_analysis/02_station_pressure.R"
"pressure_ratio_min",0.95647,"A7","","2_analysis/02_station_pressure.R"
"pressure_ratio_max",1.0227,"A7","","2_analysis/02_station_pressure.R"
"pressure_local_vs_hf_r",0.40616,"A7","","2_analysis/02_station_pressure.R"
"pressure_ratio_healthy",0.96174,"A7","","2_analysis/02_station_pressure.R"
"pressure_ratio_unhealthy",0.96046,"A7","","2_analysis/02_station_pressure.R"
"n_obs",13579,"data","","2_analysis/03_main_analyses.R"
"n_fluxbot_obs",6815,"data","","2_analysis/03_main_analyses.R"
"n_autochamber_chamber_hours",6764,"data","","2_analysis/03_main_analyses.R"
"n_fluxbot_units_with_data",16,"data","","2_analysis/03_main_analyses.R"
"n_fluxbot_units_healthy",8,"data","","2_analysis/03_main_analyses.R"
"n_fluxbot_units_unhealthy",8,"data","","2_analysis/03_main_analyses.R"
"fluxbot_last_obs_doy",304,"data","","2_analysis/03_main_analyses.R"
"autochamber_last_obs_doy",304,"data","","2_analysis/03_main_analyses.R"
"gam_intercept",2.7176,"A1","autochamber, stand 1 reference","2_analysis/03_main_analyses.R"
"gam_stand2",-0.083379,"A1","","2_analysis/03_main_analyses.R"
"gam_stand2_se",0.24586,"A1","","2_analysis/03_main_analyses.R"
"gam_stand2_p",0.73451,"A1","","2_analysis/03_main_analyses.R"
"gam_method",-0.32117,"A1","","2_analysis/03_main_analyses.R"
"gam_method_se",0.24839,"A1","","2_analysis/03_main_analyses.R"
"gam_method_p",0.19603,"A1","","2_analysis/03_main_analyses.R"
"gam_method_ci95_lo",-0.80801,"A1","","2_analysis/03_main_analyses.R"
"gam_method_ci95_hi",0.16567,"A1","","2_analysis/03_main_analyses.R"
"gam_method_ci90_lo",-0.72977,"A2","","2_analysis/03_main_analyses.R"
"gam_method_ci90_hi",0.087427,"A2","","2_analysis/03_main_analyses.R"
"gam_method_pct_of_intercept",-11.818,"A1","","2_analysis/03_main_analyses.R"
"gam_r2adj",0.59831,"A1","","2_analysis/03_main_analyses.R"
"gam_dev_expl",0.59956,"A1","","2_analysis/03_main_analyses.R"
"gam_edf_hour",6.8074,"A1","","2_analysis/03_main_analyses.R"
"gam_edf_s10t",8.5339,"A1","","2_analysis/03_main_analyses.R"
"gam_p_hour",0,"A1","","2_analysis/03_main_analyses.R"
"gam_p_s10t",0,"A1","","2_analysis/03_main_analyses.R"
"gam_fs_method",-0.32119,"A1","bs='fs' as submitted, EST join","2_analysis/03_main_analyses.R"
"gam_fs_method_se",0.24838,"A1","","2_analysis/03_main_analyses.R"
"sd_between_chamber_gam",0.64952,"A1","random-intercept SD, both systems","2_analysis/03_main_analyses.R"
"sd_residual_gam",0.69073,"A1","","2_analysis/03_main_analyses.R"
"method_offset_over_sd_chamber",0.49447,"A1","","2_analysis/03_main_analyses.R"
"sd_chamber_autochamber",0.71981,"A1","lmer, system-specific chamber SD","2_analysis/03_main_analyses.R"
"sd_chamber_fluxbot",0.59642,"A1","","2_analysis/03_main_analyses.R"
"sd_stand_hour",0.64857,"A1","","2_analysis/03_main_analyses.R"
"sd_resid_lmer",0.60814,"A1","","2_analysis/03_main_analyses.R"
"chamber_median_min",1.5562,"A1","","2_analysis/03_main_analyses.R"
"chamber_median_max",4.1764,"A1","","2_analysis/03_main_analyses.R"
"chamber_q1_min",1.0703,"A1","","2_analysis/03_main_analyses.R"
"chamber_q3_max",5.0801,"A1","","2_analysis/03_main_analyses.R"
"chamber_mean_range_autochamber_lo",1.695,"A1","","2_analysis/03_main_analyses.R"
"chamber_mean_range_autochamber_hi",4.4163,"A1","","2_analysis/03_main_analyses.R"
"sd_chamber_means_autochamber",0.72507,"A1","","2_analysis/03_main_analyses.R"
"chamber_mean_range_fluxbot_lo",1.6375,"A1","","2_analysis/03_main_analyses.R"
"chamber_mean_range_fluxbot_hi",3.8104,"A1","","2_analysis/03_main_analyses.R"
"sd_chamber_means_fluxbot",0.6513,"A1","","2_analysis/03_main_analyses.R"
"autochamber_mean_flux",2.599,"A2","","2_analysis/03_main_analyses.R"
"fluxbot_mean_flux",2.4195,"A2","","2_analysis/03_main_analyses.R"
"tost_bound_10pct",0.2599,"A2","","2_analysis/03_main_analyses.R"
"tost_p_10pct",0.59741,"A2","equivalence if < 0.05","2_analysis/03_main_analyses.R"
"tost_bound_20pct",0.51981,"A2","","2_analysis/03_main_analyses.R"
"tost_p_20pct",0.21194,"A2","equivalence if < 0.05","2_analysis/03_main_analyses.R"
"tost_bound_30pct",0.77971,"A2","","2_analysis/03_main_analyses.R"
"tost_p_30pct",0.03244,"A2","equivalence if < 0.05","2_analysis/03_main_analyses.R"
"tost_min_equiv_bound",0.72977,"A2","","2_analysis/03_main_analyses.R"
"tost_min_equiv_bound_pct",28.078,"A2","","2_analysis/03_main_analyses.R"
"chamber_boot_diff",-0.13498,"A2","","2_analysis/03_main_analyses.R"
"chamber_boot_ci95_lo",-0.62165,"A2","","2_analysis/03_main_analyses.R"
"chamber_boot_ci95_hi",0.32192,"A2","","2_analysis/03_main_analyses.R"
"fig5_n_hours",328,"agreement","","2_analysis/03_main_analyses.R"
"ccc",0.68596,"agreement","","2_analysis/03_main_analyses.R"
"ccc_lo",0.63194,"agreement","","2_analysis/03_main_analyses.R"
"ccc_hi",0.73335,"agreement","","2_analysis/03_main_analyses.R"
"ccc_pearson_r",0.77525,"agreement","precision component","2_analysis/03_main_analyses.R"
"ccc_cb",0.88483,"agreement","accuracy (bias-correction) component","2_analysis/03_main_analyses.R"
"fig5_slope",0.89185,"agreement","","2_analysis/03_main_analyses.R"
"fig5_slope_lo",0.81267,"agreement","","2_analysis/03_main_analyses.R"
"fig5_slope_hi",0.97102,"agreement","","2_analysis/03_main_analyses.R"
"fig5_intercept",0.0074062,"agreement","","2_analysis/03_main_analyses.R"
"fig5_intercept_lo",-0.20422,"agreement","","2_analysis/03_main_analyses.R"
"fig5_intercept_hi",0.21903,"agreement","","2_analysis/03_main_analyses.R"
"fig5_r2",0.60101,"agreement","","2_analysis/03_main_analyses.R"
"fig5_mean_autochamber",2.621,"agreement","","2_analysis/03_main_analyses.R"
"fig5_mean_fluxbot",2.3449,"agreement","","2_analysis/03_main_analyses.R"
"paired_bias",-0.27606,"agreement","fluxbot - autochamber, 3-h array means","2_analysis/03_main_analyses.R"
"paired_bias_lo",-0.41089,"agreement","circular block bootstrap, 24-value blocks","2_analysis/03_main_analyses.R"
"paired_bias_hi",-0.13408,"agreement","","2_analysis/03_main_analyses.R"
"paired_bias_pct",-10.533,"agreement","","2_analysis/03_main_analyses.R"
"fig5_intercept_pct_of_mean",0.28257,"agreement","","2_analysis/03_main_analyses.R"
"ccc_hourly_nosmooth",0.64619,"agreement","array-wide hourly means, no rolling mean","2_analysis/03_main_analyses.R"
"ccc_hourly_nosmooth_n",361,"agreement","","2_analysis/03_main_analyses.R"
"ccc_k3",0.68596,"agreement",">= 3 chambers per system x stand","2_analysis/03_main_analyses.R"
"ccc_k3_n",328,"agreement","","2_analysis/03_main_analyses.R"
"ccc_stand_healthy",0.62587,"agreement","stand-hour 3-h means, >=3 chambers each","2_analysis/03_main_analyses.R"
"ccc_stand_healthy_r",0.77289,"agreement","","2_analysis/03_main_analyses.R"
"ccc_stand_healthy_bias",-0.56837,"agreement","","2_analysis/03_main_analyses.R"
"ccc_stand_healthy_n",430,"agreement","","2_analysis/03_main_analyses.R"
"ccc_stand_unhealthy",0.72291,"agreement","stand-hour 3-h means, >=3 chambers each","2_analysis/03_main_analyses.R"
"ccc_stand_unhealthy_r",0.74489,"agreement","","2_analysis/03_main_analyses.R"
"ccc_stand_unhealthy_bias",-0.036758,"agreement","","2_analysis/03_main_analyses.R"
"ccc_stand_unhealthy_n",493,"agreement","","2_analysis/03_main_analyses.R"
"ccc_as_submitted_logic",0.70464,"agreement","from 2_analysis/01_submitted_baseline.R fig5_ccc (NY-parsed met; met-independent)","2_analysis/03_main_analyses.R"
"anomaly_r",0.77525,"agreement","correlation of 3-h anomalies","2_analysis/03_main_analyses.R"
"fig4_mean_autochamber",2.613,"fig4","","2_analysis/03_main_analyses.R"
"fig4_sd_autochamber",0.9494,"fig4","","2_analysis/03_main_analyses.R"
"fig4_mean_fluxbot",2.4147,"fig4","","2_analysis/03_main_analyses.R"
"fig4_sd_fluxbot",1.0818,"fig4","","2_analysis/03_main_analyses.R"
"diel_peak_hour_autochamber",18,"diel","","2_analysis/03_main_analyses.R"
"diel_peak_autochamber",2.9655,"diel","","2_analysis/03_main_analyses.R"
"diel_min_hour_autochamber",9,"diel","","2_analysis/03_main_analyses.R"
"diel_min_autochamber",2.411,"diel","","2_analysis/03_main_analyses.R"
"diel_amplitude_autochamber",0.55449,"diel","","2_analysis/03_main_analyses.R"
"diel_ci_halfwidth_median_autochamber",0.27495,"diel","across days","2_analysis/03_main_analyses.R"
"diel_peak_hour_fluxbot",17,"diel","","2_analysis/03_main_analyses.R"
"diel_peak_fluxbot",2.6847,"diel","","2_analysis/03_main_analyses.R"
"diel_min_hour_fluxbot",7,"diel","","2_analysis/03_main_analyses.R"
"diel_min_fluxbot",2.1181,"diel","","2_analysis/03_main_analyses.R"
"diel_amplitude_fluxbot",0.56662,"diel","","2_analysis/03_main_analyses.R"
"diel_ci_halfwidth_median_fluxbot",0.2768,"diel","across days","2_analysis/03_main_analyses.R"
"diel_r_between_systems",0.84181,"diel","","2_analysis/03_main_analyses.R"
"q10_common_tmin",11.156,"A4","","2_analysis/03_main_analyses.R"
"q10_common_tmax",19.1,"A4","","2_analysis/03_main_analyses.R"
"q10_autochamber_q10",2.836,"A4","nls exponential, common stand-hours","2_analysis/03_main_analyses.R"
"q10_autochamber_lo",2.7252,"A4","nls exponential, common stand-hours","2_analysis/03_main_analyses.R"
"q10_autochamber_hi",2.9513,"A4","nls exponential, common stand-hours","2_analysis/03_main_analyses.R"
"q10_autochamber_r2",0.28105,"A4","nls exponential, common stand-hours","2_analysis/03_main_analyses.R"
"q10_autochamber_n",6417,"A4","nls exponential, common stand-hours","2_analysis/03_main_analyses.R"
"q10lmm_autochamber_q10",2.699,"A4","log-linear mixed model, chamber random intercept","2_analysis/03_main_analyses.R"
"q10lmm_autochamber_lo",2.6145,"A4","log-linear mixed model, chamber random intercept","2_analysis/03_main_analyses.R"
"q10lmm_autochamber_hi",2.7862,"A4","log-linear mixed model, chamber random intercept","2_analysis/03_main_analyses.R"
"q10_fluxbot_q10",3.0231,"A4","nls exponential, common stand-hours","2_analysis/03_main_analyses.R"
"q10_fluxbot_lo",2.8695,"A4","nls exponential, common stand-hours","2_analysis/03_main_analyses.R"
"q10_fluxbot_hi",3.1849,"A4","nls exponential, common stand-hours","2_analysis/03_main_analyses.R"
"q10_fluxbot_r2",0.23373,"A4","nls exponential, common stand-hours","2_analysis/03_main_analyses.R"
"q10_fluxbot_n",5604,"A4","nls exponential, common stand-hours","2_analysis/03_main_analyses.R"
"q10lmm_fluxbot_q10",3.9339,"A4","log-linear mixed model, chamber random intercept","2_analysis/03_main_analyses.R"
"q10lmm_fluxbot_lo",3.6647,"A4","log-linear mixed model, chamber random intercept","2_analysis/03_main_analyses.R"
"q10lmm_fluxbot_hi",4.2228,"A4","log-linear mixed model, chamber random intercept","2_analysis/03_main_analyses.R"
"q10_gt05_autochamber_q10",2.8154,"A4","nls exponential, common stand-hours","2_analysis/03_main_analyses.R"
"q10_gt05_autochamber_lo",2.707,"A4","nls exponential, common stand-hours","2_analysis/03_main_analyses.R"
"q10_gt05_autochamber_hi",2.9281,"A4","nls exponential, common stand-hours","2_analysis/03_main_analyses.R"
"q10_gt05_autochamber_r2",0.28592,"A4","nls exponential, common stand-hours","2_analysis/03_main_analyses.R"
"q10_gt05_autochamber_n",6380,"A4","nls exponential, common stand-hours","2_analysis/03_main_analyses.R"
"q10lmm_gt05_autochamber_q10",2.6434,"A4","log-linear mixed model, chamber random intercept","2_analysis/03_main_analyses.R"
"q10lmm_gt05_autochamber_lo",2.5741,"A4","log-linear mixed model, chamber random intercept","2_analysis/03_main_analyses.R"
"q10lmm_gt05_autochamber_hi",2.7145,"A4","log-linear mixed model, chamber random intercept","2_analysis/03_main_analyses.R"
"q10_gt05_fluxbot_q10",2.7817,"A4","nls exponential, common stand-hours","2_analysis/03_main_analyses.R"
"q10_gt05_fluxbot_lo",2.6477,"A4","nls exponential, common stand-hours","2_analysis/03_main_analyses.R"
"q10_gt05_fluxbot_hi",2.9226,"A4","nls exponential, common stand-hours","2_analysis/03_main_analyses.R"
"q10_gt05_fluxbot_r2",0.22955,"A4","nls exponential, common stand-hours","2_analysis/03_main_analyses.R"
"q10_gt05_fluxbot_n",5416,"A4","nls exponential, common stand-hours","2_analysis/03_main_analyses.R"
"q10lmm_gt05_fluxbot_q10",2.8043,"A4","log-linear mixed model, chamber random intercept","2_analysis/03_main_analyses.R"
"q10lmm_gt05_fluxbot_lo",2.6698,"A4","log-linear mixed model, chamber random intercept","2_analysis/03_main_analyses.R"
"q10lmm_gt05_fluxbot_hi",2.9455,"A4","log-linear mixed model, chamber random intercept","2_analysis/03_main_analyses.R"
"q10_fullrecord_autochamber_q10",2.8322,"A4","","2_analysis/03_main_analyses.R"
"q10_fullrecord_autochamber_lo",2.7251,"A4","","2_analysis/03_main_analyses.R"
"q10_fullrecord_autochamber_hi",2.9436,"A4","","2_analysis/03_main_analyses.R"
"q10_fullrecord_autochamber_tmin",11.156,"A4","","2_analysis/03_main_analyses.R"
"q10_fullrecord_autochamber_tmax",19.1,"A4","","2_analysis/03_main_analyses.R"
"q10_fullrecord_fluxbot_q10",3.1763,"A4","","2_analysis/03_main_analyses.R"
"q10_fullrecord_fluxbot_lo",3.0321,"A4","","2_analysis/03_main_analyses.R"
"q10_fullrecord_fluxbot_hi",3.3272,"A4","","2_analysis/03_main_analyses.R"
"q10_fullrecord_fluxbot_tmin",11.156,"A4","","2_analysis/03_main_analyses.R"
"q10_fullrecord_fluxbot_tmax",19.1,"A4","","2_analysis/03_main_analyses.R"
"q10_arraymean_autochamber_q10",3.1747,"A4","","2_analysis/03_main_analyses.R"
"q10_arraymean_autochamber_lo",2.9804,"A4","","2_analysis/03_main_analyses.R"
"q10_arraymean_autochamber_hi",3.3817,"A4","","2_analysis/03_main_analyses.R"
"q10_arraymean_autochamber_r2",0.64601,"A4","","2_analysis/03_main_analyses.R"
"q10_arraymean_fluxbot_q10",3.303,"A4","","2_analysis/03_main_analyses.R"
"q10_arraymean_fluxbot_lo",3.0511,"A4","","2_analysis/03_main_analyses.R"
"q10_arraymean_fluxbot_hi",3.5758,"A4","","2_analysis/03_main_analyses.R"
"q10_arraymean_fluxbot_r2",0.55355,"A4","","2_analysis/03_main_analyses.R"
"q10_interaction_t",9.9752,"A4","log-linear LMM s10t x method","2_analysis/03_main_analyses.R"
"q10_interaction_p_approx",1.9576e-23,"A4","normal approximation","2_analysis/03_main_analyses.R"
"gini_autochamber",0.13506,"fig8","","2_analysis/03_main_analyses.R"
"gini_fluxbot",0.13764,"fig8","","2_analysis/03_main_analyses.R"
"cv_autochamber_healthy",0.30649,"A3","","2_analysis/03_main_analyses.R"
"cv_autochamber_unhealthy",0.21741,"A3","","2_analysis/03_main_analyses.R"
"cv_fluxbot_healthy",0.18136,"A3","","2_analysis/03_main_analyses.R"
"cv_fluxbot_unhealthy",0.32662,"A3","","2_analysis/03_main_analyses.R"
"effort_cv_autochamber_healthy",0.30649,"A3","CV of chamber means, common window","2_analysis/03_main_analyses.R"
"effort_cv_hourly_autochamber_healthy",0.31751,"A3","median per-hour CV across chambers","2_analysis/03_main_analyses.R"
"effort_n10_autochamber_healthy",39,"A3","chambers for +/-10% (95% CI), deployment mean","2_analysis/03_main_analyses.R"
"effort_n20_autochamber_healthy",12,"A3","","2_analysis/03_main_analyses.R"
"effort_n10_hourly_autochamber_healthy",42,"A3","single-hour stand mean","2_analysis/03_main_analyses.R"
"effort_n20_hourly_autochamber_healthy",13,"A3","","2_analysis/03_main_analyses.R"
"effort_boot_n10_autochamber_healthy",NA,"A3","bootstrap, 95% of draws within 10%","2_analysis/03_main_analyses.R"
"effort_boot_n20_autochamber_healthy",8,"A3","","2_analysis/03_main_analyses.R"
"effort_cv_autochamber_unhealthy",0.21741,"A3","CV of chamber means, common window","2_analysis/03_main_analyses.R"
"effort_cv_hourly_autochamber_unhealthy",0.23799,"A3","median per-hour CV across chambers","2_analysis/03_main_analyses.R"
"effort_n10_autochamber_unhealthy",21,"A3","chambers for +/-10% (95% CI), deployment mean","2_analysis/03_main_analyses.R"
"effort_n20_autochamber_unhealthy",8,"A3","","2_analysis/03_main_analyses.R"
"effort_n10_hourly_autochamber_unhealthy",25,"A3","single-hour stand mean","2_analysis/03_main_analyses.R"
"effort_n20_hourly_autochamber_unhealthy",8,"A3","","2_analysis/03_main_analyses.R"
"effort_boot_n10_autochamber_unhealthy",16,"A3","bootstrap, 95% of draws within 10%","2_analysis/03_main_analyses.R"
"effort_boot_n20_autochamber_unhealthy",4,"A3","","2_analysis/03_main_analyses.R"
"effort_cv_fluxbot_healthy",0.18136,"A3","CV of chamber means, common window","2_analysis/03_main_analyses.R"
"effort_cv_hourly_fluxbot_healthy",0.33015,"A3","median per-hour CV across chambers","2_analysis/03_main_analyses.R"
"effort_n10_fluxbot_healthy",16,"A3","chambers for +/-10% (95% CI), deployment mean","2_analysis/03_main_analyses.R"
"effort_n20_fluxbot_healthy",6,"A3","","2_analysis/03_main_analyses.R"
"effort_n10_hourly_fluxbot_healthy",45,"A3","single-hour stand mean","2_analysis/03_main_analyses.R"
"effort_n20_hourly_fluxbot_healthy",13,"A3","","2_analysis/03_main_analyses.R"
"effort_boot_n10_fluxbot_healthy",12,"A3","bootstrap, 95% of draws within 10%","2_analysis/03_main_analyses.R"
"effort_boot_n20_fluxbot_healthy",3,"A3","","2_analysis/03_main_analyses.R"
"effort_cv_fluxbot_unhealthy",0.32662,"A3","CV of chamber means, common window","2_analysis/03_main_analyses.R"
"effort_cv_hourly_fluxbot_unhealthy",0.35965,"A3","median per-hour CV across chambers","2_analysis/03_main_analyses.R"
"effort_n10_fluxbot_unhealthy",44,"A3","chambers for +/-10% (95% CI), deployment mean","2_analysis/03_main_analyses.R"
"effort_n20_fluxbot_unhealthy",13,"A3","","2_analysis/03_main_analyses.R"
"effort_n10_hourly_fluxbot_unhealthy",53,"A3","single-hour stand mean","2_analysis/03_main_analyses.R"
"effort_n20_hourly_fluxbot_unhealthy",15,"A3","","2_analysis/03_main_analyses.R"
"effort_boot_n10_fluxbot_unhealthy",NA,"A3","bootstrap, 95% of draws within 10%","2_analysis/03_main_analyses.R"
"effort_boot_n20_fluxbot_unhealthy",9,"A3","","2_analysis/03_main_analyses.R"
"effort_cv_mean_autochamber",0.26195,"A3","","2_analysis/03_main_analyses.R"
"effort_cv_hourly_mean_autochamber",0.27775,"A3","","2_analysis/03_main_analyses.R"
"effort_n10_mean_autochamber",29,"A3","","2_analysis/03_main_analyses.R"
"effort_n20_mean_autochamber",10,"A3","","2_analysis/03_main_analyses.R"
"effort_n10_hourly_mean_autochamber",33,"A3","","2_analysis/03_main_analyses.R"
"effort_n20_hourly_mean_autochamber",10,"A3","","2_analysis/03_main_analyses.R"
"effort_cv_mean_fluxbot",0.25399,"A3","","2_analysis/03_main_analyses.R"
"effort_cv_hourly_mean_fluxbot",0.3449,"A3","","2_analysis/03_main_analyses.R"
"effort_n10_mean_fluxbot",28,"A3","","2_analysis/03_main_analyses.R"
"effort_n20_mean_fluxbot",9,"A3","","2_analysis/03_main_analyses.R"
"effort_n10_hourly_mean_fluxbot",49,"A3","","2_analysis/03_main_analyses.R"
"effort_n20_hourly_mean_fluxbot",14,"A3","","2_analysis/03_main_analyses.R"
"s10t_min_deployment",11.156,"A5","","2_analysis/03_main_analyses.R"
"s10t_max_deployment",19.1,"A5","","2_analysis/03_main_analyses.R"
"s10t_min_autochamber",11.156,"A5","","2_analysis/03_main_analyses.R"
"s10t_min_fluxbot",11.156,"A5","","2_analysis/03_main_analyses.R"
"n_fluxbot_obs_after_oct31",0,"A5","","2_analysis/03_main_analyses.R"
"qc_n_raw_fluxbot",8372,"A6","","2_analysis/03_main_analyses.R"
"qc_n_negative_fluxbot",848,"A6","","2_analysis/03_main_analyses.R"
"qc_iqr_upper_fence_fluxbot",5.4516,"A6","","2_analysis/03_main_analyses.R"
"qc_n_above_fence_fluxbot",86,"A6","","2_analysis/03_main_analyses.R"
"qc_pct_removed_iqr_fluxbot",1.143,"A6","","2_analysis/03_main_analyses.R"
"qc_max_raw_fluxbot",7.3794,"A6","","2_analysis/03_main_analyses.R"
"qc_n_raw_autochamber",14347,"A6","","2_analysis/03_main_analyses.R"
"qc_n_negative_autochamber",469,"A6","","2_analysis/03_main_analyses.R"
"qc_iqr_upper_fence_autochamber",4.8105,"A6","","2_analysis/03_main_analyses.R"
"qc_n_above_fence_autochamber",530,"A6","","2_analysis/03_main_analyses.R"
"qc_pct_removed_iqr_autochamber",5.7789,"A6","","2_analysis/03_main_analyses.R"
"qc_max_raw_autochamber",28.871,"A6","","2_analysis/03_main_analyses.R"
"sens_main_gam_method",-0.32117,"sensitivity","Main: as deployed (all conditions; linear fits)","2_analysis/03_main_analyses.R"
"sens_main_gam_method_lo",-0.80801,"sensitivity","Main: as deployed (all conditions; linear fits)","2_analysis/03_main_analyses.R"
"sens_main_gam_method_hi",0.16567,"sensitivity","Main: as deployed (all conditions; linear fits)","2_analysis/03_main_analyses.R"
"sens_main_ccc",0.68596,"sensitivity","Main: as deployed (all conditions; linear fits)","2_analysis/03_main_analyses.R"
"sens_main_paired_bias",-0.27606,"sensitivity","Main: as deployed (all conditions; linear fits)","2_analysis/03_main_analyses.R"
"sens_main_q10_ac",2.836,"sensitivity","Main: as deployed (all conditions; linear fits)","2_analysis/03_main_analyses.R"
"sens_main_q10_fb",3.0231,"sensitivity","Main: as deployed (all conditions; linear fits)","2_analysis/03_main_analyses.R"
"sens_main_gini_ac",0.13506,"sensitivity","Main: as deployed (all conditions; linear fits)","2_analysis/03_main_analyses.R"
"sens_main_gini_fb",0.13764,"sensitivity","Main: as deployed (all conditions; linear fits)","2_analysis/03_main_analyses.R"
"sens_main_max_flux",9.2294,"sensitivity","Main: as deployed (all conditions; linear fits)","2_analysis/03_main_analyses.R"
"sens_main_n",13579,"sensitivity","Main: as deployed (all conditions; linear fits)","2_analysis/03_main_analyses.R"
"sens_main_gam_intercept",2.7176,"sensitivity","Main: as deployed (all conditions; linear fits)","2_analysis/03_main_analyses.R"
"sens_screened_gam_method",-0.28648,"sensitivity","RH-screened: wet-sensor closures removed","2_analysis/03_main_analyses.R"
"sens_screened_gam_method_lo",-0.7729,"sensitivity","RH-screened: wet-sensor closures removed","2_analysis/03_main_analyses.R"
"sens_screened_gam_method_hi",0.19995,"sensitivity","RH-screened: wet-sensor closures removed","2_analysis/03_main_analyses.R"
"sens_screened_ccc",0.74895,"sensitivity","RH-screened: wet-sensor closures removed","2_analysis/03_main_analyses.R"
"sens_screened_paired_bias",-0.23389,"sensitivity","RH-screened: wet-sensor closures removed","2_analysis/03_main_analyses.R"
"sens_screened_q10_ac",2.9886,"sensitivity","RH-screened: wet-sensor closures removed","2_analysis/03_main_analyses.R"
"sens_screened_q10_fb",3.329,"sensitivity","RH-screened: wet-sensor closures removed","2_analysis/03_main_analyses.R"
"sens_screened_gini_ac",0.13528,"sensitivity","RH-screened: wet-sensor closures removed","2_analysis/03_main_analyses.R"
"sens_screened_gini_fb",0.13786,"sensitivity","RH-screened: wet-sensor closures removed","2_analysis/03_main_analyses.R"
"sens_screened_max_flux",9.2294,"sensitivity","RH-screened: wet-sensor closures removed","2_analysis/03_main_analyses.R"
"sens_screened_n",12959,"sensitivity","RH-screened: wet-sensor closures removed","2_analysis/03_main_analyses.R"
"sens_screened_gam_intercept",2.7222,"sensitivity","RH-screened: wet-sensor closures removed","2_analysis/03_main_analyses.R"
"sens_best_gam_method",-0.04959,"sensitivity","Flux model: goFlux best model (LM or HM)","2_analysis/03_main_analyses.R"
"sens_best_gam_method_lo",-0.64999,"sensitivity","Flux model: goFlux best model (LM or HM)","2_analysis/03_main_analyses.R"
"sens_best_gam_method_hi",0.55081,"sensitivity","Flux model: goFlux best model (LM or HM)","2_analysis/03_main_analyses.R"
"sens_best_ccc",0.65755,"sensitivity","Flux model: goFlux best model (LM or HM)","2_analysis/03_main_analyses.R"
"sens_best_paired_bias",-0.0098782,"sensitivity","Flux model: goFlux best model (LM or HM)","2_analysis/03_main_analyses.R"
"sens_best_q10_ac",2.7361,"sensitivity","Flux model: goFlux best model (LM or HM)","2_analysis/03_main_analyses.R"
"sens_best_q10_fb",3.1811,"sensitivity","Flux model: goFlux best model (LM or HM)","2_analysis/03_main_analyses.R"
"sens_best_gini_ac",0.13994,"sensitivity","Flux model: goFlux best model (LM or HM)","2_analysis/03_main_analyses.R"
"sens_best_gini_fb",0.1545,"sensitivity","Flux model: goFlux best model (LM or HM)","2_analysis/03_main_analyses.R"
"sens_best_max_flux",11.42,"sensitivity","Flux model: goFlux best model (LM or HM)","2_analysis/03_main_analyses.R"
"sens_best_n",13563,"sensitivity","Flux model: goFlux best model (LM or HM)","2_analysis/03_main_analyses.R"
"sens_best_gam_intercept",2.9587,"sensitivity","Flux model: goFlux best model (LM or HM)","2_analysis/03_main_analyses.R"
"sens_hm_gam_method",0.16967,"sensitivity","Flux model: Hutchinson-Mosier (HM) for all closures","2_analysis/03_main_analyses.R"
"sens_hm_gam_method_lo",-0.45789,"sensitivity","Flux model: Hutchinson-Mosier (HM) for all closures","2_analysis/03_main_analyses.R"
"sens_hm_gam_method_hi",0.79724,"sensitivity","Flux model: Hutchinson-Mosier (HM) for all closures","2_analysis/03_main_analyses.R"
"sens_hm_ccc",0.64159,"sensitivity","Flux model: Hutchinson-Mosier (HM) for all closures","2_analysis/03_main_analyses.R"
"sens_hm_paired_bias",0.18119,"sensitivity","Flux model: Hutchinson-Mosier (HM) for all closures","2_analysis/03_main_analyses.R"
"sens_hm_q10_ac",2.7249,"sensitivity","Flux model: Hutchinson-Mosier (HM) for all closures","2_analysis/03_main_analyses.R"
"sens_hm_q10_fb",2.6062,"sensitivity","Flux model: Hutchinson-Mosier (HM) for all closures","2_analysis/03_main_analyses.R"
"sens_hm_gini_ac",0.13766,"sensitivity","Flux model: Hutchinson-Mosier (HM) for all closures","2_analysis/03_main_analyses.R"
"sens_hm_gini_fb",0.13713,"sensitivity","Flux model: Hutchinson-Mosier (HM) for all closures","2_analysis/03_main_analyses.R"
"sens_hm_max_flux",12.52,"sensitivity","Flux model: Hutchinson-Mosier (HM) for all closures","2_analysis/03_main_analyses.R"
"sens_hm_n",13504,"sensitivity","Flux model: Hutchinson-Mosier (HM) for all closures","2_analysis/03_main_analyses.R"
"sens_hm_gam_intercept",2.9963,"sensitivity","Flux model: Hutchinson-Mosier (HM) for all closures","2_analysis/03_main_analyses.R"
"sens_qc_iqr_gam_method",-0.3608,"sensitivity","QC: submitted rule (negatives removed, pooled 1.5 x IQR)","2_analysis/03_main_analyses.R"
"sens_qc_iqr_gam_method_lo",-0.79077,"sensitivity","QC: submitted rule (negatives removed, pooled 1.5 x IQR)","2_analysis/03_main_analyses.R"
"sens_qc_iqr_gam_method_hi",0.069166,"sensitivity","QC: submitted rule (negatives removed, pooled 1.5 x IQR)","2_analysis/03_main_analyses.R"
"sens_qc_iqr_ccc",0.50893,"sensitivity","QC: submitted rule (negatives removed, pooled 1.5 x IQR)","2_analysis/03_main_analyses.R"
"sens_qc_iqr_paired_bias",-0.34769,"sensitivity","QC: submitted rule (negatives removed, pooled 1.5 x IQR)","2_analysis/03_main_analyses.R"
"sens_qc_iqr_q10_ac",2.279,"sensitivity","QC: submitted rule (negatives removed, pooled 1.5 x IQR)","2_analysis/03_main_analyses.R"
"sens_qc_iqr_q10_fb",3.3268,"sensitivity","QC: submitted rule (negatives removed, pooled 1.5 x IQR)","2_analysis/03_main_analyses.R"
"sens_qc_iqr_gini_ac",0.13179,"sensitivity","QC: submitted rule (negatives removed, pooled 1.5 x IQR)","2_analysis/03_main_analyses.R"
"sens_qc_iqr_gini_fb",0.14153,"sensitivity","QC: submitted rule (negatives removed, pooled 1.5 x IQR)","2_analysis/03_main_analyses.R"
"sens_qc_iqr_max_flux",5.439,"sensitivity","QC: submitted rule (negatives removed, pooled 1.5 x IQR)","2_analysis/03_main_analyses.R"
"sens_qc_iqr_n",14100,"sensitivity","QC: submitted rule (negatives removed, pooled 1.5 x IQR)","2_analysis/03_main_analyses.R"
"sens_qc_iqr_gam_intercept",2.5131,"sensitivity","QC: submitted rule (negatives removed, pooled 1.5 x IQR)","2_analysis/03_main_analyses.R"
"sens_qc_none_gam_method",-0.3487,"sensitivity","QC: negatives removed only","2_analysis/03_main_analyses.R"
"sens_qc_none_gam_method_lo",-0.82992,"sensitivity","QC: negatives removed only","2_analysis/03_main_analyses.R"
"sens_qc_none_gam_method_hi",0.13253,"sensitivity","QC: negatives removed only","2_analysis/03_main_analyses.R"
"sens_qc_none_ccc",0.45498,"sensitivity","QC: negatives removed only","2_analysis/03_main_analyses.R"
"sens_qc_none_paired_bias",-0.26636,"sensitivity","QC: negatives removed only","2_analysis/03_main_analyses.R"
"sens_qc_none_q10_ac",3.0128,"sensitivity","QC: negatives removed only","2_analysis/03_main_analyses.R"
"sens_qc_none_q10_fb",3.6865,"sensitivity","QC: negatives removed only","2_analysis/03_main_analyses.R"
"sens_qc_none_gini_ac",0.13499,"sensitivity","QC: negatives removed only","2_analysis/03_main_analyses.R"
"sens_qc_none_gini_fb",0.14046,"sensitivity","QC: negatives removed only","2_analysis/03_main_analyses.R"
"sens_qc_none_max_flux",15.355,"sensitivity","QC: negatives removed only","2_analysis/03_main_analyses.R"
"sens_qc_none_n",14596,"sensitivity","QC: negatives removed only","2_analysis/03_main_analyses.R"
"sens_qc_none_gam_intercept",2.5209,"sensitivity","QC: negatives removed only","2_analysis/03_main_analyses.R"
"sens_ac_edt_gam_method",-0.31796,"sensitivity","Autochamber clock read as EDT (as submitted)","2_analysis/03_main_analyses.R"
"sens_ac_edt_gam_method_lo",-0.8047,"sensitivity","Autochamber clock read as EDT (as submitted)","2_analysis/03_main_analyses.R"
"sens_ac_edt_gam_method_hi",0.16877,"sensitivity","Autochamber clock read as EDT (as submitted)","2_analysis/03_main_analyses.R"
"sens_ac_edt_ccc",0.69869,"sensitivity","Autochamber clock read as EDT (as submitted)","2_analysis/03_main_analyses.R"
"sens_ac_edt_paired_bias",-0.27485,"sensitivity","Autochamber clock read as EDT (as submitted)","2_analysis/03_main_analyses.R"
"sens_ac_edt_q10_ac",2.7848,"sensitivity","Autochamber clock read as EDT (as submitted)","2_analysis/03_main_analyses.R"
"sens_ac_edt_q10_fb",3.0093,"sensitivity","Autochamber clock read as EDT (as submitted)","2_analysis/03_main_analyses.R"
"sens_ac_edt_gini_ac",0.13443,"sensitivity","Autochamber clock read as EDT (as submitted)","2_analysis/03_main_analyses.R"
"sens_ac_edt_gini_fb",0.13687,"sensitivity","Autochamber clock read as EDT (as submitted)","2_analysis/03_main_analyses.R"
"sens_ac_edt_max_flux",9.2294,"sensitivity","Autochamber clock read as EDT (as submitted)","2_analysis/03_main_analyses.R"
"sens_ac_edt_n",13579,"sensitivity","Autochamber clock read as EDT (as submitted)","2_analysis/03_main_analyses.R"
"sens_ac_edt_gam_intercept",2.7158,"sensitivity","Autochamber clock read as EDT (as submitted)","2_analysis/03_main_analyses.R"
"sens_pressure_sealevel_gam_method",-0.33467,"sensitivity","Pressure: HF001 sea-level (as submitted)","2_analysis/03_main_analyses.R"
"sens_pressure_sealevel_gam_method_lo",-0.84196,"sensitivity","Pressure: HF001 sea-level (as submitted)","2_analysis/03_main_analyses.R"
"sens_pressure_sealevel_gam_method_hi",0.17263,"sensitivity","Pressure: HF001 sea-level (as submitted)","2_analysis/03_main_analyses.R"
"sens_pressure_sealevel_ccc",0.68596,"sensitivity","Pressure: HF001 sea-level (as submitted)","2_analysis/03_main_analyses.R"
"sens_pressure_sealevel_paired_bias",-0.28766,"sensitivity","Pressure: HF001 sea-level (as submitted)","2_analysis/03_main_analyses.R"
"sens_pressure_sealevel_q10_ac",2.836,"sensitivity","Pressure: HF001 sea-level (as submitted)","2_analysis/03_main_analyses.R"
"sens_pressure_sealevel_q10_fb",3.0231,"sensitivity","Pressure: HF001 sea-level (as submitted)","2_analysis/03_main_analyses.R"
"sens_pressure_sealevel_gini_ac",0.13506,"sensitivity","Pressure: HF001 sea-level (as submitted)","2_analysis/03_main_analyses.R"
"sens_pressure_sealevel_gini_fb",0.13764,"sensitivity","Pressure: HF001 sea-level (as submitted)","2_analysis/03_main_analyses.R"
"sens_pressure_sealevel_max_flux",9.6173,"sensitivity","Pressure: HF001 sea-level (as submitted)","2_analysis/03_main_analyses.R"
"sens_pressure_sealevel_n",13579,"sensitivity","Pressure: HF001 sea-level (as submitted)","2_analysis/03_main_analyses.R"
"sens_pressure_sealevel_gam_intercept",2.8318,"sensitivity","Pressure: HF001 sea-level (as submitted)","2_analysis/03_main_analyses.R"
"sens_hf293_gam_method",-1.2991,"sensitivity","Autochamber: HF-published fluxes (HF293)","2_analysis/03_main_analyses.R"
"sens_hf293_gam_method_lo",-1.8749,"sensitivity","Autochamber: HF-published fluxes (HF293)","2_analysis/03_main_analyses.R"
"sens_hf293_gam_method_hi",-0.72332,"sensitivity","Autochamber: HF-published fluxes (HF293)","2_analysis/03_main_analyses.R"
"sens_hf293_ccc",0.29535,"sensitivity","Autochamber: HF-published fluxes (HF293)","2_analysis/03_main_analyses.R"
"sens_hf293_paired_bias",-1.2138,"sensitivity","Autochamber: HF-published fluxes (HF293)","2_analysis/03_main_analyses.R"
"sens_hf293_q10_ac",2.8267,"sensitivity","Autochamber: HF-published fluxes (HF293)","2_analysis/03_main_analyses.R"
"sens_hf293_q10_fb",3.0274,"sensitivity","Autochamber: HF-published fluxes (HF293)","2_analysis/03_main_analyses.R"
"sens_hf293_gini_ac",0.13096,"sensitivity","Autochamber: HF-published fluxes (HF293)","2_analysis/03_main_analyses.R"
"sens_hf293_gini_fb",0.13732,"sensitivity","Autochamber: HF-published fluxes (HF293)","2_analysis/03_main_analyses.R"
"sens_hf293_max_flux",12.777,"sensitivity","Autochamber: HF-published fluxes (HF293)","2_analysis/03_main_analyses.R"
"sens_hf293_n",13478,"sensitivity","Autochamber: HF-published fluxes (HF293)","2_analysis/03_main_analyses.R"
"sens_hf293_gam_intercept",3.7309,"sensitivity","Autochamber: HF-published fluxes (HF293)","2_analysis/03_main_analyses.R"
"sens_submitted_gam_method",-0.32983,"sensitivity","Submitted flux files and QC","2_analysis/03_main_analyses.R"
"sens_submitted_gam_method_lo",-0.81963,"sensitivity","Submitted flux files and QC","2_analysis/03_main_analyses.R"
"sens_submitted_gam_method_hi",0.15997,"sensitivity","Submitted flux files and QC","2_analysis/03_main_analyses.R"
"sens_submitted_ccc",0.65674,"sensitivity","Submitted flux files and QC","2_analysis/03_main_analyses.R"
"sens_submitted_paired_bias",-0.33999,"sensitivity","Submitted flux files and QC","2_analysis/03_main_analyses.R"
"sens_submitted_q10_ac",2.2754,"sensitivity","Submitted flux files and QC","2_analysis/03_main_analyses.R"
"sens_submitted_q10_fb",2.8603,"sensitivity","Submitted flux files and QC","2_analysis/03_main_analyses.R"
"sens_submitted_gini_ac",0.12868,"sensitivity","Submitted flux files and QC","2_analysis/03_main_analyses.R"
"sens_submitted_gini_fb",0.15859,"sensitivity","Submitted flux files and QC","2_analysis/03_main_analyses.R"
"sens_submitted_max_flux",5.9405,"sensitivity","Submitted flux files and QC","2_analysis/03_main_analyses.R"
"sens_submitted_n",13591,"sensitivity","Submitted flux files and QC","2_analysis/03_main_analyses.R"
"sens_submitted_gam_intercept",2.6863,"sensitivity","Submitted flux files and QC","2_analysis/03_main_analyses.R"
"tsoil_local_mean_healthy",14.017,"A7","","2_analysis/04_soil_temperature.R"
"tsoil_local_min_healthy",9.6414,"A7","","2_analysis/04_soil_temperature.R"
"tsoil_local_max_healthy",16.848,"A7","","2_analysis/04_soil_temperature.R"
"tsoil_minus_s10t_mean_healthy",-0.66887,"A7","","2_analysis/04_soil_temperature.R"
"tsoil_minus_s10t_sd_healthy",1.0925,"A7","","2_analysis/04_soil_temperature.R"
"tsoil_vs_s10t_r_healthy",0.93382,"A7","","2_analysis/04_soil_temperature.R"
"tsoil_local_range_healthy",7.2061,"A7","","2_analysis/04_soil_temperature.R"
"tsoil_local_mean_unhealthy",18.272,"A7","","2_analysis/04_soil_temperature.R"
"tsoil_local_min_unhealthy",12.893,"A7","","2_analysis/04_soil_temperature.R"
"tsoil_local_max_unhealthy",21.119,"A7","","2_analysis/04_soil_temperature.R"
"tsoil_minus_s10t_mean_unhealthy",4.4468,"A7","","2_analysis/04_soil_temperature.R"
"tsoil_minus_s10t_sd_unhealthy",1.4369,"A7","","2_analysis/04_soil_temperature.R"
"tsoil_vs_s10t_r_unhealthy",0.81377,"A7","","2_analysis/04_soil_temperature.R"
"tsoil_local_range_unhealthy",8.2262,"A7","","2_analysis/04_soil_temperature.R"
"s10t_range_same_hours",10.675,"A7","","2_analysis/04_soil_temperature.R"
"q10_localT_autochamber",0.97456,"A7","common stand-hours, local autochamber soil T","2_analysis/04_soil_temperature.R"
"q10_localT_autochamber_lo",0.93737,"A7","","2_analysis/04_soil_temperature.R"
"q10_localT_autochamber_hi",1.0132,"A7","","2_analysis/04_soil_temperature.R"
"q10_s10t_samerows_autochamber",2.8153,"A7","same rows, HF001 s10t","2_analysis/04_soil_temperature.R"
"q10_localT_fluxbot",1.3331,"A7","common stand-hours, local autochamber soil T","2_analysis/04_soil_temperature.R"
"q10_localT_fluxbot_lo",1.2692,"A7","","2_analysis/04_soil_temperature.R"
"q10_localT_fluxbot_hi",1.4002,"A7","","2_analysis/04_soil_temperature.R"
"q10_s10t_samerows_fluxbot",3.0373,"A7","same rows, HF001 s10t","2_analysis/04_soil_temperature.R"
"q10_localT_tmin",11.64,"A7","","2_analysis/04_soil_temperature.R"
"q10_localT_tmax",21.119,"A7","","2_analysis/04_soil_temperature.R"
"panel_deployed_hourly_n",361,"agreement_panel","array means; compared hours = >= 3 units per system per stand","2_analysis/05_agreement_metrics.R"
"panel_deployed_hourly_r",0.70887,"agreement_panel","array means; compared hours = >= 3 units per system per stand","2_analysis/05_agreement_metrics.R"
"panel_deployed_hourly_bias",-0.25888,"agreement_panel","array means; compared hours = >= 3 units per system per stand","2_analysis/05_agreement_metrics.R"
"panel_deployed_hourly_bias_pct",-9.9357,"agreement_panel","array means; compared hours = >= 3 units per system per stand","2_analysis/05_agreement_metrics.R"
"panel_deployed_hourly_rmse",0.53262,"agreement_panel","array means; compared hours = >= 3 units per system per stand","2_analysis/05_agreement_metrics.R"
"panel_deployed_hourly_nrmse_pct",20.442,"agreement_panel","array means; compared hours = >= 3 units per system per stand","2_analysis/05_agreement_metrics.R"
"panel_deployed_hourly_ccc",0.64619,"agreement_panel","array means; compared hours = >= 3 units per system per stand","2_analysis/05_agreement_metrics.R"
"panel_deployed_hourly_sma_slope",1.1085,"agreement_panel","array means; compared hours = >= 3 units per system per stand","2_analysis/05_agreement_metrics.R"
"panel_deployed_hourly_loa_lo",-1.1725,"agreement_panel","array means; compared hours = >= 3 units per system per stand","2_analysis/05_agreement_metrics.R"
"panel_deployed_hourly_loa_hi",0.65472,"agreement_panel","array means; compared hours = >= 3 units per system per stand","2_analysis/05_agreement_metrics.R"
"panel_deployed_3hrolling_n",328,"agreement_panel","array means; compared hours = >= 3 units per system per stand","2_analysis/05_agreement_metrics.R"
"panel_deployed_3hrolling_r",0.77525,"agreement_panel","array means; compared hours = >= 3 units per system per stand","2_analysis/05_agreement_metrics.R"
"panel_deployed_3hrolling_bias",-0.27606,"agreement_panel","array means; compared hours = >= 3 units per system per stand","2_analysis/05_agreement_metrics.R"
"panel_deployed_3hrolling_bias_pct",-10.533,"agreement_panel","array means; compared hours = >= 3 units per system per stand","2_analysis/05_agreement_metrics.R"
"panel_deployed_3hrolling_rmse",0.47411,"agreement_panel","array means; compared hours = >= 3 units per system per stand","2_analysis/05_agreement_metrics.R"
"panel_deployed_3hrolling_nrmse_pct",18.089,"agreement_panel","array means; compared hours = >= 3 units per system per stand","2_analysis/05_agreement_metrics.R"
"panel_deployed_3hrolling_ccc",0.68596,"agreement_panel","array means; compared hours = >= 3 units per system per stand","2_analysis/05_agreement_metrics.R"
"panel_deployed_3hrolling_sma_slope",1.1504,"agreement_panel","array means; compared hours = >= 3 units per system per stand","2_analysis/05_agreement_metrics.R"
"panel_deployed_3hrolling_loa_lo",-1.0327,"agreement_panel","array means; compared hours = >= 3 units per system per stand","2_analysis/05_agreement_metrics.R"
"panel_deployed_3hrolling_loa_hi",0.48057,"agreement_panel","array means; compared hours = >= 3 units per system per stand","2_analysis/05_agreement_metrics.R"
"panel_deployed_daily_n",16,"agreement_panel","array means; compared hours = >= 3 units per system per stand","2_analysis/05_agreement_metrics.R"
"panel_deployed_daily_r",0.82594,"agreement_panel","array means; compared hours = >= 3 units per system per stand","2_analysis/05_agreement_metrics.R"
"panel_deployed_daily_bias",-0.25344,"agreement_panel","array means; compared hours = >= 3 units per system per stand","2_analysis/05_agreement_metrics.R"
"panel_deployed_daily_bias_pct",-9.908,"agreement_panel","array means; compared hours = >= 3 units per system per stand","2_analysis/05_agreement_metrics.R"
"panel_deployed_daily_rmse",0.38101,"agreement_panel","array means; compared hours = >= 3 units per system per stand","2_analysis/05_agreement_metrics.R"
"panel_deployed_daily_nrmse_pct",14.895,"agreement_panel","array means; compared hours = >= 3 units per system per stand","2_analysis/05_agreement_metrics.R"
"panel_deployed_daily_ccc",0.70517,"agreement_panel","array means; compared hours = >= 3 units per system per stand","2_analysis/05_agreement_metrics.R"
"panel_deployed_daily_sma_slope",1.2115,"agreement_panel","array means; compared hours = >= 3 units per system per stand","2_analysis/05_agreement_metrics.R"
"panel_deployed_daily_loa_lo",-0.82932,"agreement_panel","array means; compared hours = >= 3 units per system per stand","2_analysis/05_agreement_metrics.R"
"panel_deployed_daily_loa_hi",0.32243,"agreement_panel","array means; compared hours = >= 3 units per system per stand","2_analysis/05_agreement_metrics.R"
"panel_screened_hourly_n",312,"agreement_panel","array means; compared hours = >= 3 units per system per stand","2_analysis/05_agreement_metrics.R"
"panel_screened_hourly_r",0.74931,"agreement_panel","array means; compared hours = >= 3 units per system per stand","2_analysis/05_agreement_metrics.R"
"panel_screened_hourly_bias",-0.21689,"agreement_panel","array means; compared hours = >= 3 units per system per stand","2_analysis/05_agreement_metrics.R"
"panel_screened_hourly_bias_pct",-8.4539,"agreement_panel","array means; compared hours = >= 3 units per system per stand","2_analysis/05_agreement_metrics.R"
"panel_screened_hourly_rmse",0.49505,"agreement_panel","array means; compared hours = >= 3 units per system per stand","2_analysis/05_agreement_metrics.R"
"panel_screened_hourly_nrmse_pct",19.296,"agreement_panel","array means; compared hours = >= 3 units per system per stand","2_analysis/05_agreement_metrics.R"
"panel_screened_hourly_ccc",0.70251,"agreement_panel","array means; compared hours = >= 3 units per system per stand","2_analysis/05_agreement_metrics.R"
"panel_screened_hourly_sma_slope",1.1127,"agreement_panel","array means; compared hours = >= 3 units per system per stand","2_analysis/05_agreement_metrics.R"
"panel_screened_hourly_loa_lo",-1.0905,"agreement_panel","array means; compared hours = >= 3 units per system per stand","2_analysis/05_agreement_metrics.R"
"panel_screened_hourly_loa_hi",0.65673,"agreement_panel","array means; compared hours = >= 3 units per system per stand","2_analysis/05_agreement_metrics.R"
"panel_screened_3hrolling_n",279,"agreement_panel","array means; compared hours = >= 3 units per system per stand","2_analysis/05_agreement_metrics.R"
"panel_screened_3hrolling_r",0.82043,"agreement_panel","array means; compared hours = >= 3 units per system per stand","2_analysis/05_agreement_metrics.R"
"panel_screened_3hrolling_bias",-0.23389,"agreement_panel","array means; compared hours = >= 3 units per system per stand","2_analysis/05_agreement_metrics.R"
"panel_screened_3hrolling_bias_pct",-9.0786,"agreement_panel","array means; compared hours = >= 3 units per system per stand","2_analysis/05_agreement_metrics.R"
"panel_screened_3hrolling_rmse",0.42787,"agreement_panel","array means; compared hours = >= 3 units per system per stand","2_analysis/05_agreement_metrics.R"
"panel_screened_3hrolling_nrmse_pct",16.608,"agreement_panel","array means; compared hours = >= 3 units per system per stand","2_analysis/05_agreement_metrics.R"
"panel_screened_3hrolling_ccc",0.74895,"agreement_panel","array means; compared hours = >= 3 units per system per stand","2_analysis/05_agreement_metrics.R"
"panel_screened_3hrolling_sma_slope",1.1767,"agreement_panel","array means; compared hours = >= 3 units per system per stand","2_analysis/05_agreement_metrics.R"
"panel_screened_3hrolling_loa_lo",-0.93738,"agreement_panel","array means; compared hours = >= 3 units per system per stand","2_analysis/05_agreement_metrics.R"
"panel_screened_3hrolling_loa_hi",0.46959,"agreement_panel","array means; compared hours = >= 3 units per system per stand","2_analysis/05_agreement_metrics.R"
"panel_screened_daily_n",15,"agreement_panel","array means; compared hours = >= 3 units per system per stand","2_analysis/05_agreement_metrics.R"
"panel_screened_daily_r",0.88004,"agreement_panel","array means; compared hours = >= 3 units per system per stand","2_analysis/05_agreement_metrics.R"
"panel_screened_daily_bias",-0.22158,"agreement_panel","array means; compared hours = >= 3 units per system per stand","2_analysis/05_agreement_metrics.R"
"panel_screened_daily_bias_pct",-8.7816,"agreement_panel","array means; compared hours = >= 3 units per system per stand","2_analysis/05_agreement_metrics.R"
"panel_screened_daily_rmse",0.34245,"agreement_panel","array means; compared hours = >= 3 units per system per stand","2_analysis/05_agreement_metrics.R"
"panel_screened_daily_nrmse_pct",13.572,"agreement_panel","array means; compared hours = >= 3 units per system per stand","2_analysis/05_agreement_metrics.R"
"panel_screened_daily_ccc",0.77421,"agreement_panel","array means; compared hours = >= 3 units per system per stand","2_analysis/05_agreement_metrics.R"
"panel_screened_daily_sma_slope",1.2729,"agreement_panel","array means; compared hours = >= 3 units per system per stand","2_analysis/05_agreement_metrics.R"
"panel_screened_daily_loa_lo",-0.75131,"agreement_panel","array means; compared hours = >= 3 units per system per stand","2_analysis/05_agreement_metrics.R"
"panel_screened_daily_loa_hi",0.30815,"agreement_panel","array means; compared hours = >= 3 units per system per stand","2_analysis/05_agreement_metrics.R"
"null_within_median_abs_bias",0.10673,"spatial_null","m = 3 chambers per stand","2_analysis/05_agreement_metrics.R"
"null_cross_median_abs_bias",0.11389,"spatial_null","","2_analysis/05_agreement_metrics.R"
"null_within_ac_median_abs_bias",0.10126,"spatial_null","","2_analysis/05_agreement_metrics.R"
"null_within_fb_median_abs_bias",0.1137,"spatial_null","","2_analysis/05_agreement_metrics.R"
"null_p_cross_worse_abs_bias",0.50952,"spatial_null","P(cross-system draw worse than within-system draw); 0.5 = indistinguishable","2_analysis/05_agreement_metrics.R"
"null_within_median_r_hourly",0.90679,"spatial_null","m = 3 chambers per stand","2_analysis/05_agreement_metrics.R"
"null_cross_median_r_hourly",0.65337,"spatial_null","","2_analysis/05_agreement_metrics.R"
"null_within_ac_median_r_hourly",0.93655,"spatial_null","","2_analysis/05_agreement_metrics.R"
"null_within_fb_median_r_hourly",0.87296,"spatial_null","","2_analysis/05_agreement_metrics.R"
"null_p_cross_worse_r_hourly",0.99543,"spatial_null","P(cross-system draw worse than within-system draw); 0.5 = indistinguishable","2_analysis/05_agreement_metrics.R"
"null_within_median_ccc_hourly",0.78477,"spatial_null","m = 3 chambers per stand","2_analysis/05_agreement_metrics.R"
"null_cross_median_ccc_hourly",0.52906,"spatial_null","","2_analysis/05_agreement_metrics.R"
"null_within_ac_median_ccc_hourly",0.83568,"spatial_null","","2_analysis/05_agreement_metrics.R"
"null_within_fb_median_ccc_hourly",0.75848,"spatial_null","","2_analysis/05_agreement_metrics.R"
"null_p_cross_worse_ccc_hourly",0.92147,"spatial_null","P(cross-system draw worse than within-system draw); 0.5 = indistinguishable","2_analysis/05_agreement_metrics.R"
"null_within_median_nrmse_hourly",17.766,"spatial_null","m = 3 chambers per stand","2_analysis/05_agreement_metrics.R"
"null_cross_median_nrmse_hourly",22.858,"spatial_null","","2_analysis/05_agreement_metrics.R"
"null_within_ac_median_nrmse_hourly",13.625,"spatial_null","","2_analysis/05_agreement_metrics.R"
"null_within_fb_median_nrmse_hourly",20.642,"spatial_null","","2_analysis/05_agreement_metrics.R"
"null_p_cross_worse_nrmse_hourly",0.74218,"spatial_null","P(cross-system draw worse than within-system draw); 0.5 = indistinguishable","2_analysis/05_agreement_metrics.R"
"null_within_median_r_daily",0.96738,"spatial_null","m = 3 chambers per stand","2_analysis/05_agreement_metrics.R"
"null_cross_median_r_daily",0.83446,"spatial_null","","2_analysis/05_agreement_metrics.R"
"null_within_ac_median_r_daily",0.97087,"spatial_null","","2_analysis/05_agreement_metrics.R"
"null_within_fb_median_r_daily",0.96373,"spatial_null","","2_analysis/05_agreement_metrics.R"
"null_p_cross_worse_r_daily",0.96674,"spatial_null","P(cross-system draw worse than within-system draw); 0.5 = indistinguishable","2_analysis/05_agreement_metrics.R"
"null_within_median_ccc_daily",0.81728,"spatial_null","m = 3 chambers per stand","2_analysis/05_agreement_metrics.R"
"null_cross_median_ccc_daily",0.58472,"spatial_null","","2_analysis/05_agreement_metrics.R"
"null_within_ac_median_ccc_daily",0.8155,"spatial_null","","2_analysis/05_agreement_metrics.R"
"null_within_fb_median_ccc_daily",0.81809,"spatial_null","","2_analysis/05_agreement_metrics.R"
"null_p_cross_worse_ccc_daily",0.80567,"spatial_null","P(cross-system draw worse than within-system draw); 0.5 = indistinguishable","2_analysis/05_agreement_metrics.R"
"null_within_median_nrmse_daily",14.242,"spatial_null","m = 3 chambers per stand","2_analysis/05_agreement_metrics.R"
"null_cross_median_nrmse_daily",16.932,"spatial_null","","2_analysis/05_agreement_metrics.R"
"null_within_ac_median_nrmse_daily",11.825,"spatial_null","","2_analysis/05_agreement_metrics.R"
"null_within_fb_median_nrmse_daily",15.973,"spatial_null","","2_analysis/05_agreement_metrics.R"
"null_p_cross_worse_nrmse_daily",0.62725,"spatial_null","P(cross-system draw worse than within-system draw); 0.5 = indistinguishable","2_analysis/05_agreement_metrics.R"
"q10lmm_int_autochamber",2.6435,"Q10_random_slopes","flux > 0.5, common stand-hours","2_analysis/05_agreement_metrics.R"
"q10lmm_int_fluxbot",2.8041,"Q10_random_slopes","","2_analysis/05_agreement_metrics.R"
"q10lmm_int_interaction_t",2.1653,"Q10_random_slopes","","2_analysis/05_agreement_metrics.R"
"q10lmm_int_interaction_p",0.030368,"Q10_random_slopes","","2_analysis/05_agreement_metrics.R"
"q10lmm_int_ratio_lo",1.0056,"Q10_random_slopes","Fluxbot/autochamber Q10 ratio","2_analysis/05_agreement_metrics.R"
"q10lmm_int_ratio_hi",1.1189,"Q10_random_slopes","","2_analysis/05_agreement_metrics.R"
"q10lmm_slp_autochamber",2.6418,"Q10_random_slopes","flux > 0.5, common stand-hours","2_analysis/05_agreement_metrics.R"
"q10lmm_slp_fluxbot",3.0014,"Q10_random_slopes","","2_analysis/05_agreement_metrics.R"
"q10lmm_slp_interaction_t",0.84821,"Q10_random_slopes","","2_analysis/05_agreement_metrics.R"
"q10lmm_slp_interaction_p",0.39632,"Q10_random_slopes","","2_analysis/05_agreement_metrics.R"
"q10lmm_slp_ratio_lo",0.84598,"Q10_random_slopes","Fluxbot/autochamber Q10 ratio","2_analysis/05_agreement_metrics.R"
"q10lmm_slp_ratio_hi",1.5257,"Q10_random_slopes","","2_analysis/05_agreement_metrics.R"
"q10lmm_slp_sd_chamber_slope_as_q10factor",1.466,"Q10_random_slopes","between-chamber SD of slope expressed as a Q10 multiplier","2_analysis/05_agreement_metrics.R"
"q10_chamber_median_autochamber",2.7262,"Q10_random_slopes","","2_analysis/05_agreement_metrics.R"
"q10_chamber_min_autochamber",1.7884,"Q10_random_slopes","","2_analysis/05_agreement_metrics.R"
"q10_chamber_max_autochamber",3.2517,"Q10_random_slopes","","2_analysis/05_agreement_metrics.R"
"q10_chamber_median_fluxbot",2.8356,"Q10_random_slopes","","2_analysis/05_agreement_metrics.R"
"q10_chamber_min_fluxbot",1.3624,"Q10_random_slopes","","2_analysis/05_agreement_metrics.R"
"q10_chamber_max_fluxbot",9.1701,"Q10_random_slopes","","2_analysis/05_agreement_metrics.R"
"q10_chamber_wilcox_p",0.48562,"Q10_random_slopes","","2_analysis/05_agreement_metrics.R"
"diel_rel_amplitude_autochamber",20.93,"diel_relative","% of daily mean","2_analysis/05_agreement_metrics.R"
"diel_rel_amplitude_fluxbot",24.026,"diel_relative","","2_analysis/05_agreement_metrics.R"
"diel_rel_r",0.84181,"diel_relative","","2_analysis/05_agreement_metrics.R"
"diel_rel_max_abs_diff_pct",7.3848,"diel_relative","","2_analysis/05_agreement_metrics.R"
"diel_rel_best_lag_h",-1,"diel_relative","Fluxbot lag maximizing correlation","2_analysis/05_agreement_metrics.R"
"diel_rel_r_best_lag",0.88515,"diel_relative","","2_analysis/05_agreement_metrics.R"
"offset_chamber_means",-0.097688,"loo","","2_analysis/05_agreement_metrics.R"
"offset_loo_min",-0.19149,"loo","","2_analysis/05_agreement_metrics.R"
"offset_loo_max",0.05436,"loo","","2_analysis/05_agreement_metrics.R"
"ratio_grad_pct_per_C",2.6446,"ratio_drivers","% change in Fluxbot/autochamber ratio per degC air minus soil","2_analysis/05_agreement_metrics.R"
"ratio_grad_se_pct",0.22469,"ratio_drivers","","2_analysis/05_agreement_metrics.R"
"ratio_slrr_pct_per_100Wm2",-1.9242,"ratio_drivers","% change per 100 W m-2","2_analysis/05_agreement_metrics.R"
"ratio_model_r2",0.28572,"ratio_drivers","","2_analysis/05_agreement_metrics.R"
"ratio_model_n",361,"ratio_drivers","array-hours, >= 3 chambers per system x stand","2_analysis/05_agreement_metrics.R"
"ratio_grad_range_lo",-12.025,"ratio_drivers","","2_analysis/05_agreement_metrics.R"
"ratio_grad_range_hi",9.3,"ratio_drivers","","2_analysis/05_agreement_metrics.R"
"fluxbot_sample_interval_s_median",6,"chamber_physics","raw sampling interval","2_analysis/06_chamber_physics.R"
"chamberT_open_minus_airt_mean",-0.031332,"chamber_physics","Fluxbot in-chamber T (lid open) minus HF001 air T","2_analysis/06_chamber_physics.R"
"chamberT_open_vs_airt_r",0.98085,"chamber_physics","","2_analysis/06_chamber_physics.R"
"dT_closure_mean",0.058697,"chamber_physics","warming during 4-min fit window, degC","2_analysis/06_chamber_physics.R"
"dT_closure_p95",0.162,"chamber_physics","","2_analysis/06_chamber_physics.R"
"dT_closure_max",0.708,"chamber_physics","","2_analysis/06_chamber_physics.R"
"dT_closure_per_100Wm2",-0.017801,"chamber_physics","","2_analysis/06_chamber_physics.R"
"dT_closure_vs_slrr_r2",0.12944,"chamber_physics","","2_analysis/06_chamber_physics.R"
"diel_amp_chamberT_open",6.8898,"chamber_physics","degC","2_analysis/06_chamber_physics.R"
"diel_amp_airt",7.0346,"chamber_physics","","2_analysis/06_chamber_physics.R"
"diel_amp_s10t",1.0072,"chamber_physics","","2_analysis/06_chamber_physics.R"
"diel_peak_hour_chamberT_open",14,"chamber_physics","","2_analysis/06_chamber_physics.R"
"diel_peak_hour_airt",14,"chamber_physics","","2_analysis/06_chamber_physics.R"
"diel_peak_hour_s10t",19,"chamber_physics","","2_analysis/06_chamber_physics.R"
"dT_closure_as_pct_of_TK",0.020606,"chamber_physics","","2_analysis/06_chamber_physics.R"
"n_fluxbot_fluxes_with_chamberT",6812,"chamber_physics","","2_analysis/06_chamber_physics.R"
"flux_pct_per_C_closure_warming",-64.582,"chamber_physics","controlling for s10t","2_analysis/06_chamber_physics.R"
"flux_pct_per_C_closure_warming_se",5.9379,"chamber_physics","","2_analysis/06_chamber_physics.R"
"flux_pct_per_C_air_minus_soil_fb",3.1962,"chamber_physics","in-chamber open-lid T minus s10t","2_analysis/06_chamber_physics.R"
"flux_pct_per_C_air_minus_soil_ac",1.0792,"chamber_physics","HF001 air T minus s10t","2_analysis/06_chamber_physics.R"
"flux_pct_per_C_airHF_minus_soil_fb",3.1766,"chamber_physics","HF001 air T minus s10t, Fluxbots","2_analysis/06_chamber_physics.R"
"hf293_2023_first",104,"hf293","doy of first 2023 record","2_analysis/06_chamber_physics.R"
"hf293_2023_n_month4",7212,"hf293","","2_analysis/06_chamber_physics.R"
"hf293_2023_n_month5",22403,"hf293","","2_analysis/06_chamber_physics.R"
"hf293_2023_n_month6",11420,"hf293","","2_analysis/06_chamber_physics.R"
"hf293_2023_n_month7",14163,"hf293","","2_analysis/06_chamber_physics.R"
"hf293_2023_n_month8",12222,"hf293","","2_analysis/06_chamber_physics.R"
"hf293_2023_n_month9",7466,"hf293","","2_analysis/06_chamber_physics.R"
"hf293_2023_n_month10",20663,"hf293","","2_analysis/06_chamber_physics.R"
"hf293_2023_n_month11",14911,"hf293","","2_analysis/06_chamber_physics.R"
"hf293_2023_n_month12",3130,"hf293","","2_analysis/06_chamber_physics.R"
"hf293_matched_n",12967,"hf293","","2_analysis/06_chamber_physics.R"
"hf293_lag_min_median",-0.75,"hf293","our interval start minus HF record time (EST parsed)","2_analysis/06_chamber_physics.R"
"hf293_ratio_ours_over_hf_median",0.76901,"hf293","","2_analysis/06_chamber_physics.R"
"hf293_r",0.91404,"hf293","","2_analysis/06_chamber_physics.R"
"hf293_mean_ours",2.6557,"hf293","","2_analysis/06_chamber_physics.R"
"hf293_mean_hf",3.5859,"hf293","","2_analysis/06_chamber_physics.R"
"hf293_best_shift_min",0,"hf293","shift of HF record (min) maximizing r with our fluxes","2_analysis/06_chamber_physics.R"
"hf293_diel_rel_amp_pct",26.142,"hf293","","2_analysis/06_chamber_physics.R"
"hf293_diel_peak_hour",17,"hf293","EDT","2_analysis/06_chamber_physics.R"
"hf293_q10_local_tsoil",0.93826,"hf293","HF-processed rs vs chamber tsoil, October","2_analysis/06_chamber_physics.R"
"q10_chamberboot_ac",2.6414,"Q10_chambers","exp(10 x mean chamber slope)","2_analysis/06_chamber_physics.R"
"q10_chamberboot_ac_lo",2.4022,"Q10_chambers","","2_analysis/06_chamber_physics.R"
"q10_chamberboot_ac_hi",2.8646,"Q10_chambers","","2_analysis/06_chamber_physics.R"
"q10_chamberboot_fb",3.0723,"Q10_chambers","exp(10 x mean chamber slope)","2_analysis/06_chamber_physics.R"
"q10_chamberboot_fb_lo",2.4937,"Q10_chambers","","2_analysis/06_chamber_physics.R"
"q10_chamberboot_fb_hi",3.8181,"Q10_chambers","","2_analysis/06_chamber_physics.R"
"q10_chamberboot_ratio",1.1631,"Q10_chambers","","2_analysis/06_chamber_physics.R"
"q10_chamberboot_ratio_lo",0.92746,"Q10_chambers","","2_analysis/06_chamber_physics.R"
"q10_chamberboot_ratio_hi",1.4674,"Q10_chambers","","2_analysis/06_chamber_physics.R"
"q10_chamberboot_p_ratio_le1",0.0984,"Q10_chambers","one-sided bootstrap p","2_analysis/06_chamber_physics.R"
"q10_chamber_ttest_p",0.29428,"Q10_chambers","Welch t on chamber log-slopes","2_analysis/06_chamber_physics.R"
"q10_ratio_excl_2_extreme",1.0483,"Q10_chambers","","2_analysis/06_chamber_physics.R"
"q10_ttest_p_excl_2_extreme",0.73488,"Q10_chambers","","2_analysis/06_chamber_physics.R"
"precip_total_deployment_mm",101.2,"moisture","","2_analysis/06_chamber_physics.R"
"ratio_pct_per_log1p_p72",-1.8623,"moisture","Fluxbot/autochamber ratio vs 72-h rain","2_analysis/06_chamber_physics.R"
"ratio_p72_p",0.0052094,"moisture","","2_analysis/06_chamber_physics.R"
"flux_pct_per_log1p_p72_ac",-0.95596,"moisture","array mean, controlling for s10t","2_analysis/06_chamber_physics.R"
"flux_p72_p_ac",0.029017,"moisture","","2_analysis/06_chamber_physics.R"
"flux_pct_per_log1p_p72_fb",-5.8982,"moisture","array mean, controlling for s10t","2_analysis/06_chamber_physics.R"
"flux_p72_p_fb",9.6444e-22,"moisture","","2_analysis/06_chamber_physics.R"
"fm_LM_vs_LM_offset_pct",-9.9357,"flux_model","","2_analysis/07_flux_model_matrix.R"
"fm_LM_vs_LM_r",0.70887,"flux_model","","2_analysis/07_flux_model_matrix.R"
"fm_LM_vs_HM_offset_pct",-19.612,"flux_model","","2_analysis/07_flux_model_matrix.R"
"fm_LM_vs_HM_r",0.68079,"flux_model","","2_analysis/07_flux_model_matrix.R"
"fm_LM_vs_best_offset_pct",-18.668,"flux_model","","2_analysis/07_flux_model_matrix.R"
"fm_LM_vs_best_r",0.67102,"flux_model","","2_analysis/07_flux_model_matrix.R"
"fm_LM_vs_HF293_offset_pct",-34.143,"flux_model","","2_analysis/07_flux_model_matrix.R"
"fm_LM_vs_HF293_r",0.76289,"flux_model","","2_analysis/07_flux_model_matrix.R"
"fm_HM_vs_LM_offset_pct",22.165,"flux_model","","2_analysis/07_flux_model_matrix.R"
"fm_HM_vs_LM_r",0.66269,"flux_model","","2_analysis/07_flux_model_matrix.R"
"fm_HM_vs_HM_offset_pct",8.5966,"flux_model","","2_analysis/07_flux_model_matrix.R"
"fm_HM_vs_HM_r",0.62524,"flux_model","","2_analysis/07_flux_model_matrix.R"
"fm_HM_vs_best_offset_pct",9.9193,"flux_model","","2_analysis/07_flux_model_matrix.R"
"fm_HM_vs_best_r",0.61471,"flux_model","","2_analysis/07_flux_model_matrix.R"
"fm_HM_vs_HF293_offset_pct",-10.978,"flux_model","","2_analysis/07_flux_model_matrix.R"
"fm_HM_vs_HF293_r",0.70809,"flux_model","","2_analysis/07_flux_model_matrix.R"
"fm_best_vs_LM_offset_pct",11.303,"flux_model","","2_analysis/07_flux_model_matrix.R"
"fm_best_vs_LM_r",0.65703,"flux_model","","2_analysis/07_flux_model_matrix.R"
"fm_best_vs_HM_offset_pct",-0.65599,"flux_model","","2_analysis/07_flux_model_matrix.R"
"fm_best_vs_HM_r",0.65276,"flux_model","","2_analysis/07_flux_model_matrix.R"
"fm_best_vs_best_offset_pct",0.5112,"flux_model","","2_analysis/07_flux_model_matrix.R"
"fm_best_vs_best_r",0.63711,"flux_model","","2_analysis/07_flux_model_matrix.R"
"fm_best_vs_HF293_offset_pct",-18.826,"flux_model","","2_analysis/07_flux_model_matrix.R"
"fm_best_vs_HF293_r",0.74097,"flux_model","","2_analysis/07_flux_model_matrix.R"
"curvature_median_fluxbot",1.2349,"flux_model","HM/LM initial slope","2_analysis/07_flux_model_matrix.R"
"share_HM_fluxbot",0.83989,"flux_model","best.flux chose HM","2_analysis/07_flux_model_matrix.R"
"curvature_median_autochamber",1.0188,"flux_model","HM/LM initial slope","2_analysis/07_flux_model_matrix.R"
"share_HM_autochamber",0.7944,"flux_model","best.flux chose HM","2_analysis/07_flux_model_matrix.R"
"fm_hm_selected_pct_autochamber",80.054,"flux_model","goFlux best.flux chose HM","2_analysis/07_flux_model_matrix.R"
"fm_best_lm_ratio_median_autochamber",1.0168,"flux_model","closure-level best / LM","2_analysis/07_flux_model_matrix.R"
"fm_hm_selected_pct_fluxbot",86.443,"flux_model","goFlux best.flux chose HM","2_analysis/07_flux_model_matrix.R"
"fm_best_lm_ratio_median_fluxbot",1.1514,"flux_model","closure-level best / LM","2_analysis/07_flux_model_matrix.R"
"acct_fluxbot_intended",11520,"accounting","100.0% of intended","2_analysis/08_measurement_accounting.R"
"acct_fluxbot_recorded",8591,"accounting","74.6% of intended","2_analysis/08_measurement_accounting.R"
"acct_fluxbot_valid",6820,"accounting","59.2% of intended","2_analysis/08_measurement_accounting.R"
"acct_fluxbot_retained",6815,"accounting","59.2% of intended","2_analysis/08_measurement_accounting.R"
"acct_fluxbot_RH-screened",6195,"accounting","53.8% of intended","2_analysis/08_measurement_accounting.R"
"acct_autochamber_intended",17280,"accounting","100.0% of intended","2_analysis/08_measurement_accounting.R"
"acct_autochamber_recorded",14353,"accounting","83.1% of intended","2_analysis/08_measurement_accounting.R"
"acct_autochamber_valid",13464,"accounting","77.9% of intended","2_analysis/08_measurement_accounting.R"
"acct_autochamber_retained",13406,"accounting","77.6% of intended","2_analysis/08_measurement_accounting.R"
"acct_autochamber_RH-screened",13406,"accounting","77.6% of intended","2_analysis/08_measurement_accounting.R"
"uptime_pct_fluxbot",74.575,"accounting","","2_analysis/08_measurement_accounting.R"
"success_pct_fluxbot",59.158,"accounting","as deployed","2_analysis/08_measurement_accounting.R"
"success_screened_pct_fluxbot",53.776,"accounting","RH-screened","2_analysis/08_measurement_accounting.R"
"qc_retention_pct_fluxbot",79.327,"accounting","","2_analysis/08_measurement_accounting.R"
"density_per_unit_day_fluxbot",14.198,"accounting","","2_analysis/08_measurement_accounting.R"
"uptime_pct_autochamber",83.061,"accounting","","2_analysis/08_measurement_accounting.R"
"success_pct_autochamber",77.581,"accounting","as deployed","2_analysis/08_measurement_accounting.R"
"success_screened_pct_autochamber",77.581,"accounting","RH-screened","2_analysis/08_measurement_accounting.R"
"qc_retention_pct_autochamber",93.402,"accounting","","2_analysis/08_measurement_accounting.R"
"density_per_unit_day_autochamber",37.239,"accounting","","2_analysis/08_measurement_accounting.R"
"stage_valid_offset_pct",-10.081,"accounting","array means, hours with >= 3 chambers per system x stand","2_analysis/08_measurement_accounting.R"
"stage_valid_r_hourly",0.7196,"accounting","array means, hours with >= 3 chambers per system x stand","2_analysis/08_measurement_accounting.R"
"stage_valid_r_daily",0.82588,"accounting","array means, hours with >= 3 chambers per system x stand","2_analysis/08_measurement_accounting.R"
"stage_retained_offset_pct",-9.9357,"accounting","array means, hours with >= 3 chambers per system x stand","2_analysis/08_measurement_accounting.R"
"stage_retained_r_hourly",0.70887,"accounting","array means, hours with >= 3 chambers per system x stand","2_analysis/08_measurement_accounting.R"
"stage_retained_r_daily",0.82594,"accounting","array means, hours with >= 3 chambers per system x stand","2_analysis/08_measurement_accounting.R"
"stage_RH-screened_offset_pct",-8.4539,"accounting","array means, hours with >= 3 chambers per system x stand","2_analysis/08_measurement_accounting.R"
"stage_RH-screened_r_hourly",0.74931,"accounting","array means, hours with >= 3 chambers per system x stand","2_analysis/08_measurement_accounting.R"
"stage_RH-screened_r_daily",0.88004,"accounting","array means, hours with >= 3 chambers per system x stand","2_analysis/08_measurement_accounting.R"
"scale_LM_1h_r",0.70887,"scales","full arrays, block means","2_analysis/09_scales_budget.R"
"scale_LM_1h_offset_pct",-9.9357,"scales","full arrays, block means","2_analysis/09_scales_budget.R"
"scale_LM_1h_nrmse",20.442,"scales","full arrays, block means","2_analysis/09_scales_budget.R"
"scale_LM_1h_n",361,"scales","full arrays, block means","2_analysis/09_scales_budget.R"
"scale_LM_3h_r",0.75744,"scales","full arrays, block means","2_analysis/09_scales_budget.R"
"scale_LM_3h_offset_pct",-10.271,"scales","full arrays, block means","2_analysis/09_scales_budget.R"
"scale_LM_3h_nrmse",18.828,"scales","full arrays, block means","2_analysis/09_scales_budget.R"
"scale_LM_3h_n",120,"scales","full arrays, block means","2_analysis/09_scales_budget.R"
"scale_LM_6h_r",0.76095,"scales","full arrays, block means","2_analysis/09_scales_budget.R"
"scale_LM_6h_offset_pct",-9.936,"scales","full arrays, block means","2_analysis/09_scales_budget.R"
"scale_LM_6h_nrmse",18.482,"scales","full arrays, block means","2_analysis/09_scales_budget.R"
"scale_LM_6h_n",61,"scales","full arrays, block means","2_analysis/09_scales_budget.R"
"scale_LM_12h_r",0.8281,"scales","full arrays, block means","2_analysis/09_scales_budget.R"
"scale_LM_12h_offset_pct",-10.298,"scales","full arrays, block means","2_analysis/09_scales_budget.R"
"scale_LM_12h_nrmse",15.71,"scales","full arrays, block means","2_analysis/09_scales_budget.R"
"scale_LM_12h_n",31,"scales","full arrays, block means","2_analysis/09_scales_budget.R"
"scale_LM_24h_r",0.82594,"scales","full arrays, block means","2_analysis/09_scales_budget.R"
"scale_LM_24h_offset_pct",-9.908,"scales","full arrays, block means","2_analysis/09_scales_budget.R"
"scale_LM_24h_nrmse",14.895,"scales","full arrays, block means","2_analysis/09_scales_budget.R"
"scale_LM_24h_n",16,"scales","full arrays, block means","2_analysis/09_scales_budget.R"
"scale_LM_72h_r",0.90345,"scales","full arrays, block means","2_analysis/09_scales_budget.R"
"scale_LM_72h_offset_pct",-8.3366,"scales","full arrays, block means","2_analysis/09_scales_budget.R"
"scale_LM_72h_nrmse",11.139,"scales","full arrays, block means","2_analysis/09_scales_budget.R"
"scale_LM_72h_n",6,"scales","full arrays, block means","2_analysis/09_scales_budget.R"
"scalebench_LM_autochamber_1h_r_med",0.93839,"scales","3 chambers per stand per subset","2_analysis/09_scales_budget.R"
"scalebench_LM_autochamber_1h_nrmse_med",13.561,"scales","3 chambers per stand per subset","2_analysis/09_scales_budget.R"
"scalebench_LM_autochamber_3h_r_med",0.94844,"scales","3 chambers per stand per subset","2_analysis/09_scales_budget.R"
"scalebench_LM_autochamber_3h_nrmse_med",12.843,"scales","3 chambers per stand per subset","2_analysis/09_scales_budget.R"
"scalebench_LM_autochamber_6h_r_med",0.95806,"scales","3 chambers per stand per subset","2_analysis/09_scales_budget.R"
"scalebench_LM_autochamber_6h_nrmse_med",12.602,"scales","3 chambers per stand per subset","2_analysis/09_scales_budget.R"
"scalebench_LM_autochamber_12h_r_med",0.96855,"scales","3 chambers per stand per subset","2_analysis/09_scales_budget.R"
"scalebench_LM_autochamber_12h_nrmse_med",12.148,"scales","3 chambers per stand per subset","2_analysis/09_scales_budget.R"
"scalebench_LM_autochamber_24h_r_med",0.97222,"scales","3 chambers per stand per subset","2_analysis/09_scales_budget.R"
"scalebench_LM_autochamber_24h_nrmse_med",11.783,"scales","3 chambers per stand per subset","2_analysis/09_scales_budget.R"
"scalebench_LM_autochamber_72h_r_med",0.99327,"scales","3 chambers per stand per subset","2_analysis/09_scales_budget.R"
"scalebench_LM_autochamber_72h_nrmse_med",11.301,"scales","3 chambers per stand per subset","2_analysis/09_scales_budget.R"
"scalebench_LM_cross_1h_r_med",0.64671,"scales","3 chambers per stand per subset","2_analysis/09_scales_budget.R"
"scalebench_LM_cross_1h_nrmse_med",23.193,"scales","3 chambers per stand per subset","2_analysis/09_scales_budget.R"
"scalebench_LM_cross_3h_r_med",0.69283,"scales","3 chambers per stand per subset","2_analysis/09_scales_budget.R"
"scalebench_LM_cross_3h_nrmse_med",21.306,"scales","3 chambers per stand per subset","2_analysis/09_scales_budget.R"
"scalebench_LM_cross_6h_r_med",0.73249,"scales","3 chambers per stand per subset","2_analysis/09_scales_budget.R"
"scalebench_LM_cross_6h_nrmse_med",20.361,"scales","3 chambers per stand per subset","2_analysis/09_scales_budget.R"
"scalebench_LM_cross_12h_r_med",0.74936,"scales","3 chambers per stand per subset","2_analysis/09_scales_budget.R"
"scalebench_LM_cross_12h_nrmse_med",18.667,"scales","3 chambers per stand per subset","2_analysis/09_scales_budget.R"
"scalebench_LM_cross_24h_r_med",0.81186,"scales","3 chambers per stand per subset","2_analysis/09_scales_budget.R"
"scalebench_LM_cross_24h_nrmse_med",17.454,"scales","3 chambers per stand per subset","2_analysis/09_scales_budget.R"
"scalebench_LM_cross_72h_r_med",0.93616,"scales","3 chambers per stand per subset","2_analysis/09_scales_budget.R"
"scalebench_LM_cross_72h_nrmse_med",14.77,"scales","3 chambers per stand per subset","2_analysis/09_scales_budget.R"
"scalebench_LM_fluxbot_1h_r_med",0.87326,"scales","3 chambers per stand per subset","2_analysis/09_scales_budget.R"
"scalebench_LM_fluxbot_1h_nrmse_med",21.639,"scales","3 chambers per stand per subset","2_analysis/09_scales_budget.R"
"scalebench_LM_fluxbot_3h_r_med",0.90514,"scales","3 chambers per stand per subset","2_analysis/09_scales_budget.R"
"scalebench_LM_fluxbot_3h_nrmse_med",19.965,"scales","3 chambers per stand per subset","2_analysis/09_scales_budget.R"
"scalebench_LM_fluxbot_6h_r_med",0.91728,"scales","3 chambers per stand per subset","2_analysis/09_scales_budget.R"
"scalebench_LM_fluxbot_6h_nrmse_med",19.74,"scales","3 chambers per stand per subset","2_analysis/09_scales_budget.R"
"scalebench_LM_fluxbot_12h_r_med",0.94272,"scales","3 chambers per stand per subset","2_analysis/09_scales_budget.R"
"scalebench_LM_fluxbot_12h_nrmse_med",18.201,"scales","3 chambers per stand per subset","2_analysis/09_scales_budget.R"
"scalebench_LM_fluxbot_24h_r_med",0.96198,"scales","3 chambers per stand per subset","2_analysis/09_scales_budget.R"
"scalebench_LM_fluxbot_24h_nrmse_med",16.831,"scales","3 chambers per stand per subset","2_analysis/09_scales_budget.R"
"scalebench_LM_fluxbot_72h_r_med",0.95626,"scales","3 chambers per stand per subset","2_analysis/09_scales_budget.R"
"scalebench_LM_fluxbot_72h_nrmse_med",15.329,"scales","3 chambers per stand per subset","2_analysis/09_scales_budget.R"
"scale_best_1h_r",0.63711,"scales","full arrays, block means","2_analysis/09_scales_budget.R"
"scale_best_1h_offset_pct",0.5112,"scales","full arrays, block means","2_analysis/09_scales_budget.R"
"scale_best_1h_nrmse",24.291,"scales","full arrays, block means","2_analysis/09_scales_budget.R"
"scale_best_1h_n",360,"scales","full arrays, block means","2_analysis/09_scales_budget.R"
"scale_best_3h_r",0.69502,"scales","full arrays, block means","2_analysis/09_scales_budget.R"
"scale_best_3h_offset_pct",0.062986,"scales","full arrays, block means","2_analysis/09_scales_budget.R"
"scale_best_3h_nrmse",21.332,"scales","full arrays, block means","2_analysis/09_scales_budget.R"
"scale_best_3h_n",119,"scales","full arrays, block means","2_analysis/09_scales_budget.R"
"scale_best_6h_r",0.6797,"scales","full arrays, block means","2_analysis/09_scales_budget.R"
"scale_best_6h_offset_pct",0.23349,"scales","full arrays, block means","2_analysis/09_scales_budget.R"
"scale_best_6h_nrmse",21.408,"scales","full arrays, block means","2_analysis/09_scales_budget.R"
"scale_best_6h_n",61,"scales","full arrays, block means","2_analysis/09_scales_budget.R"
"scale_best_12h_r",0.7456,"scales","full arrays, block means","2_analysis/09_scales_budget.R"
"scale_best_12h_offset_pct",-0.037901,"scales","full arrays, block means","2_analysis/09_scales_budget.R"
"scale_best_12h_nrmse",17.584,"scales","full arrays, block means","2_analysis/09_scales_budget.R"
"scale_best_12h_n",31,"scales","full arrays, block means","2_analysis/09_scales_budget.R"
"scale_best_24h_r",0.74062,"scales","full arrays, block means","2_analysis/09_scales_budget.R"
"scale_best_24h_offset_pct",0.25122,"scales","full arrays, block means","2_analysis/09_scales_budget.R"
"scale_best_24h_nrmse",17.255,"scales","full arrays, block means","2_analysis/09_scales_budget.R"
"scale_best_24h_n",16,"scales","full arrays, block means","2_analysis/09_scales_budget.R"
"scale_best_72h_r",0.81289,"scales","full arrays, block means","2_analysis/09_scales_budget.R"
"scale_best_72h_offset_pct",2.6955,"scales","full arrays, block means","2_analysis/09_scales_budget.R"
"scale_best_72h_nrmse",13.136,"scales","full arrays, block means","2_analysis/09_scales_budget.R"
"scale_best_72h_n",6,"scales","full arrays, block means","2_analysis/09_scales_budget.R"
"scalebench_best_autochamber_1h_r_med",0.89746,"scales","3 chambers per stand per subset","2_analysis/09_scales_budget.R"
"scalebench_best_autochamber_1h_nrmse_med",15.478,"scales","3 chambers per stand per subset","2_analysis/09_scales_budget.R"
"scalebench_best_autochamber_3h_r_med",0.91678,"scales","3 chambers per stand per subset","2_analysis/09_scales_budget.R"
"scalebench_best_autochamber_3h_nrmse_med",14.202,"scales","3 chambers per stand per subset","2_analysis/09_scales_budget.R"
"scalebench_best_autochamber_6h_r_med",0.93143,"scales","3 chambers per stand per subset","2_analysis/09_scales_budget.R"
"scalebench_best_autochamber_6h_nrmse_med",13.579,"scales","3 chambers per stand per subset","2_analysis/09_scales_budget.R"
"scalebench_best_autochamber_12h_r_med",0.94732,"scales","3 chambers per stand per subset","2_analysis/09_scales_budget.R"
"scalebench_best_autochamber_12h_nrmse_med",12.583,"scales","3 chambers per stand per subset","2_analysis/09_scales_budget.R"
"scalebench_best_autochamber_24h_r_med",0.94468,"scales","3 chambers per stand per subset","2_analysis/09_scales_budget.R"
"scalebench_best_autochamber_24h_nrmse_med",12.547,"scales","3 chambers per stand per subset","2_analysis/09_scales_budget.R"
"scalebench_best_autochamber_72h_r_med",0.98959,"scales","3 chambers per stand per subset","2_analysis/09_scales_budget.R"
"scalebench_best_autochamber_72h_nrmse_med",10.721,"scales","3 chambers per stand per subset","2_analysis/09_scales_budget.R"
"scalebench_best_cross_1h_r_med",0.54673,"scales","3 chambers per stand per subset","2_analysis/09_scales_budget.R"
"scalebench_best_cross_1h_nrmse_med",28.589,"scales","3 chambers per stand per subset","2_analysis/09_scales_budget.R"
"scalebench_best_cross_3h_r_med",0.60177,"scales","3 chambers per stand per subset","2_analysis/09_scales_budget.R"
"scalebench_best_cross_3h_nrmse_med",26.212,"scales","3 chambers per stand per subset","2_analysis/09_scales_budget.R"
"scalebench_best_cross_6h_r_med",0.63688,"scales","3 chambers per stand per subset","2_analysis/09_scales_budget.R"
"scalebench_best_cross_6h_nrmse_med",24.669,"scales","3 chambers per stand per subset","2_analysis/09_scales_budget.R"
"scalebench_best_cross_12h_r_med",0.65801,"scales","3 chambers per stand per subset","2_analysis/09_scales_budget.R"
"scalebench_best_cross_12h_nrmse_med",22.724,"scales","3 chambers per stand per subset","2_analysis/09_scales_budget.R"
"scalebench_best_cross_24h_r_med",0.74869,"scales","3 chambers per stand per subset","2_analysis/09_scales_budget.R"
"scalebench_best_cross_24h_nrmse_med",21.333,"scales","3 chambers per stand per subset","2_analysis/09_scales_budget.R"
"scalebench_best_cross_72h_r_med",0.80453,"scales","3 chambers per stand per subset","2_analysis/09_scales_budget.R"
"scalebench_best_cross_72h_nrmse_med",15.889,"scales","3 chambers per stand per subset","2_analysis/09_scales_budget.R"
"scalebench_best_fluxbot_1h_r_med",0.8255,"scales","3 chambers per stand per subset","2_analysis/09_scales_budget.R"
"scalebench_best_fluxbot_1h_nrmse_med",24.479,"scales","3 chambers per stand per subset","2_analysis/09_scales_budget.R"
"scalebench_best_fluxbot_3h_r_med",0.8738,"scales","3 chambers per stand per subset","2_analysis/09_scales_budget.R"
"scalebench_best_fluxbot_3h_nrmse_med",21.852,"scales","3 chambers per stand per subset","2_analysis/09_scales_budget.R"
"scalebench_best_fluxbot_6h_r_med",0.89093,"scales","3 chambers per stand per subset","2_analysis/09_scales_budget.R"
"scalebench_best_fluxbot_6h_nrmse_med",21.015,"scales","3 chambers per stand per subset","2_analysis/09_scales_budget.R"
"scalebench_best_fluxbot_12h_r_med",0.91827,"scales","3 chambers per stand per subset","2_analysis/09_scales_budget.R"
"scalebench_best_fluxbot_12h_nrmse_med",18.842,"scales","3 chambers per stand per subset","2_analysis/09_scales_budget.R"
"scalebench_best_fluxbot_24h_r_med",0.94371,"scales","3 chambers per stand per subset","2_analysis/09_scales_budget.R"
"scalebench_best_fluxbot_24h_nrmse_med",17.994,"scales","3 chambers per stand per subset","2_analysis/09_scales_budget.R"
"scalebench_best_fluxbot_72h_r_med",0.96318,"scales","3 chambers per stand per subset","2_analysis/09_scales_budget.R"
"scalebench_best_fluxbot_72h_nrmse_med",15.579,"scales","3 chambers per stand per subset","2_analysis/09_scales_budget.R"
"scale_LMscreened_1h_r",0.74931,"scales","full arrays, block means","2_analysis/09_scales_budget.R"
"scale_LMscreened_1h_offset_pct",-8.4539,"scales","full arrays, block means","2_analysis/09_scales_budget.R"
"scale_LMscreened_1h_nrmse",19.296,"scales","full arrays, block means","2_analysis/09_scales_budget.R"
"scale_LMscreened_1h_n",312,"scales","full arrays, block means","2_analysis/09_scales_budget.R"
"scale_LMscreened_3h_r",0.7987,"scales","full arrays, block means","2_analysis/09_scales_budget.R"
"scale_LMscreened_3h_offset_pct",-9.005,"scales","full arrays, block means","2_analysis/09_scales_budget.R"
"scale_LMscreened_3h_nrmse",17.664,"scales","full arrays, block means","2_analysis/09_scales_budget.R"
"scale_LMscreened_3h_n",104,"scales","full arrays, block means","2_analysis/09_scales_budget.R"
"scale_LMscreened_6h_r",0.78854,"scales","full arrays, block means","2_analysis/09_scales_budget.R"
"scale_LMscreened_6h_offset_pct",-8.657,"scales","full arrays, block means","2_analysis/09_scales_budget.R"
"scale_LMscreened_6h_nrmse",17.894,"scales","full arrays, block means","2_analysis/09_scales_budget.R"
"scale_LMscreened_6h_n",53,"scales","full arrays, block means","2_analysis/09_scales_budget.R"
"scale_LMscreened_12h_r",0.86374,"scales","full arrays, block means","2_analysis/09_scales_budget.R"
"scale_LMscreened_12h_offset_pct",-8.5585,"scales","full arrays, block means","2_analysis/09_scales_budget.R"
"scale_LMscreened_12h_nrmse",14.196,"scales","full arrays, block means","2_analysis/09_scales_budget.R"
"scale_LMscreened_12h_n",27,"scales","full arrays, block means","2_analysis/09_scales_budget.R"
"scale_LMscreened_24h_r",0.88004,"scales","full arrays, block means","2_analysis/09_scales_budget.R"
"scale_LMscreened_24h_offset_pct",-8.7816,"scales","full arrays, block means","2_analysis/09_scales_budget.R"
"scale_LMscreened_24h_nrmse",13.572,"scales","full arrays, block means","2_analysis/09_scales_budget.R"
"scale_LMscreened_24h_n",15,"scales","full arrays, block means","2_analysis/09_scales_budget.R"
"scale_LMscreened_72h_r",0.92277,"scales","full arrays, block means","2_analysis/09_scales_budget.R"
"scale_LMscreened_72h_offset_pct",-6.7472,"scales","full arrays, block means","2_analysis/09_scales_budget.R"
"scale_LMscreened_72h_nrmse",10.619,"scales","full arrays, block means","2_analysis/09_scales_budget.R"
"scale_LMscreened_72h_n",5,"scales","full arrays, block means","2_analysis/09_scales_budget.R"
"scalebench_LMscreened_autochamber_1h_r_med",0.93692,"scales","3 chambers per stand per subset","2_analysis/09_scales_budget.R"
"scalebench_LMscreened_autochamber_1h_nrmse_med",13.85,"scales","3 chambers per stand per subset","2_analysis/09_scales_budget.R"
"scalebench_LMscreened_autochamber_3h_r_med",0.94852,"scales","3 chambers per stand per subset","2_analysis/09_scales_budget.R"
"scalebench_LMscreened_autochamber_3h_nrmse_med",13.422,"scales","3 chambers per stand per subset","2_analysis/09_scales_budget.R"
"scalebench_LMscreened_autochamber_6h_r_med",0.95854,"scales","3 chambers per stand per subset","2_analysis/09_scales_budget.R"
"scalebench_LMscreened_autochamber_6h_nrmse_med",12.838,"scales","3 chambers per stand per subset","2_analysis/09_scales_budget.R"
"scalebench_LMscreened_autochamber_12h_r_med",0.96841,"scales","3 chambers per stand per subset","2_analysis/09_scales_budget.R"
"scalebench_LMscreened_autochamber_12h_nrmse_med",12.13,"scales","3 chambers per stand per subset","2_analysis/09_scales_budget.R"
"scalebench_LMscreened_autochamber_24h_r_med",0.97379,"scales","3 chambers per stand per subset","2_analysis/09_scales_budget.R"
"scalebench_LMscreened_autochamber_24h_nrmse_med",11.841,"scales","3 chambers per stand per subset","2_analysis/09_scales_budget.R"
"scalebench_LMscreened_autochamber_72h_r_med",0.99379,"scales","3 chambers per stand per subset","2_analysis/09_scales_budget.R"
"scalebench_LMscreened_autochamber_72h_nrmse_med",11.427,"scales","3 chambers per stand per subset","2_analysis/09_scales_budget.R"
"scalebench_LMscreened_cross_1h_r_med",0.71592,"scales","3 chambers per stand per subset","2_analysis/09_scales_budget.R"
"scalebench_LMscreened_cross_1h_nrmse_med",21.851,"scales","3 chambers per stand per subset","2_analysis/09_scales_budget.R"
"scalebench_LMscreened_cross_3h_r_med",0.77231,"scales","3 chambers per stand per subset","2_analysis/09_scales_budget.R"
"scalebench_LMscreened_cross_3h_nrmse_med",20.005,"scales","3 chambers per stand per subset","2_analysis/09_scales_budget.R"
"scalebench_LMscreened_cross_6h_r_med",0.8297,"scales","3 chambers per stand per subset","2_analysis/09_scales_budget.R"
"scalebench_LMscreened_cross_6h_nrmse_med",19.068,"scales","3 chambers per stand per subset","2_analysis/09_scales_budget.R"
"scalebench_LMscreened_cross_12h_r_med",0.848,"scales","3 chambers per stand per subset","2_analysis/09_scales_budget.R"
"scalebench_LMscreened_cross_12h_nrmse_med",17.693,"scales","3 chambers per stand per subset","2_analysis/09_scales_budget.R"
"scalebench_LMscreened_cross_24h_r_med",0.90882,"scales","3 chambers per stand per subset","2_analysis/09_scales_budget.R"
"scalebench_LMscreened_cross_24h_nrmse_med",16.757,"scales","3 chambers per stand per subset","2_analysis/09_scales_budget.R"
"scalebench_LMscreened_cross_72h_r_med",0.94013,"scales","3 chambers per stand per subset","2_analysis/09_scales_budget.R"
"scalebench_LMscreened_cross_72h_nrmse_med",11.788,"scales","3 chambers per stand per subset","2_analysis/09_scales_budget.R"
"scalebench_LMscreened_fluxbot_1h_r_med",0.88209,"scales","3 chambers per stand per subset","2_analysis/09_scales_budget.R"
"scalebench_LMscreened_fluxbot_1h_nrmse_med",20.027,"scales","3 chambers per stand per subset","2_analysis/09_scales_budget.R"
"scalebench_LMscreened_fluxbot_3h_r_med",0.9161,"scales","3 chambers per stand per subset","2_analysis/09_scales_budget.R"
"scalebench_LMscreened_fluxbot_3h_nrmse_med",18.135,"scales","3 chambers per stand per subset","2_analysis/09_scales_budget.R"
"scalebench_LMscreened_fluxbot_6h_r_med",0.92613,"scales","3 chambers per stand per subset","2_analysis/09_scales_budget.R"
"scalebench_LMscreened_fluxbot_6h_nrmse_med",17.579,"scales","3 chambers per stand per subset","2_analysis/09_scales_budget.R"
"scalebench_LMscreened_fluxbot_12h_r_med",0.95115,"scales","3 chambers per stand per subset","2_analysis/09_scales_budget.R"
"scalebench_LMscreened_fluxbot_12h_nrmse_med",16.787,"scales","3 chambers per stand per subset","2_analysis/09_scales_budget.R"
"scalebench_LMscreened_fluxbot_24h_r_med",0.97817,"scales","3 chambers per stand per subset","2_analysis/09_scales_budget.R"
"scalebench_LMscreened_fluxbot_24h_nrmse_med",15.583,"scales","3 chambers per stand per subset","2_analysis/09_scales_budget.R"
"scalebench_LMscreened_fluxbot_72h_r_med",0.97296,"scales","3 chambers per stand per subset","2_analysis/09_scales_budget.R"
"scalebench_LMscreened_fluxbot_72h_nrmse_med",14.887,"scales","3 chambers per stand per subset","2_analysis/09_scales_budget.R"
"budget_ratio_LM_deployed",0.88089,"budget","Fluxbot / autochamber, gap-filled 2-31 Oct","2_analysis/09_scales_budget.R"
"budget_ratio_LM_deployed_lo",0.74581,"budget","","2_analysis/09_scales_budget.R"
"budget_ratio_LM_deployed_hi",1.0588,"budget","","2_analysis/09_scales_budget.R"
"budget_ratio_best_deployed",0.9838,"budget","Fluxbot / autochamber, gap-filled 2-31 Oct","2_analysis/09_scales_budget.R"
"budget_ratio_best_deployed_lo",0.83405,"budget","","2_analysis/09_scales_budget.R"
"budget_ratio_best_deployed_hi",1.196,"budget","","2_analysis/09_scales_budget.R"
"budget_ratio_LM_screened",0.88803,"budget","Fluxbot / autochamber, gap-filled 2-31 Oct","2_analysis/09_scales_budget.R"
"budget_ratio_LM_screened_lo",0.73085,"budget","","2_analysis/09_scales_budget.R"
"budget_ratio_LM_screened_hi",1.1098,"budget","","2_analysis/09_scales_budget.R"
"budget_LM_autochamber_healthy",87.449,"budget","g C m-2, 2-31 Oct, gap-filled","2_analysis/09_scales_budget.R"
"budget_LM_autochamber_unhealthy",75.686,"budget","g C m-2, 2-31 Oct, gap-filled","2_analysis/09_scales_budget.R"
"budget_LM_fluxbot_healthy",70.045,"budget","g C m-2, 2-31 Oct, gap-filled","2_analysis/09_scales_budget.R"
"budget_LM_fluxbot_unhealthy",73.66,"budget","g C m-2, 2-31 Oct, gap-filled","2_analysis/09_scales_budget.R"
"budget_best_autochamber_healthy",93.221,"budget","g C m-2, 2-31 Oct, gap-filled","2_analysis/09_scales_budget.R"
"budget_best_autochamber_unhealthy",87.639,"budget","g C m-2, 2-31 Oct, gap-filled","2_analysis/09_scales_budget.R"
"budget_best_fluxbot_healthy",86.243,"budget","g C m-2, 2-31 Oct, gap-filled","2_analysis/09_scales_budget.R"
"budget_best_fluxbot_unhealthy",91.687,"budget","g C m-2, 2-31 Oct, gap-filled","2_analysis/09_scales_budget.R"
"budget_LMscreened_fluxbot_healthy",72.118,"budget","g C m-2, 2-31 Oct, gap-filled","2_analysis/09_scales_budget.R"
"budget_LMscreened_fluxbot_unhealthy",72.75,"budget","g C m-2, 2-31 Oct, gap-filled","2_analysis/09_scales_budget.R"
"budget_HF293 published_autochamber_healthy",120.51,"budget","g C m-2, 2-31 Oct, gap-filled","2_analysis/09_scales_budget.R"
"budget_HF293 published_autochamber_unhealthy",101.59,"budget","g C m-2, 2-31 Oct, gap-filled","2_analysis/09_scales_budget.R"
"budget_LM_autochamber_mean",81.567,"budget","","2_analysis/09_scales_budget.R"
"budget_LM_autochamber_mean_lo",71.954,"budget","","2_analysis/09_scales_budget.R"
"budget_LM_autochamber_mean_hi",93.975,"budget","","2_analysis/09_scales_budget.R"
"budget_LM_fluxbot_mean",71.852,"budget","","2_analysis/09_scales_budget.R"
"budget_LM_fluxbot_mean_lo",61.924,"budget","","2_analysis/09_scales_budget.R"
"budget_LM_fluxbot_mean_hi",82.137,"budget","","2_analysis/09_scales_budget.R"
"budget_best_autochamber_mean",90.43,"budget","","2_analysis/09_scales_budget.R"
"budget_best_autochamber_mean_lo",80.572,"budget","","2_analysis/09_scales_budget.R"
"budget_best_autochamber_mean_hi",101.71,"budget","","2_analysis/09_scales_budget.R"
"budget_best_fluxbot_mean",88.965,"budget","","2_analysis/09_scales_budget.R"
"budget_best_fluxbot_mean_lo",78.12,"budget","","2_analysis/09_scales_budget.R"
"budget_best_fluxbot_mean_hi",101.68,"budget","","2_analysis/09_scales_budget.R"
"budget_LMscreened_fluxbot_mean",72.434,"budget","","2_analysis/09_scales_budget.R"
"budget_LMscreened_fluxbot_mean_lo",62.358,"budget","","2_analysis/09_scales_budget.R"
"budget_LMscreened_fluxbot_mean_hi",83.278,"budget","","2_analysis/09_scales_budget.R"
"budget_HF293 published_autochamber_mean",111.05,"budget","","2_analysis/09_scales_budget.R"
"budget_HF293 published_autochamber_mean_lo",NA,"budget","","2_analysis/09_scales_budget.R"
"budget_HF293 published_autochamber_mean_hi",NA,"budget","","2_analysis/09_scales_budget.R"
"srate_thin_n",13755,"sampling_rate","6 s","2_analysis/10_sampling_rate.R"
"srate_thin_LM_ratio_median",0.99998,"sampling_rate","6 s","2_analysis/10_sampling_rate.R"
"srate_thin_LM_ratio_cv",0.0076416,"sampling_rate","6 s","2_analysis/10_sampling_rate.R"
"srate_thin_LM_SE_ratio",2.4972,"sampling_rate","6 s","2_analysis/10_sampling_rate.R"
"srate_thin_LM_r",0.9999,"sampling_rate","6 s","2_analysis/10_sampling_rate.R"
"srate_thin_best_ratio_median",0.99913,"sampling_rate","6 s","2_analysis/10_sampling_rate.R"
"srate_thin_best_ratio_cv",0.037283,"sampling_rate","6 s","2_analysis/10_sampling_rate.R"
"srate_thin_share_HM_ref",0.7944,"sampling_rate","6 s","2_analysis/10_sampling_rate.R"
"srate_thin_share_HM_x",0.79353,"sampling_rate","6 s","2_analysis/10_sampling_rate.R"
"srate_thin_MDF_ratio",1.0138,"sampling_rate","6 s","2_analysis/10_sampling_rate.R"
"srate_array_hourly_r_thin_vs_1hz",0.99999,"sampling_rate","autochamber array, LM","2_analysis/10_sampling_rate.R"
"srate_array_hourly_nrmse_thin_vs_1hz",0.13032,"sampling_rate","","2_analysis/10_sampling_rate.R"
"site_q10_hf293_season_q10",1.0987,"q10_expect","HF-published autochamber rs vs chamber tsoil, log-linear LMM","2_analysis/11_q10_moisture.R"
"site_q10_hf293_season_lo",1.0919,"q10_expect","HF-published autochamber rs vs chamber tsoil, log-linear LMM","2_analysis/11_q10_moisture.R"
"site_q10_hf293_season_hi",1.1056,"q10_expect","HF-published autochamber rs vs chamber tsoil, log-linear LMM","2_analysis/11_q10_moisture.R"
"site_q10_hf293_october_q10",3.586,"q10_expect","HF-published autochamber rs vs chamber tsoil, log-linear LMM","2_analysis/11_q10_moisture.R"
"site_q10_hf293_october_lo",3.48,"q10_expect","HF-published autochamber rs vs chamber tsoil, log-linear LMM","2_analysis/11_q10_moisture.R"
"site_q10_hf293_october_hi",3.6953,"q10_expect","HF-published autochamber rs vs chamber tsoil, log-linear LMM","2_analysis/11_q10_moisture.R"
"site_q10_hf293_sep_nov_q10",2.6259,"q10_expect","HF-published autochamber rs vs chamber tsoil, log-linear LMM","2_analysis/11_q10_moisture.R"
"site_q10_hf293_sep_nov_lo",2.6014,"q10_expect","HF-published autochamber rs vs chamber tsoil, log-linear LMM","2_analysis/11_q10_moisture.R"
"site_q10_hf293_sep_nov_hi",2.6505,"q10_expect","HF-published autochamber rs vs chamber tsoil, log-linear LMM","2_analysis/11_q10_moisture.R"
"site_tsoil_range_season_lo",-8.1827,"q10_expect","","2_analysis/11_q10_moisture.R"
"site_tsoil_range_season_hi",26.002,"q10_expect","","2_analysis/11_q10_moisture.R"
"q10comp_autochamber_total",2.677,"q10_components","exp(10 x mean chamber slope)","2_analysis/11_q10_moisture.R"
"q10comp_autochamber_between",2.5768,"q10_components","exp(10 x mean chamber slope)","2_analysis/11_q10_moisture.R"
"q10comp_autochamber_within",5.4229,"q10_components","exp(10 x mean chamber slope)","2_analysis/11_q10_moisture.R"
"q10comp_autochamber_within_air",1.0976,"q10_components","exp(10 x mean chamber slope)","2_analysis/11_q10_moisture.R"
"q10comp_autochamber_trend_adj",2.4397,"q10_components","exp(10 x mean chamber slope)","2_analysis/11_q10_moisture.R"
"q10comp_autochamber_rain_adj",2.6437,"q10_components","exp(10 x mean chamber slope)","2_analysis/11_q10_moisture.R"
"q10comp_autochamber_both_adj",2.3248,"q10_components","exp(10 x mean chamber slope)","2_analysis/11_q10_moisture.R"
"q10comp_fluxbot_total",3.4492,"q10_components","exp(10 x mean chamber slope)","2_analysis/11_q10_moisture.R"
"q10comp_fluxbot_between",3.3481,"q10_components","exp(10 x mean chamber slope)","2_analysis/11_q10_moisture.R"
"q10comp_fluxbot_within",2.4536,"q10_components","exp(10 x mean chamber slope)","2_analysis/11_q10_moisture.R"
"q10comp_fluxbot_within_air",1.2077,"q10_components","exp(10 x mean chamber slope)","2_analysis/11_q10_moisture.R"
"q10comp_fluxbot_trend_adj",2.9185,"q10_components","exp(10 x mean chamber slope)","2_analysis/11_q10_moisture.R"
"q10comp_fluxbot_rain_adj",3.3245,"q10_components","exp(10 x mean chamber slope)","2_analysis/11_q10_moisture.R"
"q10comp_fluxbot_both_adj",2.3267,"q10_components","exp(10 x mean chamber slope)","2_analysis/11_q10_moisture.R"
"q10comp_p_total",0.11053,"q10_components","Welch t, chamber slopes","2_analysis/11_q10_moisture.R"
"q10comp_p_between",0.12024,"q10_components","Welch t, chamber slopes","2_analysis/11_q10_moisture.R"
"q10comp_p_within",0.010677,"q10_components","Welch t, chamber slopes","2_analysis/11_q10_moisture.R"
"q10comp_p_trend_adj",0.46661,"q10_components","Welch t, chamber slopes","2_analysis/11_q10_moisture.R"
"q10comp_p_rain_adj",0.16962,"q10_components","Welch t, chamber slopes","2_analysis/11_q10_moisture.R"
"q10comp_p_both_adj",0.99728,"q10_components","Welch t, chamber slopes","2_analysis/11_q10_moisture.R"
"q10_aic_autochamber_s10t",0,"q10_driver","delta AIC vs best temperature driver","2_analysis/11_q10_moisture.R"
"q10_aic_autochamber_airt",1801.1,"q10_driver","delta AIC vs best temperature driver","2_analysis/11_q10_moisture.R"
"q10_aic_autochamber_s10t_lag6",827.32,"q10_driver","delta AIC vs best temperature driver","2_analysis/11_q10_moisture.R"
"q10_aic_fluxbot_s10t",297.53,"q10_driver","delta AIC vs best temperature driver","2_analysis/11_q10_moisture.R"
"q10_aic_fluxbot_airt",0,"q10_driver","delta AIC vs best temperature driver","2_analysis/11_q10_moisture.R"
"q10_aic_fluxbot_s10t_lag6",768.6,"q10_driver","delta AIC vs best temperature driver","2_analysis/11_q10_moisture.R"
"rh_closure_median",92.65,"moisture","Fluxbot in-chamber RH during closures, %","2_analysis/11_q10_moisture.R"
"rh_closure_pct_ge95",40.125,"moisture","","2_analysis/11_q10_moisture.R"
"rh_closure_pct_ge99",20.222,"moisture","","2_analysis/11_q10_moisture.R"
"onset_s_median",70,"moisture","s after lid closure until CO2 rise detected","2_analysis/11_q10_moisture.R"
"onset_s_diff_rh95",45.188,"moisture","extra onset delay when RH >= 95%, s","2_analysis/11_q10_moisture.R"
"onset_s_diff_rh95_p",7.90760000010506e-299,"moisture","","2_analysis/11_q10_moisture.R"
"onset_s_per_log1p_p72",2.5506,"moisture","","2_analysis/11_q10_moisture.R"
"onset_s_p72_p",1.6587e-14,"moisture","","2_analysis/11_q10_moisture.R"
"ratio_pct_rh95",-4.13,"moisture","Fluxbot/autochamber ratio change when chamber RH >= 95%","2_analysis/11_q10_moisture.R"
"ratio_rh95_p",0.013035,"moisture","","2_analysis/11_q10_moisture.R"
"ratio_pct_per_log1p_p72_adj",-3.4465,"moisture","controlling for RH and air-soil gradient","2_analysis/11_q10_moisture.R"
"ratio_p72_p_adj",1.1688e-10,"moisture","","2_analysis/11_q10_moisture.R"
"ratio_pct_per_C_airsoil_adj",1.3408,"moisture","","2_analysis/11_q10_moisture.R"
"ratio_pct_per_10s_onset",-1.157,"moisture","ratio vs mean onset delay","2_analysis/11_q10_moisture.R"
"ratio_onset_p",2.051e-10,"moisture","","2_analysis/11_q10_moisture.R"
"t0_median_s",48,"moisture","breakpoint delay after lid closure","2_analysis/11_q10_moisture.R"
"t0_pct_gt60",35.399,"moisture","% closures whose rise starts after the fit window opens","2_analysis/11_q10_moisture.R"
"t0_diff_rh95_s",6.4191,"moisture","extra delay at RH >= 95%, controlling for rise size and rain","2_analysis/11_q10_moisture.R"
"t0_diff_rh95_p",3.4765e-12,"moisture","","2_analysis/11_q10_moisture.R"
"t0_median_rh_lt90",48,"moisture","","2_analysis/11_q10_moisture.R"
"t0_median_rh_ge99",0,"moisture","","2_analysis/11_q10_moisture.R"
"win56_offset_pct",-5.8467,"window","56:00-60:00 (submitted)","2_analysis/12_window_sensitivity.R"
"win56_r_hourly",0.73544,"window","56:00-60:00 (submitted)","2_analysis/12_window_sensitivity.R"
"win56_r_daily",0.80509,"window","56:00-60:00 (submitted)","2_analysis/12_window_sensitivity.R"
"win56_q10_ac",2.6708,"window","56:00-60:00 (submitted)","2_analysis/12_window_sensitivity.R"
"win56_q10_fb",3.3623,"window","56:00-60:00 (submitted)","2_analysis/12_window_sensitivity.R"
"win56_q10_p",0.097872,"window","56:00-60:00 (submitted)","2_analysis/12_window_sensitivity.R"
"win56_diel_amp_ac",20.921,"window","56:00-60:00 (submitted)","2_analysis/12_window_sensitivity.R"
"win56_diel_amp_fb",26.568,"window","56:00-60:00 (submitted)","2_analysis/12_window_sensitivity.R"
"win56_fb_mean",2.4496,"window","56:00-60:00 (submitted)","2_analysis/12_window_sensitivity.R"
"win57_offset_pct",-9.9357,"window","57:00-60:00 (main)","2_analysis/12_window_sensitivity.R"
"win57_r_hourly",0.70887,"window","57:00-60:00 (main)","2_analysis/12_window_sensitivity.R"
"win57_r_daily",0.82594,"window","57:00-60:00 (main)","2_analysis/12_window_sensitivity.R"
"win57_q10_ac",2.6682,"window","57:00-60:00 (main)","2_analysis/12_window_sensitivity.R"
"win57_q10_fb",3.4272,"window","57:00-60:00 (main)","2_analysis/12_window_sensitivity.R"
"win57_q10_p",0.11603,"window","57:00-60:00 (main)","2_analysis/12_window_sensitivity.R"
"win57_diel_amp_ac",20.914,"window","57:00-60:00 (main)","2_analysis/12_window_sensitivity.R"
"win57_diel_amp_fb",21.487,"window","57:00-60:00 (main)","2_analysis/12_window_sensitivity.R"
"win57_fb_mean",2.3467,"window","57:00-60:00 (main)","2_analysis/12_window_sensitivity.R"
"win_ratio56_57_median",1.0358,"fit_window","closure-level LM flux, 56:00 / 57:00 window, dry closures","2_analysis/12_window_sensitivity.R"
"win_ratio56_57_t0_0_30",1.1589,"fit_window","n = 1588","2_analysis/12_window_sensitivity.R"
"win_ratio56_57_t0_31_60",1.0583,"fit_window","n = 2215","2_analysis/12_window_sensitivity.R"
"win_ratio56_57_t0_61_120",0.93886,"fit_window","n = 2112","2_analysis/12_window_sensitivity.R"
"win_ratio56_57_t0_121_180",0.84842,"fit_window","n = 125","2_analysis/12_window_sensitivity.R"
"t0_pct_gt120",4.7132,"fit_window","% closures whose rise starts after 57:00","2_analysis/12_window_sensitivity.R"
"baseline_ref_median_ppm",476.5,"vent_wet","stand-hour median open-lid CO2","2_analysis/13_vent_wet.R"
"baseline_anom_p50",-0.25,"vent_wet","","2_analysis/13_vent_wet.R"
"baseline_anom_p90",638.5,"vent_wet","","2_analysis/13_vent_wet.R"
"baseline_anom_pct_gt50",18.029,"vent_wet","% closures with open-lid CO2 > thr ppm above other units","2_analysis/13_vent_wet.R"
"baseline_anom_pct_gt100",13.748,"vent_wet","% closures with open-lid CO2 > thr ppm above other units","2_analysis/13_vent_wet.R"
"anom100_pct_rh_ge99",55,"vent_wet","","2_analysis/13_vent_wet.R"
"anom100_pct_rh_lt90",0.58155,"vent_wet","","2_analysis/13_vent_wet.R"
"anom100_logOR_rh99",3.7932,"vent_wet","","2_analysis/13_vent_wet.R"
"anom100_p_rh99",0,"vent_wet","","2_analysis/13_vent_wet.R"
"anom100_logOR_s10t",-0.20491,"vent_wet","","2_analysis/13_vent_wet.R"
"anom100_p_s10t",1.3345e-19,"vent_wet","","2_analysis/13_vent_wet.R"
"anom100_logOR_p72",-0.23084,"vent_wet","","2_analysis/13_vent_wet.R"
"anom100_p_p72",3.2809e-14,"vent_wet","","2_analysis/13_vent_wet.R"
"fluxratio_pct_anom100",-39.168,"vent_wet","Fluxbot/autochamber ratio when open-lid CO2 > 100 ppm above other units (unit RE)","2_analysis/13_vent_wet.R"
"fluxratio_t_anom100",-14.923,"vent_wet","","2_analysis/13_vent_wet.R"
"fluxratio_pct_rh99",-22.491,"vent_wet","","2_analysis/13_vent_wet.R"
"fluxratio_t_rh99",-12.051,"vent_wet","","2_analysis/13_vent_wet.R"
"q10_all_ac",2.6682,"vent_wet","chamber-level, HF001 s10t","2_analysis/13_vent_wet.R"
"q10_all_fb",3.4272,"vent_wet","chamber-level, HF001 s10t","2_analysis/13_vent_wet.R"
"q10_all_p",0.11603,"vent_wet","chamber-level, HF001 s10t","2_analysis/13_vent_wet.R"
"aic_air_minus_soil_fb_all",-323.55,"vent_wet","negative = air temperature fits better","2_analysis/13_vent_wet.R"
"aic_air_minus_soil_ac_all",1766.7,"vent_wet","","2_analysis/13_vent_wet.R"
"q10_excl_anom_or_wet_ac",2.6682,"vent_wet","chamber-level, HF001 s10t","2_analysis/13_vent_wet.R"
"q10_excl_anom_or_wet_fb",3.4936,"vent_wet","chamber-level, HF001 s10t","2_analysis/13_vent_wet.R"
"q10_excl_anom_or_wet_p",0.10157,"vent_wet","chamber-level, HF001 s10t","2_analysis/13_vent_wet.R"
"aic_air_minus_soil_fb_excl_anom_or_wet",-138.65,"vent_wet","negative = air temperature fits better","2_analysis/13_vent_wet.R"
"aic_air_minus_soil_ac_excl_anom_or_wet",1766.7,"vent_wet","","2_analysis/13_vent_wet.R"
"resil_fluxbot_healthy_n_units",8,"resilience","","2_analysis/14_resilience.R"
"resil_fluxbot_healthy_mean_unit_success",0.64323,"resilience","","2_analysis/14_resilience.R"
"resil_fluxbot_healthy_cov1",0.96528,"resilience","","2_analysis/14_resilience.R"
"resil_fluxbot_healthy_cov3",0.90278,"resilience","","2_analysis/14_resilience.R"
"resil_fluxbot_healthy_outage_hours",25,"resilience","","2_analysis/14_resilience.R"
"resil_fluxbot_healthy_longest_outage_h",25,"resilience","","2_analysis/14_resilience.R"
"resil_fluxbot_healthy_exp_outage_frac",6.8008e-05,"resilience","","2_analysis/14_resilience.R"
"resil_fluxbot_healthy_obs_outage_frac",0.034722,"resilience","","2_analysis/14_resilience.R"
"resil_fluxbot_healthy_exp_lt3_frac",0.016687,"resilience","","2_analysis/14_resilience.R"
"resil_fluxbot_healthy_obs_lt3_frac",0.097222,"resilience","","2_analysis/14_resilience.R"
"resil_fluxbot_unhealthy_n_units",8,"resilience","","2_analysis/14_resilience.R"
"resil_fluxbot_unhealthy_mean_unit_success",0.53993,"resilience","","2_analysis/14_resilience.R"
"resil_fluxbot_unhealthy_cov1",0.87222,"resilience","","2_analysis/14_resilience.R"
"resil_fluxbot_unhealthy_cov3",0.76806,"resilience","","2_analysis/14_resilience.R"
"resil_fluxbot_unhealthy_outage_hours",92,"resilience","","2_analysis/14_resilience.R"
"resil_fluxbot_unhealthy_longest_outage_h",47,"resilience","","2_analysis/14_resilience.R"
"resil_fluxbot_unhealthy_exp_outage_frac",0.00095909,"resilience","","2_analysis/14_resilience.R"
"resil_fluxbot_unhealthy_obs_outage_frac",0.12778,"resilience","","2_analysis/14_resilience.R"
"resil_fluxbot_unhealthy_exp_lt3_frac",0.07741,"resilience","","2_analysis/14_resilience.R"
"resil_fluxbot_unhealthy_obs_lt3_frac",0.23194,"resilience","","2_analysis/14_resilience.R"
"resil_autochamber_healthy_n_units",6,"resilience","","2_analysis/14_resilience.R"
"resil_autochamber_healthy_mean_unit_success",0.67245,"resilience","","2_analysis/14_resilience.R"
"resil_autochamber_healthy_cov1",0.71389,"resilience","","2_analysis/14_resilience.R"
"resil_autochamber_healthy_cov3",0.68194,"resilience","","2_analysis/14_resilience.R"
"resil_autochamber_healthy_outage_hours",206,"resilience","","2_analysis/14_resilience.R"
"resil_autochamber_healthy_longest_outage_h",164,"resilience","","2_analysis/14_resilience.R"
"resil_autochamber_healthy_exp_outage_frac",0.0012218,"resilience","","2_analysis/14_resilience.R"
"resil_autochamber_healthy_obs_outage_frac",0.28611,"resilience","","2_analysis/14_resilience.R"
"resil_autochamber_healthy_exp_lt3_frac",0.094281,"resilience","","2_analysis/14_resilience.R"
"resil_autochamber_healthy_obs_lt3_frac",0.31806,"resilience","","2_analysis/14_resilience.R"
"resil_autochamber_unhealthy_n_units",6,"resilience","","2_analysis/14_resilience.R"
"resil_autochamber_unhealthy_mean_unit_success",0.89329,"resilience","","2_analysis/14_resilience.R"
"resil_autochamber_unhealthy_cov1",0.89583,"resilience","","2_analysis/14_resilience.R"
"resil_autochamber_unhealthy_cov3",0.89444,"resilience","","2_analysis/14_resilience.R"
"resil_autochamber_unhealthy_outage_hours",75,"resilience","","2_analysis/14_resilience.R"
"resil_autochamber_unhealthy_longest_outage_h",26,"resilience","","2_analysis/14_resilience.R"
"resil_autochamber_unhealthy_exp_outage_frac",1.4756e-06,"resilience","","2_analysis/14_resilience.R"
"resil_autochamber_unhealthy_obs_outage_frac",0.10417,"resilience","","2_analysis/14_resilience.R"
"resil_autochamber_unhealthy_exp_lt3_frac",0.0016274,"resilience","","2_analysis/14_resilience.R"
"resil_autochamber_unhealthy_obs_lt3_frac",0.10556,"resilience","","2_analysis/14_resilience.R"
"unit_success_median_fluxbot",0.62917,"resilience","","2_analysis/14_resilience.R"
"unit_success_median_autochamber",0.78889,"resilience","","2_analysis/14_resilience.R"
"state_Autochamber_Stand_1_rep3",68.194,"resilience","% of stand-hours","2_analysis/14_resilience.R"
"state_Autochamber_Stand_1_u12",3.1944,"resilience","% of stand-hours","2_analysis/14_resilience.R"
"state_Autochamber_Stand_1_down",28.611,"resilience","% of stand-hours","2_analysis/14_resilience.R"
"state_Autochamber_Stand_2_rep3",89.444,"resilience","% of stand-hours","2_analysis/14_resilience.R"
"state_Autochamber_Stand_2_u12",0.13889,"resilience","% of stand-hours","2_analysis/14_resilience.R"
"state_Autochamber_Stand_2_qc",0.27778,"resilience","% of stand-hours","2_analysis/14_resilience.R"
"state_Autochamber_Stand_2_down",10.139,"resilience","% of stand-hours","2_analysis/14_resilience.R"
"state_Fluxbot_2.0_Stand_1_rep3",90.278,"resilience","% of stand-hours","2_analysis/14_resilience.R"
"state_Fluxbot_2.0_Stand_1_u12",6.25,"resilience","% of stand-hours","2_analysis/14_resilience.R"
"state_Fluxbot_2.0_Stand_1_down",3.4722,"resilience","% of stand-hours","2_analysis/14_resilience.R"
"state_Fluxbot_2.0_Stand_2_rep3",76.806,"resilience","% of stand-hours","2_analysis/14_resilience.R"
"state_Fluxbot_2.0_Stand_2_u12",10.417,"resilience","% of stand-hours","2_analysis/14_resilience.R"
"state_Fluxbot_2.0_Stand_2_down",12.778,"resilience","% of stand-hours","2_analysis/14_resilience.R"
"ep_lid_failure_n",17,"wet_recovery","","2_analysis/15_wet_recovery.R"
"ep_lid_failure_wet_h",737,"wet_recovery","","2_analysis/15_wet_recovery.R"
"ep_lid_failure_length_median_h",11,"wet_recovery","","2_analysis/15_wet_recovery.R"
"ep_lid_failure_units",6,"wet_recovery","","2_analysis/15_wet_recovery.R"
"ep_wet_sensor_n",65,"wet_recovery","","2_analysis/15_wet_recovery.R"
"ep_wet_sensor_wet_h",941,"wet_recovery","","2_analysis/15_wet_recovery.R"
"ep_wet_sensor_length_median_h",14,"wet_recovery","","2_analysis/15_wet_recovery.R"
"ep_wet_sensor_units",15,"wet_recovery","","2_analysis/15_wet_recovery.R"
"wet_hours_total",1678,"wet_recovery","","2_analysis/15_wet_recovery.R"
"wet_pct_recorded_hours",19.446,"wet_recovery","","2_analysis/15_wet_recovery.R"
"wet_episodes_n",82,"wet_recovery","","2_analysis/15_wet_recovery.R"
"wet_episode_length_median_h",14,"wet_recovery","","2_analysis/15_wet_recovery.R"
"wet_episode_length_p90_h",36.9,"wet_recovery","","2_analysis/15_wet_recovery.R"
"wet_hours_in_episodes_ge24h_pct",74.136,"wet_recovery","","2_analysis/15_wet_recovery.R"
"wet_units_with_any",16,"wet_recovery","","2_analysis/15_wet_recovery.R"
"ref_anom_median",-3,"wet_recovery","dry, >72 h after wet","2_analysis/15_wet_recovery.R"
"ref_anom_p90",22.5,"wet_recovery","","2_analysis/15_wet_recovery.R"
"ref_ratio_median",0.90967,"wet_recovery","","2_analysis/15_wet_recovery.R"
"rec_episodes_anom_end_gt100_n",16,"wet_recovery","episodes whose last wet hours read >100 ppm high","2_analysis/15_wet_recovery.R"
"rec_h_median_anom_end_gt100",2,"wet_recovery","hours after last wet hour until anomaly <= 50 ppm","2_analysis/15_wet_recovery.R"
"rec_h_p75_anom_end_gt100",3,"wet_recovery","","2_analysis/15_wet_recovery.R"
"rec_pct_within_3h",100,"wet_recovery","","2_analysis/15_wet_recovery.R"
"rec_pct_within_12h",100,"wet_recovery","","2_analysis/15_wet_recovery.R"
"rec_pct_not_recovered",6.25,"wet_recovery","not recovered before data end or next episode","2_analysis/15_wet_recovery.R"
"rec_vs_length_rho",0.37039,"wet_recovery","","2_analysis/15_wet_recovery.R"
"rec_vs_length_p",0.17415,"wet_recovery","","2_analysis/15_wet_recovery.R"
"post_1_3h_anom_median",-0.75,"wet_recovery","","2_analysis/15_wet_recovery.R"
"post_1_3h_ratio_median",0.76526,"wet_recovery","","2_analysis/15_wet_recovery.R"
"post_4_12h_anom_median",-4,"wet_recovery","","2_analysis/15_wet_recovery.R"
"post_4_12h_ratio_median",0.84228,"wet_recovery","","2_analysis/15_wet_recovery.R"
"post_13_48h_anom_median",-4.875,"wet_recovery","","2_analysis/15_wet_recovery.R"
"post_13_48h_ratio_median",0.85704,"wet_recovery","","2_analysis/15_wet_recovery.R"
"buildup_pct_gt100_0_2h",24.138,"wet_recovery","% of wet hours with anomaly > 100 ppm, by hours since episode start","2_analysis/15_wet_recovery.R"
"buildup_ratio_0_2h",0.76567,"wet_recovery","","2_analysis/15_wet_recovery.R"
"buildup_pct_gt100_3_6h",21.637,"wet_recovery","% of wet hours with anomaly > 100 ppm, by hours since episode start","2_analysis/15_wet_recovery.R"
"buildup_ratio_3_6h",0.79023,"wet_recovery","","2_analysis/15_wet_recovery.R"
"buildup_pct_gt100_7_12h",19.13,"wet_recovery","% of wet hours with anomaly > 100 ppm, by hours since episode start","2_analysis/15_wet_recovery.R"
"buildup_ratio_7_12h",0.7198,"wet_recovery","","2_analysis/15_wet_recovery.R"
"buildup_pct_gt100_13_24h",11.837,"wet_recovery","% of wet hours with anomaly > 100 ppm, by hours since episode start","2_analysis/15_wet_recovery.R"
"buildup_ratio_13_24h",0.65954,"wet_recovery","","2_analysis/15_wet_recovery.R"
"buildup_pct_gt100_25_48h",26.154,"wet_recovery","% of wet hours with anomaly > 100 ppm, by hours since episode start","2_analysis/15_wet_recovery.R"
"buildup_ratio_25_48h",0.6905,"wet_recovery","","2_analysis/15_wet_recovery.R"
"buildup_long_pct_gt100_0_2h",66.667,"wet_recovery","episodes >= 48 h; n episodes = 6","2_analysis/15_wet_recovery.R"
"buildup_long_pct_gt100_3_6h",91.667,"wet_recovery","episodes >= 48 h; n episodes = 6","2_analysis/15_wet_recovery.R"
"buildup_long_pct_gt100_7_12h",100,"wet_recovery","episodes >= 48 h; n episodes = 6","2_analysis/15_wet_recovery.R"
"buildup_long_pct_gt100_13_24h",100,"wet_recovery","episodes >= 48 h; n episodes = 6","2_analysis/15_wet_recovery.R"
"buildup_long_pct_gt100_25_48h",100,"wet_recovery","episodes >= 48 h; n episodes = 6","2_analysis/15_wet_recovery.R"
"buildup_long_pct_gt100_49_72h",100,"wet_recovery","episodes >= 48 h; n episodes = 6","2_analysis/15_wet_recovery.R"
"wet_top4_units_share_pct",50.179,"wet_recovery","share of wet hours in the 4 wettest units","2_analysis/15_wet_recovery.R"
"wet_units_gt20pct",4,"wet_recovery","","2_analysis/15_wet_recovery.R"
"lasting_ratio_pct_per_100_wet_h",2.0321,"wet_recovery","dry closures >24 h after wet; unit random intercept; adjusted for date","2_analysis/15_wet_recovery.R"
"lasting_t",0.23763,"wet_recovery","","2_analysis/15_wet_recovery.R"
"loss_notrec_pct_after_wet",6.6536,"wet_recovery","unit-hours with a wet hour in the previous 6 h","2_analysis/15_wet_recovery.R"
"loss_notrec_pct_otherwise",25.52,"wet_recovery","","2_analysis/15_wet_recovery.R"
"loss_notrec_OR_after_wet",0.18685,"wet_recovery","unit random intercept","2_analysis/15_wet_recovery.R"
"loss_notrec_p",1.3806e-19,"wet_recovery","","2_analysis/15_wet_recovery.R"
"loss_err_pct_wet_hours",0.87852,"wet_recovery","","2_analysis/15_wet_recovery.R"
"loss_err_pct_dry_hours",1.7045,"wet_recovery","","2_analysis/15_wet_recovery.R"
"removed_wet_closures_total",1050,"wet_recovery","valid closures with the wet flag","2_analysis/15_wet_recovery.R"
"removed_wet_closures_lid",429,"wet_recovery","of which inside lid-failure episodes","2_analysis/15_wet_recovery.R"
"wetbias_stuck_lids_and_wet_sensors_kept_fb_closures",7246,"wet_recovery","","2_analysis/15_wet_recovery.R"
"wetbias_stuck_lids_and_wet_sensors_kept_n_hours",380,"wet_recovery","","2_analysis/15_wet_recovery.R"
"wetbias_stuck_lids_and_wet_sensors_kept_offset_pct",-13.276,"wet_recovery","","2_analysis/15_wet_recovery.R"
"wetbias_stuck_lids_and_wet_sensors_kept_r_hourly",0.7299,"wet_recovery","","2_analysis/15_wet_recovery.R"
"wetbias_stuck_lids_and_wet_sensors_kept_r_daily",0.87721,"wet_recovery","","2_analysis/15_wet_recovery.R"
"wetbias_as_deployed_main__fb_closures",6815,"wet_recovery","","2_analysis/15_wet_recovery.R"
"wetbias_as_deployed_main__n_hours",361,"wet_recovery","","2_analysis/15_wet_recovery.R"
"wetbias_as_deployed_main__offset_pct",-9.9357,"wet_recovery","","2_analysis/15_wet_recovery.R"
"wetbias_as_deployed_main__r_hourly",0.70887,"wet_recovery","","2_analysis/15_wet_recovery.R"
"wetbias_as_deployed_main__r_daily",0.82594,"wet_recovery","","2_analysis/15_wet_recovery.R"
"wetbias_rh_screened_fb_closures",6195,"wet_recovery","","2_analysis/15_wet_recovery.R"
"wetbias_rh_screened_n_hours",312,"wet_recovery","","2_analysis/15_wet_recovery.R"
"wetbias_rh_screened_offset_pct",-8.4539,"wet_recovery","","2_analysis/15_wet_recovery.R"
"wetbias_rh_screened_r_hourly",0.74931,"wet_recovery","","2_analysis/15_wet_recovery.R"
"wetbias_rh_screened_r_daily",0.88004,"wet_recovery","","2_analysis/15_wet_recovery.R"
"wetbias_rh_screened_1_h_after_wet_removed_fb_closures",6117,"wet_recovery","","2_analysis/15_wet_recovery.R"
"wetbias_rh_screened_1_h_after_wet_removed_n_hours",307,"wet_recovery","","2_analysis/15_wet_recovery.R"
"wetbias_rh_screened_1_h_after_wet_removed_offset_pct",-8.4439,"wet_recovery","","2_analysis/15_wet_recovery.R"
"wetbias_rh_screened_1_h_after_wet_removed_r_hourly",0.74643,"wet_recovery","","2_analysis/15_wet_recovery.R"
"wetbias_rh_screened_1_h_after_wet_removed_r_daily",0.88048,"wet_recovery","","2_analysis/15_wet_recovery.R"
"wetbias_rh_screened_3_h_after_wet_removed_fb_closures",5975,"wet_recovery","","2_analysis/15_wet_recovery.R"
"wetbias_rh_screened_3_h_after_wet_removed_n_hours",297,"wet_recovery","","2_analysis/15_wet_recovery.R"
"wetbias_rh_screened_3_h_after_wet_removed_offset_pct",-8.2828,"wet_recovery","","2_analysis/15_wet_recovery.R"
"wetbias_rh_screened_3_h_after_wet_removed_r_hourly",0.74107,"wet_recovery","","2_analysis/15_wet_recovery.R"
"wetbias_rh_screened_3_h_after_wet_removed_r_daily",0.89424,"wet_recovery","","2_analysis/15_wet_recovery.R"
"wetbias_rh_screened_6_h_after_wet_removed_fb_closures",5782,"wet_recovery","","2_analysis/15_wet_recovery.R"
"wetbias_rh_screened_6_h_after_wet_removed_n_hours",283,"wet_recovery","","2_analysis/15_wet_recovery.R"
"wetbias_rh_screened_6_h_after_wet_removed_offset_pct",-8.1209,"wet_recovery","","2_analysis/15_wet_recovery.R"
"wetbias_rh_screened_6_h_after_wet_removed_r_hourly",0.7282,"wet_recovery","","2_analysis/15_wet_recovery.R"
"wetbias_rh_screened_6_h_after_wet_removed_r_daily",0.85506,"wet_recovery","","2_analysis/15_wet_recovery.R"
"wetbias_rh_screened_12_h_after_wet_removed_fb_closures",5476,"wet_recovery","","2_analysis/15_wet_recovery.R"
"wetbias_rh_screened_12_h_after_wet_removed_n_hours",266,"wet_recovery","","2_analysis/15_wet_recovery.R"
"wetbias_rh_screened_12_h_after_wet_removed_offset_pct",-7.3136,"wet_recovery","","2_analysis/15_wet_recovery.R"
"wetbias_rh_screened_12_h_after_wet_removed_r_hourly",0.74256,"wet_recovery","","2_analysis/15_wet_recovery.R"
"wetbias_rh_screened_12_h_after_wet_removed_r_daily",0.8496,"wet_recovery","","2_analysis/15_wet_recovery.R"
"wetbias_rh_screened_24_h_after_wet_removed_fb_closures",5077,"wet_recovery","","2_analysis/15_wet_recovery.R"
"wetbias_rh_screened_24_h_after_wet_removed_n_hours",236,"wet_recovery","","2_analysis/15_wet_recovery.R"
"wetbias_rh_screened_24_h_after_wet_removed_offset_pct",-5.6395,"wet_recovery","","2_analysis/15_wet_recovery.R"
"wetbias_rh_screened_24_h_after_wet_removed_r_hourly",0.75025,"wet_recovery","","2_analysis/15_wet_recovery.R"
"wetbias_rh_screened_24_h_after_wet_removed_r_daily",0.90914,"wet_recovery","","2_analysis/15_wet_recovery.R"
"selbias_ac_rel_none_wet",0.98255,"selection_bias","autochamber flux / temperature+hour model","2_analysis/16_wet_selection_bias.R"
"selbias_ac_mean_none_wet",2.6028,"selection_bias","","2_analysis/16_wet_selection_bias.R"
"selbias_n_none_wet",807,"selection_bias","","2_analysis/16_wet_selection_bias.R"
"selbias_ac_rel_lt_half_wet",1.0093,"selection_bias","autochamber flux / temperature+hour model","2_analysis/16_wet_selection_bias.R"
"selbias_ac_mean_lt_half_wet",2.5556,"selection_bias","","2_analysis/16_wet_selection_bias.R"
"selbias_n_lt_half_wet",139,"selection_bias","","2_analysis/16_wet_selection_bias.R"
"selbias_ac_rel_ge_half_wet",1.0746,"selection_bias","autochamber flux / temperature+hour model","2_analysis/16_wet_selection_bias.R"
"selbias_ac_mean_ge_half_wet",2.7657,"selection_bias","","2_analysis/16_wet_selection_bias.R"
"selbias_n_ge_half_wet",134,"selection_bias","","2_analysis/16_wet_selection_bias.R"
"selbias_ac_pct_per_wet_share",12.263,"selection_bias","autochamber flux vs model, all vs no Fluxbots wet","2_analysis/16_wet_selection_bias.R"
"selbias_ac_mean_all_hours",2.6063,"selection_bias","","2_analysis/16_wet_selection_bias.R"
"selbias_ac_mean_compared_hours",2.6605,"selection_bias","","2_analysis/16_wet_selection_bias.R"
"selbias_ac_compared_vs_all_pct",2.0795,"selection_bias","raw","2_analysis/16_wet_selection_bias.R"
"selbias_ac_rel_compared_hours",0.9912,"selection_bias","","2_analysis/16_wet_selection_bias.R"
"selbias_ac_rel_other_hours",1.0626,"selection_bias","","2_analysis/16_wet_selection_bias.R"
"selbias_budget_fluxbot_hours_rh_screened",79.923,"selection_bias","autochamber, g C m-2, 2-31 Oct, mean of stands","2_analysis/16_wet_selection_bias.R"
"selbias_budget_obs_share_fluxbot_hours_rh_screened",0.60347,"selection_bias","","2_analysis/16_wet_selection_bias.R"
"selbias_budget_fluxbot_hours_as_deployed",81.002,"selection_bias","autochamber, g C m-2, 2-31 Oct, mean of stands","2_analysis/16_wet_selection_bias.R"
"selbias_budget_obs_share_fluxbot_hours_as_deployed",0.68264,"selection_bias","","2_analysis/16_wet_selection_bias.R"
"selbias_budget_all_autochamber_hours",81.567,"selection_bias","autochamber, g C m-2, 2-31 Oct, mean of stands","2_analysis/16_wet_selection_bias.R"
"selbias_budget_obs_share_all_autochamber_hours",0.78819,"selection_bias","","2_analysis/16_wet_selection_bias.R"
"selbias_budget_deployed_vs_all_pct",-0.69362,"selection_bias","bias from the Fluxbot sampling pattern alone","2_analysis/16_wet_selection_bias.R"
"selbias_budget_screened_vs_all_pct",-2.0159,"selection_bias","","2_analysis/16_wet_selection_bias.R"
"ptfe_lgr_h2o_median_ppm",14761,"ptfe_lab","LGR water vapour","3_lab_tests/01_ptfe_test_sep.R"
"ptfe_covered_before_tau",50,"ptfe_lab","","3_lab_tests/01_ptfe_test_sep.R"
"ptfe_covered_before_L",0,"ptfe_lab","","3_lab_tests/01_ptfe_test_sep.R"
"ptfe_covered_before_a",43.734,"ptfe_lab","","3_lab_tests/01_ptfe_test_sep.R"
"ptfe_covered_before_b",0.99508,"ptfe_lab","","3_lab_tests/01_ptfe_test_sep.R"
"ptfe_covered_before_rmse",11.667,"ptfe_lab","","3_lab_tests/01_ptfe_test_sep.R"
"ptfe_covered_before_r2",0.98866,"ptfe_lab","","3_lab_tests/01_ptfe_test_sep.R"
"ptfe_covered_after_tau",20,"ptfe_lab","","3_lab_tests/01_ptfe_test_sep.R"
"ptfe_covered_after_L",6,"ptfe_lab","","3_lab_tests/01_ptfe_test_sep.R"
"ptfe_covered_after_a",-184.22,"ptfe_lab","","3_lab_tests/01_ptfe_test_sep.R"
"ptfe_covered_after_b",1.3291,"ptfe_lab","","3_lab_tests/01_ptfe_test_sep.R"
"ptfe_covered_after_rmse",27.05,"ptfe_lab","","3_lab_tests/01_ptfe_test_sep.R"
"ptfe_covered_after_r2",0.95575,"ptfe_lab","","3_lab_tests/01_ptfe_test_sep.R"
"ptfe_uncovered_before_tau",30,"ptfe_lab","","3_lab_tests/01_ptfe_test_sep.R"
"ptfe_uncovered_before_L",6,"ptfe_lab","","3_lab_tests/01_ptfe_test_sep.R"
"ptfe_uncovered_before_a",56.527,"ptfe_lab","","3_lab_tests/01_ptfe_test_sep.R"
"ptfe_uncovered_before_b",0.99752,"ptfe_lab","","3_lab_tests/01_ptfe_test_sep.R"
"ptfe_uncovered_before_rmse",7.5664,"ptfe_lab","","3_lab_tests/01_ptfe_test_sep.R"
"ptfe_uncovered_before_r2",0.99528,"ptfe_lab","","3_lab_tests/01_ptfe_test_sep.R"
"ptfe_uncovered_after_tau",15,"ptfe_lab","","3_lab_tests/01_ptfe_test_sep.R"
"ptfe_uncovered_after_L",18,"ptfe_lab","","3_lab_tests/01_ptfe_test_sep.R"
"ptfe_uncovered_after_a",0.97987,"ptfe_lab","","3_lab_tests/01_ptfe_test_sep.R"
"ptfe_uncovered_after_b",1.0538,"ptfe_lab","","3_lab_tests/01_ptfe_test_sep.R"
"ptfe_uncovered_after_rmse",10.651,"ptfe_lab","","3_lab_tests/01_ptfe_test_sep.R"
"ptfe_uncovered_after_r2",0.98871,"ptfe_lab","","3_lab_tests/01_ptfe_test_sep.R"
"ptfe_offset_covered_before",38.453,"ptfe_lab","K30 - LGR, 30 min before wetting","3_lab_tests/01_ptfe_test_sep.R"
"ptfe_offset_covered_after",61.689,"ptfe_lab","K30 - LGR after wetting","3_lab_tests/01_ptfe_test_sep.R"
"ptfe_errors_pct_covered",1.428,"ptfe_lab","% readings = error code","3_lab_tests/01_ptfe_test_sep.R"
"ptfe_offset_uncovered_before",52.492,"ptfe_lab","K30 - LGR, 30 min before wetting","3_lab_tests/01_ptfe_test_sep.R"
"ptfe_offset_uncovered_after",34.862,"ptfe_lab","K30 - LGR after wetting","3_lab_tests/01_ptfe_test_sep.R"
"ptfe_errors_pct_uncovered",1.3981,"ptfe_lab","% readings = error code","3_lab_tests/01_ptfe_test_sep.R"
"cover_lgr_h2o_median_dry_ppm",3321.4,"cover_dec","","3_lab_tests/02_cover_test_dec.R"
"cover_lgr_h2o_median_wet_ppm",4769.5,"cover_dec","","3_lab_tests/02_cover_test_dec.R"
"cover_errors_pct_c1",0,"cover_dec","% readings = error code, whole run","3_lab_tests/02_cover_test_dec.R"
"cover_errors_pct_c2",0,"cover_dec","% readings = error code, whole run","3_lab_tests/02_cover_test_dec.R"
"cover_errors_pct_c3",0,"cover_dec","% readings = error code, whole run","3_lab_tests/02_cover_test_dec.R"
"cover_errors_pct_t1",8.6942,"cover_dec","% readings = error code, whole run","3_lab_tests/02_cover_test_dec.R"
"cover_errors_pct_t2",6.5104,"cover_dec","% readings = error code, whole run","3_lab_tests/02_cover_test_dec.R"
"cover_covered_dryptfe_tau",15,"cover_dec","median over sensors","3_lab_tests/02_cover_test_dec.R"
"cover_covered_dryptfe_b",0.97288,"cover_dec","median over sensors","3_lab_tests/02_cover_test_dec.R"
"cover_covered_dryptfe_rmse",14.412,"cover_dec","median over sensors","3_lab_tests/02_cover_test_dec.R"
"cover_covered_dryptfe_r2",0.99665,"cover_dec","median over sensors","3_lab_tests/02_cover_test_dec.R"
"cover_uncovered_dryptfe_tau",15,"cover_dec","median over sensors","3_lab_tests/02_cover_test_dec.R"
"cover_uncovered_dryptfe_b",0.99688,"cover_dec","median over sensors","3_lab_tests/02_cover_test_dec.R"
"cover_uncovered_dryptfe_rmse",12.506,"cover_dec","median over sensors","3_lab_tests/02_cover_test_dec.R"
"cover_uncovered_dryptfe_r2",0.9978,"cover_dec","median over sensors","3_lab_tests/02_cover_test_dec.R"
"cover_covered_wetptfe_tau",17.5,"cover_dec","median over sensors","3_lab_tests/02_cover_test_dec.R"
"cover_covered_wetptfe_b",0.9549,"cover_dec","median over sensors","3_lab_tests/02_cover_test_dec.R"
"cover_covered_wetptfe_rmse",71.299,"cover_dec","median over sensors","3_lab_tests/02_cover_test_dec.R"
"cover_covered_wetptfe_r2",0.8783,"cover_dec","median over sensors","3_lab_tests/02_cover_test_dec.R"
"cover_uncovered_wetptfe_tau",15,"cover_dec","median over sensors","3_lab_tests/02_cover_test_dec.R"
"cover_uncovered_wetptfe_b",1.0092,"cover_dec","median over sensors","3_lab_tests/02_cover_test_dec.R"
"cover_uncovered_wetptfe_rmse",28.003,"cover_dec","median over sensors","3_lab_tests/02_cover_test_dec.R"
"cover_uncovered_wetptfe_r2",0.98518,"cover_dec","median over sensors","3_lab_tests/02_cover_test_dec.R"
"cover_covered_drybracket_tau",15,"cover_dec","median over sensors","3_lab_tests/02_cover_test_dec.R"
"cover_covered_drybracket_b",1.0157,"cover_dec","median over sensors","3_lab_tests/02_cover_test_dec.R"
"cover_covered_drybracket_rmse",27.126,"cover_dec","median over sensors","3_lab_tests/02_cover_test_dec.R"
"cover_covered_drybracket_r2",0.97707,"cover_dec","median over sensors","3_lab_tests/02_cover_test_dec.R"
"cover_uncovered_drybracket_tau",15,"cover_dec","median over sensors","3_lab_tests/02_cover_test_dec.R"
"cover_uncovered_drybracket_b",1.004,"cover_dec","median over sensors","3_lab_tests/02_cover_test_dec.R"
"cover_uncovered_drybracket_rmse",13.201,"cover_dec","median over sensors","3_lab_tests/02_cover_test_dec.R"
"cover_uncovered_drybracket_r2",0.99506,"cover_dec","median over sensors","3_lab_tests/02_cover_test_dec.R"
"cover_covered_wetbracket_tau",7.5,"cover_dec","median over sensors","3_lab_tests/02_cover_test_dec.R"
"cover_covered_wetbracket_b",1.0037,"cover_dec","median over sensors","3_lab_tests/02_cover_test_dec.R"
"cover_covered_wetbracket_rmse",46.513,"cover_dec","median over sensors","3_lab_tests/02_cover_test_dec.R"
"cover_covered_wetbracket_r2",0.96778,"cover_dec","median over sensors","3_lab_tests/02_cover_test_dec.R"
"cover_uncovered_wetbracket_tau",15,"cover_dec","median over sensors","3_lab_tests/02_cover_test_dec.R"
"cover_uncovered_wetbracket_b",1.0165,"cover_dec","median over sensors","3_lab_tests/02_cover_test_dec.R"
"cover_uncovered_wetbracket_rmse",14.035,"cover_dec","median over sensors","3_lab_tests/02_cover_test_dec.R"
"cover_uncovered_wetbracket_r2",0.99803,"cover_dec","median over sensors","3_lab_tests/02_cover_test_dec.R"
"cover_uncovered_barekssprayed_tau",15,"cover_dec","median over sensors","3_lab_tests/02_cover_test_dec.R"
"cover_uncovered_barekssprayed_b",0.98767,"cover_dec","median over sensors","3_lab_tests/02_cover_test_dec.R"
"cover_uncovered_barekssprayed_rmse",28.5,"cover_dec","median over sensors","3_lab_tests/02_cover_test_dec.R"
"cover_uncovered_barekssprayed_r2",0.98759,"cover_dec","median over sensors","3_lab_tests/02_cover_test_dec.R"
"cover_offset_drysteady_diff_median",-2.5,"cover_dec","quiescent periods (LGR range < 15 ppm over 61 s)","3_lab_tests/02_cover_test_dec.R"
"cover_offset_drysteady_cov_minus_lgr",33.501,"cover_dec","quiescent periods (LGR range < 15 ppm over 61 s)","3_lab_tests/02_cover_test_dec.R"
"cover_offset_drysteady_unc_minus_lgr",35.892,"cover_dec","quiescent periods (LGR range < 15 ppm over 61 s)","3_lab_tests/02_cover_test_dec.R"
"cover_offset_drysteady_n",1100,"cover_dec","quiescent periods (LGR range < 15 ppm over 61 s)","3_lab_tests/02_cover_test_dec.R"
"cover_offset_dryptfe_diff_median",-4,"cover_dec","quiescent periods (LGR range < 15 ppm over 61 s)","3_lab_tests/02_cover_test_dec.R"
"cover_offset_dryptfe_cov_minus_lgr",31.617,"cover_dec","quiescent periods (LGR range < 15 ppm over 61 s)","3_lab_tests/02_cover_test_dec.R"
"cover_offset_dryptfe_unc_minus_lgr",36.087,"cover_dec","quiescent periods (LGR range < 15 ppm over 61 s)","3_lab_tests/02_cover_test_dec.R"
"cover_offset_dryptfe_n",269,"cover_dec","quiescent periods (LGR range < 15 ppm over 61 s)","3_lab_tests/02_cover_test_dec.R"
"cover_offset_wetptfe_diff_median",-1.9167,"cover_dec","quiescent periods (LGR range < 15 ppm over 61 s)","3_lab_tests/02_cover_test_dec.R"
"cover_offset_wetptfe_cov_minus_lgr",56.563,"cover_dec","quiescent periods (LGR range < 15 ppm over 61 s)","3_lab_tests/02_cover_test_dec.R"
"cover_offset_wetptfe_unc_minus_lgr",52.83,"cover_dec","quiescent periods (LGR range < 15 ppm over 61 s)","3_lab_tests/02_cover_test_dec.R"
"cover_offset_wetptfe_n",42,"cover_dec","quiescent periods (LGR range < 15 ppm over 61 s)","3_lab_tests/02_cover_test_dec.R"
"cover_offset_drybracket_diff_median",-11.167,"cover_dec","quiescent periods (LGR range < 15 ppm over 61 s)","3_lab_tests/02_cover_test_dec.R"
"cover_offset_drybracket_cov_minus_lgr",39.604,"cover_dec","quiescent periods (LGR range < 15 ppm over 61 s)","3_lab_tests/02_cover_test_dec.R"
"cover_offset_drybracket_unc_minus_lgr",51.825,"cover_dec","quiescent periods (LGR range < 15 ppm over 61 s)","3_lab_tests/02_cover_test_dec.R"
"cover_offset_drybracket_n",40,"cover_dec","quiescent periods (LGR range < 15 ppm over 61 s)","3_lab_tests/02_cover_test_dec.R"
"cover_offset_wetbracket_diff_median",-11.167,"cover_dec","quiescent periods (LGR range < 15 ppm over 61 s)","3_lab_tests/02_cover_test_dec.R"
"cover_offset_wetbracket_cov_minus_lgr",47.878,"cover_dec","quiescent periods (LGR range < 15 ppm over 61 s)","3_lab_tests/02_cover_test_dec.R"
"cover_offset_wetbracket_unc_minus_lgr",57.805,"cover_dec","quiescent periods (LGR range < 15 ppm over 61 s)","3_lab_tests/02_cover_test_dec.R"
"cover_offset_wetbracket_n",33,"cover_dec","quiescent periods (LGR range < 15 ppm over 61 s)","3_lab_tests/02_cover_test_dec.R"
"cover_offset_barekssprayed_diff_median",NA,"cover_dec","quiescent periods (LGR range < 15 ppm over 61 s)","3_lab_tests/02_cover_test_dec.R"
"cover_offset_barekssprayed_cov_minus_lgr",NA,"cover_dec","quiescent periods (LGR range < 15 ppm over 61 s)","3_lab_tests/02_cover_test_dec.R"
"cover_offset_barekssprayed_unc_minus_lgr",86.574,"cover_dec","quiescent periods (LGR range < 15 ppm over 61 s)","3_lab_tests/02_cover_test_dec.R"
"cover_offset_barekssprayed_n",0,"cover_dec","quiescent periods (LGR range < 15 ppm over 61 s)","3_lab_tests/02_cover_test_dec.R"
"cover_spray_rmse_c1",67.915,"cover_dec","bare-spray phase, offset-removed RMSE vs LGR","3_lab_tests/02_cover_test_dec.R"
"cover_spray_rmse_c2",143.52,"cover_dec","bare-spray phase, offset-removed RMSE vs LGR","3_lab_tests/02_cover_test_dec.R"
"cover_spray_rmse_c3",69.991,"cover_dec","bare-spray phase, offset-removed RMSE vs LGR","3_lab_tests/02_cover_test_dec.R"
"cover_spray_rmse_t2",62.423,"cover_dec","bare-spray phase, offset-removed RMSE vs LGR","3_lab_tests/02_cover_test_dec.R"
"lab_vapour_22sep_covered_all",10.268,"lab_failure","ppm CO2 per ppt H2O (95% CI 3.6 to 17.0; H2O 13.9-15.4 ppt)","3_lab_tests/03_failure_modes.R"
"lab_vapour_22sep_covered_dryonly",1.2273,"lab_failure","ppm CO2 per ppt H2O (95% CI -4.0 to 6.4; H2O 13.9-15.4 ppt)","3_lab_tests/03_failure_modes.R"
"lab_vapour_22sep_uncovered_all",-3.0136,"lab_failure","ppm CO2 per ppt H2O (95% CI -6.1 to 0.0; H2O 13.8-15.4 ppt)","3_lab_tests/03_failure_modes.R"
"lab_vapour_22sep_uncovered_dryonly",0.75907,"lab_failure","ppm CO2 per ppt H2O (95% CI -2.1 to 3.6; H2O 13.8-15.4 ppt)","3_lab_tests/03_failure_modes.R"
"lab_vapour_13dec_c1_all",2.392,"lab_failure","ppm CO2 per ppt H2O (95% CI 1.2 to 3.6; H2O 2.9-8.8 ppt)","3_lab_tests/03_failure_modes.R"
"lab_vapour_13dec_c1_dryonly",3.9164,"lab_failure","ppm CO2 per ppt H2O (95% CI -4.5 to 12.3; H2O 2.9-4.0 ppt)","3_lab_tests/03_failure_modes.R"
"lab_vapour_13dec_c2_all",-5.2171,"lab_failure","ppm CO2 per ppt H2O (95% CI -11.5 to 1.0; H2O 2.9-8.8 ppt)","3_lab_tests/03_failure_modes.R"
"lab_vapour_13dec_c2_dryonly",-53.806,"lab_failure","ppm CO2 per ppt H2O (95% CI -84.6 to -23.0; H2O 2.9-4.0 ppt)","3_lab_tests/03_failure_modes.R"
"lab_vapour_13dec_c3_all",2.6396,"lab_failure","ppm CO2 per ppt H2O (95% CI 0.8 to 4.5; H2O 2.9-8.8 ppt)","3_lab_tests/03_failure_modes.R"
"lab_vapour_13dec_c3_dryonly",0.51303,"lab_failure","ppm CO2 per ppt H2O (95% CI -6.7 to 7.7; H2O 2.9-4.0 ppt)","3_lab_tests/03_failure_modes.R"
"lab_vapour_13dec_t1_all",3.1188,"lab_failure","ppm CO2 per ppt H2O (95% CI 0.9 to 5.3; H2O 2.9-8.8 ppt)","3_lab_tests/03_failure_modes.R"
"lab_vapour_13dec_t1_dryonly",-2.0572,"lab_failure","ppm CO2 per ppt H2O (95% CI -8.3 to 4.2; H2O 2.9-4.0 ppt)","3_lab_tests/03_failure_modes.R"
"lab_vapour_13dec_t2_all",7.5657,"lab_failure","ppm CO2 per ppt H2O (95% CI 5.4 to 9.7; H2O 2.9-8.8 ppt)","3_lab_tests/03_failure_modes.R"
"lab_vapour_13dec_t2_dryonly",-10.266,"lab_failure","ppm CO2 per ppt H2O (95% CI -21.8 to 1.3; H2O 2.9-4.0 ppt)","3_lab_tests/03_failure_modes.R"
"lab_cal_22sep_covered_tau",50,"lab_failure","dry calibration against LGR","3_lab_tests/03_failure_modes.R"
"lab_cal_22sep_covered_b",0.99508,"lab_failure","dry calibration against LGR","3_lab_tests/03_failure_modes.R"
"lab_cal_22sep_covered_rmse",11.672,"lab_failure","dry calibration against LGR","3_lab_tests/03_failure_modes.R"
"lab_cal_22sep_uncovered_tau",30,"lab_failure","dry calibration against LGR","3_lab_tests/03_failure_modes.R"
"lab_cal_22sep_uncovered_b",0.99752,"lab_failure","dry calibration against LGR","3_lab_tests/03_failure_modes.R"
"lab_cal_22sep_uncovered_rmse",7.5694,"lab_failure","dry calibration against LGR","3_lab_tests/03_failure_modes.R"
"lab_cal_13dec_c1_tau",15,"lab_failure","dry calibration against LGR","3_lab_tests/03_failure_modes.R"
"lab_cal_13dec_c1_b",0.9955,"lab_failure","dry calibration against LGR","3_lab_tests/03_failure_modes.R"
"lab_cal_13dec_c1_rmse",12.527,"lab_failure","dry calibration against LGR","3_lab_tests/03_failure_modes.R"
"lab_cal_13dec_c2_tau",10,"lab_failure","dry calibration against LGR","3_lab_tests/03_failure_modes.R"
"lab_cal_13dec_c2_b",1.0783,"lab_failure","dry calibration against LGR","3_lab_tests/03_failure_modes.R"
"lab_cal_13dec_c2_rmse",37.152,"lab_failure","dry calibration against LGR","3_lab_tests/03_failure_modes.R"
"lab_cal_13dec_c3_tau",15,"lab_failure","dry calibration against LGR","3_lab_tests/03_failure_modes.R"
"lab_cal_13dec_c3_b",0.99688,"lab_failure","dry calibration against LGR","3_lab_tests/03_failure_modes.R"
"lab_cal_13dec_c3_rmse",11.73,"lab_failure","dry calibration against LGR","3_lab_tests/03_failure_modes.R"
"lab_cal_13dec_t1_tau",15,"lab_failure","dry calibration against LGR","3_lab_tests/03_failure_modes.R"
"lab_cal_13dec_t1_b",0.9797,"lab_failure","dry calibration against LGR","3_lab_tests/03_failure_modes.R"
"lab_cal_13dec_t1_rmse",11.047,"lab_failure","dry calibration against LGR","3_lab_tests/03_failure_modes.R"
"lab_cal_13dec_t2_tau",15,"lab_failure","dry calibration against LGR","3_lab_tests/03_failure_modes.R"
"lab_cal_13dec_t2_b",0.96607,"lab_failure","dry calibration against LGR","3_lab_tests/03_failure_modes.R"
"lab_cal_13dec_t2_rmse",17.827,"lab_failure","dry calibration against LGR","3_lab_tests/03_failure_modes.R"
"lab_13dec_barek30ssprayed_covered_err_pct",97.863,"lab_failure","median over sensors","3_lab_tests/03_failure_modes.R"
"lab_13dec_barek30ssprayed_covered_max_gap_s",6,"lab_failure","median over sensors","3_lab_tests/03_failure_modes.R"
"lab_13dec_barek30ssprayed_covered_refit_tau",NA,"lab_failure","median over sensors","3_lab_tests/03_failure_modes.R"
"lab_13dec_barek30ssprayed_covered_refit_b",NA,"lab_failure","median over sensors","3_lab_tests/03_failure_modes.R"
"lab_13dec_barek30ssprayed_covered_bias_vs_dry",NA,"lab_failure","median over sensors","3_lab_tests/03_failure_modes.R"
"lab_13dec_barek30ssprayed_covered_scatter_vs_dry",NA,"lab_failure","median over sensors","3_lab_tests/03_failure_modes.R"
"lab_13dec_barek30ssprayed_covered_spike_pct",NA,"lab_failure","median over sensors","3_lab_tests/03_failure_modes.R"
"lab_13dec_barek30ssprayed_uncovered_err_pct",0,"lab_failure","median over sensors","3_lab_tests/03_failure_modes.R"
"lab_13dec_barek30ssprayed_uncovered_max_gap_s",7,"lab_failure","median over sensors","3_lab_tests/03_failure_modes.R"
"lab_13dec_barek30ssprayed_uncovered_refit_tau",15,"lab_failure","median over sensors","3_lab_tests/03_failure_modes.R"
"lab_13dec_barek30ssprayed_uncovered_refit_b",0.98767,"lab_failure","median over sensors","3_lab_tests/03_failure_modes.R"
"lab_13dec_barek30ssprayed_uncovered_bias_vs_dry",10.513,"lab_failure","median over sensors","3_lab_tests/03_failure_modes.R"
"lab_13dec_barek30ssprayed_uncovered_scatter_vs_dry",12.474,"lab_failure","median over sensors","3_lab_tests/03_failure_modes.R"
"lab_13dec_barek30ssprayed_uncovered_spike_pct",10.965,"lab_failure","median over sensors","3_lab_tests/03_failure_modes.R"
"lab_13dec_dry_covered_err_pct",4.2088,"lab_failure","median over sensors","3_lab_tests/03_failure_modes.R"
"lab_13dec_dry_covered_max_gap_s",19.5,"lab_failure","median over sensors","3_lab_tests/03_failure_modes.R"
"lab_13dec_dry_covered_refit_tau",15,"lab_failure","median over sensors","3_lab_tests/03_failure_modes.R"
"lab_13dec_dry_covered_refit_b",0.97288,"lab_failure","median over sensors","3_lab_tests/03_failure_modes.R"
"lab_13dec_dry_covered_bias_vs_dry",-1.1235,"lab_failure","median over sensors","3_lab_tests/03_failure_modes.R"
"lab_13dec_dry_covered_scatter_vs_dry",7.6012,"lab_failure","median over sensors","3_lab_tests/03_failure_modes.R"
"lab_13dec_dry_covered_spike_pct",0.45126,"lab_failure","median over sensors","3_lab_tests/03_failure_modes.R"
"lab_13dec_dry_uncovered_err_pct",0,"lab_failure","median over sensors","3_lab_tests/03_failure_modes.R"
"lab_13dec_dry_uncovered_max_gap_s",7,"lab_failure","median over sensors","3_lab_tests/03_failure_modes.R"
"lab_13dec_dry_uncovered_refit_tau",15,"lab_failure","median over sensors","3_lab_tests/03_failure_modes.R"
"lab_13dec_dry_uncovered_refit_b",0.99688,"lab_failure","median over sensors","3_lab_tests/03_failure_modes.R"
"lab_13dec_dry_uncovered_bias_vs_dry",0.65173,"lab_failure","median over sensors","3_lab_tests/03_failure_modes.R"
"lab_13dec_dry_uncovered_scatter_vs_dry",8.0987,"lab_failure","median over sensors","3_lab_tests/03_failure_modes.R"
"lab_13dec_dry_uncovered_spike_pct",0.33445,"lab_failure","median over sensors","3_lab_tests/03_failure_modes.R"
"lab_13dec_drybracket_covered_err_pct",4.6931,"lab_failure","median over sensors","3_lab_tests/03_failure_modes.R"
"lab_13dec_drybracket_covered_max_gap_s",19,"lab_failure","median over sensors","3_lab_tests/03_failure_modes.R"
"lab_13dec_drybracket_covered_refit_tau",15,"lab_failure","median over sensors","3_lab_tests/03_failure_modes.R"
"lab_13dec_drybracket_covered_refit_b",1.0157,"lab_failure","median over sensors","3_lab_tests/03_failure_modes.R"
"lab_13dec_drybracket_covered_bias_vs_dry",5.1098,"lab_failure","median over sensors","3_lab_tests/03_failure_modes.R"
"lab_13dec_drybracket_covered_scatter_vs_dry",10.542,"lab_failure","median over sensors","3_lab_tests/03_failure_modes.R"
"lab_13dec_drybracket_covered_spike_pct",4.5817,"lab_failure","median over sensors","3_lab_tests/03_failure_modes.R"
"lab_13dec_drybracket_uncovered_err_pct",0,"lab_failure","median over sensors","3_lab_tests/03_failure_modes.R"
"lab_13dec_drybracket_uncovered_max_gap_s",7,"lab_failure","median over sensors","3_lab_tests/03_failure_modes.R"
"lab_13dec_drybracket_uncovered_refit_tau",15,"lab_failure","median over sensors","3_lab_tests/03_failure_modes.R"
"lab_13dec_drybracket_uncovered_refit_b",1.004,"lab_failure","median over sensors","3_lab_tests/03_failure_modes.R"
"lab_13dec_drybracket_uncovered_bias_vs_dry",6.4675,"lab_failure","median over sensors","3_lab_tests/03_failure_modes.R"
"lab_13dec_drybracket_uncovered_scatter_vs_dry",11.287,"lab_failure","median over sensors","3_lab_tests/03_failure_modes.R"
"lab_13dec_drybracket_uncovered_spike_pct",0.35842,"lab_failure","median over sensors","3_lab_tests/03_failure_modes.R"
"lab_13dec_wetptfe_covered_err_pct",6.6479,"lab_failure","median over sensors","3_lab_tests/03_failure_modes.R"
"lab_13dec_wetptfe_covered_max_gap_s",68,"lab_failure","median over sensors","3_lab_tests/03_failure_modes.R"
"lab_13dec_wetptfe_covered_refit_tau",17.5,"lab_failure","median over sensors","3_lab_tests/03_failure_modes.R"
"lab_13dec_wetptfe_covered_refit_b",0.9549,"lab_failure","median over sensors","3_lab_tests/03_failure_modes.R"
"lab_13dec_wetptfe_covered_bias_vs_dry",18.699,"lab_failure","median over sensors","3_lab_tests/03_failure_modes.R"
"lab_13dec_wetptfe_covered_scatter_vs_dry",18.389,"lab_failure","median over sensors","3_lab_tests/03_failure_modes.R"
"lab_13dec_wetptfe_covered_spike_pct",8.1076,"lab_failure","median over sensors","3_lab_tests/03_failure_modes.R"
"lab_13dec_wetptfe_uncovered_err_pct",0,"lab_failure","median over sensors","3_lab_tests/03_failure_modes.R"
"lab_13dec_wetptfe_uncovered_max_gap_s",7,"lab_failure","median over sensors","3_lab_tests/03_failure_modes.R"
"lab_13dec_wetptfe_uncovered_refit_tau",15,"lab_failure","median over sensors","3_lab_tests/03_failure_modes.R"
"lab_13dec_wetptfe_uncovered_refit_b",1.0092,"lab_failure","median over sensors","3_lab_tests/03_failure_modes.R"
"lab_13dec_wetptfe_uncovered_bias_vs_dry",8.5314,"lab_failure","median over sensors","3_lab_tests/03_failure_modes.R"
"lab_13dec_wetptfe_uncovered_scatter_vs_dry",10.78,"lab_failure","median over sensors","3_lab_tests/03_failure_modes.R"
"lab_13dec_wetptfe_uncovered_spike_pct",8.3333,"lab_failure","median over sensors","3_lab_tests/03_failure_modes.R"
"lab_13dec_wetbracket_covered_err_pct",5.0661,"lab_failure","median over sensors","3_lab_tests/03_failure_modes.R"
"lab_13dec_wetbracket_covered_max_gap_s",19.5,"lab_failure","median over sensors","3_lab_tests/03_failure_modes.R"
"lab_13dec_wetbracket_covered_refit_tau",7.5,"lab_failure","median over sensors","3_lab_tests/03_failure_modes.R"
"lab_13dec_wetbracket_covered_refit_b",1.0037,"lab_failure","median over sensors","3_lab_tests/03_failure_modes.R"
"lab_13dec_wetbracket_covered_bias_vs_dry",20.079,"lab_failure","median over sensors","3_lab_tests/03_failure_modes.R"
"lab_13dec_wetbracket_covered_scatter_vs_dry",20.016,"lab_failure","median over sensors","3_lab_tests/03_failure_modes.R"
"lab_13dec_wetbracket_covered_spike_pct",6.2055,"lab_failure","median over sensors","3_lab_tests/03_failure_modes.R"
"lab_13dec_wetbracket_uncovered_err_pct",0,"lab_failure","median over sensors","3_lab_tests/03_failure_modes.R"
"lab_13dec_wetbracket_uncovered_max_gap_s",7,"lab_failure","median over sensors","3_lab_tests/03_failure_modes.R"
"lab_13dec_wetbracket_uncovered_refit_tau",15,"lab_failure","median over sensors","3_lab_tests/03_failure_modes.R"
"lab_13dec_wetbracket_uncovered_refit_b",1.0165,"lab_failure","median over sensors","3_lab_tests/03_failure_modes.R"
"lab_13dec_wetbracket_uncovered_bias_vs_dry",6.8901,"lab_failure","median over sensors","3_lab_tests/03_failure_modes.R"
"lab_13dec_wetbracket_uncovered_scatter_vs_dry",15.066,"lab_failure","median over sensors","3_lab_tests/03_failure_modes.R"
"lab_13dec_wetbracket_uncovered_spike_pct",0,"lab_failure","median over sensors","3_lab_tests/03_failure_modes.R"
"lab_22sep_coveredsensorwetted_covered_err_pct",1.2579,"lab_failure","median over sensors","3_lab_tests/03_failure_modes.R"
"lab_22sep_coveredsensorwetted_covered_max_gap_s",13,"lab_failure","median over sensors","3_lab_tests/03_failure_modes.R"
"lab_22sep_coveredsensorwetted_covered_refit_tau",20,"lab_failure","median over sensors","3_lab_tests/03_failure_modes.R"
"lab_22sep_coveredsensorwetted_covered_refit_b",1.3291,"lab_failure","median over sensors","3_lab_tests/03_failure_modes.R"
"lab_22sep_coveredsensorwetted_covered_bias_vs_dry",30.191,"lab_failure","median over sensors","3_lab_tests/03_failure_modes.R"
"lab_22sep_coveredsensorwetted_covered_scatter_vs_dry",58.494,"lab_failure","median over sensors","3_lab_tests/03_failure_modes.R"
"lab_22sep_coveredsensorwetted_covered_spike_pct",27.389,"lab_failure","median over sensors","3_lab_tests/03_failure_modes.R"
"lab_22sep_coveredsensorwetted_uncovered_err_pct",1.2579,"lab_failure","median over sensors","3_lab_tests/03_failure_modes.R"
"lab_22sep_coveredsensorwetted_uncovered_max_gap_s",13,"lab_failure","median over sensors","3_lab_tests/03_failure_modes.R"
"lab_22sep_coveredsensorwetted_uncovered_refit_tau",15,"lab_failure","median over sensors","3_lab_tests/03_failure_modes.R"
"lab_22sep_coveredsensorwetted_uncovered_refit_b",1.0538,"lab_failure","median over sensors","3_lab_tests/03_failure_modes.R"
"lab_22sep_coveredsensorwetted_uncovered_bias_vs_dry",-12.13,"lab_failure","median over sensors","3_lab_tests/03_failure_modes.R"
"lab_22sep_coveredsensorwetted_uncovered_scatter_vs_dry",15.1,"lab_failure","median over sensors","3_lab_tests/03_failure_modes.R"
"lab_22sep_coveredsensorwetted_uncovered_spike_pct",2.5478,"lab_failure","median over sensors","3_lab_tests/03_failure_modes.R"
"lab_22sep_dry_covered_err_pct",1.4331,"lab_failure","median over sensors","3_lab_tests/03_failure_modes.R"
"lab_22sep_dry_covered_max_gap_s",13,"lab_failure","median over sensors","3_lab_tests/03_failure_modes.R"
"lab_22sep_dry_covered_refit_tau",50,"lab_failure","median over sensors","3_lab_tests/03_failure_modes.R"
"lab_22sep_dry_covered_refit_b",0.99508,"lab_failure","median over sensors","3_lab_tests/03_failure_modes.R"
"lab_22sep_dry_covered_bias_vs_dry",0.56543,"lab_failure","median over sensors","3_lab_tests/03_failure_modes.R"
"lab_22sep_dry_covered_scatter_vs_dry",10.725,"lab_failure","median over sensors","3_lab_tests/03_failure_modes.R"
"lab_22sep_dry_covered_spike_pct",0.68659,"lab_failure","median over sensors","3_lab_tests/03_failure_modes.R"
"lab_22sep_dry_uncovered_err_pct",1.3933,"lab_failure","median over sensors","3_lab_tests/03_failure_modes.R"
"lab_22sep_dry_uncovered_max_gap_s",14,"lab_failure","median over sensors","3_lab_tests/03_failure_modes.R"
"lab_22sep_dry_uncovered_refit_tau",30,"lab_failure","median over sensors","3_lab_tests/03_failure_modes.R"
"lab_22sep_dry_uncovered_refit_b",0.99752,"lab_failure","median over sensors","3_lab_tests/03_failure_modes.R"
"lab_22sep_dry_uncovered_bias_vs_dry",0.30638,"lab_failure","median over sensors","3_lab_tests/03_failure_modes.R"
"lab_22sep_dry_uncovered_scatter_vs_dry",6.7984,"lab_failure","median over sensors","3_lab_tests/03_failure_modes.R"
"lab_22sep_dry_uncovered_spike_pct",0.32297,"lab_failure","median over sensors","3_lab_tests/03_failure_modes.R"
"lab_ramp_13dec_barek30ssprayed_uncovered",0.93498,"lab_failure","K30/LGR slope, n ramps = 3","3_lab_tests/03_failure_modes.R"
"lab_ramp_relunc_13dec_barek30ssprayed_uncovered",NA,"lab_failure","covered/uncovered slope, same ramps","3_lab_tests/03_failure_modes.R"
"lab_ramp_13dec_dry_covered",0.88793,"lab_failure","K30/LGR slope, n ramps = 11","3_lab_tests/03_failure_modes.R"
"lab_ramp_relunc_13dec_dry_covered",0.93381,"lab_failure","covered/uncovered slope, same ramps","3_lab_tests/03_failure_modes.R"
"lab_ramp_13dec_dry_uncovered",0.96622,"lab_failure","K30/LGR slope, n ramps = 11","3_lab_tests/03_failure_modes.R"
"lab_ramp_relunc_13dec_dry_uncovered",NA,"lab_failure","covered/uncovered slope, same ramps","3_lab_tests/03_failure_modes.R"
"lab_ramp_13dec_drybracket_covered",0.95492,"lab_failure","K30/LGR slope, n ramps = 5","3_lab_tests/03_failure_modes.R"
"lab_ramp_relunc_13dec_drybracket_covered",0.98024,"lab_failure","covered/uncovered slope, same ramps","3_lab_tests/03_failure_modes.R"
"lab_ramp_13dec_drybracket_uncovered",0.93973,"lab_failure","K30/LGR slope, n ramps = 5","3_lab_tests/03_failure_modes.R"
"lab_ramp_relunc_13dec_drybracket_uncovered",NA,"lab_failure","covered/uncovered slope, same ramps","3_lab_tests/03_failure_modes.R"
"lab_ramp_13dec_wetptfe_covered",0.76842,"lab_failure","K30/LGR slope, n ramps = 4","3_lab_tests/03_failure_modes.R"
"lab_ramp_relunc_13dec_wetptfe_covered",0.8482,"lab_failure","covered/uncovered slope, same ramps","3_lab_tests/03_failure_modes.R"
"lab_ramp_13dec_wetptfe_uncovered",0.8578,"lab_failure","K30/LGR slope, n ramps = 4","3_lab_tests/03_failure_modes.R"
"lab_ramp_relunc_13dec_wetptfe_uncovered",NA,"lab_failure","covered/uncovered slope, same ramps","3_lab_tests/03_failure_modes.R"
"lab_ramp_13dec_wetbracket_covered",0.98536,"lab_failure","K30/LGR slope, n ramps = 7","3_lab_tests/03_failure_modes.R"
"lab_ramp_relunc_13dec_wetbracket_covered",0.98762,"lab_failure","covered/uncovered slope, same ramps","3_lab_tests/03_failure_modes.R"
"lab_ramp_13dec_wetbracket_uncovered",0.98751,"lab_failure","K30/LGR slope, n ramps = 7","3_lab_tests/03_failure_modes.R"
"lab_ramp_relunc_13dec_wetbracket_uncovered",NA,"lab_failure","covered/uncovered slope, same ramps","3_lab_tests/03_failure_modes.R"
"lab_ramp_22sep_coveredsensorwetted_covered",0.7088,"lab_failure","K30/LGR slope, n ramps = 5","3_lab_tests/03_failure_modes.R"
"lab_ramp_relunc_22sep_coveredsensorwetted_covered",1.1536,"lab_failure","covered/uncovered slope, same ramps","3_lab_tests/03_failure_modes.R"
"lab_ramp_22sep_coveredsensorwetted_uncovered",0.59811,"lab_failure","K30/LGR slope, n ramps = 5","3_lab_tests/03_failure_modes.R"
"lab_ramp_relunc_22sep_coveredsensorwetted_uncovered",NA,"lab_failure","covered/uncovered slope, same ramps","3_lab_tests/03_failure_modes.R"
"lab_ramp_22sep_dry_covered",0.33576,"lab_failure","K30/LGR slope, n ramps = 12","3_lab_tests/03_failure_modes.R"
"lab_ramp_relunc_22sep_dry_covered",0.8696,"lab_failure","covered/uncovered slope, same ramps","3_lab_tests/03_failure_modes.R"
"lab_ramp_22sep_dry_uncovered",0.44096,"lab_failure","K30/LGR slope, n ramps = 12","3_lab_tests/03_failure_modes.R"
"lab_ramp_relunc_22sep_dry_uncovered",NA,"lab_failure","covered/uncovered slope, same ramps","3_lab_tests/03_failure_modes.R"
