"unit","hour_of_obs","lm57","wet","lid_fail","lm56","t0","rise","rh","ratio"
"100","2023-10-02T16:00:00Z",4.23041899347946,FALSE,FALSE,3.97904799642708,78,231,96.4697916666667,0.940580118082906
"100","2023-10-02T17:00:00Z",3.99278197968626,FALSE,FALSE,3.89928320539029,60,250,93.6879591836735,0.976583050421571
"100","2023-10-02T18:00:00Z",4.02957004583638,FALSE,FALSE,4.0456564041883,60,245,79.955,1.00399207810484
"100","2023-10-02T19:00:00Z",2.89022760910325,FALSE,FALSE,3.54229561237274,0,276,74.5836170212766,1.22561129829903
"100","2023-10-02T20:00:00Z",4.56679163307418,FALSE,FALSE,4.3788252036544,72,264,77.6482608695652,0.958840594333566
"100","2023-10-02T21:00:00Z",5.11228866726488,FALSE,FALSE,4.56894974390735,90,270,77.3139583333333,0.893719044693887
"100","2023-10-02T22:00:00Z",4.49317915396673,FALSE,FALSE,5.22122867308564,30,344,80.8648936170213,1.16203438460186
"100","2023-10-02T23:00:00Z",3.86648678707476,FALSE,FALSE,4.33930386185484,30,289,85.2141666666667,1.12228596677497
"100","2023-10-03T00:00:00Z",3.49826766869012,FALSE,FALSE,3.99419250944343,42,253,86.4789361702128,1.14176297748508
"100","2023-10-03T01:00:00Z",3.50989179759387,FALSE,FALSE,3.81037210348785,42,251,87.6912244897959,1.08560956383327
"100","2023-10-03T02:00:00Z",3.86887179279337,FALSE,FALSE,3.96151424554976,60,224,88.19,1.02394559905783
"100","2023-10-03T03:00:00Z",3.82005883795333,FALSE,FALSE,3.7980529378148,60,226,87.2514285714286,0.994239381885981
"100","2023-10-03T04:00:00Z",3.97736414928549,FALSE,FALSE,4.07492134593101,72,222,87.7739583333333,1.02452810277959
"100","2023-10-03T18:00:00Z",4.53496538467118,FALSE,FALSE,4.16668872462978,90,241,73.8266666666667,0.918791737355652
"100","2023-10-03T19:00:00Z",4.2084227554965,FALSE,FALSE,4.09823073996952,72,249,75.7623913043478,0.973816315059351
"100","2023-10-03T20:00:00Z",5.08351422181491,FALSE,FALSE,4.58039848267818,90,297,79.11375,0.901029933785233
"100","2023-10-03T21:00:00Z",5.27836256535201,FALSE,FALSE,4.79780093209288,90,289,82.405,0.908956304666601
"100","2023-10-03T22:00:00Z",5.71523124039831,FALSE,FALSE,5.49149943049465,72,343,86.439375,0.960853410738274
"100","2023-10-03T23:00:00Z",5.90593055946828,FALSE,FALSE,5.70298567536945,78,336,89.5389795918367,0.965637102899311
"100","2023-10-04T00:00:00Z",6.12685582162842,FALSE,FALSE,5.88725934359287,78,351,90.8804081632653,0.96089405642781
"100","2023-10-04T01:00:00Z",6.19329235918577,FALSE,FALSE,5.76617526644575,90,334,93.2252083333333,0.93103553522602
"100","2023-10-04T02:00:00Z",6.17622737638645,FALSE,FALSE,5.73934569455149,90,333,94.038085106383,0.929263989939021
"100","2023-10-04T03:00:00Z",6.01809849197841,FALSE,FALSE,5.79195040121233,84,330,95.0997959183673,0.962422002387047
"100","2023-10-04T04:00:00Z",5.66467626255694,FALSE,FALSE,5.58884915831219,66,337,95.8051020408163,0.986614044522551
"100","2023-10-04T05:00:00Z",5.95550728064134,FALSE,FALSE,5.54034044129066,96,311,96.4561224489796,0.930288585037886
"100","2023-10-04T06:00:00Z",5.78916968036339,FALSE,FALSE,5.61634511297448,78,327,96.3426530612245,0.970146916236516
"100","2023-10-04T07:00:00Z",5.9734607739476,FALSE,FALSE,5.52804566814409,90,311,95.7312244897959,0.925434329836713
"100","2023-10-04T08:00:00Z",5.40050560760844,FALSE,FALSE,5.63679366153567,48,351,94.9870833333333,1.04375295038937
"100","2023-10-04T09:00:00Z",5.33374249627132,FALSE,FALSE,5.61319369900001,60,339,95.9159183673469,1.05239308101658
"100","2023-10-04T10:00:00Z",5.18449791401717,FALSE,FALSE,4.85856385666757,90,271,96.8614583333333,0.93713295621773
"100","2023-10-04T11:00:00Z",5.22047761759731,FALSE,FALSE,5.31602608757069,54,333,96.816875,1.01830262994545
"100","2023-10-04T12:00:00Z",5.78035329367479,FALSE,FALSE,5.21434867633315,90,306,96.9204081632653,0.902081310849806
"100","2023-10-04T13:00:00Z",5.50836575160956,FALSE,FALSE,4.93264011701246,78,303,96.4222448979592,0.895481589175725
"100","2023-10-04T14:00:00Z",5.05535151711277,FALSE,FALSE,5.18174914769542,6,394,92.685306122449,1.02500273821806
"100","2023-10-04T15:00:00Z",4.29146944300286,FALSE,FALSE,4.4249942668926,60,277,83.2702040816327,1.03111401016905
"100","2023-10-04T16:00:00Z",3.89013799229103,FALSE,FALSE,4.14373582015614,54,263,75.406170212766,1.0651899311458
"100","2023-10-04T17:00:00Z",3.8966838288686,FALSE,FALSE,4.01058316291093,48,278,73.5035416666667,1.029229811564
"100","2023-10-04T18:00:00Z",4.54882491735999,FALSE,FALSE,4.70579534288437,48,319,70.583829787234,1.03450790662998
"100","2023-10-04T19:00:00Z",5.21293759950597,FALSE,FALSE,5.71803107408229,36,390,72.2114893617021,1.09689229248096
"100","2023-10-04T20:00:00Z",6.20290256075186,FALSE,FALSE,5.98857054165986,66,389,74.724693877551,0.965446495895622
"100","2023-10-04T21:00:00Z",6.52158532208275,FALSE,FALSE,6.21385342822127,72,394,79.9469387755102,0.952813330093303
"100","2023-10-04T22:00:00Z",6.23352457154412,FALSE,FALSE,6.63656862715276,54,406,84.2012244897959,1.06465749047474
"100","2023-10-04T23:00:00Z",5.82830474645043,FALSE,FALSE,6.60308810830742,30,442,88.2248979591837,1.13293460029331
"100","2023-10-05T00:00:00Z",6.44396918386918,FALSE,FALSE,6.81069885073429,54,415,90.6589795918367,1.05691052461628
"100","2023-10-05T01:00:00Z",6.08344335797775,FALSE,FALSE,6.69746138879745,48,417,91.1160416666667,1.10093264532733
"100","2023-10-05T02:00:00Z",6.60459376801855,FALSE,FALSE,6.77625010310971,54,418,92.0608163265306,1.02599044560808
"100","2023-10-05T03:00:00Z",6.62959800072353,FALSE,FALSE,6.75078591459685,36,449,93.3881632653061,1.01827982840892
"100","2023-10-05T04:00:00Z",6.89265862814335,FALSE,FALSE,7.00768432901696,66,408,94.3728571428571,1.01668814706766
"100","2023-10-05T05:00:00Z",6.36364860052953,FALSE,FALSE,6.62060331303302,66,385,94.590612244898,1.04037852003363
"100","2023-10-05T06:00:00Z",5.48536627244855,FALSE,FALSE,6.15920439729331,36,396,94.6069387755102,1.12284286798299
"100","2023-10-05T07:00:00Z",5.37934621040037,FALSE,FALSE,5.93344777816465,42,366,95.0860416666667,1.10300537390454
"100","2023-10-05T08:00:00Z",5.22014922335329,FALSE,FALSE,5.8017631768366,54,352,94.7742857142857,1.11141711253796
"100","2023-10-05T09:00:00Z",5.9655631680777,FALSE,FALSE,6.04548032023013,30,399,95.4832653061224,1.01339641369989
"100","2023-10-05T10:00:00Z",6.71417565133424,FALSE,FALSE,6.40824597243593,78,371,95.2469387755102,0.954435258357068
"100","2023-10-05T11:00:00Z",5.7710758128798,FALSE,FALSE,4.97876753762879,108,274,96.8820408163265,0.862710471852969
"100","2023-10-05T12:00:00Z",5.90717641646313,FALSE,FALSE,5.22318245000652,102,292,97.4371428571429,0.884209659872298
"100","2023-10-05T13:00:00Z",5.43901582754518,FALSE,FALSE,5.11751597313215,90,285,96.7128571428571,0.94089006823903
"100","2023-10-05T14:00:00Z",3.39657968135825,FALSE,FALSE,4.03464339040768,24,284,90.8389583333333,1.18785477418692
"100","2023-10-05T15:00:00Z",3.82525731133669,FALSE,FALSE,3.46192950008003,84,210,78.6363829787234,0.905018726405702
"100","2023-10-05T16:00:00Z",3.92052631235549,FALSE,FALSE,4.08508701908071,60,250,67.4952083333333,1.04197413653535
"100","2023-10-05T17:00:00Z",4.30102826525793,FALSE,FALSE,4.51402225201921,54,292,65.0714893617021,1.04952164311073
"100","2023-10-05T18:00:00Z",4.78477230560323,FALSE,FALSE,4.46172804448241,72,282,60.88,0.93248492498953
"100","2023-10-05T19:00:00Z",4.05409591877774,FALSE,FALSE,4.49015869474012,42,303,61.3904081632653,1.10756104066079
"100","2023-10-05T20:00:00Z",4.67689659279565,FALSE,FALSE,4.75623907411315,42,330,63.6689583333333,1.01696477134853
"100","2023-10-05T21:00:00Z",5.68740094556442,FALSE,FALSE,5.23866199802047,84,327,66.8041666666667,0.921099470243273
"100","2023-10-05T22:00:00Z",4.02493506277486,FALSE,FALSE,5.0333829595092,30,342,70.5291489361702,1.25055010354356
"100","2023-10-05T23:00:00Z",4.50936294353443,FALSE,FALSE,5.50449704254215,36,348,78.23625,1.22068174850165
"100","2023-10-06T00:00:00Z",3.24617477211551,FALSE,FALSE,4.19990241783409,12,311,74.3485714285714,1.29380046136488
"100","2023-10-06T01:00:00Z",3.58648107667981,FALSE,FALSE,4.49817567885203,18,323,77.2957142857143,1.25420309843548
"100","2023-10-06T02:00:00Z",3.59601373110299,FALSE,FALSE,4.55494356917405,18,335,84.3902083333333,1.26666467643796
"100","2023-10-06T03:00:00Z",3.47222873337653,FALSE,FALSE,4.43323501270897,24,310,87.7866666666667,1.27676928944653
"100","2023-10-06T04:00:00Z",3.47010604255044,FALSE,FALSE,4.23089234677697,54,230,91.455,1.21924007361671
"100","2023-10-06T05:00:00Z",4.47341629763854,FALSE,FALSE,4.20569465909775,84,230,94.0016666666667,0.940152755583665
"100","2023-10-06T06:00:00Z",5.30100063498297,FALSE,FALSE,5.1953650434413,72,302,93.768085106383,0.980072518602517
"100","2023-10-06T07:00:00Z",4.74990569047356,FALSE,FALSE,4.83488661484862,78,265,94.83375,1.01789107614189
"100","2023-10-06T08:00:00Z",4.12329457682275,FALSE,FALSE,4.46257016304118,54,271,94.6231914893617,1.08228264556346
"100","2023-10-06T09:00:00Z",4.49449745393033,FALSE,FALSE,4.63492799618751,66,263,94.946875,1.03124499317146
"100","2023-10-06T10:00:00Z",3.98946103666777,FALSE,FALSE,4.31820984135006,66,235,95.6254166666667,1.08240431518461
"100","2023-10-06T11:00:00Z",3.92438150820324,FALSE,FALSE,3.71246955618167,84,199,96.4318367346939,0.946001184752652
"100","2023-10-06T12:00:00Z",4.42037036355208,FALSE,FALSE,4.12706789874332,90,224,96.6804081632653,0.933647536136978
"100","2023-10-06T13:00:00Z",3.98960314804468,FALSE,FALSE,3.50873276993027,102,200,96.2197916666667,0.879469120042658
"100","2023-10-06T14:00:00Z",4.25187183870485,FALSE,FALSE,3.87428247540432,90,223,94.4587234042553,0.91119455674479
"100","2023-10-06T15:00:00Z",4.03099331441758,FALSE,FALSE,3.61814561663924,96,201,92.2745833333333,0.897581646612582
"100","2023-10-06T16:00:00Z",3.52554180993344,FALSE,FALSE,3.99582903193163,54,466,94.6079166666667,1.13339431138588
"100","2023-10-06T17:00:00Z",3.94915411425853,FALSE,FALSE,3.78460192496027,78,217,95.2929166666667,0.958332294831408
"100","2023-10-06T18:00:00Z",3.45746265234659,FALSE,FALSE,3.84120902498048,54,228,95.87,1.11099074992855
"100","2023-10-06T19:00:00Z",3.87933909111891,FALSE,FALSE,3.88134852696861,72,218,96.085306122449,1.00051798406958
"100","2023-10-06T20:00:00Z",3.73833595114802,FALSE,FALSE,3.64166549940833,66,218,95.5279591836735,0.974140780014701
"100","2023-10-06T21:00:00Z",4.27484590351304,FALSE,FALSE,4.21449003981908,78,240,95.5016666666667,0.985881160384201
"100","2023-10-06T22:00:00Z",3.49939819017229,FALSE,FALSE,3.70878370526881,60,219,96.1095744680851,1.05983472120565
"100","2023-10-06T23:00:00Z",4.21207587704021,FALSE,FALSE,4.38503994495257,72,251,96.6420408163265,1.04106385377699
"100","2023-10-07T00:00:00Z",4.22759080146187,FALSE,FALSE,4.19817105816905,78,230,97.1744897959184,0.993041014451386
"100","2023-10-07T01:00:00Z",3.98943982436842,FALSE,FALSE,3.62962136380647,102,190,97.5273469387755,0.909807272097678
"100","2023-10-07T02:00:00Z",3.89059787044573,FALSE,FALSE,3.7523610526495,84,200,97.2825,0.964469003891065
"100","2023-10-07T03:00:00Z",4.51244457614075,FALSE,FALSE,4.42205847119388,84,252,97.1428571428571,0.979969592219529
"100","2023-10-07T04:00:00Z",4.76509202185011,FALSE,FALSE,4.58422714470191,84,260,97.2512244897959,0.962043780829658
"100","2023-10-07T05:00:00Z",4.74685369575242,FALSE,FALSE,4.36014300782309,96,244,97.684693877551,0.918533261668594
"100","2023-10-07T06:00:00Z",4.22674161096307,FALSE,FALSE,3.79695220700575,102,212,98.1033333333333,0.898316612767963
"100","2023-10-07T07:00:00Z",4.08619548340008,FALSE,FALSE,4.14398043174526,72,241,98.2142857142857,1.0141415036505
"100","2023-10-07T08:00:00Z",4.24184360296909,FALSE,FALSE,4.0400672366763,90,219,98.1736734693878,0.952431917538979
"100","2023-10-07T09:00:00Z",3.17999000953323,FALSE,FALSE,2.88137211257015,102,161,98.3526530612245,0.906094705936857
"100","2023-10-07T10:00:00Z",3.96914703399581,FALSE,FALSE,3.48240226843242,108,189,98.4051020408163,0.877367917742926
"100","2023-10-07T11:00:00Z",3.11167113296451,FALSE,FALSE,2.76185253386502,114,152,98.6132653061224,0.887578544084054
"100","2023-10-07T12:00:00Z",2.76416041993912,FALSE,FALSE,2.41295012814313,114,132,98.7579591836735,0.872941422190062
"100","2023-10-07T17:00:00Z",3.64045305177483,FALSE,FALSE,3.67019295985433,72,210,98.3989583333333,1.00816928762891
"100","2023-10-07T18:00:00Z",3.03702354049892,FALSE,FALSE,3.79970297819069,36,238,95.0536734693878,1.25112727231824
"100","2023-10-07T19:00:00Z",2.72554879360754,FALSE,FALSE,3.74627529899198,12,283,90.9459183673469,1.37450311209927
"100","2023-10-07T20:00:00Z",2.8755588658366,FALSE,FALSE,3.73711943660494,18,267,93.8845833333333,1.2996150004106
"100","2023-10-07T21:00:00Z",4.522506816494,FALSE,FALSE,4.21160496860506,96,236,97.8832653061225,0.931254531943423
"100","2023-10-07T22:00:00Z",3.60809654835765,FALSE,FALSE,3.11664621304012,114,170,98.4641666666667,0.863792354575094
"100","2023-10-07T23:00:00Z",2.86326446365959,FALSE,FALSE,2.70727711279606,102,166,99.0172916666667,0.945521151523614
"100","2023-10-08T00:00:00Z",2.70828172518722,FALSE,FALSE,2.38127698821476,114,144,99.0436734693878,0.879257488638906
"100","2023-10-08T15:00:00Z",2.45440798151688,FALSE,FALSE,2.50858084350617,54,156,96.7974468085106,1.02207166143414
"100","2023-10-08T16:00:00Z",1.7785073574164,FALSE,FALSE,1.79624670995621,60,112,89.7297959183673,1.00997429246825
"100","2023-10-08T17:00:00Z",1.3424245213823,FALSE,FALSE,1.3332142914136,42,90,83.2904444444444,0.993139107769564
"100","2023-10-08T18:00:00Z",2.41100941496851,FALSE,FALSE,2.26101396388063,72,142,78.959375,0.937787281063007
"100","2023-10-08T19:00:00Z",2.43390119750875,FALSE,FALSE,2.40312888864466,54,152,77.965918367347,0.987356796202087
"100","2023-10-08T20:00:00Z",4.01488115564426,FALSE,FALSE,3.49684614637193,96,214,77.309387755102,0.870971271828541
"100","2023-10-08T21:00:00Z",3.64306956293249,FALSE,FALSE,3.19243761030685,96,192,76.6957142857143,0.876304323911152
"100","2023-10-08T22:00:00Z",3.79731728981431,FALSE,FALSE,3.69756578594995,72,222,81.8204081632653,0.973731058994747
"100","2023-10-08T23:00:00Z",3.40681422924832,FALSE,FALSE,3.35006098523118,66,199,84.3889583333333,0.983341256611559
"100","2023-10-09T00:00:00Z",3.52150500028417,FALSE,FALSE,3.41105486564046,66,200,85.1355102040816,0.968635530934982
"100","2023-10-09T01:00:00Z",3.42236269624943,FALSE,FALSE,3.32361795936383,72,196,85.8661224489796,0.971147202780752
"100","2023-10-09T02:00:00Z",3.5604029841929,FALSE,FALSE,3.37688862262329,60,210,87.2610416666667,0.948456856601808
"100","2023-10-09T03:00:00Z",3.2036899383035,FALSE,FALSE,3.14721185558886,66,174,88.4557142857143,0.9823709273362
"100","2023-10-09T04:00:00Z",2.83651298957543,FALSE,FALSE,2.83805236457259,48,178,89.68,1.00054269978767
"100","2023-10-09T05:00:00Z",2.94556427318839,FALSE,FALSE,2.85018277942921,48,179,90.6840816326531,0.967618600406254
"100","2023-10-09T06:00:00Z",2.76031365851878,FALSE,FALSE,3.22756557569374,78,385,92.344693877551,1.16927493574252
"100","2023-10-09T07:00:00Z",2.77195313093119,FALSE,FALSE,2.731091542366,48,174,92.5575510204082,0.985258917941565
"100","2023-10-09T08:00:00Z",2.70606010258222,FALSE,FALSE,2.6476722645237,60,163,93.609387755102,0.978423303309929
"100","2023-10-09T09:00:00Z",2.51618374867494,FALSE,FALSE,2.49292041942566,42,162,94.3014285714286,0.990754518917176
"100","2023-10-09T10:00:00Z",2.40741075979929,FALSE,FALSE,2.40618942838701,54,150,94.87,0.999492678427514
"100","2023-10-09T11:00:00Z",2.27370096687599,FALSE,FALSE,2.34763054627177,54,138,95.708125,1.03251508464517
"100","2023-10-09T12:00:00Z",1.70122479978273,FALSE,FALSE,1.8947796143098,24,129,95.2312244897959,1.11377380258728
"100","2023-10-09T13:00:00Z",2.2382300839674,FALSE,FALSE,2.26397652451856,72,128,95.9170833333333,1.01150303569574
"100","2023-10-09T14:00:00Z",1.50714898832349,FALSE,FALSE,1.52111039504923,54,97,86.7652083333333,1.00926345492974
"100","2023-10-09T15:00:00Z",2.50899242362773,FALSE,FALSE,2.26461502276232,90,131,80.235625,0.902599386684449
"100","2023-10-09T16:00:00Z",2.19147153557029,FALSE,FALSE,2.00115247381666,84,118,75.5591666666667,0.913154673166172
"100","2023-10-09T17:00:00Z",0.810289237130878,FALSE,FALSE,0.848869098007428,24,58,71.2867391304348,1.04761245627939
"100","2023-10-09T18:00:00Z",3.61380223341778,FALSE,FALSE,3.0471805753575,108,179,69.6732653061224,0.843206235022885
"100","2023-10-09T19:00:00Z",2.19754103588454,FALSE,FALSE,2.23676006377134,48,145,68.895306122449,1.01784677839748
"100","2023-10-09T20:00:00Z",2.25980246315565,FALSE,FALSE,2.40736612376119,42,153,69.4677551020408,1.06529936267061
"100","2023-10-09T21:00:00Z",3.14448222740047,FALSE,FALSE,3.23309569711495,60,195,70.0757142857143,1.02818062348781
"100","2023-10-09T22:00:00Z",2.88716471501533,FALSE,FALSE,3.31521798558375,54,200,72.9614285714286,1.14826077235644
"100","2023-10-09T23:00:00Z",2.67619242455315,FALSE,FALSE,2.72854505373419,12,199,76.900612244898,1.01956235609246
"100","2023-10-10T00:00:00Z",2.86543744709272,FALSE,FALSE,2.82282289862703,60,173,80.0359183673469,0.985128082796249
"100","2023-10-10T01:00:00Z",3.29281357755461,FALSE,FALSE,3.15794159203549,72,195,78.8404166666667,0.959040503708294
"100","2023-10-10T02:00:00Z",2.87106253462807,FALSE,FALSE,2.8843144751485,48,188,78.56125,1.0046156920515
"100","2023-10-10T03:00:00Z",2.7617327341426,FALSE,FALSE,2.76461756727047,42,178,81.4314583333333,1.00104457360852
"100","2023-10-10T04:00:00Z",2.5215630930491,FALSE,FALSE,2.57360402719584,42,168,85.4841666666667,1.020638362883
"100","2023-10-10T05:00:00Z",2.51133554882112,FALSE,FALSE,2.46501598340337,48,158,87.6555102040816,0.981555803867193
"100","2023-10-10T06:00:00Z",2.11384222442127,FALSE,FALSE,2.23003076771592,42,145,87.6514285714286,1.05496557025511
"100","2023-10-10T07:00:00Z",1.99345111403437,FALSE,FALSE,2.04620404919297,36,134,90.1155102040816,1.02646311955543
"100","2023-10-10T08:00:00Z",1.76356527630945,FALSE,FALSE,1.84954347131184,24,125,90.6878723404255,1.04875248801809
"100","2023-10-10T09:00:00Z",2.13246310536737,FALSE,FALSE,2.12891530051939,36,138,92.5014583333333,0.998336287817098
"100","2023-10-10T10:00:00Z",2.21012472525481,FALSE,FALSE,2.22252691137573,60,130,93.8279166666667,1.00561153222676
"100","2023-10-10T11:00:00Z",1.99413670074665,FALSE,FALSE,2.10702906999405,30,148,93.1985714285714,1.05661215161686
"100","2023-10-10T12:00:00Z",1.8729880895151,FALSE,FALSE,1.94533094467687,30,128,93.4972916666667,1.03862430069189
"100","2023-10-10T13:00:00Z",2.40256179210024,FALSE,FALSE,2.08591117068954,102,121,87.895625,0.868202923041619
"100","2023-10-10T14:00:00Z",2.4185567992868,FALSE,FALSE,2.30820672447449,66,142,83.8569387755102,0.95437358558424
"100","2023-10-10T15:00:00Z",1.40716769787287,FALSE,FALSE,1.30255505037443,54,87,82.0208333333333,0.925657298944129
"100","2023-10-10T16:00:00Z",2.01816730394761,FALSE,FALSE,1.93694727177099,72,111,80.7477083333333,0.95975555048496
"100","2023-10-10T17:00:00Z",0.804302462857996,FALSE,FALSE,1.0127879338559,6,80,74.9547916666667,1.25921277209207
"100","2023-10-10T18:00:00Z",2.34815787525733,FALSE,FALSE,2.3739044920229,48,152,71.0821276595745,1.01096460209804
"100","2023-10-10T19:00:00Z",3.129072318601,FALSE,FALSE,3.53223937545084,60,202,74.8172916666667,1.12884555414497
"100","2023-10-10T20:00:00Z",2.98291264657578,FALSE,FALSE,2.75936845962248,84,167,77.0689795918367,0.925058419927276
"100","2023-10-10T21:00:00Z",3.36341800822541,FALSE,FALSE,3.58180216789763,54,214,74.3177551020408,1.06492923542009
"100","2023-10-10T22:00:00Z",2.70384873542567,FALSE,FALSE,3.39734046977715,36,221,76.0004081632653,1.25648318460474
"100","2023-10-10T23:00:00Z",3.20597640895697,FALSE,FALSE,3.24554792203187,30,214,82.659387755102,1.01234304562078
"100","2023-10-11T00:00:00Z",2.58772655724218,FALSE,FALSE,2.7584649285112,30,187,86.4458333333333,1.06598006686262
"100","2023-10-11T01:00:00Z",2.53518650475563,FALSE,FALSE,2.62901980452636,42,168,89.23,1.03701238531947
"100","2023-10-11T02:00:00Z",2.46481015930031,FALSE,FALSE,2.50413022205372,36,167,90.1283673469388,1.01595257249531
"100","2023-10-11T03:00:00Z",2.55141334125744,FALSE,FALSE,2.54620527954263,48,161,91.5587234042553,0.997958754220417
"100","2023-10-11T04:00:00Z",2.49788364095252,FALSE,FALSE,2.48353049189401,48,161,92.2327659574468,0.994253876032018
"100","2023-10-11T05:00:00Z",2.09817182788073,FALSE,FALSE,2.22762371217985,30,146,93.0155319148936,1.06169746565984
"100","2023-10-11T06:00:00Z",1.93984476262298,FALSE,FALSE,2.09193360728146,36,135,93.733125,1.078402585397
"100","2023-10-11T07:00:00Z",2.30882728109389,FALSE,FALSE,2.33388119338248,54,143,95.315625,1.01085135839036
"100","2023-10-11T08:00:00Z",2.56231970735497,FALSE,FALSE,2.51486676323585,60,152,94.8204081632653,0.981480474906037
"100","2023-10-11T09:00:00Z",2.32438797677516,FALSE,FALSE,2.49485352558425,36,161,94.2925,1.07333782075641
"100","2023-10-11T10:00:00Z",2.48299325750115,FALSE,FALSE,2.52166228951258,36,167,94.245306122449,1.01557355498031
"100","2023-10-11T11:00:00Z",2.85357012694646,FALSE,FALSE,2.86196829814074,48,180,94.888125,1.00294304005883
"100","2023-10-11T12:00:00Z",3.46450942093928,FALSE,FALSE,3.18817999998706,90,185,95.3734042553191,0.92023995683715
"100","2023-10-11T13:00:00Z",3.31169347044484,FALSE,FALSE,2.93390823461699,78,188,94.2845833333333,0.885923851588504
"100","2023-10-11T14:00:00Z",3.82202866101114,FALSE,FALSE,3.63169660520393,60,224,89.9073469387755,0.950201300751926
"100","2023-10-11T15:00:00Z",2.58014499319136,FALSE,FALSE,2.31374308882837,90,141,83.458125,0.89674925050104
"100","2023-10-11T16:00:00Z",2.77144110573387,FALSE,FALSE,2.4878433807231,90,150,75.8736734693878,0.897671386765526
"100","2023-10-11T17:00:00Z",3.49098876415852,FALSE,FALSE,3.050670057368,102,176,73.069375,0.873869915792566
"100","2023-10-11T18:00:00Z",3.11337883766001,FALSE,FALSE,2.80576799746188,96,164,70.3402083333333,0.901197105704834
"100","2023-10-11T19:00:00Z",1.86193281895504,FALSE,FALSE,2.03729675094645,48,129,74.6351020408163,1.0941838127596
"100","2023-10-11T20:00:00Z",3.63669099220828,FALSE,FALSE,3.59356626131299,72,210,73.7370212765957,0.988141766515857
"100","2023-10-11T21:00:00Z",3.51882136990945,FALSE,FALSE,3.80008340406298,54,232,72.5063265306122,1.07993075083569
"100","2023-10-11T22:00:00Z",4.09791320070232,FALSE,FALSE,4.40951114331923,60,261,74.7597959183673,1.07603819977532
"100","2023-10-11T23:00:00Z",3.42801535222707,FALSE,FALSE,3.93079578645567,48,238,72.9097959183674,1.14666808125639
"100","2023-10-12T00:00:00Z",2.77656970171997,FALSE,FALSE,3.25714447824604,24,218,82.4774468085106,1.17308219427316
"100","2023-10-12T01:00:00Z",3.45703818425873,FALSE,FALSE,3.8405327034936,54,222,83.0204081632653,1.11093152542575
"100","2023-10-12T02:00:00Z",3.27498086536204,FALSE,FALSE,3.58694644626713,48,219,83.4071428571429,1.09525722247865
"100","2023-10-12T03:00:00Z",2.75337505578637,FALSE,FALSE,2.85773105483016,48,179,86.4135416666667,1.03790112023586
"100","2023-10-12T04:00:00Z",2.67496952609485,FALSE,FALSE,2.68210665480046,48,170,88.6745833333333,1.00266811589291
"100","2023-10-12T05:00:00Z",2.71026674522889,FALSE,FALSE,2.8118911923775,42,180,89.4317021276596,1.03749610525514
"100","2023-10-12T06:00:00Z",2.69686046818159,FALSE,FALSE,2.79933074325486,48,173,89.4517021276596,1.03799613524031
"100","2023-10-12T07:00:00Z",2.25667606749512,FALSE,FALSE,2.83662394355026,30,185,90.1471428571429,1.25699207981537
"100","2023-10-12T08:00:00Z",2.80839022759004,FALSE,FALSE,2.8351014139707,48,179,90.6393617021277,1.0095112089902
"100","2023-10-12T09:00:00Z",2.90994765309732,FALSE,FALSE,3.08592067442439,36,191,90.9675,1.06047291645943
"100","2023-10-12T10:00:00Z",2.61318433602429,FALSE,FALSE,2.7481232456261,42,176,91.5608333333333,1.05163773092529
"100","2023-10-12T11:00:00Z",2.49114315198023,FALSE,FALSE,2.49382688190601,24,176,92.350625,1.00107730859371
"100","2023-10-12T12:00:00Z",2.75457610189837,FALSE,FALSE,2.65443733927811,60,160,95.1387755102041,0.963646398242096
"100","2023-10-12T13:00:00Z",3.05709909521106,FALSE,FALSE,2.8024931894262,72,173,93.9195833333333,0.916716502195269
"100","2023-10-12T14:00:00Z",2.6554375316873,FALSE,FALSE,2.41978001128128,84,148,79.6224489795918,0.911254730117382
"100","2023-10-12T15:00:00Z",2.74975387522618,FALSE,FALSE,2.51968415361921,90,152,71.7563265306122,0.916330794665015
"100","2023-10-12T16:00:00Z",3.40558240298269,FALSE,FALSE,3.33866845087419,72,189,65.0959183673469,0.980351686087555
"100","2023-10-12T17:00:00Z",1.75882801943019,FALSE,FALSE,1.66817512099783,60,107,66.5144897959184,0.94845834986088
"100","2023-10-12T18:00:00Z",2.22005196643335,FALSE,FALSE,2.01026533096371,78,127,64.6597959183674,0.905503727551624
"100","2023-10-12T19:00:00Z",2.79579853448469,FALSE,FALSE,2.5593804291194,72,170,68.1102040816327,0.915438075222802
"100","2023-10-12T20:00:00Z",4.01139079527455,FALSE,FALSE,3.57053867779661,96,210,69.5136734693878,0.890099932921703
"100","2023-10-12T21:00:00Z",2.5546121678381,FALSE,FALSE,3.39061105891261,12,245,71.2302040816326,1.32725080605171
"100","2023-10-12T22:00:00Z",2.79249529214363,FALSE,FALSE,3.40460500062204,24,242,77.709375,1.21919811653775
"100","2023-10-12T23:00:00Z",2.47846723327617,FALSE,FALSE,2.9595679502155,12,220,80.8633333333333,1.19411219582814
"100","2023-10-13T00:00:00Z",3.71929953855884,FALSE,FALSE,4.10833432037776,48,248,81.0685714285714,1.1045989379951
"100","2023-10-13T01:00:00Z",2.71122538456123,FALSE,FALSE,3.33924067996307,24,224,79.9908163265306,1.23163522257427
"100","2023-10-13T02:00:00Z",2.59099851116667,FALSE,FALSE,3.07896877186796,24,208,83.4370833333333,1.1883328989184
"100","2023-10-13T03:00:00Z",2.69840734217916,FALSE,FALSE,2.76094155734713,30,186,87.9567346938776,1.02317449044497
"100","2023-10-13T04:00:00Z",2.56723667499012,FALSE,FALSE,2.62289977132957,24,177,90.1489361702128,1.02168210546449
"100","2023-10-13T05:00:00Z",1.88570027420686,FALSE,FALSE,2.31713645440687,30,156,90.8551063829787,1.22879361375788
"100","2023-10-13T06:00:00Z",2.12736083006632,FALSE,FALSE,2.54581685567745,30,164,90.303125,1.19670195093236
"100","2023-10-13T07:00:00Z",2.06513000906769,FALSE,FALSE,2.1858244677298,18,156,91.3195918367347,1.05844400019958
"100","2023-10-13T08:00:00Z",2.25375778822994,FALSE,FALSE,2.28835346862887,30,151,92.6336956521739,1.01535022111942
"100","2023-10-13T09:00:00Z",2.11114251697739,FALSE,FALSE,2.16145748344525,54,124,93.3725,1.02383305061749
"100","2023-10-13T10:00:00Z",1.72260971409782,FALSE,FALSE,1.81392903326096,24,125,90.7981632653061,1.05301219331099
"100","2023-10-13T12:00:00Z",2.19325865615026,FALSE,FALSE,2.16791449821786,54,132,93.29,0.988444519363308
"100","2023-10-13T13:00:00Z",2.56853863040243,FALSE,FALSE,2.50759753399346,72,144,90.8736956521739,0.97627401990858
"100","2023-10-13T14:00:00Z",2.73044003417738,FALSE,FALSE,2.47773394638391,96,139,81.4679166666667,0.907448585345106
"100","2023-10-13T15:00:00Z",1.96999448188442,FALSE,FALSE,1.75385287486978,96,106,72.4265306122449,0.890283140890887
"100","2023-10-13T16:00:00Z",1.99877317351855,FALSE,FALSE,1.87744138895055,66,118,65.0066666666667,0.939296871613292
"100","2023-10-13T17:00:00Z",2.19253484176174,FALSE,FALSE,1.93926068911442,84,123,66.9267346938775,0.884483408052114
"100","2023-10-13T18:00:00Z",2.16272630246137,FALSE,FALSE,2.25775433626201,48,139,64.414693877551,1.04393900129318
"100","2023-10-13T19:00:00Z",2.58287876844641,FALSE,FALSE,2.32393203298097,84,138,64.855918367347,0.899744913067991
"100","2023-10-13T20:00:00Z",2.69680315013061,FALSE,FALSE,2.59087579533202,78,145,70.2085416666667,0.960721139474545
"100","2023-10-13T21:00:00Z",2.91972594853481,FALSE,FALSE,2.87114249862481,72,163,68.7267346938775,0.983360270530053
"100","2023-10-13T22:00:00Z",2.27493526572529,FALSE,FALSE,2.76739981140303,12,195,73.3434693877551,1.21647409185541
"100","2023-10-13T23:00:00Z",2.76118950868858,FALSE,FALSE,2.83333325589176,48,178,80.5539583333333,1.02612777825505
"100","2023-10-14T00:00:00Z",2.50009003983957,FALSE,FALSE,2.5347186713657,36,168,85.1210204081633,1.01385095375539
"100","2023-10-14T01:00:00Z",1.9658872302006,FALSE,FALSE,2.10505471324198,30,141,86.9920408163265,1.07079118318866
"100","2023-10-14T02:00:00Z",1.85010368580061,FALSE,FALSE,2.31465954685566,12,172,82.8833333333333,1.25109720315703
"100","2023-10-14T03:00:00Z",2.21490272199902,FALSE,FALSE,2.21870669184334,36,147,88.5389795918367,1.00171744330193
"100","2023-10-14T04:00:00Z",2.34480698220481,FALSE,FALSE,2.31873402538621,42,149,88.9161224489796,0.98888055306195
"100","2023-10-14T05:00:00Z",2.25123476217403,FALSE,FALSE,2.25784882321169,48,142,91.1046808510638,1.00293797037465
"100","2023-10-14T06:00:00Z",2.2948890454353,FALSE,FALSE,2.25962286144895,48,141,90.633125,0.984632728080472
"100","2023-10-14T07:00:00Z",2.13950437577701,FALSE,FALSE,2.15779588103293,36,140,91.6675,1.00854941240738
"100","2023-10-14T08:00:00Z",2.21493187401533,FALSE,FALSE,2.23825642162301,66,129,92.6691489361702,1.01053059368612
"100","2023-10-14T09:00:00Z",2.12226122998813,FALSE,FALSE,2.09885579884466,48,136,93.4829787234043,0.988971465523307
"100","2023-10-14T10:00:00Z",2.21185343328328,FALSE,FALSE,2.19663097648726,54,135,92.8764583333333,0.993117782323659
"100","2023-10-14T11:00:00Z",2.2228877636995,FALSE,FALSE,2.1999540570728,48,140,93.516170212766,0.989682921917509
"100","2023-10-14T12:00:00Z",2.33104727825845,FALSE,FALSE,2.27978234789888,60,138,93.0775,0.978007768938144
"100","2023-10-14T13:00:00Z",2.96175120490296,FALSE,FALSE,2.64028982765363,90,151,89.5385106382979,0.891462396734345
"100","2023-10-14T14:00:00Z",2.19889399723513,FALSE,FALSE,1.9484723598873,90,118,82.153125,0.88611472964922
"100","2023-10-14T15:00:00Z",2.07424871048974,FALSE,FALSE,1.87743948894348,78,118,77.1471428571429,0.905117828662026
"100","2023-10-14T16:00:00Z",1.94198642542029,FALSE,FALSE,1.79758168130264,78,112,74.620625,0.925640703648892
"100","2023-10-14T17:00:00Z",2.76476296522993,FALSE,FALSE,2.52889558079988,78,152,74.2824489795918,0.914688026642302
"100","2023-10-14T18:00:00Z",2.65280822116135,FALSE,FALSE,2.37958595866658,84,150,75.3436734693878,0.897006402379451
"100","2023-10-14T19:00:00Z",3.07884775810897,FALSE,FALSE,2.83520474580045,84,170,74.7910416666667,0.920865521308478
"100","2023-10-14T20:00:00Z",2.64780170698908,FALSE,FALSE,3.01196519846411,42,186,73.1618367346939,1.13753427626917
"100","2023-10-14T21:00:00Z",2.590271453469,FALSE,FALSE,3.20264050609868,24,211,77.1520408163265,1.23641114980809
"100","2023-10-14T22:00:00Z",2.58630967204249,FALSE,FALSE,3.19054679558992,30,205,81.9283673469388,1.23362907005264
"100","2023-10-14T23:00:00Z",2.9055329665577,FALSE,FALSE,2.95470468293751,54,180,85.4281632653061,1.01692347563967
"100","2023-10-15T00:00:00Z",2.90628150972223,FALSE,FALSE,2.92299019999607,54,177,86.7866666666667,1.00574916442813
"100","2023-10-15T01:00:00Z",2.92769241686052,FALSE,FALSE,2.93473341276361,66,175,87.60875,1.00240496435436
"100","2023-10-15T02:00:00Z",2.74929209120736,FALSE,FALSE,2.80211029490814,42,182,88.3461224489796,1.01921156499511
"100","2023-10-15T03:00:00Z",2.5913063575024,FALSE,FALSE,2.71109007668908,54,166,88.7787234042553,1.04622522491016
"100","2023-10-15T04:00:00Z",2.10593636891324,FALSE,FALSE,2.46216035971724,42,156,87.8165306122449,1.16915230491405
"100","2023-10-15T05:00:00Z",2.26959936737709,FALSE,FALSE,2.37878112657029,36,161,86.7889795918367,1.04810618154136
"100","2023-10-15T06:00:00Z",2.2762716225627,FALSE,FALSE,2.37735626084169,30,161,87.9681632653061,1.04440798597014
"100","2023-10-15T07:00:00Z",2.5837624576481,FALSE,FALSE,2.55204439941744,66,154,89.5244897959184,0.987724081160492
"100","2023-10-15T08:00:00Z",2.20596330361035,FALSE,FALSE,2.3839369835363,48,150,88.7895918367347,1.08067844085832
"100","2023-10-15T09:00:00Z",2.34973433196648,FALSE,FALSE,2.45689570690335,60,141,91.0979166666667,1.04560574081887
"100","2023-10-15T10:00:00Z",2.04237783505576,FALSE,FALSE,2.17346475546744,48,135,91.0281632653061,1.06418348170533
"100","2023-10-15T11:00:00Z",1.69583239380547,FALSE,FALSE,1.99820401070519,54,116,91.5740816326531,1.17830277213964
"100","2023-10-15T12:00:00Z",1.78964085181799,FALSE,FALSE,1.91555317885154,54,115,91.2970833333333,1.07035619851081
"100","2023-10-15T13:00:00Z",2.24275025982144,FALSE,FALSE,2.13694481809568,78,119,90.3535416666667,0.952823351034105
"100","2023-10-15T14:00:00Z",2.40127738148996,FALSE,FALSE,2.07749849457613,96,125,85.3016666666667,0.865163895929035
"100","2023-10-15T15:00:00Z",1.87356192273206,FALSE,FALSE,1.62437535217229,96,102,80.935306122449,0.86699848692676
"100","2023-10-15T16:00:00Z",1.37632982170319,FALSE,FALSE,1.28654296844082,72,83,74.4038775510204,0.934763563321425
"100","2023-10-15T17:00:00Z",2.45311580112092,FALSE,FALSE,2.26198182504644,78,135,72.7765957446808,0.922085220768158
"100","2023-10-15T18:00:00Z",2.26978734663891,FALSE,FALSE,2.07934540947876,78,129,69.2561224489796,0.916097013474786
"100","2023-10-15T19:00:00Z",2.16167407861344,FALSE,FALSE,2.02299164146133,78,122,68.6985714285714,0.935844890529908
"100","2023-10-15T20:00:00Z",2.78337033044899,FALSE,FALSE,2.27556321986309,102,309,68.4154166666667,0.817556756630375
"100","2023-10-15T21:00:00Z",2.50346825743749,FALSE,FALSE,2.58907946215818,66,148,71.8479591836735,1.03419704023262
"100","2023-10-15T22:00:00Z",2.05596876588934,FALSE,FALSE,2.29406616818865,36,150,74.8375510204082,1.11580788884034
"100","2023-10-15T23:00:00Z",2.12532029407182,FALSE,FALSE,2.29598751596934,30,154,78.2712244897959,1.08030188314372
"100","2023-10-16T00:00:00Z",1.86889725552373,FALSE,FALSE,1.98301650448974,24,137,83.9172916666667,1.06106234498912
"100","2023-10-16T01:00:00Z",1.92761740682348,FALSE,FALSE,2.04091828094089,36,133,87.30875,1.05877767741479
"100","2023-10-16T02:00:00Z",2.00886176149736,FALSE,FALSE,1.9986083116816,36,133,88.3861224489796,0.994895890791352
"100","2023-10-16T03:00:00Z",2.20236971250118,FALSE,FALSE,2.15742701648689,66,129,89.2789583333333,0.979593482529663
"100","2023-10-16T04:00:00Z",2.93102576081444,FALSE,FALSE,2.69782363889389,90,153,90.090612244898,0.920436686351146
"100","2023-10-16T05:00:00Z",2.1082428338364,FALSE,FALSE,2.30790432368597,48,144,92.5416326530612,1.09470516709228
"100","2023-10-16T06:00:00Z",2.12796852185244,FALSE,FALSE,2.15134088969103,66,128,94.7333333333333,1.01098341803395
"100","2023-10-16T07:00:00Z",2.47350390624537,FALSE,FALSE,2.45227826683298,78,134,95.0812765957447,0.991418796890196
"100","2023-10-16T08:00:00Z",2.12044254914822,FALSE,FALSE,2.13740362986794,54,129,94.9985416666667,1.00799884001881
"100","2023-10-16T09:00:00Z",2.5559230990056,FALSE,FALSE,2.54218062443908,78,139,95.2327083333333,0.994623283238891
"100","2023-10-16T10:00:00Z",2.08628695827416,FALSE,FALSE,2.03595930088436,66,121,95.1072916666667,0.975876924700986
"100","2023-10-16T11:00:00Z",1.84370842868753,FALSE,FALSE,1.84485004096177,60,112,95.79875,1.00061919349962
"100","2023-10-16T12:00:00Z",2.33106182204201,FALSE,FALSE,2.34495433556784,66,134,96.1114583333333,1.00595973620024
"100","2023-10-16T13:00:00Z",2.80198076903719,FALSE,FALSE,2.56150528101575,96,143,94.449375,0.914176610104262
"100","2023-10-16T14:00:00Z",2.43153835549509,FALSE,FALSE,2.15040102226202,90,127,88.8734042553191,0.884378820265075
"100","2023-10-16T15:00:00Z",2.20176001880652,FALSE,FALSE,1.98610355364566,84,121,83.9426530612245,0.902052692700926
"100","2023-10-16T16:00:00Z",1.51647675846352,FALSE,FALSE,1.40546423268454,72,87,79.3385714285714,0.926795761847711
"100","2023-10-16T17:00:00Z",1.79994307594315,FALSE,FALSE,1.59172183776678,84,99,75.2183673469388,0.884317875959902
"100","2023-10-16T18:00:00Z",2.2789309464398,FALSE,FALSE,2.29914034624155,48,147,77.19625,1.00886792986568
"100","2023-10-16T19:00:00Z",2.57137388555382,FALSE,FALSE,2.65031603073392,42,169,82.9420833333333,1.03070037602217
"100","2023-10-16T20:00:00Z",2.42095346618474,FALSE,FALSE,2.74475375335651,42,175,93.1279166666667,1.13374907518651
"100","2023-10-16T21:00:00Z",2.47589829847456,FALSE,FALSE,2.62752465474283,60,153,95.4045833333333,1.0612409469168
"100","2023-10-16T22:00:00Z",2.22248597400285,FALSE,FALSE,2.32389177572114,24,164,95.0185416666667,1.04562719535892
"100","2023-10-16T23:00:00Z",2.22448758222479,FALSE,FALSE,1.94416252012891,120,106,96.6727083333333,0.873982186128673
"100","2023-10-17T00:00:00Z",1.71536550801787,FALSE,FALSE,1.62811820752883,90,96,97.1744897959184,0.949137778461072
"100","2023-10-17T01:00:00Z",1.52091308251908,FALSE,FALSE,1.53450136279914,78,88,97.43,1.00893429114144
"100","2023-10-17T02:00:00Z",1.80596866080828,FALSE,FALSE,1.94351615922202,60,117,97.4387755102041,1.07616272718275
"100","2023-10-17T03:00:00Z",1.77060955663233,FALSE,FALSE,1.68230807667639,102,91,97.5516326530612,0.95012933279097
"100","2023-10-17T04:00:00Z",1.18128899214166,FALSE,FALSE,1.19147462002677,90,69,97.9744897959184,1.00862246914419
"100","2023-10-17T06:00:00Z",1.72428233762277,FALSE,FALSE,1.68992860878271,60,104,98.1382051282051,0.980076505981369
"100","2023-10-17T07:00:00Z",1.76822739718013,FALSE,FALSE,1.66546674686186,78,99,98.109387755102,0.941884934888947
"100","2023-10-17T08:00:00Z",1.79442842861836,FALSE,FALSE,1.67946976650884,84,97,98.244693877551,0.935935777501011
"100","2023-10-17T10:00:00Z",1.54545967779804,FALSE,FALSE,1.40065660033556,102,79,98.4527083333333,0.906304202210702
"100","2023-10-17T11:00:00Z",1.29633684509219,FALSE,FALSE,1.19839218929681,102,69,98.590625,0.92444505749706
"100","2023-10-17T14:00:00Z",1.83840168008216,FALSE,FALSE,1.53150182435153,132,83,98.9285714285714,0.833061588740002
"100","2023-10-17T15:00:00Z",2.71770850629274,FALSE,FALSE,2.47861168051016,84,147,95.5502127659575,0.912022637737287
"100","2023-10-17T16:00:00Z",2.65487448823154,FALSE,FALSE,2.4795203012819,78,146,89.0167346938776,0.933950102828984
"100","2023-10-17T17:00:00Z",2.41604235022513,FALSE,FALSE,2.26274744746902,84,131,82.8548979591837,0.936551235229041
"100","2023-10-17T18:00:00Z",2.31211911648023,FALSE,FALSE,2.10629384180865,90,124,81.6389795918367,0.910979813624436
"100","2023-10-17T19:00:00Z",2.85098455371113,FALSE,FALSE,2.68320713170986,72,171,82.46375,0.941151058927038
"100","2023-10-17T20:00:00Z",3.6710621111268,FALSE,FALSE,3.6687255582198,60,217,82.9540816326531,0.999363521281779
"100","2023-10-17T21:00:00Z",3.32619971541335,FALSE,FALSE,3.63977524313033,18,242,87.4895918367347,1.09427441360899
"100","2023-10-17T22:00:00Z",3.09017404919741,FALSE,FALSE,3.69258014345116,24,246,88.195306122449,1.19494244811557
"100","2023-10-17T23:00:00Z",2.79831119235711,FALSE,FALSE,3.39572282262283,24,222,89.44625,1.21349006211225
"100","2023-10-18T00:00:00Z",2.95975411688142,FALSE,FALSE,3.12225855886089,42,195,91.8979166666667,1.05490471017596
"100","2023-10-18T01:00:00Z",2.66768166203811,FALSE,FALSE,2.772424790623,36,180,93.7265306122449,1.03926372853081
"100","2023-10-18T02:00:00Z",2.58452374175006,FALSE,FALSE,2.64675779385683,30,173,94.1529787234043,1.02407950490121
"100","2023-10-18T03:00:00Z",2.6090437035134,FALSE,FALSE,2.4160912122058,90,135,96.7077083333333,0.926044745418497
"100","2023-10-18T04:00:00Z",2.97709757444019,FALSE,FALSE,2.92463152915771,66,169,95.79,0.982376780078381
"100","2023-10-18T05:00:00Z",2.88904133295426,FALSE,FALSE,2.91514846431518,42,185,94.5024489795918,1.00903660707901
"100","2023-10-18T06:00:00Z",2.91137806143932,FALSE,FALSE,2.91535576459448,54,174,94.8960416666667,1.00136626129318
"100","2023-10-18T07:00:00Z",2.9314951662954,FALSE,FALSE,2.98014115007012,48,186,94.6827083333333,1.01659425686047
"100","2023-10-18T08:00:00Z",2.86602462919385,FALSE,FALSE,2.91262317281892,42,187,94.3075510204082,1.01625894737624
"100","2023-10-18T09:00:00Z",3.34035236859047,FALSE,FALSE,3.27398230543544,42,213,94.1591489361702,0.980130819796406
"100","2023-10-18T10:00:00Z",3.11305983183679,FALSE,FALSE,3.07752959624396,60,185,94.9995918367347,0.988586716121075
"100","2023-10-18T11:00:00Z",2.84088488864344,FALSE,FALSE,2.8027603196703,54,173,95.47125,0.986580037394141
"100","2023-10-18T12:00:00Z",2.78526411970339,FALSE,FALSE,2.77296905280123,48,171,95.8381632653061,0.995585672893573
"100","2023-10-18T13:00:00Z",3.95413351945922,FALSE,FALSE,3.56676062072022,90,194,95.8146808510638,0.902033429869616
"100","2023-10-18T14:00:00Z",3.35203405853636,FALSE,FALSE,2.9509315588653,84,193,95.415625,0.880340565559113
"100","2023-10-18T15:00:00Z",3.00221411411255,FALSE,FALSE,2.68262758176684,78,171,93.765306122449,0.893549720240329
"100","2023-10-18T16:00:00Z",2.69718849133062,FALSE,FALSE,2.56452951545775,54,161,89.29625,0.950815830521573
"100","2023-10-18T17:00:00Z",2.49159686535716,FALSE,FALSE,2.34042888762334,78,141,82.823125,0.939328877863172
"100","2023-10-19T20:00:00Z",2.93464605947967,FALSE,FALSE,2.79781337879947,78,169,78.25625,0.953373361588804
"100","2023-10-19T21:00:00Z",3.52551297136106,FALSE,FALSE,3.54708555536635,60,206,76.2029166666667,1.00611899152848
"100","2023-10-19T22:00:00Z",2.42667747150789,FALSE,FALSE,3.29912011185319,24,217,80.3442857142857,1.35952146529105
"100","2023-10-19T23:00:00Z",2.49801796401064,FALSE,FALSE,3.26758984744633,30,206,84.7044897959184,1.3080729980821
"100","2023-10-20T00:00:00Z",2.66459656648749,FALSE,FALSE,3.4324497103568,36,214,87.7330612244898,1.28816863067624
"100","2023-10-20T01:00:00Z",2.74195987028482,FALSE,FALSE,3.46935568548855,36,212,90.6295918367347,1.26528317321003
"100","2023-10-20T02:00:00Z",3.10561079807518,FALSE,FALSE,3.57010009224863,48,203,93.0016666666667,1.14956455408428
"100","2023-10-20T03:00:00Z",3.85227021235194,FALSE,FALSE,3.69828813062153,78,201,94.1785106382979,0.960028224075071
"100","2023-10-20T04:00:00Z",4.05371359845703,FALSE,FALSE,3.93145243088349,78,215,94.2989583333333,0.96983971249965
"100","2023-10-20T05:00:00Z",3.5278727553641,FALSE,FALSE,3.69231619184209,60,205,93.6402127659574,1.0466126325639
"100","2023-10-20T06:00:00Z",4.20687891134046,FALSE,FALSE,3.9105737765488,84,216,93.8135555555556,0.929566516879553
"100","2023-10-20T07:00:00Z",3.88759307464463,FALSE,FALSE,3.98559179191266,54,233,93.9291666666667,1.02520806971984
"100","2023-10-20T08:00:00Z",3.8974996971117,FALSE,FALSE,3.81309436940031,84,200,94.0868085106383,0.978343724369258
"100","2023-10-20T09:00:00Z",3.05491467598492,FALSE,FALSE,3.24448147509073,60,178,94.644375,1.06205305850144
"100","2023-10-20T10:00:00Z",3.56449617276801,FALSE,FALSE,3.45641722454939,78,191,96.0429166666667,0.969679039342413
"100","2023-10-20T11:00:00Z",3.56638526343738,FALSE,FALSE,3.41049730523638,90,176,96.0651063829787,0.956289647167631
"100","2023-10-20T12:00:00Z",3.1874900856669,FALSE,FALSE,3.4786566941297,90,398,95.4914583333333,1.09134667109149
"100","2023-10-20T13:00:00Z",3.03741725590434,FALSE,FALSE,2.78615352969591,90,157,94.281914893617,0.917277178260576
"100","2023-10-20T14:00:00Z",2.92229588395222,FALSE,FALSE,2.93013478190197,72,168,94.06625,1.00268244498882
"100","2023-10-20T15:00:00Z",2.53777725447179,FALSE,FALSE,2.66346038583675,66,153,93.851875,1.04952488684477
"100","2023-10-20T16:00:00Z",2.31189288076031,FALSE,FALSE,2.32113794370453,66,138,93.78625,1.00399891492428
"100","2023-10-20T17:00:00Z",2.57956342485567,FALSE,FALSE,2.32932934563286,96,137,91.726875,0.902993631863575
"100","2023-10-20T18:00:00Z",2.32821381336816,FALSE,FALSE,2.07920676036791,96,125,88.4342857142857,0.893048030395446
"100","2023-10-20T19:00:00Z",2.7442018802055,FALSE,FALSE,2.48583261565124,90,147,86.7304081632653,0.905849031582576
"100","2023-10-20T20:00:00Z",2.28833084618885,FALSE,FALSE,2.47023858321298,60,144,95.9253191489362,1.07949363499037
"100","2023-10-20T21:00:00Z",0.983587321527384,FALSE,FALSE,0.877532963693525,126,48,98.0110204081633,0.892175960880453
"100","2023-10-20T22:00:00Z",0.55931117707138,FALSE,FALSE,0.85049089368592,144,200,98.6767346938775,1.52060414408164
"100","2023-10-22T08:00:00Z",1.75809350060207,FALSE,FALSE,1.51317405631613,120,81,98.9232653061224,0.860690319256588
"100","2023-10-22T09:00:00Z",1.46284931542263,FALSE,FALSE,1.41320568166091,90,77,96.2265306122449,0.966063740647562
"100","2023-10-22T10:00:00Z",1.58320380932608,FALSE,FALSE,1.61218548094057,60,99,94.5152083333333,1.0183057111433
"100","2023-10-22T11:00:00Z",2.04837095563698,FALSE,FALSE,2.02569472410143,72,115,94.2363829787234,0.988929626504835
"100","2023-10-22T12:00:00Z",1.49824674699438,FALSE,FALSE,1.53168925918714,66,90,92.1608333333333,1.0223210978164
"100","2023-10-22T13:00:00Z",1.69771402437026,FALSE,FALSE,1.59299313713167,78,92,89.3504166666667,0.9383165328581
"100","2023-10-22T14:00:00Z",1.97615103336342,FALSE,FALSE,1.92422758662139,66,115,87.0872916666667,0.973724960357076
"100","2023-10-22T15:00:00Z",1.77054795472332,FALSE,FALSE,1.71560924018094,66,102,85.414375,0.968970784216366
"100","2023-10-22T16:00:00Z",1.93439803705601,FALSE,FALSE,1.89748650467694,54,121,86.9044897959184,0.980918336520208
"100","2023-10-22T17:00:00Z",1.77686436985132,FALSE,FALSE,1.61139238663804,84,99,83.1602040816327,0.906874162135892
"100","2023-10-22T18:00:00Z",1.61017789628781,FALSE,FALSE,1.42197422520429,90,87,82.4059183673469,0.883116224910664
"100","2023-10-22T19:00:00Z",1.93727113742553,FALSE,FALSE,1.74138999119385,84,105,82.7577083333333,0.898888109956569
"100","2023-10-22T20:00:00Z",1.95125900616179,FALSE,FALSE,1.74069495090029,84,108,82.658125,0.892088105886215
"100","2023-10-22T21:00:00Z",2.34965771552261,FALSE,FALSE,2.19277843907563,72,134,83.8852083333333,0.933233136294456
"100","2023-10-22T22:00:00Z",2.0543424397705,FALSE,FALSE,2.04257680248542,60,124,85.4887755102041,0.994272796464065
"100","2023-10-22T23:00:00Z",2.11138634681213,FALSE,FALSE,2.09727573619638,54,132,85.7202040816327,0.993316897858574
"100","2023-10-23T00:00:00Z",2.19784694815499,FALSE,FALSE,2.25328141970567,60,134,87.1742857142857,1.02522217099658
"100","2023-10-23T01:00:00Z",2.01846170606191,FALSE,FALSE,2.08220260685611,48,130,87.2789795918367,1.03157894975306
"100","2023-10-23T02:00:00Z",2.14240202577833,FALSE,FALSE,2.20561310750771,66,127,89.0844897959184,1.02950477126552
"100","2023-10-23T03:00:00Z",1.76067382700642,FALSE,FALSE,1.81967301987619,48,113,88.6747916666667,1.03350943937758
"100","2023-10-23T04:00:00Z",1.84104616381983,FALSE,FALSE,1.93467517900138,60,112,87.5697959183673,1.05085641904127
"100","2023-10-23T05:00:00Z",1.88633828968768,FALSE,FALSE,1.89344639818587,60,113,88.4279166666667,1.00376820453523
"100","2023-10-23T06:00:00Z",1.80614275026305,FALSE,FALSE,1.87283460039546,60,110,89.5140816326531,1.03692501610003
"100","2023-10-23T07:00:00Z",1.71647798659735,FALSE,FALSE,1.78832628360997,54,107,91.1802127659574,1.041857977541
"100","2023-10-23T08:00:00Z",1.66976807413693,FALSE,FALSE,1.80391177823096,54,110,91.7848979591837,1.08033672829885
"100","2023-10-23T09:00:00Z",1.99388896425266,FALSE,FALSE,2.01291899435674,78,109,93.5383333333333,1.00954417745685
"100","2023-10-23T10:00:00Z",1.50670279924731,FALSE,FALSE,1.61535699732739,36,104,94.566170212766,1.07211388877379
"100","2023-10-23T11:00:00Z",1.3967540426239,FALSE,FALSE,1.57683870878621,42,95,96.0147916666667,1.12893083582848
"100","2023-10-23T12:00:00Z",1.87733522438608,FALSE,FALSE,1.91840938586853,60,111,96.3621276595745,1.02187897022807
"100","2023-10-23T13:00:00Z",1.92679076020938,FALSE,FALSE,1.9499404732158,66,109,95.4275,1.01201464813123
"100","2023-10-23T14:00:00Z",1.94915005048722,FALSE,FALSE,1.71483335320324,96,101,89.5006382978723,0.879785192922725
"100","2023-10-23T15:00:00Z",1.47926375132284,FALSE,FALSE,1.37534358914898,84,80,83.4297916666667,0.929748726634493
"100","2023-10-23T16:00:00Z",1.75743111282666,FALSE,FALSE,1.60021644856441,78,99,81.0406382978723,0.910542915102156
"100","2023-10-23T17:00:00Z",1.697576266188,FALSE,FALSE,1.63254125599427,66,103,77.2879591836735,0.96168949137127
"100","2023-10-23T18:00:00Z",2.09701856519265,FALSE,FALSE,1.82532626150132,96,110,75.9463265306122,0.870438770452006
"100","2023-10-23T19:00:00Z",2.42205012609224,FALSE,FALSE,2.17718814257422,96,125,77.6077083333333,0.898903007464556
"100","2023-10-23T20:00:00Z",2.52973811263669,FALSE,FALSE,2.20606229850711,102,132,77.9971428571429,0.872051651310177
"100","2023-10-23T21:00:00Z",2.70265236722012,FALSE,FALSE,2.5655373918639,72,151,78.7661224489796,0.949266514251241
"100","2023-10-23T22:00:00Z",2.34922802161832,FALSE,FALSE,2.52666495038459,54,145,81.24,1.07552988774757
"100","2023-10-23T23:00:00Z",2.41444083415504,FALSE,FALSE,2.74220155094209,36,169,83.3447916666667,1.13575015471512
"100","2023-10-24T00:00:00Z",2.22699098970445,FALSE,FALSE,2.46188887743213,24,166,84.7645833333333,1.10547770009561
"100","2023-10-24T01:00:00Z",2.53194520958583,FALSE,FALSE,2.60624099139572,48,159,87.710625,1.02934336079968
"100","2023-10-24T02:00:00Z",2.25447412208556,FALSE,FALSE,2.32224844613201,36,154,91.4251020408163,1.03006214326548
"100","2023-10-24T03:00:00Z",2.00087018728622,FALSE,FALSE,2.15164111330848,30,138,93.2908333333333,1.07535267754014
"100","2023-10-24T04:00:00Z",1.97949605965834,FALSE,FALSE,2.09421770879642,30,134,93.7395744680851,1.05795497726723
"100","2023-10-24T05:00:00Z",1.88848378131525,FALSE,FALSE,1.90319039766648,42,119,95.61,1.00778752589603
"100","2023-10-24T06:00:00Z",1.85462573336878,FALSE,FALSE,1.90913379653744,36,120,95.7539583333333,1.02939033045209
"100","2023-10-24T07:00:00Z",1.95593647736543,FALSE,FALSE,1.98209264317727,24,135,95.1475510204082,1.0133727071991
"100","2023-10-24T08:00:00Z",1.86526269507663,FALSE,FALSE,1.92047492587022,36,124,95.6271428571429,1.02960024394383
"100","2023-10-24T09:00:00Z",1.73161018412395,FALSE,FALSE,1.82049990298284,36,119,95.9924489795918,1.05133356206487
"100","2023-10-24T10:00:00Z",1.67465848379701,FALSE,FALSE,1.78995725535047,36,111,96.2781632653061,1.06884912516135
"100","2023-10-24T11:00:00Z",1.79159629806679,FALSE,FALSE,1.83225573022681,48,111,97.115,1.0226945278933
"100","2023-10-24T12:00:00Z",1.86595017123888,FALSE,FALSE,1.95374950780762,18,135,97.2522448979592,1.04705341971187
"100","2023-10-24T13:00:00Z",2.07901121296503,FALSE,FALSE,2.06409280045785,72,116,95.930612244898,0.992824275110139
"100","2023-10-24T14:00:00Z",2.05215879620752,FALSE,FALSE,2.17905477647408,120,334,87.1895744680851,1.06183536113339
"100","2023-10-24T15:00:00Z",2.26065934217609,FALSE,FALSE,2.19166783037337,78,124,82.0178723404255,0.969481685933138
"100","2023-10-24T16:00:00Z",2.192657690867,FALSE,FALSE,1.92931046417587,96,110,78.3746808510638,0.879895878053361
"100","2023-10-24T17:00:00Z",1.73521632538104,FALSE,FALSE,1.67322399620355,72,96,74.526875,0.964274005338283
"100","2023-10-24T18:00:00Z",2.6218152536945,FALSE,FALSE,2.3952003473239,90,142,76.1647916666667,0.913565646530103
"100","2023-10-24T19:00:00Z",2.51346341303998,FALSE,FALSE,2.4798923547964,66,148,72.8752083333333,0.986643506299154
"100","2023-10-24T20:00:00Z",2.76935125481723,FALSE,FALSE,2.74182632972915,66,163,73.8641666666667,0.99006087615639
"100","2023-10-24T21:00:00Z",2.83266837789383,FALSE,FALSE,2.95781477514079,54,176,78.1002127659575,1.04417968521257
"100","2023-10-24T22:00:00Z",3.11803627097541,FALSE,FALSE,3.26638801506963,54,187,78.5802083333333,1.04757858190271
"100","2023-10-24T23:00:00Z",2.77302108330738,FALSE,FALSE,2.91877591440293,36,188,81.9159183673469,1.05256174645514
"100","2023-10-25T00:00:00Z",3.09202204475829,FALSE,FALSE,3.21099289352489,60,181,83.4039130434783,1.03847671428096
"100","2023-10-25T01:00:00Z",3.05876200103497,FALSE,FALSE,3.15530429953405,60,186,85.60875,1.0315625401605
"100","2023-10-25T02:00:00Z",3.36295546558527,FALSE,FALSE,3.53626129611355,60,199,88.7891666666667,1.05153378696263
"100","2023-10-25T03:00:00Z",3.52854824821408,FALSE,FALSE,3.33662426796402,84,182,90.355625,0.945608231275511
"100","2023-10-25T04:00:00Z",3.07424408871648,FALSE,FALSE,3.23397907090114,36,200,91.8979166666667,1.05195910850766
"100","2023-10-25T05:00:00Z",2.84999751105138,FALSE,FALSE,2.97198996734523,60,171,92.3135416666667,1.04280440801117
"100","2023-10-25T06:00:00Z",2.85213567293748,FALSE,FALSE,2.96969664378906,54,178,92.7655102040816,1.04121857594891
"100","2023-10-25T07:00:00Z",3.35285931234729,FALSE,FALSE,3.23838000009877,66,187,93.2210416666667,0.965856213582557
"100","2023-10-25T08:00:00Z",2.81723773858304,FALSE,FALSE,2.88025966247713,42,188,93.5575,1.02237011205373
"100","2023-10-25T09:00:00Z",2.77861365618893,FALSE,FALSE,2.84327197881565,66,159,94.7845833333333,1.02326999382685
"100","2023-10-25T10:00:00Z",2.68413158245916,FALSE,FALSE,2.83401814558327,42,175,94.7608333333333,1.05584173447517
"100","2023-10-25T11:00:00Z",2.70311180226041,FALSE,FALSE,2.83337746989676,48,173,94.9758333333333,1.04819100250586
"100","2023-10-25T12:00:00Z",2.99432764546622,FALSE,FALSE,2.97709354041039,54,178,93.5146808510638,0.994244415743239
"100","2023-10-25T13:00:00Z",3.8225192770329,FALSE,FALSE,3.37348791290986,96,194,87.549375,0.882529993551378
"100","2023-10-25T14:00:00Z",2.69132297400913,FALSE,FALSE,2.39894270418341,84,149,82.9583333333333,0.891361879399345
"100","2023-10-25T15:00:00Z",2.49171539609692,FALSE,FALSE,2.34907365475003,78,139,77.8175,0.942753597954916
"100","2023-10-25T16:00:00Z",2.57952199374726,FALSE,FALSE,2.48418745023968,72,147,70.8470212765957,0.963041779159602
"100","2023-10-25T17:00:00Z",2.25994984036264,FALSE,FALSE,2.12139964143782,84,123,64.1570833333333,0.938693241570981
"100","2023-10-25T18:00:00Z",2.99437634820981,FALSE,FALSE,2.77243583798341,90,162,63.7189361702128,0.925880889902469
"100","2023-10-25T19:00:00Z",3.17514166915763,FALSE,FALSE,3.02634294198251,60,194,68.0002083333333,0.953136350223203
"100","2023-10-25T20:00:00Z",3.93532767251347,FALSE,FALSE,3.96980033966271,54,250,70.8382978723404,1.00875979588435
"100","2023-10-25T21:00:00Z",4.78037882323153,FALSE,FALSE,4.46257676107411,90,247,70.6566666666667,0.933519481633343
"100","2023-10-25T22:00:00Z",4.967796348133,FALSE,FALSE,4.58830797630024,84,261,72.3278723404255,0.92361032030321
"100","2023-10-25T23:00:00Z",4.54023448439731,FALSE,FALSE,4.723745276729,0,522,73.1745833333333,1.0404187917964
"100","2023-10-26T00:00:00Z",4.743668352468,FALSE,FALSE,4.34261335321419,84,246,74.2947826086957,0.915454671479057
"100","2023-10-26T01:00:00Z",4.98225092547525,FALSE,FALSE,4.83927557723825,78,270,76.29375,0.971303061532704
"100","2023-10-26T02:00:00Z",4.57977148925532,FALSE,FALSE,4.30457594149693,90,233,75.1408510638298,0.939910637811508
"100","2023-10-26T03:00:00Z",4.44501253703274,FALSE,FALSE,4.43786194728002,60,270,78.2579591836735,0.99839132292808
"100","2023-10-26T04:00:00Z",3.9047924135983,FALSE,FALSE,4.31276181768814,60,255,79.4479591836735,1.10447915301953
"100","2023-10-26T05:00:00Z",4.39990253225859,FALSE,FALSE,4.31772817464209,66,255,84.5418367346939,0.981323595917402
"100","2023-10-26T06:00:00Z",4.48133804628687,FALSE,FALSE,3.9599572900059,96,231,83.0395918367347,0.883655115749865
"100","2023-10-26T07:00:00Z",4.53225797858915,FALSE,FALSE,4.01805835315833,102,223,81.9085714285714,0.886546699711281
"100","2023-10-26T08:00:00Z",3.97360182568067,FALSE,FALSE,4.20724040540341,54,247,80.146875,1.05879768280072
"100","2023-10-26T09:00:00Z",4.42456725449124,FALSE,FALSE,3.90186506617981,96,229,82.5133333333333,0.881863658467198
"100","2023-10-26T10:00:00Z",4.22228490765626,FALSE,FALSE,3.76268330717495,96,218,83.1879591836735,0.891148605427381
"100","2023-10-26T11:00:00Z",4.31272914050649,FALSE,FALSE,3.57855237594532,114,204,80.0669387755102,0.829765157828822
"100","2023-10-26T12:00:00Z",4.0925335648831,FALSE,FALSE,3.67642348911889,90,219,80.6704081632653,0.898324578365163
"100","2023-10-26T13:00:00Z",4.0677942403253,FALSE,FALSE,3.51408322688163,102,206,79.9871428571429,0.863879296559654
"100","2023-10-26T14:00:00Z",2.78416938413423,FALSE,FALSE,2.46898424316876,84,154,80.380612244898,0.886793834182083
"100","2023-10-26T15:00:00Z",2.89237829957027,FALSE,FALSE,2.78632054860687,60,173,70.4904255319149,0.963331991883926
"100","2023-10-26T16:00:00Z",3.00348683959275,FALSE,FALSE,2.80581358008505,84,169,64.4297916666667,0.934185408471939
"100","2023-10-26T17:00:00Z",3.27599438512019,FALSE,FALSE,3.07712899898941,66,207,62.6089361702128,0.93929617613692
"100","2023-10-26T18:00:00Z",3.02918453637394,FALSE,FALSE,3.04613354431559,60,189,62.6448979591837,1.0055952378398
"100","2023-10-26T19:00:00Z",4.17687262404161,FALSE,FALSE,3.84707739332662,78,236,64.9842553191489,0.92104254536834
"100","2023-10-26T20:00:00Z",4.12373679593552,FALSE,FALSE,3.68351141079544,78,237,67.3042857142857,0.893246003097488
"100","2023-10-26T21:00:00Z",4.97685868639287,FALSE,FALSE,4.52745677956613,78,299,69.9814285714286,0.909701694352817
"100","2023-10-26T22:00:00Z",4.73890421002061,FALSE,FALSE,4.57726308229844,66,296,75.5273469387755,0.965890610875742
"100","2023-10-26T23:00:00Z",5.1441126846764,FALSE,FALSE,4.2335565978395,114,258,76.1397959183673,0.822990641408513
"100","2023-10-27T00:00:00Z",5.06237956254923,FALSE,FALSE,4.76449112355977,72,288,77.238125,0.941156439316957
"100","2023-10-27T01:00:00Z",5.18376326670783,FALSE,FALSE,4.90960926178475,78,289,77.0561224489796,0.947112938840436
"100","2023-10-27T02:00:00Z",5.33438008981851,FALSE,FALSE,4.83233128954066,90,274,79.6910416666667,0.905884321734761
"100","2023-10-27T03:00:00Z",5.52657587244653,FALSE,FALSE,5.02273300101891,90,295,76.5555102040816,0.908832723361387
"100","2023-10-27T04:00:00Z",5.58889132532829,FALSE,FALSE,5.19684194060646,84,308,76.0504081632653,0.929852029338073
"100","2023-10-27T05:00:00Z",5.30597905191359,FALSE,FALSE,4.94497978085253,84,290,76.7633333333333,0.931963683322332
"100","2023-10-27T06:00:00Z",5.10443126259979,FALSE,FALSE,5.18137575866836,72,307,77.9004081632653,1.0150740586189
"100","2023-10-27T07:00:00Z",5.41262096623631,FALSE,FALSE,5.0814849459926,84,293,79.0879166666667,0.938821502131901
"100","2023-10-27T08:00:00Z",5.59029729673943,FALSE,FALSE,5.67327838254803,66,326,80.4691666666667,1.01484376973243
"100","2023-10-27T09:00:00Z",5.36402579401435,FALSE,FALSE,5.34737200045643,72,314,81.95,0.996895280858548
"100","2023-10-27T10:00:00Z",4.98369568684787,FALSE,FALSE,4.7767332850858,84,272,84.2908333333333,0.958472102879746
"100","2023-10-27T11:00:00Z",5.3428761585176,FALSE,FALSE,4.72358307458473,84,289,85.1128571428571,0.88408994227845
"100","2023-10-27T12:00:00Z",4.73419728966727,FALSE,FALSE,4.32699261113373,96,244,85.5059183673469,0.913986542254524
"100","2023-10-27T13:00:00Z",4.66972078201485,FALSE,FALSE,4.03005583356309,96,246,85.8889795918367,0.863018587553372
"100","2023-10-27T14:00:00Z",3.24569324561609,FALSE,FALSE,2.92957840986458,84,186,80.8704081632653,0.902604832980296
"100","2023-10-27T15:00:00Z",2.81933552126463,FALSE,FALSE,2.78633418360761,54,185,70.5242857142857,0.98829463985109
"100","2023-10-27T16:00:00Z",2.76349812545425,FALSE,FALSE,2.63588134034231,66,165,64.2412765957447,0.953820563894552
"100","2023-10-27T17:00:00Z",3.59166281963714,FALSE,FALSE,3.28320638139758,84,203,61.0165306122449,0.914118765115396
"100","2023-10-27T18:00:00Z",3.43351079379751,FALSE,FALSE,3.50607643586158,54,220,54.5664583333333,1.02113453151077
"100","2023-10-27T19:00:00Z",4.20745743613907,FALSE,FALSE,3.73033053567825,96,226,58.6202040816327,0.886599708326783
"100","2023-10-27T20:00:00Z",3.79244291431442,FALSE,FALSE,3.40742572219968,84,216,60.3579591836735,0.898477788377116
"100","2023-10-27T21:00:00Z",5.02067193941855,FALSE,FALSE,4.82689477268746,66,304,65.903829787234,0.96140413692245
"100","2023-10-27T22:00:00Z",4.63505465506947,FALSE,FALSE,4.90501215231001,36,330,71.2338775510204,1.05824257043987
"100","2023-10-27T23:00:00Z",5.52281939409844,FALSE,FALSE,5.24967055431687,72,324,74.1848979591837,0.950541775805044
"100","2023-10-28T00:00:00Z",4.98275351095927,FALSE,FALSE,5.19588428852905,60,321,73.4053191489362,1.04277369472542
"100","2023-10-28T01:00:00Z",5.0028242838488,FALSE,FALSE,5.27406772977591,66,306,74.3108510638298,1.05421806374507
"100","2023-10-28T02:00:00Z",4.79861238918647,FALSE,FALSE,5.3460524779106,54,319,76.2130612244898,1.11408299823461
"100","2023-10-28T03:00:00Z",4.88702028598367,FALSE,FALSE,5.34328733168204,54,322,77.6029166666667,1.09336303493705
"100","2023-10-28T04:00:00Z",4.83030019249006,FALSE,FALSE,4.9293535316878,60,297,78.3891666666667,1.02050666319906
"100","2023-10-28T05:00:00Z",4.05199087542539,FALSE,FALSE,4.58398742788422,12,339,79.6522916666667,1.13129263337815
"100","2023-10-28T06:00:00Z",4.20948748594795,FALSE,FALSE,4.74231786206134,54,285,82.265306122449,1.12657844402486
"100","2023-10-28T07:00:00Z",4.41740937401332,FALSE,FALSE,4.6680612639775,54,281,86.3271428571429,1.05674182959784
"100","2023-10-28T08:00:00Z",4.47770103842714,FALSE,FALSE,4.59619037531226,60,273,88.0395918367347,1.0264620920129
"100","2023-10-28T09:00:00Z",4.41926738324069,FALSE,FALSE,4.35996978771745,60,268,88.4767346938775,0.986582030372702
"100","2023-10-28T10:00:00Z",4.73086294107848,FALSE,FALSE,4.57920530121543,66,283,88.0967346938776,0.967942922517117
"100","2023-10-28T11:00:00Z",3.90359708690679,FALSE,FALSE,4.0487753367481,54,259,90.2851020408163,1.03719088999432
"100","2023-10-28T12:00:00Z",4.41243620039268,FALSE,FALSE,4.35696590439891,72,249,91.5436734693878,0.987428646336273
"100","2023-10-28T13:00:00Z",4.37904587300889,FALSE,FALSE,3.84055343129797,96,220,88.364081632653,0.877029732657055
"100","2023-10-28T14:00:00Z",3.97871222177978,FALSE,FALSE,3.5552053466796,90,208,81.7015217391304,0.893556796397117
"100","2023-10-28T15:00:00Z",3.35259598679376,FALSE,FALSE,3.05910209425157,90,187,76.785,0.912457721211175
"100","2023-10-28T16:00:00Z",2.82915574657968,FALSE,FALSE,2.52671085605908,96,156,72.5647916666667,0.893097122388459
"100","2023-10-28T17:00:00Z",2.71943009578392,FALSE,FALSE,2.51329787965727,78,159,68.0754166666667,0.924200215167791
"100","2023-10-28T18:00:00Z",3.50022055313392,FALSE,FALSE,3.09401038264328,102,187,67.8608163265306,0.883947264372544
"100","2023-10-28T19:00:00Z",4.38375597172135,FALSE,FALSE,3.83252479437291,102,229,68.71,0.874255962032487
"100","2023-10-28T20:00:00Z",4.37545225863056,FALSE,FALSE,4.35594175594306,66,270,74.5433333333333,0.995540917479098
"100","2023-10-28T21:00:00Z",4.15286381464318,FALSE,FALSE,3.9049869873051,84,222,73.00125,0.940311833375308
"100","2023-10-28T22:00:00Z",3.56246457084546,FALSE,FALSE,3.60204690974483,72,208,70.4665306122449,1.01111094247036
"100","2023-10-28T23:00:00Z",3.13899762714272,FALSE,FALSE,3.55567668433369,48,218,67.4472916666667,1.13274271174593
"100","2023-10-29T00:00:00Z",3.16547029304696,FALSE,FALSE,3.5145447870132,42,220,71.4791666666667,1.11027571313274
"100","2023-10-29T01:00:00Z",3.33395529278755,FALSE,FALSE,3.44514609232759,54,204,72.9757142857143,1.03335101696792
"100","2023-10-29T02:00:00Z",2.72779632373067,FALSE,FALSE,2.97996228013153,36,191,75.0866666666667,1.09244310295718
"100","2023-10-29T03:00:00Z",3.40811793365576,FALSE,FALSE,3.29973707609314,60,199,78.3278723404255,0.968199205640059
"100","2023-10-29T04:00:00Z",2.81991607328175,FALSE,FALSE,2.83449648345433,48,182,77.81,1.00517051209812
"100","2023-10-29T05:00:00Z",2.43410201506979,FALSE,FALSE,2.58734365619306,30,172,80.4058333333333,1.06295612927253
"100","2023-10-29T06:00:00Z",2.72030386122472,FALSE,FALSE,2.83955660798003,30,186,84.2370212765957,1.04383802429395
"100","2023-10-29T07:00:00Z",2.14304384875644,FALSE,FALSE,2.35331453421643,30,154,82.3747916666667,1.09811777093688
"100","2023-10-29T08:00:00Z",2.06554227002817,FALSE,FALSE,2.33096844429539,24,157,82.1227083333333,1.12850193293967
"100","2023-10-29T09:00:00Z",2.19453159347308,FALSE,FALSE,2.32176633361596,30,152,81.2716666666667,1.05797808540159
"100","2023-10-29T10:00:00Z",2.56283840333664,FALSE,FALSE,2.59250877443686,36,168,79.806875,1.01157715252807
"100","2023-10-29T11:00:00Z",2.35312325487862,FALSE,FALSE,2.53027371426148,42,157,81.4372916666667,1.07528311957973
"100","2023-10-29T12:00:00Z",2.39048633203641,FALSE,FALSE,2.50136126877134,30,165,79.7851020408163,1.0463817488722
"100","2023-10-29T13:00:00Z",2.18658891272856,FALSE,FALSE,2.30118454063944,36,152,74.0808163265306,1.05240840070294
"100","2023-10-29T14:00:00Z",2.31574222962834,FALSE,FALSE,2.37016958739913,36,153,79.7836734693878,1.02350320215887
"100","2023-10-29T15:00:00Z",2.28976881520848,FALSE,FALSE,2.3286208737234,30,151,89.8135416666667,1.01696767737287
"100","2023-10-29T16:00:00Z",1.50120226956895,FALSE,FALSE,1.45716069857627,54,93,95.4732653061225,0.970662467086911
"100","2023-10-29T17:00:00Z",0.653367460298145,FALSE,FALSE,0.92488959640017,54,60,96.1655102040816,1.4155733987397
"100","2023-10-29T18:00:00Z",0.88685580600216,FALSE,FALSE,1.05863475210426,54,67,96.5108333333333,1.19369433558366
"100","2023-10-29T19:00:00Z",1.27112790858848,FALSE,FALSE,1.39120696290868,42,94,96.7738775510204,1.09446653913338
"100","2023-10-29T20:00:00Z",1.12096902011363,FALSE,FALSE,1.17307485638144,60,77,97.0854166666667,1.04648285129461
"100","2023-10-29T21:00:00Z",0.598051812985432,FALSE,FALSE,0.861120702819152,78,65,97.4647916666667,1.43987641893517
"100","2023-10-29T22:00:00Z",1.33342631266688,FALSE,FALSE,1.33009706378888,72,81,97.6666666666667,0.997503237451993
"100","2023-10-30T00:00:00Z",0.53668586142891,FALSE,FALSE,0.937808632367913,90,104,98.0953191489362,1.74740700243347
"100","2023-10-31T15:00:00Z",1.58623869730824,FALSE,FALSE,1.75803379744929,48,102,95.5538775510204,1.10830343531057
"100","2023-10-31T16:00:00Z",1.86001459376225,FALSE,FALSE,1.90644963792766,66,105,90.6491489361702,1.02496488163111
"100","2023-10-31T17:00:00Z",1.64840396821877,FALSE,FALSE,1.62054611039872,60,97,81.5783673469388,0.983100102670733
"100","2023-10-31T18:00:00Z",1.62920215335892,FALSE,FALSE,1.57568017622122,54,98,76.7426530612245,0.967148351094826
"100","2023-10-31T19:00:00Z",1.54618982905078,FALSE,FALSE,1.56092782332004,48,95,75.6060869565217,1.0095318142652
"100","2023-10-31T20:00:00Z",1.99147643350904,FALSE,FALSE,1.80679816093594,90,106,72.6504166666667,0.907265650014403
"100","2023-10-31T21:00:00Z",2.01701216882313,FALSE,FALSE,2.05020895928777,36,132,83.5804081632653,1.01645839870367
"100","2023-10-31T22:00:00Z",1.80239777349745,FALSE,FALSE,1.91585772042403,30,126,87.7795833333333,1.06294944911434
"100","2023-10-31T23:00:00Z",1.97741417475335,FALSE,FALSE,2.06427426228972,48,122,88.881914893617,1.04392609734742
"100","2023-11-01T00:00:00Z",1.79723007942462,FALSE,FALSE,1.88452387921989,24,125,89.4345833333333,1.04857129913117
"100","2023-11-01T01:00:00Z",1.77290310647202,FALSE,FALSE,1.84036574262195,36,116,89.618125,1.03805207171427
"100","2023-11-01T02:00:00Z",1.98962173076223,FALSE,FALSE,1.90801568550251,66,116,86.0277551020408,0.958984140553966
"100","2023-11-01T03:00:00Z",1.9058210606912,FALSE,FALSE,1.88546203304188,60,112,83.213125,0.989317450589021
"100","2023-11-01T04:00:00Z",1.89800084237053,FALSE,FALSE,1.83562640828254,60,110,85.5906382978723,0.967136772178623
"101","2023-10-02T05:00:00Z",3.40396115582048,FALSE,FALSE,3.37416865543712,78,193,97.1716666666667,0.99124769672168
"101","2023-10-02T07:00:00Z",3.73321874290254,FALSE,FALSE,3.52026653182503,90,198,97.4581632653061,0.942957478320183
"101","2023-10-02T08:00:00Z",3.47898424130094,FALSE,FALSE,2.99470761050115,114,169,97.0502040816327,0.86079941810294
"101","2023-10-02T09:00:00Z",3.44662875267092,FALSE,FALSE,3.21614007946496,84,184,95.5516326530612,0.933126341783303
"101","2023-10-02T10:00:00Z",3.46932652922993,FALSE,FALSE,3.18151197025609,96,173,96.149387755102,0.917040221913696
"101","2023-10-02T11:00:00Z",2.35881658341956,FALSE,FALSE,2.08589417859655,102,120,97.3844897959184,0.884296894153866
"101","2023-10-02T12:00:00Z",2.83503732552812,FALSE,FALSE,2.25690637210828,132,131,98.1673469387755,0.79607642262271
"101","2023-10-02T13:00:00Z",3.13546011836429,FALSE,FALSE,2.8028683182848,102,152,96.550612244898,0.893925679956343
"101","2023-10-02T14:00:00Z",3.09174608120469,FALSE,FALSE,2.71338311133986,96,160,90.8575,0.87762158989544
"101","2023-10-02T15:00:00Z",3.17011691786513,FALSE,FALSE,3.22625696922406,54,204,88.575306122449,1.01770914222203
"101","2023-10-02T16:00:00Z",3.14530952909304,FALSE,FALSE,2.95002897637866,84,168,83.0875510204082,0.937913724894768
"101","2023-10-02T17:00:00Z",3.41888385583746,FALSE,FALSE,3.27317955469427,78,195,77.0789795918367,0.957382494613143
"101","2023-10-02T18:00:00Z",3.18774394358033,FALSE,FALSE,3.41421907012814,54,217,77.0683673469388,1.07104558288124
"101","2023-10-02T19:00:00Z",3.56061889503398,FALSE,FALSE,3.65346629108296,60,226,76.6836734693878,1.0260761959609
"101","2023-10-02T20:00:00Z",3.88315204557491,FALSE,FALSE,3.89343391176467,42,457,79.7020408163265,1.00264781447368
"101","2023-10-02T21:00:00Z",4.22352895805689,FALSE,FALSE,4.29361939418239,66,260,78.5458333333333,1.01659523039183
"101","2023-10-02T22:00:00Z",3.31606135011632,FALSE,FALSE,3.68532838189044,36,238,78.9946666666667,1.11135711700906
"101","2023-10-02T23:00:00Z",3.28193507318389,FALSE,FALSE,2.95632042400971,84,176,86.5707142857143,0.900785773663007
"101","2023-10-03T02:00:00Z",1.65944472664943,FALSE,FALSE,1.43521984995203,102,86,89.1165957446809,0.864879575018971
"101","2023-10-03T03:00:00Z",1.65590876511948,FALSE,FALSE,1.42118096911615,96,89,88.1796551724138,0.858248352235516
"101","2023-10-03T05:00:00Z",2.37670298281216,FALSE,FALSE,2.06931308842587,108,128,88.1158620689655,0.870665414816543
"101","2023-10-03T06:00:00Z",2.02703709734456,FALSE,FALSE,1.80309438164151,96,110,89.2702173913043,0.889522142443067
"101","2023-10-03T07:00:00Z",2.08944067764073,FALSE,FALSE,1.78260245293341,102,107,89.1532608695652,0.853148152043358
"101","2023-10-03T09:00:00Z",1.98296137992396,FALSE,FALSE,1.75095501333233,96,105,91.8255319148936,0.883000057923206
"101","2023-10-03T10:00:00Z",2.19466623947622,FALSE,FALSE,1.90518593982135,102,109,94.0459574468085,0.868098258200772
"101","2023-10-03T12:00:00Z",2.87825425684547,FALSE,FALSE,2.58167263574664,102,145,92.5682051282051,0.89695781031385
"101","2023-10-03T13:00:00Z",3.17798572747061,FALSE,FALSE,2.95679359121977,60,180,93.7883673469388,0.93039863762167
"101","2023-10-03T14:00:00Z",2.91836859991725,FALSE,FALSE,2.61471990864412,108,148,89.574347826087,0.895952591018921
"101","2023-10-03T15:00:00Z",2.66345579510137,FALSE,FALSE,2.49736947602366,78,143,84.9921739130435,0.937642547181309
"101","2023-10-03T16:00:00Z",3.06520998505591,FALSE,FALSE,2.86983969747641,84,164,79.6073469387755,0.93626202167812
"101","2023-10-03T17:00:00Z",3.284757075731,FALSE,FALSE,3.35209844042264,72,201,77.8140816326531,1.02050117044855
"101","2023-10-03T18:00:00Z",3.31060533160438,FALSE,FALSE,3.27768635358876,78,192,76.8783333333333,0.990056507883511
"101","2023-10-03T19:00:00Z",3.72418617869147,FALSE,FALSE,3.94459825953534,66,233,78.4972916666667,1.05918395866055
"101","2023-10-03T20:00:00Z",3.53109897094056,FALSE,FALSE,3.70838718820383,60,220,81.135,1.05020766019935
"101","2023-10-03T21:00:00Z",3.70967963734768,FALSE,FALSE,4.04815718906429,48,257,83.8920408163265,1.09124172025771
"101","2023-10-03T22:00:00Z",3.66733877739738,FALSE,FALSE,4.30053465772202,30,292,87.085625,1.17265813680131
"101","2023-10-03T23:00:00Z",3.74284173855188,FALSE,FALSE,4.04592338155944,48,254,89.7622916666667,1.08097634476119
"101","2023-10-04T00:00:00Z",3.41128394078373,FALSE,FALSE,3.77286908605725,54,233,90.833125,1.10599678934684
"101","2023-10-04T01:00:00Z",3.56974027038584,FALSE,FALSE,3.72092176029733,66,273,93.2558333333333,1.04235083744486
"101","2023-10-04T02:00:00Z",3.60244407931291,FALSE,FALSE,3.81144245521308,66,222,94.129387755102,1.05801571691296
"101","2023-10-04T03:00:00Z",3.30882856245668,FALSE,FALSE,3.44638435069493,72,192,95.0572916666667,1.04157235276527
"101","2023-10-04T04:00:00Z",3.36989423754318,FALSE,FALSE,3.66634771999102,54,223,95.6155102040816,1.08797115326206
"101","2023-10-04T09:00:00Z",3.06372387498554,FALSE,FALSE,3.72302977062774,12,275,91.3738775510204,1.21519755779078
"101","2023-10-04T10:00:00Z",4.01798289950794,FALSE,FALSE,3.85387034952624,72,239,95.3312244897959,0.959155488192397
"101","2023-10-04T11:00:00Z",3.88690941472708,FALSE,FALSE,4.03626724083416,60,247,96.3685416666667,1.03842585719677
"101","2023-10-04T12:00:00Z",4.44573749445716,FALSE,FALSE,4.20045006557218,84,248,96.8741666666667,0.944826380506992
"101","2023-10-04T13:00:00Z",4.82718096299017,FALSE,FALSE,4.55609534071737,72,277,96.3983673469388,0.943841835565891
"101","2023-10-04T14:00:00Z",4.74770311587073,FALSE,FALSE,4.51721430606747,66,284,93.5914285714286,0.951452564708021
"101","2023-10-04T15:00:00Z",5.17863493955716,FALSE,FALSE,5.05817181359421,66,319,86.9312765957447,0.976738440270661
"101","2023-10-04T16:00:00Z",4.93482335716196,FALSE,FALSE,4.9878854007615,48,321,75.0202040816327,1.01075257202926
"101","2023-10-04T17:00:00Z",4.99914112908489,FALSE,FALSE,5.10564884421558,60,317,74.4997872340426,1.02130520270993
"101","2023-10-04T18:00:00Z",4.69122506175305,FALSE,FALSE,4.81578082185806,60,301,73.34,1.02655079610665
"101","2023-10-04T19:00:00Z",4.38758695735419,FALSE,FALSE,4.6928323422918,48,309,74.67,1.06957021887076
"101","2023-10-04T20:00:00Z",4.52024842168334,FALSE,FALSE,5.05481228729576,42,329,76.7274468085106,1.11825984232374
"101","2023-10-04T21:00:00Z",4.25516733057642,FALSE,FALSE,4.85824089487834,30,332,81.5981632653061,1.14172734406198
"101","2023-10-04T22:00:00Z",3.80212142386224,FALSE,FALSE,4.43038123661321,24,319,84.6914285714286,1.16523928163051
"101","2023-10-04T23:00:00Z",3.73501830304025,FALSE,FALSE,4.55545302125238,24,316,88.356875,1.21966016004374
"101","2023-10-05T00:00:00Z",4.54842908860297,FALSE,FALSE,5.09332823724798,42,314,90.6714583333333,1.11979941602484
"101","2023-10-05T01:00:00Z",4.81692684090206,FALSE,FALSE,5.2989452503264,48,333,91.175,1.10006762098427
"101","2023-10-05T02:00:00Z",5.6349897930078,FALSE,FALSE,5.61517700619325,60,339,92.0420408163265,0.996483971126418
"101","2023-10-05T03:00:00Z",5.01014873492035,FALSE,FALSE,5.53315455189271,36,358,93.3830612244898,1.1043892795691
"101","2023-10-05T04:00:00Z",5.06490250228211,FALSE,FALSE,5.28586093806935,60,311,94.2914285714286,1.04362540753503
"101","2023-10-05T11:00:00Z",5.14014974153877,FALSE,FALSE,4.78439872432913,102,257,97.378125,0.930789756116493
"101","2023-10-05T12:00:00Z",3.83747255239953,FALSE,FALSE,3.68633655544477,84,206,97.3002083333333,0.960615745157511
"101","2023-10-05T13:00:00Z",4.09521568604938,FALSE,FALSE,4.10186440910651,78,236,96.499387755102,1.00162353428167
"101","2023-10-05T14:00:00Z",4.47456503299861,FALSE,FALSE,5.08061589528304,48,299,93.07,1.13544352530693
"101","2023-10-05T15:00:00Z",3.83878707334373,FALSE,FALSE,4.44616841448633,42,283,82.1545833333333,1.15822220131984
"101","2023-10-05T16:00:00Z",3.24595753326764,FALSE,FALSE,3.66439456608058,36,238,69.064693877551,1.12891019938628
"101","2023-10-05T17:00:00Z",3.06936944892373,FALSE,FALSE,3.32493394723086,48,212,65.9808163265306,1.08326286638344
"101","2023-10-05T18:00:00Z",3.67753445164043,FALSE,FALSE,4.02358287165607,42,260,64.125306122449,1.09409794104343
"101","2023-10-05T19:00:00Z",3.82465948530966,FALSE,FALSE,4.07732226715452,54,253,64.1238775510204,1.06606151026394
"101","2023-10-05T20:00:00Z",3.87071891897407,FALSE,FALSE,4.56715325085474,36,306,64.9883333333333,1.17992376777006
"101","2023-10-05T21:00:00Z",3.65313167261329,FALSE,FALSE,4.271587963707,18,314,67.3897959183673,1.1692948260612
"101","2023-10-05T22:00:00Z",3.47882039678205,FALSE,FALSE,3.8424264171069,0,349,73.396875,1.10451991734359
"101","2023-10-05T23:00:00Z",4.28350949859055,FALSE,FALSE,4.58110042511306,60,265,79.3268085106383,1.06947362358375
"101","2023-10-06T00:00:00Z",3.02849713846281,FALSE,FALSE,3.88012203326772,36,251,76.0114583333333,1.28120379708768
"101","2023-10-06T01:00:00Z",3.18872541994182,FALSE,FALSE,4.01289143820104,36,250,78.2357142857143,1.25846252333456
"101","2023-10-06T02:00:00Z",3.42094749907782,FALSE,FALSE,4.04781087364214,48,234,84.7229166666667,1.1832426176471
"101","2023-10-06T03:00:00Z",3.51490460475978,FALSE,FALSE,3.80184951033182,54,232,88.3657142857143,1.08163661260777
"101","2023-10-06T04:00:00Z",3.7082572417211,FALSE,FALSE,3.29697197853492,96,189,91.2414285714286,0.889089338636255
"101","2023-10-06T05:00:00Z",3.88166541556592,FALSE,FALSE,3.69699620508782,90,199,94.2317021276596,0.952425263203378
"101","2023-10-06T06:00:00Z",3.828960330956,FALSE,FALSE,3.75058744944729,72,221,93.8645833333333,0.979531550411978
"101","2023-10-06T07:00:00Z",3.86981106860686,FALSE,FALSE,3.86719471986504,78,217,94.7373333333333,0.999323907887121
"101","2023-10-06T08:00:00Z",3.9846169312698,FALSE,FALSE,3.86696870844292,72,229,94.2042553191489,0.970474395693193
"101","2023-10-06T09:00:00Z",4.09613274902755,FALSE,FALSE,3.7742987752052,96,208,94.7815217391304,0.921429798900254
"101","2023-10-06T10:00:00Z",3.81017237142101,FALSE,FALSE,3.5579130910008,84,202,95.54375,0.933793210429972
"101","2023-10-06T11:00:00Z",3.59415500475105,FALSE,FALSE,3.295589979406,90,183,96.4016666666667,0.916930398118507
"101","2023-10-06T12:00:00Z",3.72855304623039,FALSE,FALSE,3.38847110904122,96,186,96.6832653061225,0.908789835367102
"101","2023-10-06T13:00:00Z",3.83628753923376,FALSE,FALSE,3.85808466942067,78,207,96.2553191489362,1.00568182910274
"101","2023-10-06T14:00:00Z",3.59354112336987,FALSE,FALSE,3.69963904345868,66,215,94.7740816326531,1.02952461553837
"101","2023-10-06T15:00:00Z",3.7293344220708,FALSE,FALSE,4.0106114230523,60,238,92.9232653061224,1.07542284202695
"101","2023-10-06T16:00:00Z",3.48287881077284,FALSE,FALSE,3.72538129616501,60,218,94.4072916666667,1.06962702366849
"101","2023-10-06T17:00:00Z",3.56378476563914,FALSE,FALSE,3.60898275583283,66,210,95.1759574468085,1.01268258134708
"101","2023-10-06T18:00:00Z",3.46260738066691,FALSE,FALSE,4.03752227478783,54,236,95.5678723404255,1.16603525347138
"101","2023-10-06T19:00:00Z",3.53595574771172,FALSE,FALSE,3.73813809470023,66,216,95.9354166666667,1.05717898113384
"101","2023-10-06T20:00:00Z",3.64052247902835,FALSE,FALSE,3.73947702183413,78,209,95.3978723404255,1.02718141238677
"101","2023-10-06T21:00:00Z",3.69859975978279,FALSE,FALSE,3.92690409624323,66,221,95.3768085106383,1.06172723497766
"101","2023-10-06T22:00:00Z",3.42678609040765,FALSE,FALSE,3.7343322385964,60,212,96.0865957446808,1.0897476936333
"101","2023-10-06T23:00:00Z",3.46095056211047,FALSE,FALSE,3.77920078310045,60,214,96.5059574468085,1.09195457007508
"101","2023-10-07T00:00:00Z",3.61450060630408,FALSE,FALSE,3.81254432241867,66,213,97.1495918367347,1.05479144636722
"101","2023-10-07T01:00:00Z",3.73700625994533,FALSE,FALSE,3.74459786908004,78,208,97.6034693877551,1.00203146813429
"101","2023-10-07T02:00:00Z",3.55649179390772,FALSE,FALSE,3.83736412993244,72,217,97.280612244898,1.0789745491627
"101","2023-10-07T03:00:00Z",3.60762146836651,FALSE,FALSE,3.77317852470787,72,213,97.1087755102041,1.04589091671425
"101","2023-10-07T04:00:00Z",3.55048071231111,FALSE,FALSE,3.98971400047933,60,228,97.2497916666667,1.1237109348729
"101","2023-10-07T05:00:00Z",3.68101879424275,FALSE,FALSE,3.78831515680522,66,218,97.7522448979592,1.02914855059428
"101","2023-10-07T06:00:00Z",3.58098392304558,FALSE,FALSE,3.64726997188987,72,209,98.1424489795918,1.01851056867854
"101","2023-10-07T07:00:00Z",3.72126378790096,FALSE,FALSE,3.72125608636321,78,211,97.8441666666667,0.999997930397255
"101","2023-10-07T08:00:00Z",3.61802532746521,FALSE,FALSE,3.52516916521659,84,196,98.0408163265306,0.974335126527796
"101","2023-10-07T09:00:00Z",3.56094916683943,FALSE,FALSE,3.56789267725413,84,198,98.4091836734694,1.00194990439048
"101","2023-10-07T10:00:00Z",3.29251694141333,FALSE,FALSE,2.60177044750603,162,151,98.4479591836735,0.790207155741835
"101","2023-10-07T11:00:00Z",3.37166272406126,FALSE,FALSE,3.23926318777965,90,176,98.6304081632653,0.960731678368433
"101","2023-10-07T12:00:00Z",3.36191880116616,FALSE,FALSE,3.36506303734361,84,186,98.7481632653061,1.00093525048147
"101","2023-10-07T13:00:00Z",2.64708084380466,FALSE,FALSE,2.51568871101487,84,149,99.0491836734694,0.950363384972808
"101","2023-10-07T16:00:00Z",3.07610443153414,FALSE,FALSE,2.70117068786656,108,148,98.8714893617021,0.878114104376946
"101","2023-10-07T17:00:00Z",3.23428387221436,FALSE,FALSE,4.12976602505677,48,249,97.4145833333333,1.27687184805745
"101","2023-10-07T18:00:00Z",2.68831259050348,FALSE,FALSE,3.40675673861457,24,240,94.5265306122449,1.267247250431
"101","2023-10-07T19:00:00Z",2.64731160404168,FALSE,FALSE,3.42147625486741,18,247,90.840612244898,1.2924342754528
"101","2023-10-07T20:00:00Z",2.88180163330229,FALSE,FALSE,3.60923360164657,12,272,93.5116666666667,1.25242263726206
"101","2023-10-07T21:00:00Z",3.98144590936811,FALSE,FALSE,3.87186949924432,84,222,97.7947916666667,0.972478237148478
"101","2023-10-07T22:00:00Z",3.81301120478332,FALSE,FALSE,3.51059533528677,90,203,98.3995918367347,0.920688439331841
"101","2023-10-07T23:00:00Z",1.76556228459796,FALSE,FALSE,1.43574113579152,120,97,99.0148979591837,0.813192005921476
"101","2023-10-08T00:00:00Z",1.05529753785776,FALSE,FALSE,0.922655359066543,120,54,98.7041666666667,0.874308264699944
"101","2023-10-08T13:00:00Z",0.958714987812456,FALSE,FALSE,0.708325831898501,162,43,97.6585106382979,0.738828370165278
"101","2023-10-08T14:00:00Z",0.842824388687381,FALSE,FALSE,0.717450697608752,120,41,94.6610204081633,0.851245772237457
"101","2023-10-08T15:00:00Z",0.770468636887015,FALSE,FALSE,0.71549945915091,78,45,92.02625,0.928654879505282
"101","2023-10-08T16:00:00Z",1.46099761613043,FALSE,FALSE,1.30056662005387,90,81,90.9567346938776,0.890190788605478
"101","2023-10-08T17:00:00Z",1.01250086185491,FALSE,FALSE,0.956817567752509,78,59,87.148125,0.945004200786171
"101","2023-10-08T18:00:00Z",1.8155280649315,FALSE,FALSE,1.65572166968186,90,99,84.0495833333333,0.911978008857897
"101","2023-10-08T19:00:00Z",1.56033952658736,FALSE,FALSE,1.55283638803042,66,95,83.4365306122449,0.995191342378318
"101","2023-10-08T20:00:00Z",3.43164393474518,FALSE,FALSE,2.99714199710716,96,178,82.923125,0.873383735055168
"101","2023-10-08T21:00:00Z",3.01078569773456,FALSE,FALSE,2.69883678037705,90,156,81.4395744680851,0.89638953128008
"101","2023-10-08T22:00:00Z",3.16227688743828,FALSE,FALSE,2.88830079836757,78,177,84.9536734693878,0.913361132240177
"101","2023-10-08T23:00:00Z",1.93467430218933,FALSE,FALSE,1.62805752595886,108,99,86.4675510204082,0.841515041635955
"101","2023-10-09T00:00:00Z",2.18743691965874,FALSE,FALSE,1.79935454947015,120,108,86.4360416666667,0.822585800440304
"101","2023-10-09T01:00:00Z",1.77627282643854,FALSE,FALSE,1.53266152333799,108,95,87.3832653061225,0.862852541864871
"101","2023-10-09T02:00:00Z",1.98854464347183,FALSE,FALSE,1.700764727296,96,108,88.0336734693878,0.855281138836597
"101","2023-10-09T03:00:00Z",2.07820204055502,FALSE,FALSE,1.781543780211,114,102,89.4632653061225,0.85725244487548
"101","2023-10-09T04:00:00Z",2.20904516280268,FALSE,FALSE,1.94557579862694,90,122,90.5389583333333,0.880731562843437
"101","2023-10-09T05:00:00Z",2.48314404738687,FALSE,FALSE,2.18901288448862,96,128,91.5828571428571,0.881548892337606
"101","2023-10-09T06:00:00Z",2.04937140070107,FALSE,FALSE,1.79865913851208,102,106,93.0934693877551,0.877663823110236
"101","2023-10-09T07:00:00Z",1.93912849748138,FALSE,FALSE,1.71438702556149,102,102,92.8122448979592,0.884101815732277
"101","2023-10-09T08:00:00Z",1.5877542052316,FALSE,FALSE,1.43635296443545,90,86,94.0532653061225,0.904644408878092
"101","2023-10-09T09:00:00Z",1.75054773410912,FALSE,FALSE,1.59438442704441,72,98,94.6612244897959,0.910791745907927
"101","2023-10-09T10:00:00Z",1.70494556132111,FALSE,FALSE,1.44944260368201,120,79,95.264375,0.850140108027194
"101","2023-10-09T11:00:00Z",1.62397929000058,FALSE,FALSE,1.42963174406603,84,87,95.7425,0.88032633966996
"101","2023-10-09T12:00:00Z",1.76761554989207,FALSE,FALSE,1.74435226019647,66,100,95.7374468085106,0.986839168903544
"101","2023-10-09T13:00:00Z",1.32113658007871,FALSE,FALSE,1.08767643153322,12,290,96.5736956521739,0.823288407825647
"101","2023-10-09T14:00:00Z",1.74137143604993,FALSE,FALSE,1.51907219304889,96,91,89.8161224489796,0.872342431718473
"101","2023-10-09T15:00:00Z",2.4298334021288,FALSE,FALSE,2.18951903887953,96,127,83.4344897959184,0.9010984197358
"101","2023-10-09T16:00:00Z",2.37865819420283,FALSE,FALSE,2.23843804435611,72,136,79.1067346938776,0.941050736003829
"101","2023-10-09T17:00:00Z",2.32414643642523,FALSE,FALSE,2.08784073532254,96,129,72.89625,0.89832581226416
"101","2023-10-09T18:00:00Z",2.16192543108364,FALSE,FALSE,2.06565724447548,66,127,72.6828571428571,0.955471088306731
"101","2023-10-09T19:00:00Z",2.90355639940308,FALSE,FALSE,2.74533743766036,78,154,72.1757142857143,0.94550856261127
"101","2023-10-09T20:00:00Z",2.71555345686709,FALSE,FALSE,2.67560255981279,72,151,71.4316326530612,0.985288119829394
"101","2023-10-09T21:00:00Z",2.66736897513956,FALSE,FALSE,2.88530987463092,54,169,72.3891836734694,1.0817063186693
"101","2023-10-09T22:00:00Z",3.38160337581456,FALSE,FALSE,3.25811810152392,78,180,75.7597959183673,0.963483217702637
"101","2023-10-09T23:00:00Z",3.43108320535065,FALSE,FALSE,3.25933064610313,84,183,76.0930612244898,0.949942175992795
"101","2023-10-10T00:00:00Z",2.05846703000161,FALSE,FALSE,1.76192556688627,108,111,79.0563265306122,0.855940630190656
"101","2023-10-10T01:00:00Z",2.63094368717758,FALSE,FALSE,2.14989963784308,114,138,78.4479591836735,0.817159123671495
"101","2023-10-10T02:00:00Z",3.00991069626586,FALSE,FALSE,2.54836322050472,108,147,77.2733333333333,0.846657418662376
"101","2023-10-10T03:00:00Z",2.18049235938064,FALSE,FALSE,1.95951326362268,84,117,81.034081632653,0.898656331077113
"101","2023-10-10T04:00:00Z",1.73917261266842,FALSE,FALSE,1.74512287115412,54,108,86.2785714285714,1.00342131565456
"101","2023-10-10T05:00:00Z",1.96973913359304,FALSE,FALSE,1.88580926429622,72,113,87.9085416666667,0.957390363086445
"101","2023-10-10T06:00:00Z",1.89850143102507,FALSE,FALSE,1.8085986935775,72,110,88.9340816326531,0.95264542023599
"101","2023-10-10T07:00:00Z",1.78656902592774,FALSE,FALSE,1.64127957562397,66,105,89.9289361702128,0.918676833531064
"101","2023-10-10T08:00:00Z",2.0041219830969,FALSE,FALSE,1.98756539315097,60,115,90.7931914893617,0.991738731431734
"101","2023-10-10T09:00:00Z",1.92221970442322,FALSE,FALSE,1.80806270253851,72,106,92.3782978723404,0.940611886548648
"101","2023-10-10T10:00:00Z",1.7945173806957,FALSE,FALSE,1.67431585908169,84,97,94.1665217391304,0.933017354466966
"101","2023-10-10T11:00:00Z",1.87855407075962,FALSE,FALSE,1.7575225575962,78,101,93.5020833333333,0.935571983235767
"101","2023-10-10T12:00:00Z",1.88243980045559,FALSE,FALSE,1.8514939122169,66,105,93.895625,0.983560755445566
"101","2023-10-10T13:00:00Z",2.05599061968206,FALSE,FALSE,1.85699327481911,84,110,88.035625,0.903210966549197
"101","2023-10-10T14:00:00Z",2.51561629597613,FALSE,FALSE,2.67911404274286,72,143,83.6675510204082,1.06499311799985
"101","2023-10-10T15:00:00Z",2.45285436664045,FALSE,FALSE,2.26932925779845,78,134,84.1273469387755,0.92517896238032
"101","2023-10-10T16:00:00Z",2.19894981374323,FALSE,FALSE,1.96080794180384,90,116,82.5534693877551,0.891701997721352
"101","2023-10-10T17:00:00Z",2.71354728134009,FALSE,FALSE,2.79368461458667,60,166,77.0151020408163,1.02953231506141
"101","2023-10-10T18:00:00Z",1.93860360177279,FALSE,FALSE,2.41983617942563,36,155,73.21,1.24823670873858
"101","2023-10-10T19:00:00Z",2.15852121830151,FALSE,FALSE,2.66155081564698,42,164,76.0077551020408,1.23304361943743
"101","2023-10-10T20:00:00Z",3.06319097605722,FALSE,FALSE,2.86582519244746,84,165,80.675,0.935568567173112
"101","2023-10-10T21:00:00Z",3.05749016965272,FALSE,FALSE,3.14751209793413,72,173,74.6818367346939,1.02944308020184
"101","2023-10-10T22:00:00Z",2.74761648351043,FALSE,FALSE,3.2323747257055,30,215,76.98625,1.17642864100732
"101","2023-10-10T23:00:00Z",2.40452863522743,FALSE,FALSE,2.83259446589351,36,171,82.6308163265306,1.17802484212279
"101","2023-10-11T00:00:00Z",2.33793388692048,FALSE,FALSE,2.26502673992611,66,143,86.9518367346939,0.968815565143973
"101","2023-10-11T01:00:00Z",2.0095629392245,FALSE,FALSE,1.80799944762935,90,109,89.1697916666667,0.899697845904273
"101","2023-10-11T02:00:00Z",2.06667181748889,FALSE,FALSE,1.94577739760859,78,117,89.8030612244898,0.941502845852327
"101","2023-10-11T03:00:00Z",1.93716061540452,FALSE,FALSE,1.7412407834134,90,101,91.7508510638298,0.898862370815747
"101","2023-10-11T04:00:00Z",1.93429161893694,FALSE,FALSE,1.68727367469633,102,98,92.366170212766,0.872295396504708
"101","2023-10-11T05:00:00Z",1.85192260823262,FALSE,FALSE,1.80077421928476,66,109,92.6275,0.972380925250072
"101","2023-10-11T06:00:00Z",1.74184699500601,FALSE,FALSE,1.73068306668215,60,109,93.2497916666667,0.993590752600047
"101","2023-10-11T07:00:00Z",1.79778886269861,FALSE,FALSE,1.70939357524291,66,105,95.1942553191489,0.950831107428813
"101","2023-10-11T08:00:00Z",1.76176634641005,FALSE,FALSE,1.57273580770873,102,90,95.429375,0.892703967761386
"101","2023-10-11T09:00:00Z",1.85430586950162,FALSE,FALSE,1.7131230085176,60,107,94.43625,0.923862150626768
"101","2023-10-11T10:00:00Z",1.88969555504657,FALSE,FALSE,1.66383521710446,90,101,94.6334782608696,0.880477922838452
"101","2023-10-11T11:00:00Z",1.99707686317233,FALSE,FALSE,1.89359264585919,72,116,95.8883333333333,0.948182156019396
"101","2023-10-11T12:00:00Z",2.04845999635747,FALSE,FALSE,1.68899519258495,120,98,95.7437777777778,0.824519490538398
"101","2023-10-11T13:00:00Z",2.68375441740129,FALSE,FALSE,2.32064794436605,108,135,95.0285714285714,0.86470204923339
"101","2023-10-11T14:00:00Z",3.39653192502781,FALSE,FALSE,3.17493197363848,78,183,90.9736170212766,0.934756994404663
"101","2023-10-11T15:00:00Z",3.68755813951456,FALSE,FALSE,3.35751417064094,90,189,86.4395918367347,0.910497961961063
"101","2023-10-11T16:00:00Z",2.94193732966239,FALSE,FALSE,3.31109094733637,54,197,78.7791666666667,1.12547976938596
"101","2023-10-11T17:00:00Z",1.9357275340519,FALSE,FALSE,1.89051292987981,72,113,73.6918367346939,0.97664206176918
"101","2023-10-11T18:00:00Z",1.82052988146159,FALSE,FALSE,1.80240419935356,60,111,70.9627083333333,0.99004373271068
"101","2023-10-11T19:00:00Z",3.10346300480898,FALSE,FALSE,2.8238630468822,90,156,76.2902083333333,0.909907107803918
"101","2023-10-11T20:00:00Z",2.74912535389149,FALSE,FALSE,2.88857186266519,60,167,74.401914893617,1.0507239542847
"101","2023-10-11T21:00:00Z",2.82094011507945,FALSE,FALSE,2.99288082802897,72,167,72.4265306122449,1.0609515643492
"101","2023-10-11T22:00:00Z",2.66708544305552,FALSE,FALSE,2.83848248296846,72,154,75.2891836734694,1.06426379790689
"101","2023-10-11T23:00:00Z",2.34955273188103,FALSE,FALSE,2.84011586926541,30,184,79.0389583333333,1.20879000957414
"101","2023-10-12T00:00:00Z",2.51582969711417,FALSE,FALSE,2.35439372389896,78,145,82.9638775510204,0.935831915252296
"101","2023-10-12T01:00:00Z",2.69887527747441,FALSE,FALSE,2.37074975751585,102,144,83.9218367346939,0.878421384382895
"101","2023-10-12T02:00:00Z",2.61647033917089,FALSE,FALSE,2.30999456229025,96,147,83.8322448979592,0.88286671081555
"101","2023-10-12T03:00:00Z",1.94850092829924,FALSE,FALSE,1.83210809385343,72,110,86.0244897959184,0.940265445730424
"101","2023-10-12T04:00:00Z",1.87078111941719,FALSE,FALSE,1.63364747551663,96,95,88.2235416666667,0.873243512327923
"101","2023-10-12T05:00:00Z",1.83751428232652,FALSE,FALSE,1.59853250557875,102,97,89.198125,0.869942901099419
"101","2023-10-12T06:00:00Z",2.37428087180679,FALSE,FALSE,2.12577253348137,90,131,89.946,0.895333218038222
"101","2023-10-12T07:00:00Z",2.13511697530123,FALSE,FALSE,2.03706799573112,42,138,90.3983673469388,0.954077935446006
"101","2023-10-12T08:00:00Z",1.9653452379818,FALSE,FALSE,1.73815898765768,102,101,90.9272916666667,0.884403897120171
"101","2023-10-12T09:00:00Z",2.33275560027371,FALSE,FALSE,2.22782903047519,60,139,91.2276086956522,0.955020333126107
"101","2023-10-12T10:00:00Z",2.17399152848072,FALSE,FALSE,2.14428066071867,72,124,91.7476595744681,0.986333494232696
"101","2023-10-12T11:00:00Z",2.10379936976574,FALSE,FALSE,1.97089931852272,66,123,92.5358333333333,0.936828552592532
"101","2023-10-12T12:00:00Z",1.77038141544228,FALSE,FALSE,1.70846239186767,72,98,94.945652173913,0.965025037523266
"101","2023-10-12T13:00:00Z",2.04656198810659,FALSE,FALSE,1.75911434330116,102,101,94.1769387755102,0.859546084371786
"101","2023-10-12T14:00:00Z",2.84588336793236,FALSE,FALSE,2.53536769622803,96,141,81.5722448979592,0.890889530047773
"101","2023-10-12T15:00:00Z",2.49901588690841,FALSE,FALSE,2.43047060257697,66,146,75.0312244897959,0.972571089007266
"101","2023-10-12T16:00:00Z",2.43070970013052,FALSE,FALSE,2.60846696237725,60,151,69.8793617021277,1.07312977861453
"101","2023-10-12T17:00:00Z",2.86125585240442,FALSE,FALSE,2.59227305299609,78,157,67.4542857142857,0.905991350202992
"101","2023-10-12T18:00:00Z",2.31393460557452,FALSE,FALSE,2.16359907104888,72,129,66.1383333333333,0.935030344347905
"101","2023-10-12T19:00:00Z",2.88131911101078,FALSE,FALSE,2.68219683089458,78,158,68.8612244897959,0.93089197258462
"101","2023-10-12T20:00:00Z",2.64119049466484,FALSE,FALSE,2.99819922843019,54,178,71.118125,1.13516962691123
"101","2023-10-12T21:00:00Z",2.71310259880343,FALSE,FALSE,3.22595225138435,24,221,71.820612244898,1.18902700281482
"101","2023-10-12T22:00:00Z",2.97369478596764,FALSE,FALSE,3.40380061876606,48,205,78.9429166666667,1.14463684532388
"101","2023-10-12T23:00:00Z",3.26025796458896,FALSE,FALSE,3.17579347229531,72,187,81.6420833333333,0.974092696586879
"101","2023-10-13T00:00:00Z",3.78177188513758,FALSE,FALSE,3.3576527925294,90,199,81.44875,0.887851751641876
"101","2023-10-13T01:00:00Z",3.40722804468038,FALSE,FALSE,3.07109617722209,90,180,81.7920408163265,0.90134741113584
"101","2023-10-13T02:00:00Z",2.69973482390833,FALSE,FALSE,2.68061342539794,60,159,84.0724489795918,0.992917304936374
"101","2023-10-13T03:00:00Z",2.3730063773855,FALSE,FALSE,2.25720966782479,72,136,87.8851020408163,0.951202529135933
"101","2023-10-13T04:00:00Z",1.96002911494328,FALSE,FALSE,1.92452486799212,60,119,89.760612244898,0.981885857367897
"101","2023-10-13T05:00:00Z",2.2496995342427,FALSE,FALSE,2.08456028013769,84,123,91.465625,0.926594973421373
"101","2023-10-13T06:00:00Z",2.15462332057594,FALSE,FALSE,2.05902562626686,66,124,90.7491836734694,0.95563136563308
"101","2023-10-13T07:00:00Z",1.75624519772687,FALSE,FALSE,1.65587119157681,60,103,91.2716666666667,0.94284738470461
"101","2023-10-13T08:00:00Z",1.73754054483986,FALSE,FALSE,1.66730920668847,78,101,92.46125,0.959580029162504
"101","2023-10-13T09:00:00Z",1.75502592805289,FALSE,FALSE,1.71434658609917,78,98,93.3302040816327,0.976821230214614
"101","2023-10-13T10:00:00Z",1.63214413729671,FALSE,FALSE,1.56138651733505,72,94,91.358125,0.95664744409225
"101","2023-10-13T11:00:00Z",1.77533992198696,FALSE,FALSE,1.68936153405406,66,99,91.803829787234,0.951570746048073
"101","2023-10-13T12:00:00Z",1.47658764797585,FALSE,FALSE,1.27715492271292,108,71,93.1740425531915,0.864936750936311
"101","2023-10-13T13:00:00Z",1.12668017407924,FALSE,FALSE,0.911767388381974,126,54,90.6104347826087,0.809251293630957
"101","2023-10-13T14:00:00Z",2.51770207064931,FALSE,FALSE,2.18865952167681,102,127,83.1683333333333,0.869308385289748
"101","2023-10-13T15:00:00Z",1.63628406680355,FALSE,FALSE,1.64203651128596,48,103,77.1422448979592,1.00351555368601
"101","2023-10-13T16:00:00Z",2.40021880889724,FALSE,FALSE,2.32300947341875,66,134,71.0922448979592,0.967832376284908
"101","2023-10-13T17:00:00Z",2.30481738293002,FALSE,FALSE,2.16457509481583,78,130,67.8795918367347,0.939152538004592
"101","2023-10-13T18:00:00Z",1.93310025741285,FALSE,FALSE,2.61621594558851,24,180,67.1689795918367,1.35337830283562
"101","2023-10-13T19:00:00Z",2.76414969462436,FALSE,FALSE,2.96943079986788,60,169,66.59375,1.07426555285437
"101","2023-10-13T20:00:00Z",3.00286436933248,FALSE,FALSE,3.19192743229737,66,175,71.315625,1.06296090655834
"101","2023-10-13T21:00:00Z",2.51337455808302,FALSE,FALSE,2.80542828538169,48,167,69.4157142857143,1.11619984230342
"101","2023-10-13T22:00:00Z",2.61561378692264,FALSE,FALSE,2.86455860379745,48,170,73.95875,1.09517644314289
"101","2023-10-13T23:00:00Z",2.10953883051036,FALSE,FALSE,2.02396873771773,66,122,81.4548979591837,0.959436587961773
"101","2023-10-14T00:00:00Z",1.92657671382581,FALSE,FALSE,1.82408597882754,66,116,84.6710204081633,0.946801633040222
"101","2023-10-14T01:00:00Z",1.77438566443739,FALSE,FALSE,1.66632401002752,72,102,87.3669387755102,0.939099116626297
"101","2023-10-14T03:00:00Z",1.42924850652239,FALSE,FALSE,1.29387394902317,90,76,87.6691666666667,0.905282701446645
"101","2023-10-14T04:00:00Z",1.52647832052039,FALSE,FALSE,1.35234653575962,84,79,88.6358695652174,0.885925805548673
"101","2023-10-14T05:00:00Z",1.41239580365802,FALSE,FALSE,1.23511462412611,90,76,90.6648936170213,0.874481941200364
"101","2023-10-14T07:00:00Z",1.54449140075602,FALSE,FALSE,1.37470505989516,96,78,91.1857446808511,0.890069740253814
"101","2023-10-14T08:00:00Z",1.34085103534835,FALSE,FALSE,1.15875605944243,108,68,92.1987234042553,0.864194477160085
"101","2023-10-14T09:00:00Z",1.16886573671947,FALSE,FALSE,1.00382397532246,114,55,93.0244444444444,0.858801780040009
"101","2023-10-14T10:00:00Z",1.33014757324126,FALSE,FALSE,1.16916980922014,102,64,92.7010638297872,0.878977515533218
"101","2023-10-14T11:00:00Z",1.38789527835196,FALSE,FALSE,1.25809248585881,84,73,93.1959574468085,0.906475081717052
"101","2023-10-14T12:00:00Z",1.21007513329349,FALSE,FALSE,1.03764960878645,102,62,92.8797826086956,0.857508414343041
"101","2023-10-14T13:00:00Z",1.92338440963952,FALSE,FALSE,1.62759458263729,120,92,90.2639583333333,0.84621387928497
"101","2023-10-14T14:00:00Z",2.12715713494353,FALSE,FALSE,1.84796184535767,90,111,84.5387755102041,0.868747218999748
"101","2023-10-14T15:00:00Z",2.3093028439548,FALSE,FALSE,2.09637028107819,90,123,79.2172916666667,0.907793573530636
"101","2023-10-14T16:00:00Z",2.06285218593693,FALSE,FALSE,1.93417765568913,72,117,75.9654166666667,0.937623000268752
"101","2023-10-14T17:00:00Z",1.9912214334434,FALSE,FALSE,1.96533729647682,66,117,75.699375,0.987000874673282
"101","2023-10-14T18:00:00Z",2.24006286712602,FALSE,FALSE,2.11838917975918,72,127,77.1118367346939,0.945682914014398
"101","2023-10-14T19:00:00Z",2.56496132610258,FALSE,FALSE,2.44391271184799,78,139,76.3995833333333,0.952806846238682
"101","2023-10-14T20:00:00Z",2.45464399806325,FALSE,FALSE,2.40699742513733,66,136,74.6495918367347,0.980589212544256
"101","2023-10-14T21:00:00Z",2.30875526331834,FALSE,FALSE,2.66345725066619,36,169,77.9589583333333,1.15363342879316
"101","2023-10-14T22:00:00Z",2.79255267601406,FALSE,FALSE,2.815624396483,66,164,83.0983673469388,1.00826187475964
"101","2023-10-14T23:00:00Z",2.4894710055765,FALSE,FALSE,2.24080275797617,84,138,86.0063265306122,0.90011201293636
"101","2023-10-15T00:00:00Z",2.25343107516014,FALSE,FALSE,2.0651129980321,90,119,86.8110204081633,0.916430513804528
"101","2023-10-15T01:00:00Z",1.74081895839055,FALSE,FALSE,1.74830536424019,72,98,87.5420408163265,1.00430050799571
"101","2023-10-15T02:00:00Z",2.11607161265207,FALSE,FALSE,1.99628874298233,78,122,88.6644897959184,0.943393754278661
"101","2023-10-15T04:00:00Z",2.51335650784584,FALSE,FALSE,2.17382949437368,108,124,88.8276595744681,0.864910921943513
"101","2023-10-15T05:00:00Z",2.02034122831991,FALSE,FALSE,1.96504261023836,48,127,88.204693877551,0.972629070126171
"101","2023-10-15T06:00:00Z",1.72109633250589,FALSE,FALSE,1.59031985736127,66,102,88.5571428571429,0.92401559827031
"101","2023-10-15T07:00:00Z",1.56552367601168,FALSE,FALSE,1.35535358879363,96,84,90.1322448979592,0.865750936610892
"101","2023-10-15T08:00:00Z",1.98377486950686,FALSE,FALSE,1.86710579287842,78,107,89.4551020408163,0.941188348324307
"101","2023-10-15T09:00:00Z",1.92055193532023,FALSE,FALSE,1.73268063782742,96,100,91.3847916666667,0.902178486279007
"101","2023-10-15T10:00:00Z",1.77627538588264,FALSE,FALSE,1.67148665551199,72,100,91.289387755102,0.941006484015099
"101","2023-10-15T11:00:00Z",1.97079664197079,FALSE,FALSE,1.83592039521898,84,106,91.6663265306122,0.931562575316275
"101","2023-10-15T12:00:00Z",1.77161885319835,FALSE,FALSE,1.63573429460216,84,95,91.689375,0.92329921396418
"101","2023-10-15T13:00:00Z",1.84647837827129,FALSE,FALSE,1.55825798936583,102,94,90.95375,0.843908061801788
"101","2023-10-15T14:00:00Z",2.74514064851642,FALSE,FALSE,2.35085872432156,108,137,86.3939583333333,0.856370957018927
"101","2023-10-15T15:00:00Z",2.37265691443909,FALSE,FALSE,2.03769978445391,102,121,82.734375,0.858826142141853
"101","2023-10-15T16:00:00Z",2.59874317524084,FALSE,FALSE,2.25070680123673,102,137,76.3275510204082,0.866075117649186
"101","2023-10-15T17:00:00Z",2.40091786409554,FALSE,FALSE,2.38644786225959,72,130,74.0067346938775,0.993973137501977
"101","2023-10-15T18:00:00Z",2.64447641010163,FALSE,FALSE,2.55356564478714,72,147,70.660612244898,0.965622395054381
"101","2023-10-15T19:00:00Z",2.50939837346671,FALSE,FALSE,2.51826344988613,72,138,69.5930612244898,1.00353274972725
"101","2023-10-15T20:00:00Z",2.40386542744868,FALSE,FALSE,2.63586412128659,54,153,70.2677083333333,1.09651068283142
"101","2023-10-15T21:00:00Z",2.61052169069312,FALSE,FALSE,2.66393198807087,66,150,72.6036734693878,1.02045962596985
"101","2023-10-15T22:00:00Z",2.74064886341065,FALSE,FALSE,2.83531575807454,66,158,75.6675,1.03454178166629
"101","2023-10-15T23:00:00Z",2.0757480337165,FALSE,FALSE,1.96304253699455,60,123,79.4528571428571,0.945703671692677
"101","2023-10-16T00:00:00Z",1.79497442262044,FALSE,FALSE,1.63526781623221,78,100,84.920612244898,0.911025692413443
"101","2023-10-16T01:00:00Z",1.51388725986735,FALSE,FALSE,1.41512295190714,60,89,88.0495833333333,0.9347611208718
"101","2023-10-16T02:00:00Z",1.4196024505834,FALSE,FALSE,1.27555327205746,78,81,88.5041666666667,0.898528508127933
"101","2023-10-16T03:00:00Z",1.3299115289763,FALSE,FALSE,1.19809824252725,84,72,89.4027659574468,0.900885672785678
"101","2023-10-16T04:00:00Z",1.32981548758807,FALSE,FALSE,1.08756528061592,120,68,90.8661224489796,0.817831714825695
"101","2023-10-16T05:00:00Z",1.71043363840637,FALSE,FALSE,1.63014837351764,66,98,93.0044680851064,0.953061455828515
"101","2023-10-16T06:00:00Z",1.43441675247397,FALSE,FALSE,1.33636907475072,90,75,95.0132653061224,0.93164631021344
"101","2023-10-16T07:00:00Z",1.66679410157258,FALSE,FALSE,1.55716996598673,90,88,95.4591666666667,0.934230547442892
"101","2023-10-16T08:00:00Z",1.58458261708996,FALSE,FALSE,1.45134363969806,96,83,95.2597959183673,0.915915411443432
"101","2023-10-16T09:00:00Z",1.70276518223078,FALSE,FALSE,1.5939266926149,78,92,95.7327659574468,0.936081327741685
"101","2023-10-16T10:00:00Z",1.30653799660875,FALSE,FALSE,1.16539874564964,102,66,95.2535416666667,0.891974629650688
"101","2023-10-16T11:00:00Z",1.5628731859297,FALSE,FALSE,1.3242485207675,114,72,96.1393617021277,0.847316681026645
"101","2023-10-16T12:00:00Z",1.7083730184628,FALSE,FALSE,1.47599255367075,108,84,96.489375,0.863975570744409
"101","2023-10-16T13:00:00Z",2.12317167062388,FALSE,FALSE,1.95240006142847,96,111,95.00875,0.919567686608578
"101","2023-10-16T14:00:00Z",2.518167631661,FALSE,FALSE,2.47424525919048,72,141,89.8781632653061,0.982557804366045
"101","2023-10-16T15:00:00Z",2.89458390086382,FALSE,FALSE,2.75040277967989,72,161,85.6932653061225,0.95018934460981
"101","2023-10-16T16:00:00Z",2.49350856501689,FALSE,FALSE,2.5250284827989,66,145,81.191875,1.01264078985901
"101","2023-10-16T17:00:00Z",2.58643628155405,FALSE,FALSE,2.42589645751855,78,142,77.0132653061224,0.937930106695288
"101","2023-10-16T18:00:00Z",2.00579408036051,FALSE,FALSE,2.25480273624514,42,141,78.2670833333333,1.12414467582827
"101","2023-10-16T19:00:00Z",2.05173313692906,FALSE,FALSE,2.30430564828108,42,140,84.360625,1.12310202862447
"101","2023-10-16T20:00:00Z",2.76614469765919,FALSE,FALSE,2.71106856750444,72,156,93.3169565217391,0.980089208564774
"101","2023-10-16T21:00:00Z",2.31743087542993,FALSE,FALSE,2.26600762016069,72,134,95.2448979591837,0.977810231228708
"101","2023-10-16T22:00:00Z",2.38110978722836,FALSE,FALSE,2.29353128861295,72,136,94.5824489795918,0.963219462166271
"101","2023-10-16T23:00:00Z",1.95414881142867,FALSE,FALSE,1.62512439236712,126,90,97.0015217391304,0.831627756731074
"101","2023-10-17T00:00:00Z",1.69459675564731,FALSE,FALSE,1.37800438178527,132,78,97.3875,0.81317539243069
"101","2023-10-17T01:00:00Z",1.70130999630826,FALSE,FALSE,1.44341883363936,126,80,97.5559183673469,0.848416124499055
"101","2023-10-17T02:00:00Z",2.04444127832054,FALSE,FALSE,1.89172610503984,84,107,97.2317021276596,0.925302245214817
"101","2023-10-17T03:00:00Z",1.47972142615924,FALSE,FALSE,1.27347106365953,120,70,97.579387755102,0.860615411216251
"101","2023-10-17T04:00:00Z",0.804719057409346,FALSE,FALSE,0.749685435579763,132,59,98.1818367346939,0.931611384963649
"101","2023-10-17T06:00:00Z",1.65927697442391,FALSE,FALSE,1.43777732456663,120,80,97.8928571428571,0.866508332682562
"101","2023-10-17T07:00:00Z",1.34257362768076,FALSE,FALSE,1.04280418285667,150,61,97.9991836734694,0.776720294035619
"101","2023-10-17T08:00:00Z",1.12995859034994,FALSE,FALSE,0.869353414131013,168,50,98.1091836734694,0.769367498557428
"101","2023-10-17T09:00:00Z",0.889368872603328,FALSE,FALSE,0.648102502939687,180,39,98.4687755102041,0.728721819375784
"101","2023-10-17T10:00:00Z",1.30185931741384,FALSE,FALSE,0.98732660824134,168,56,98.24375,0.758397313008194
"101","2023-10-17T11:00:00Z",0.801405139132873,FALSE,FALSE,0.612293970923711,156,33,98.4773469387755,0.764025510974659
"101","2023-10-17T14:00:00Z",0.741825499259127,FALSE,FALSE,0.517470169088928,180,53,98.5947916666667,0.697563199978611
"101","2023-10-17T15:00:00Z",1.52464707468828,FALSE,FALSE,1.69849970315657,54,101,94.4216326530612,1.11402811270526
"101","2023-10-17T16:00:00Z",2.50659645573423,FALSE,FALSE,2.48883285255807,66,144,90.3112244897959,0.992913257682334
"101","2023-10-17T17:00:00Z",2.3204480804372,FALSE,FALSE,2.47193856603755,48,151,83.7763265306122,1.06528501407875
"101","2023-10-17T18:00:00Z",2.91663836821779,FALSE,FALSE,2.93031605395033,78,164,81.6261224489796,1.00468953775058
"101","2023-10-17T19:00:00Z",3.13220090685975,FALSE,FALSE,3.10933442443789,60,189,83.3458333333333,0.992699547985002
"101","2023-10-17T20:00:00Z",3.04566780420588,FALSE,FALSE,3.40949472583918,48,210,84.3340816326531,1.11945719133612
"101","2023-10-17T21:00:00Z",3.06393546567524,FALSE,FALSE,3.37536822731188,30,222,88.490625,1.10164468707829
"101","2023-10-17T22:00:00Z",3.10070085470146,FALSE,FALSE,3.39521445242891,48,208,88.8760416666667,1.09498291242152
"101","2023-10-17T23:00:00Z",3.37846651109962,FALSE,FALSE,3.18197363403827,78,185,90.4448979591837,0.941839625636131
"101","2023-10-19T19:00:00Z",2.6156939195665,FALSE,FALSE,2.4270843888205,84,145,76.01625,0.927893118787668
"101","2023-10-19T21:00:00Z",2.3902937405126,FALSE,FALSE,2.82369827313103,48,166,75.4136170212766,1.1813185238587
"101","2023-10-19T22:00:00Z",2.57539626858174,FALSE,FALSE,3.03529555372758,36,187,79.8728571428571,1.17857418322622
"101","2023-10-19T23:00:00Z",2.55267257820293,FALSE,FALSE,2.85055602962934,48,172,84.0385416666667,1.11669473553718
"101","2023-10-20T00:00:00Z",2.93764771086326,FALSE,FALSE,3.0549746001343,60,174,86.7638775510204,1.03993906037037
"101","2023-10-20T01:00:00Z",2.97822965877593,FALSE,FALSE,2.96855312876886,72,166,89.8358333333333,0.996750912080084
"101","2023-10-20T02:00:00Z",3.18986605877795,FALSE,FALSE,2.91948546591656,96,157,92.1729166666667,0.915237634471406
"101","2023-10-20T03:00:00Z",2.98889265613357,FALSE,FALSE,2.57266432563559,114,145,93.4527083333333,0.860741626286302
"101","2023-10-20T04:00:00Z",3.1865500318519,FALSE,FALSE,2.9085409805171,96,156,93.6508163265306,0.91275547267236
"101","2023-10-20T05:00:00Z",3.22696667760691,FALSE,FALSE,2.96854538635386,90,166,93.0825,0.919918202736234
"101","2023-10-20T06:00:00Z",3.22354564486901,FALSE,FALSE,2.97188170345805,90,164,93.218125,0.921929462419266
"101","2023-10-20T07:00:00Z",3.16238437922691,FALSE,FALSE,2.99093639121485,66,175,93.3636170212766,0.945785215377906
"101","2023-10-20T08:00:00Z",3.03210499919055,FALSE,FALSE,2.91605861509156,84,170,93.7157142857143,0.961727452007773
"101","2023-10-20T09:00:00Z",2.93597600907727,FALSE,FALSE,2.75235194970694,84,154,94.2104166666667,0.937457234390673
"101","2023-10-20T10:00:00Z",2.74896720479569,FALSE,FALSE,2.46430841470903,102,135,95.739387755102,0.89644882281969
"101","2023-10-20T11:00:00Z",2.61988383901417,FALSE,FALSE,2.32025115439308,102,133,95.788125,0.885631309236274
"101","2023-10-20T12:00:00Z",2.33413733156667,FALSE,FALSE,2.13845193523585,96,122,95.2110204081633,0.916163717668029
"101","2023-10-20T13:00:00Z",2.9172807231744,FALSE,FALSE,2.66780219168918,96,147,94.1379166666667,0.914482507801391
"101","2023-10-20T15:00:00Z",2.39774850263567,FALSE,FALSE,2.19840014278026,90,124,93.4504081632653,0.916860187948702
"101","2023-10-20T16:00:00Z",2.30644972767198,FALSE,FALSE,2.27187506745573,78,129,93.8138775510204,0.985009575625504
"101","2023-10-20T17:00:00Z",2.8548339184931,FALSE,FALSE,2.89104945663501,78,154,92.0969387755102,1.01268569001766
"101","2023-10-20T18:00:00Z",2.75645004087077,FALSE,FALSE,3.02550957042691,60,172,88.8858333333333,1.09761088558353
"101","2023-10-20T19:00:00Z",2.54947724388746,FALSE,FALSE,2.76401313161065,60,156,87.0397959183673,1.08414897141661
"101","2023-10-20T20:00:00Z",2.50766874320658,FALSE,FALSE,2.67101366642045,66,152,95.6777551020408,1.06513815816239
"101","2023-10-20T21:00:00Z",2.33272313436872,FALSE,FALSE,2.05392005135832,114,113,97.9035416666667,0.880481708736579
"101","2023-10-20T22:00:00Z",0.73547572712877,FALSE,FALSE,1.32678931274544,72,81,98.66875,1.80398790035547
"101","2023-10-21T17:00:00Z",3.15692686562271,FALSE,FALSE,3.14188230452695,72,172,99.1121739130435,0.995234428374127
"101","2023-10-22T10:00:00Z",0.76776044533096,FALSE,FALSE,0.681044002930815,90,41,94.2232653061224,0.887052735097906
"101","2023-10-22T11:00:00Z",0.787484450469505,FALSE,FALSE,0.679975597315879,108,41,94.145652173913,0.863478125708352
"101","2023-10-22T15:00:00Z",0.79503410518743,FALSE,FALSE,0.750392803741171,84,43,87.2675,0.94384982838474
"101","2023-10-22T16:00:00Z",0.713281270560452,FALSE,FALSE,0.640661751834357,96,37,87.6265957446809,0.898189505706445
"101","2023-10-22T17:00:00Z",0.921535132291427,FALSE,FALSE,0.829211302818671,96,49,84.7446808510638,0.899815182039571
"101","2023-10-22T18:00:00Z",1.0134149761498,FALSE,FALSE,0.93239150338226,78,57,84.5618367346939,0.920049067090593
"101","2023-10-22T19:00:00Z",0.994815451041169,FALSE,FALSE,0.903234461201575,96,53,83.4518367346939,0.907941729550194
"101","2023-10-22T20:00:00Z",1.45439841011659,FALSE,FALSE,1.26883616536153,102,76,83.6635416666667,0.872413058578505
"101","2023-10-22T21:00:00Z",1.4665534133345,FALSE,FALSE,1.23446631262757,108,77,84.4752083333333,0.841746574930926
"101","2023-10-22T22:00:00Z",1.59259942663679,FALSE,FALSE,1.45828936400599,84,90,86.7485714285714,0.915666136515927
"101","2023-10-22T23:00:00Z",1.11527605387716,FALSE,FALSE,0.981815942870661,90,60,87.4355319148936,0.880334460206031
"101","2023-10-23T00:00:00Z",1.30550649565591,FALSE,FALSE,1.20875849780111,78,72,88.4691666666667,0.925892365777777
"101","2023-10-23T01:00:00Z",1.21376875086248,FALSE,FALSE,1.10011770718956,72,71,88.1348979591837,0.906365159267646
"101","2023-10-23T02:00:00Z",1.64670706622991,FALSE,FALSE,1.49987797636209,90,86,89.8218367346939,0.910834724111569
"101","2023-10-23T03:00:00Z",1.46191635632612,FALSE,FALSE,1.31039371675947,90,76,89.6552083333333,0.896353413852326
"101","2023-10-23T04:00:00Z",1.05016778213314,FALSE,FALSE,0.944879948576643,90,55,88.6651063829787,0.899741893297626
"101","2023-10-23T05:00:00Z",1.33183077660762,FALSE,FALSE,1.17757633878661,96,66,89.5908163265306,0.884178650523514
"101","2023-10-23T06:00:00Z",0.984936668552894,FALSE,FALSE,0.84984922649965,114,48,90.0075,0.862846570377241
"101","2023-10-23T07:00:00Z",0.891287679252541,FALSE,FALSE,0.80293348075312,96,45,91.4579166666667,0.900869045364211
"101","2023-10-23T11:00:00Z",1.2084714474824,FALSE,FALSE,1.05190011283571,108,59,96.03875,0.870438532103614
"101","2023-10-23T12:00:00Z",1.36572029215169,FALSE,FALSE,1.17341966778898,114,64,96.4882608695652,0.859194722764397
"101","2023-10-23T13:00:00Z",1.06137703891571,FALSE,FALSE,0.880057494716602,120,49,95.0236170212766,0.829165755852093
"101","2023-10-23T14:00:00Z",1.90522643792229,FALSE,FALSE,1.61106131710641,114,90,90.505306122449,0.845600966393961
"101","2023-10-23T15:00:00Z",2.21571377543377,FALSE,FALSE,2.07476383312511,84,114,85.639375,0.936386213837091
"101","2023-10-23T16:00:00Z",2.23215149117319,FALSE,FALSE,2.06209483762014,84,120,82.138125,0.92381491389562
"101","2023-10-23T17:00:00Z",1.93312889444067,FALSE,FALSE,1.80490637052451,78,107,79.325306122449,0.93367099095932
"101","2023-10-23T18:00:00Z",2.41169699742058,FALSE,FALSE,2.29223193179424,78,138,77.7046808510638,0.950464313819642
"101","2023-10-23T19:00:00Z",2.22140908100335,FALSE,FALSE,2.06513119643665,84,118,78.3052173913044,0.929649209637647
"101","2023-10-23T20:00:00Z",3.00358004812555,FALSE,FALSE,2.79547905741669,84,157,79.8755319148936,0.93071568349286
"101","2023-10-23T21:00:00Z",2.61598845813809,FALSE,FALSE,2.79885046515344,72,152,80.1072340425532,1.06990168723661
"101","2023-10-23T22:00:00Z",3.21883359637896,FALSE,FALSE,3.12265701575727,84,173,82.200612244898,0.970120673299208
"101","2023-10-23T23:00:00Z",2.3895397831809,FALSE,FALSE,2.15615393918283,84,129,83.989375,0.9023302120179
"101","2023-10-24T00:00:00Z",2.03150670275568,FALSE,FALSE,1.83913147137066,66,114,85.588125,0.905304161131211
"101","2023-10-24T01:00:00Z",2.13017164133099,FALSE,FALSE,2.00599310799939,84,113,88.5069387755102,0.941704916673284
"101","2023-10-24T02:00:00Z",1.32537046851291,FALSE,FALSE,1.25954846872494,72,75,91.3813043478261,0.950336904773631
"101","2023-10-24T03:00:00Z",1.80791800108698,FALSE,FALSE,1.63577266308406,78,98,92.6104347826087,0.904782552140406
"101","2023-10-24T11:00:00Z",1.37776775232716,FALSE,FALSE,1.42951974962728,60,82,91.0691666666667,1.03756220684706
"101","2023-10-24T12:00:00Z",1.41546708729737,FALSE,FALSE,1.33230594043957,72,78,94.625625,0.941248265251734
"101","2023-10-24T13:00:00Z",1.4269416271277,FALSE,FALSE,1.23257786342874,108,67,95.4084782608696,0.863789968696761
"101","2023-10-24T14:00:00Z",1.65160883026641,FALSE,FALSE,1.64078379402817,60,98,88.4042553191489,0.993445762677054
"101","2023-10-24T15:00:00Z",2.28564968144279,FALSE,FALSE,2.26757533209604,66,130,83.2679166666667,0.992092248653196
"101","2023-10-24T16:00:00Z",1.20846070291672,FALSE,FALSE,1.06956748271308,90,64,80.1997826086957,0.88506600184151
"101","2023-10-24T17:00:00Z",1.65826863105703,FALSE,FALSE,1.52230132228405,84,90,75.7202040816327,0.918006463954928
"101","2023-10-24T18:00:00Z",1.96168156588741,FALSE,FALSE,1.81191743570451,72,107,77.2404081632653,0.923655228867305
"101","2023-10-24T19:00:00Z",2.18758426338873,FALSE,FALSE,2.29096412986833,48,142,74.7964583333333,1.04725754715362
"101","2023-10-24T20:00:00Z",2.0983903824106,FALSE,FALSE,2.39980508365129,48,139,74.7810204081633,1.1436409086542
"101","2023-10-24T21:00:00Z",2.26100650796408,FALSE,FALSE,2.7192004043277,36,166,78.4214285714286,1.20265041022646
"101","2023-10-24T22:00:00Z",2.48886534397004,FALSE,FALSE,2.75173595644289,60,149,79.8263043478261,1.10561865595089
"101","2023-10-24T23:00:00Z",2.87592739752497,FALSE,FALSE,2.70701338327174,84,143,82.0182608695652,0.941266245316694
"101","2023-10-25T00:00:00Z",2.41472227745144,FALSE,FALSE,2.12829426112649,102,116,83.1883333333333,0.881382625654469
"101","2023-10-25T01:00:00Z",2.1689737512372,FALSE,FALSE,2.07388139814892,84,115,85.5521276595745,0.956157905076518
"101","2023-10-25T02:00:00Z",2.17844206884012,FALSE,FALSE,2.03619926951435,90,112,88.2004081632653,0.934704346119471
"101","2023-10-25T03:00:00Z",1.95680236044128,FALSE,FALSE,1.77720332000692,90,98,90.0364583333333,0.908218099045089
"101","2023-10-25T04:00:00Z",2.20656438607535,FALSE,FALSE,2.09141073444477,78,119,91.6048936170213,0.947813146828046
"101","2023-10-25T05:00:00Z",2.08715044749033,FALSE,FALSE,1.94804558237879,84,113,91.91375,0.933351778603786
"101","2023-10-25T06:00:00Z",2.24466843675952,FALSE,FALSE,1.99968497903002,96,113,92.2171739130435,0.8908598465067
"101","2023-10-25T07:00:00Z",2.14923863499063,FALSE,FALSE,1.89305589674849,108,104,92.775,0.880803027606444
"101","2023-10-25T08:00:00Z",1.88981449195494,FALSE,FALSE,1.70721891239505,96,96,93.0195652173913,0.903379098669622
"101","2023-10-25T09:00:00Z",1.63506842526363,FALSE,FALSE,1.40079900779334,120,76,94.145652173913,0.85672194884901
"101","2023-10-25T10:00:00Z",2.08487642224497,FALSE,FALSE,1.8608030222474,102,100,94.3102127659574,0.892524373336101
"101","2023-10-25T11:00:00Z",1.91388995735944,FALSE,FALSE,1.77504382061822,96,97,94.4025531914894,0.927453437849278
"101","2023-10-25T12:00:00Z",1.91934680430003,FALSE,FALSE,1.60028133297657,120,88,92.7182608695652,0.833763512352933
"101","2023-10-25T13:00:00Z",1.85580655440331,FALSE,FALSE,1.62678231862961,108,88,87.0416666666667,0.876590458617418
"101","2023-10-25T14:00:00Z",2.0545872098216,FALSE,FALSE,2.50466838015512,72,329,84.1255319148936,1.21906160428819
"101","2023-10-25T15:00:00Z",1.83671087572445,FALSE,FALSE,1.67044205763979,90,95,77.8542857142857,0.90947469180794
"101","2023-10-25T16:00:00Z",2.42371250338955,FALSE,FALSE,2.34388157912474,72,136,71.878125,0.967062543864767
"101","2023-10-25T17:00:00Z",1.99347157498398,FALSE,FALSE,1.92928196033762,66,118,64.7533333333333,0.967800085312541
"101","2023-10-25T18:00:00Z",1.83130254783367,FALSE,FALSE,2.27887566443615,36,146,64.7320408163265,1.24440151472073
"101","2023-10-25T19:00:00Z",2.8079425581288,FALSE,FALSE,2.8572173370419,60,172,68.5812244897959,1.01754835716652
"101","2023-10-25T20:00:00Z",2.97224805351625,FALSE,FALSE,3.31888248425673,30,221,71.0329166666667,1.11662365472169
"101","2023-10-25T21:00:00Z",2.840114265156,FALSE,FALSE,3.14585892800674,60,181,72.1375,1.1076522401235
"101","2023-10-25T22:00:00Z",2.78128659210037,FALSE,FALSE,2.96550575807183,60,169,72.5791666666667,1.06623523318118
"101","2023-10-25T23:00:00Z",2.79963441252103,FALSE,FALSE,3.03235962022466,60,179,73.18,1.08312699924776
"101","2023-10-26T00:00:00Z",2.66333833095194,FALSE,FALSE,2.69769327453729,66,146,74.5397872340425,1.01289920367461
"101","2023-10-26T01:00:00Z",2.8356720838365,FALSE,FALSE,3.01212119119478,66,173,76.3534042553191,1.06222479262114
"101","2023-10-26T02:00:00Z",2.253445039228,FALSE,FALSE,2.57246922812891,60,146,76.0470833333333,1.14157176383153
"101","2023-10-26T03:00:00Z",2.41214748325649,FALSE,FALSE,2.72387588549947,42,163,78.2651063829787,1.12923272909588
"101","2023-10-26T04:00:00Z",2.53309595974397,FALSE,FALSE,2.73841503719756,48,170,80.60375,1.08105459908212
"101","2023-10-26T06:00:00Z",3.00292597847841,FALSE,FALSE,2.64809587627376,108,145,83.2893617021277,0.881838545223003
"101","2023-10-26T11:00:00Z",2.76129977874594,FALSE,FALSE,2.43470768409159,96,134,79.8193617021277,0.881725230571424
"101","2023-10-26T12:00:00Z",2.56795958101261,FALSE,FALSE,2.44338098202452,72,139,79.7008695652174,0.951487320941802
"101","2023-10-26T13:00:00Z",2.51294940975141,FALSE,FALSE,2.42678969916234,78,134,79.3687755102041,0.965713710648237
"101","2023-10-26T14:00:00Z",2.56890125692306,FALSE,FALSE,2.40729924310639,78,138,80.06625,0.937092944549286
"101","2023-10-26T15:00:00Z",2.06826290658233,FALSE,FALSE,1.92955547684423,78,115,69.699387755102,0.932935300779866
"101","2023-10-26T16:00:00Z",2.339459905257,FALSE,FALSE,2.22357277785477,78,130,64.4383673469388,0.950464153225357
"101","2023-10-26T17:00:00Z",2.41273367842379,FALSE,FALSE,2.75707858593973,36,180,63.2655102040816,1.14271981636237
"101","2023-10-26T18:00:00Z",2.24697092188754,FALSE,FALSE,2.47946054440591,18,182,65.1457142857143,1.1034680156533
"101","2023-10-26T19:00:00Z",2.42924554144301,FALSE,FALSE,2.89493984293805,42,180,64.615306122449,1.19170326488216
"101","2023-10-26T20:00:00Z",2.69038123905806,FALSE,FALSE,3.12991859787385,42,196,67.5069387755102,1.16337363360803
"101","2023-10-26T21:00:00Z",2.55162247206851,FALSE,FALSE,3.06881377461266,18,215,70.689387755102,1.20269115365051
"101","2023-10-26T22:00:00Z",2.27294455583449,FALSE,FALSE,2.84084622407215,36,178,75.5351020408163,1.24985284695128
"101","2023-10-26T23:00:00Z",3.09779531037751,FALSE,FALSE,3.39750593669276,60,193,77.5387755102041,1.09674965460475
"101","2023-10-27T00:00:00Z",2.74004984463625,FALSE,FALSE,3.22715614333657,54,189,77.8124489795918,1.1777727874746
"101","2023-10-27T01:00:00Z",2.48418269895671,FALSE,FALSE,2.89170077909609,48,172,77.655306122449,1.16404513255427
"101","2023-10-27T02:00:00Z",2.8056290073512,FALSE,FALSE,3.24075034282457,54,187,79.3604081632653,1.15508869288608
"101","2023-10-27T03:00:00Z",3.4896586877653,FALSE,FALSE,3.42676134060084,72,186,77.146170212766,0.981976074799241
"101","2023-10-27T04:00:00Z",3.08876721337159,FALSE,FALSE,3.24204272972583,66,184,76.3978723404255,1.04962352478059
"101","2023-10-27T05:00:00Z",2.68498120775075,FALSE,FALSE,2.83179204465524,60,164,77.0141666666667,1.05467853424102
"101","2023-10-27T06:00:00Z",2.69478110127913,FALSE,FALSE,2.97689325869271,54,171,78.2672340425532,1.10468833898222
"101","2023-10-27T07:00:00Z",2.98879802939704,FALSE,FALSE,3.16786556661357,66,174,79.1964583333333,1.05991289322841
"101","2023-10-27T08:00:00Z",2.83493939553112,FALSE,FALSE,3.16211598600405,48,189,80.5089795918367,1.11540867187097
"101","2023-10-27T09:00:00Z",3.22396381529097,FALSE,FALSE,3.40431751530592,60,192,81.9004081632653,1.05594160181313
"101","2023-10-27T10:00:00Z",3.10638172498266,FALSE,FALSE,3.07632159893188,66,176,84.5336734693878,0.99032310620133
"101","2023-10-27T11:00:00Z",2.95106711770058,FALSE,FALSE,2.60616304414718,90,156,85.3357142857143,0.883125642421123
"101","2023-10-27T12:00:00Z",2.83078605036695,FALSE,FALSE,2.78249706098684,72,157,86.3379166666667,0.982941490977798
"101","2023-10-27T13:00:00Z",3.53388102770131,FALSE,FALSE,3.31250961819058,78,196,86.6870833333333,0.937357424379754
"101","2023-10-27T14:00:00Z",3.18094820090749,FALSE,FALSE,2.86877704174793,96,158,81.8777083333333,0.901862231182984
"101","2023-10-27T15:00:00Z",3.08707340531357,FALSE,FALSE,2.95026887472302,78,175,71.3138775510204,0.955684717326426
"101","2023-10-27T16:00:00Z",2.70100777724045,FALSE,FALSE,2.65437436909822,72,152,63.8777551020408,0.982734811600625
"101","2023-10-27T17:00:00Z",2.05589301028391,FALSE,FALSE,2.09678883775155,48,139,58.4085416666667,1.01989200180315
"101","2023-10-27T18:00:00Z",2.35165629370971,FALSE,FALSE,2.44286231060079,54,155,57.0529166666667,1.03878373601407
"101","2023-10-27T19:00:00Z",1.91313742823476,FALSE,FALSE,2.38676335217928,36,155,58.5412244897959,1.24756502954497
"101","2023-10-27T20:00:00Z",2.33460193930027,FALSE,FALSE,2.88541622856825,30,197,60.8395918367347,1.23593499174128
"101","2023-10-27T21:00:00Z",2.61454848731668,FALSE,FALSE,3.19692152146976,18,226,65.69,1.22274325260297
"101","2023-10-27T22:00:00Z",2.51318349590695,FALSE,FALSE,3.1778658859232,18,233,72.6008163265306,1.2644782568001
"101","2023-10-27T23:00:00Z",3.52493177106845,FALSE,FALSE,3.68003582054798,72,205,74.9691111111111,1.04400200047915
"101","2023-10-28T00:00:00Z",2.95648492603483,FALSE,FALSE,3.31180640712634,54,196,73.4777551020408,1.12018376213
"101","2023-10-28T01:00:00Z",2.82697620531559,FALSE,FALSE,2.9679737786101,66,170,74.4355102040816,1.04987575524314
"101","2023-10-28T02:00:00Z",2.49052239471836,FALSE,FALSE,3.05018807611689,48,179,76.2997872340426,1.22471818867616
"101","2023-10-28T03:00:00Z",2.85637321346001,FALSE,FALSE,3.1397657566084,60,182,78.0076595744681,1.09921411593308
"101","2023-10-28T04:00:00Z",2.99663603211721,FALSE,FALSE,3.01515480689776,72,167,78.4539583333333,1.00617985453758
"101","2023-10-28T05:00:00Z",2.23546605587096,FALSE,FALSE,2.7504617384131,12,196,80.14,1.23037508495806
"101","2023-10-28T06:00:00Z",2.66082468322419,FALSE,FALSE,3.08483790270289,48,187,82.6402040816326,1.1593540612247
"101","2023-10-28T07:00:00Z",3.1764904514807,FALSE,FALSE,3.08453759587005,54,190,86.4351020408163,0.97105205980777
"101","2023-10-28T08:00:00Z",3.07567135591162,FALSE,FALSE,2.79756295597259,96,150,88.0022448979592,0.909577985500794
"101","2023-10-28T09:00:00Z",2.64646018747597,FALSE,FALSE,2.487955154975,78,140,88.1282978723404,0.940106776118878
"101","2023-10-28T10:00:00Z",2.06218388592562,FALSE,FALSE,2.01770137543953,54,130,88.1510204081633,0.978429416120609
"101","2023-10-28T11:00:00Z",2.52515301411915,FALSE,FALSE,2.32169407048727,90,128,89.9632653061225,0.919427083232476
"101","2023-10-28T12:00:00Z",2.46818363272398,FALSE,FALSE,2.35978088846461,78,138,91.149375,0.956079951741789
"101","2023-10-28T13:00:00Z",3.00796864710526,FALSE,FALSE,2.86114108075862,84,161,88.41875,0.9511871353819
"101","2023-10-28T14:00:00Z",3.04002486028729,FALSE,FALSE,2.85450580666437,78,166,82.56,0.938974494568644
"101","2023-10-28T15:00:00Z",2.10073600599158,FALSE,FALSE,1.9646958157528,84,116,77.5036734693877,0.935241653472508
"101","2023-10-28T16:00:00Z",2.8239717472574,FALSE,FALSE,2.93964075575553,78,167,73.7707894736842,1.04095969041137
"101","2023-10-28T17:00:00Z",2.02902453798211,FALSE,FALSE,2.02023690714146,66,125,67.1260416666667,0.995669036684301
"101","2023-10-28T18:00:00Z",2.62250322750788,FALSE,FALSE,2.40677954792624,84,146,68.0440816326531,0.917741310165465
"101","2023-10-28T19:00:00Z",2.80233570937441,FALSE,FALSE,2.89661270680811,60,170,69.3564583333333,1.03364229243424
"101","2023-10-28T20:00:00Z",2.61156607916521,FALSE,FALSE,3.06565837322808,42,191,75.2538775510204,1.17387739015511
"101","2023-10-28T21:00:00Z",1.90686674687684,FALSE,FALSE,2.40586038092054,48,144,73.335306122449,1.26168248770449
"101","2023-10-28T22:00:00Z",1.78437757069435,FALSE,FALSE,1.83579739328437,54,114,70.5955319148936,1.02881667167001
"101","2023-10-28T23:00:00Z",2.08349176101639,FALSE,FALSE,2.49188696212384,42,155,69.5342857142857,1.1960147905304
"101","2023-10-29T00:00:00Z",2.19009503270044,FALSE,FALSE,2.20741350428967,60,135,71.7720408163265,1.0079076347513
"101","2023-10-29T01:00:00Z",2.1730039080278,FALSE,FALSE,2.09925675005924,72,123,74.6748979591837,0.966062114432415
"101","2023-10-29T02:00:00Z",2.79922836122748,FALSE,FALSE,2.62407037547232,78,159,78.10875,0.937426332134489
"101","2023-10-29T03:00:00Z",1.82716523958455,FALSE,FALSE,1.64078831025277,96,94,79.494375,0.897996675235483
"101","2023-10-29T04:00:00Z",1.55627247546699,FALSE,FALSE,1.40396782816379,84,85,79.03125,0.902134973339102
"101","2023-10-29T05:00:00Z",2.15918807420277,FALSE,FALSE,1.99452342242499,78,121,82.5314893617021,0.923737698561261
"101","2023-10-29T06:00:00Z",1.51996328415182,FALSE,FALSE,1.42052899548079,78,82,84.7591489361702,0.934581124618074
"101","2023-10-29T07:00:00Z",2.13040152570785,FALSE,FALSE,1.86689086783397,108,105,83.3123404255319,0.876309392997488
"101","2023-10-29T08:00:00Z",1.89450955678235,FALSE,FALSE,1.80160358964148,72,107,83.3616666666667,0.950960412520347
"101","2023-10-29T09:00:00Z",2.06530981615026,FALSE,FALSE,1.86853154136972,84,108,82.4697916666667,0.904722151978472
"101","2023-10-29T10:00:00Z",1.60991240586595,FALSE,FALSE,1.53790222384731,66,91,81.8991666666667,0.955270745317406
"101","2023-10-29T11:00:00Z",1.54654256922785,FALSE,FALSE,1.34995735819254,102,77,82.76,0.872887293924631
"101","2023-10-29T12:00:00Z",1.6832672493859,FALSE,FALSE,1.47983580419887,96,84,80.69,0.879144892018038
"101","2023-10-29T13:00:00Z",1.72630574056737,FALSE,FALSE,1.57376660916795,96,88,74.4524489795918,0.911638403432932
"101","2023-10-29T14:00:00Z",1.66819292890659,FALSE,FALSE,1.51816883028031,78,90,80.2055102040816,0.91006789680819
"102","2023-10-03T22:00:00Z",3.74211541485729,FALSE,FALSE,4.12849044310759,30,297,78.326875,1.10325043068321
"102","2023-10-03T23:00:00Z",3.67941430537428,FALSE,FALSE,4.28577390845623,6,336,91.1144897959184,1.16479785986489
"102","2023-10-04T01:00:00Z",3.75816285952666,FALSE,FALSE,4.25613282288824,48,271,95.0808163265306,1.13250356144074
"102","2023-10-04T02:00:00Z",3.78396499241099,FALSE,FALSE,4.00649028279765,48,247,96.4558333333333,1.05880743897815
"102","2023-10-04T03:00:00Z",2.79791702077213,FALSE,FALSE,3.11944766333649,66,178,97.5967346938776,1.11491786217292
"102","2023-10-04T04:00:00Z",2.53732386836688,FALSE,FALSE,3.23329522001684,24,216,97.8224489795918,1.27429346341108
"102","2023-10-04T05:00:00Z",2.63979093451581,FALSE,FALSE,2.99039745712846,66,170,98.3108163265306,1.13281601888559
"102","2023-10-04T06:00:00Z",3.43133293268384,FALSE,FALSE,3.68991804691381,48,237,97.9120408163265,1.07535996048851
"102","2023-10-04T07:00:00Z",3.83396273414666,FALSE,FALSE,4.19795422045931,36,275,96.5842857142857,1.09493871264601
"102","2023-10-04T08:00:00Z",3.31156616220718,FALSE,FALSE,3.77612236634142,0,310,96.7182978723404,1.14028293000331
"102","2023-10-04T09:00:00Z",3.34184550992239,FALSE,FALSE,3.72389828545253,0,293,97.2748979591837,1.11432388911928
"102","2023-10-04T10:00:00Z",3.15893492393938,FALSE,FALSE,3.3713287111327,0,289,97.9708163265306,1.06723588560934
"102","2023-10-04T11:00:00Z",2.99537569795244,FALSE,FALSE,3.42660998701599,0,289,98.099375,1.14396667815604
"102","2023-10-04T12:00:00Z",3.32839824637001,FALSE,FALSE,3.86130672194719,18,267,98.6834693877551,1.16010958909691
"102","2023-10-04T13:00:00Z",2.56682548379995,FALSE,FALSE,2.24854127561061,96,137,98.7629166666667,0.876000838312486
"102","2023-10-04T14:00:00Z",3.35284728598924,FALSE,FALSE,3.61318048977809,30,249,88.223125,1.07764541047745
"102","2023-10-04T15:00:00Z",3.74064060574941,FALSE,FALSE,4.0254579258269,18,292,85.1706382978723,1.07614132179385
"102","2023-10-04T16:00:00Z",3.3512839039768,FALSE,FALSE,3.67064716816127,36,250,68.665625,1.09529579508483
"102","2023-10-04T17:00:00Z",4.06374915417365,FALSE,FALSE,4.44290768975369,12,344,74.3391836734694,1.09330264275555
"102","2023-10-04T18:00:00Z",4.2389526798806,FALSE,FALSE,4.68816261380949,12,358,75.8665306122449,1.10597191519995
"102","2023-10-04T19:00:00Z",4.11176104843036,FALSE,FALSE,4.52881799018188,12,339,75.9666666666667,1.10143024773065
"102","2023-10-04T20:00:00Z",4.81995082036931,FALSE,FALSE,5.03496674437115,18,370,79.56125,1.04460956802571
"102","2023-10-04T21:00:00Z",4.31896764514352,FALSE,FALSE,4.86317192352188,0,392,85.6518367346939,1.12600332373184
"102","2023-10-04T22:00:00Z",4.4537390693329,FALSE,FALSE,4.8136646404588,0,408,89.2148979591837,1.08081424742734
"102","2023-10-04T23:00:00Z",3.91012883477117,FALSE,FALSE,4.53159592676214,0,370,92.2455102040816,1.15893775326903
"102","2023-10-05T00:00:00Z",3.6451464593832,FALSE,FALSE,4.33844485802848,0,379,94.3441666666667,1.19019767967364
"102","2023-10-05T01:00:00Z",3.93783463340384,FALSE,FALSE,4.92683312515297,0,405,95.5110416666667,1.25115287558285
"102","2023-10-05T02:00:00Z",4.14193494254674,FALSE,FALSE,4.51688528029395,0,362,96.0538775510204,1.09052540490089
"102","2023-10-05T03:00:00Z",4.26095509274244,FALSE,FALSE,4.4559297434049,42,287,96.9381632653061,1.04575843828877
"102","2023-10-05T04:00:00Z",4.00012608822884,FALSE,FALSE,4.09635870960662,36,271,97.8634693877551,1.0240573970058
"102","2023-10-05T05:00:00Z",2.9701088493988,FALSE,FALSE,3.50376379253674,0,285,98.0252083333333,1.17967521400637
"102","2023-10-05T06:00:00Z",3.22505521331971,FALSE,FALSE,3.69035378783909,18,272,98.204693877551,1.14427615769109
"102","2023-10-05T07:00:00Z",3.36722483960521,FALSE,FALSE,3.60646244623236,48,223,98.5034693877551,1.07104889575927
"102","2023-10-05T08:00:00Z",3.3823634044257,FALSE,FALSE,3.76990477856132,48,231,98.7510204081633,1.11457709530222
"102","2023-10-05T13:00:00Z",3.9031986788991,FALSE,FALSE,3.92969950289495,66,236,97.3829166666667,1.00678951449208
"102","2023-10-05T14:00:00Z",3.67039880072072,FALSE,FALSE,3.77497408047999,48,239,91.7074468085106,1.0284915306039
"102","2023-10-05T15:00:00Z",4.45505201427003,FALSE,FALSE,4.6415454954405,66,279,84.1614285714286,1.04186112318624
"102","2023-10-05T16:00:00Z",3.37775455229301,FALSE,FALSE,3.60010727717048,24,254,65.1679591836735,1.06582856197367
"102","2023-10-05T17:00:00Z",4.12730309381946,FALSE,FALSE,4.60172876303866,48,287,65.9355102040816,1.11494810495736
"102","2023-10-05T20:00:00Z",3.79768166136232,FALSE,FALSE,4.55636307578647,24,313,74.7557446808511,1.19977488427821
"102","2023-10-05T21:00:00Z",3.56015453234752,FALSE,FALSE,4.07710022996205,6,328,79.0808333333333,1.14520316264858
"102","2023-10-05T22:00:00Z",3.54233612739683,FALSE,FALSE,3.85735601786323,0,343,82.426875,1.0889299826829
"102","2023-10-05T23:00:00Z",3.31547609990147,FALSE,FALSE,4.03083096285526,24,284,86.1534042553191,1.21576233439748
"102","2023-10-06T00:00:00Z",3.27295015688356,FALSE,FALSE,3.80303422627884,0,292,87.5946808510638,1.16195910233476
"102","2023-10-06T01:00:00Z",3.57171284737657,FALSE,FALSE,4.16554781528902,30,279,88.7177083333333,1.16626055712979
"102","2023-10-06T02:00:00Z",3.41298649219336,FALSE,FALSE,4.01320376497383,24,280,92.0593617021277,1.17586277418717
"102","2023-10-06T03:00:00Z",3.27840239921291,FALSE,FALSE,3.79204347617723,12,281,94.2695918367347,1.15667420115591
"102","2023-10-06T04:00:00Z",3.55467508330515,FALSE,FALSE,3.79558468138278,42,243,96.184693877551,1.0677726071812
"102","2023-10-06T05:00:00Z",4.15076985714843,FALSE,FALSE,3.67492666868838,108,200,96.828085106383,0.88536025729286
"102","2023-10-06T06:00:00Z",4.07982202863193,FALSE,FALSE,4.02400137722196,60,244,96.6145652173913,0.986317870971277
"102","2023-10-06T07:00:00Z",3.83664949459451,FALSE,FALSE,3.83221690693864,42,259,97.0277083333333,0.998844672242771
"102","2023-10-06T08:00:00Z",3.90469057430723,FALSE,FALSE,4.35645127677459,42,277,96.3552083333333,1.11569692754656
"102","2023-10-06T09:00:00Z",4.0905727652859,FALSE,FALSE,4.37282453791508,42,270,96.6987234042553,1.06900055049124
"102","2023-10-06T10:00:00Z",3.88527180778179,FALSE,FALSE,4.14781485058834,54,254,97.3124489795918,1.06757391909639
"102","2023-10-06T11:00:00Z",3.70319430551981,FALSE,FALSE,3.84960555090838,36,257,97.8283673469388,1.03953647400309
"102","2023-10-06T12:00:00Z",3.83708482222579,FALSE,FALSE,3.97117472289811,66,230,97.9128571428571,1.03494577443158
"102","2023-10-06T13:00:00Z",4.09621216886645,FALSE,FALSE,3.91220070341351,78,227,96.7904255319149,0.955077652751602
"102","2023-10-06T14:00:00Z",4.06647338467567,FALSE,FALSE,3.90288686828798,72,236,94.83625,0.95977189546988
"102","2023-10-06T15:00:00Z",4.06720484277279,FALSE,FALSE,4.09033151970452,66,249,90.83,1.00568613527613
"102","2023-10-06T16:00:00Z",3.67377374192959,FALSE,FALSE,4.03730519307297,36,261,94.7814285714286,1.09895314101528
"102","2023-10-06T17:00:00Z",3.99468343446348,FALSE,FALSE,4.13968293486404,60,253,95.889347826087,1.03629812043418
"102","2023-10-06T18:00:00Z",3.44429010110593,FALSE,FALSE,4.14791760667004,30,273,96.1091304347826,1.20428810724688
"102","2023-10-06T19:00:00Z",3.8379332961734,FALSE,FALSE,4.37112610400129,54,264,95.4148888888889,1.13892706482406
"102","2023-10-06T20:00:00Z",3.57301676508903,FALSE,FALSE,4.21416298879505,36,279,94.4121276595745,1.17944114619626
"102","2023-10-06T21:00:00Z",3.59795826332109,FALSE,FALSE,4.23602699165712,18,305,95.2831914893617,1.17734189271753
"102","2023-10-06T22:00:00Z",3.52027321574617,FALSE,FALSE,3.85617267389816,0,316,96.6902040816327,1.09541857622002
"102","2023-10-06T23:00:00Z",3.51212081148776,FALSE,FALSE,4.08345554698094,18,293,97.8291666666667,1.16267513737694
"102","2023-10-07T00:00:00Z",3.84563239229047,FALSE,FALSE,4.0538257028904,42,265,98.669387755102,1.05413760062384
"102","2023-10-07T07:00:00Z",3.30066550796452,FALSE,FALSE,3.72195776458498,54,222,99.4245945945946,1.12763857943311
"102","2023-10-07T16:00:00Z",4.05310497090451,FALSE,FALSE,4.1554734247944,72,237,98.2368085106383,1.02525679809054
"102","2023-10-07T17:00:00Z",4.32280774797892,FALSE,FALSE,4.70078600505986,48,299,96.2391836734694,1.08743813722867
"102","2023-10-07T18:00:00Z",3.8979731055982,FALSE,FALSE,4.37364217011408,42,286,94.3416326530612,1.12202984772592
"102","2023-10-07T19:00:00Z",3.75346483273749,FALSE,FALSE,4.42352003194014,30,299,93.1275510204082,1.17851644522109
"102","2023-10-07T20:00:00Z",3.48870127117158,FALSE,FALSE,3.81583160366266,0,327,94.9258333333333,1.09376851357102
"102","2023-10-07T21:00:00Z",3.76331456639996,FALSE,FALSE,4.27655815771541,30,302,97.8957446808511,1.13638073093805
"102","2023-10-07T22:00:00Z",3.84133934163917,FALSE,FALSE,4.32106941864883,48,276,99.1191836734694,1.12488614890372
"102","2023-10-08T00:00:00Z",3.24700747788045,FALSE,FALSE,3.37086690632513,60,201,99.2816326530612,1.03814571702974
"102","2023-10-08T14:00:00Z",2.7681491069372,FALSE,FALSE,2.36361497576623,102,141,97.2510638297872,0.853861148535252
"102","2023-10-08T15:00:00Z",2.86998532577418,FALSE,FALSE,2.60127174617993,78,157,94.8785416666667,0.906371096332431
"102","2023-10-08T16:00:00Z",2.97486838553926,FALSE,FALSE,2.85824311095076,66,177,90.8233333333333,0.960796492659842
"102","2023-10-08T17:00:00Z",3.1846771397516,FALSE,FALSE,2.94108976071861,84,175,89.424693877551,0.923512692702032
"102","2023-10-08T18:00:00Z",3.41991106622357,FALSE,FALSE,3.43221146421191,60,218,85.7026530612245,1.00359670112765
"102","2023-10-08T19:00:00Z",3.55427096824682,FALSE,FALSE,3.70869354914014,54,234,85.0610204081633,1.04344704786802
"102","2023-10-08T20:00:00Z",3.63114177362425,FALSE,FALSE,3.5385319608498,78,204,87.7797916666667,0.974495676966637
"102","2023-10-08T21:00:00Z",2.82805804417896,FALSE,FALSE,3.20400464255249,42,209,88.4869387755102,1.13293454112349
"102","2023-10-08T22:00:00Z",2.75800691194209,FALSE,FALSE,3.13669118043446,18,221,93.904693877551,1.13730359661271
"102","2023-10-08T23:00:00Z",3.21058376607754,FALSE,FALSE,3.3918729043878,54,208,94.48,1.05646609822977
"102","2023-10-09T00:00:00Z",2.72715034402586,FALSE,FALSE,3.03178580952236,36,196,96.176875,1.11170468330205
"102","2023-10-09T01:00:00Z",3.03000183655062,FALSE,FALSE,3.21472539744837,54,197,96.2966666666667,1.06096483463127
"102","2023-10-09T02:00:00Z",2.79218256975523,FALSE,FALSE,3.13750404202635,42,190,95.9063265306122,1.12367438863476
"102","2023-10-09T03:00:00Z",3.16615546411002,FALSE,FALSE,3.24290515523197,60,193,96.0216326530612,1.02424065779206
"102","2023-10-09T04:00:00Z",2.822054746131,FALSE,FALSE,3.00278068716019,54,180,97.5345833333333,1.06404055104777
"102","2023-10-09T05:00:00Z",2.67764448136669,FALSE,FALSE,2.88846411648696,42,185,97.0565306122449,1.07873324356065
"102","2023-10-09T06:00:00Z",2.2425342575331,FALSE,FALSE,2.21353289234172,48,154,97.6759183673469,0.98706759324012
"102","2023-10-09T07:00:00Z",2.84991281985012,FALSE,FALSE,2.81112142669545,54,171,98.4908333333333,0.98638856849077
"102","2023-10-09T08:00:00Z",2.27538817581829,FALSE,FALSE,2.24667613290572,48,154,98.035306122449,0.987381474854398
"102","2023-10-09T09:00:00Z",2.29912322871592,FALSE,FALSE,2.28704334947329,48,149,98.019387755102,0.994745875692198
"102","2023-10-09T10:00:00Z",2.24513600984664,FALSE,FALSE,2.22203622030467,48,141,98.2979591836735,0.989711184783166
"102","2023-10-09T11:00:00Z",1.75919483864608,FALSE,FALSE,1.85150804833341,42,116,98.8193617021277,1.05247469334231
"102","2023-10-09T12:00:00Z",2.04206723657033,FALSE,FALSE,1.9565674401943,72,116,99.1570833333333,0.9581307633535
"102","2023-10-09T14:00:00Z",2.29346098606639,FALSE,FALSE,2.08189819270813,72,131,93.4236734693878,0.907753916616161
"102","2023-10-09T15:00:00Z",2.85569946368933,FALSE,FALSE,2.57430896403399,84,158,89.0379166666667,0.901463545715061
"102","2023-10-09T16:00:00Z",2.61318806716091,FALSE,FALSE,2.68211466774098,42,179,73.2624489795918,1.02637644088699
"102","2023-10-09T17:00:00Z",3.1953645244373,FALSE,FALSE,3.09233084372741,72,189,78.4014285714286,0.967755265503542
"102","2023-10-09T18:00:00Z",2.85215310928555,FALSE,FALSE,3.00421777440344,36,205,76.409387755102,1.0533157440331
"102","2023-10-09T19:00:00Z",2.68210596364383,FALSE,FALSE,2.94693289455048,6,225,77.8967346938775,1.0987384296133
"102","2023-10-09T20:00:00Z",3.13412757005749,FALSE,FALSE,3.2239037798314,54,198,78.9942857142857,1.02864472098443
"102","2023-10-09T21:00:00Z",3.07713326581326,FALSE,FALSE,3.1722515275874,48,202,83.8312244897959,1.03091132348114
"102","2023-10-09T22:00:00Z",2.647113907804,FALSE,FALSE,3.02832133056501,24,206,87.9183333333333,1.14400869627754
"102","2023-10-09T23:00:00Z",2.79558268006261,FALSE,FALSE,3.04560073421047,36,201,89.2575510204082,1.0894332533718
"102","2023-10-10T00:00:00Z",2.98740290497083,FALSE,FALSE,2.99566131049787,66,173,91.3773469387755,1.00276440968618
"102","2023-10-10T01:00:00Z",3.21686526648936,FALSE,FALSE,3.20824359395531,60,196,91.6504081632653,0.997319852769758
"102","2023-10-10T02:00:00Z",2.72609831189899,FALSE,FALSE,2.88130750448816,48,179,91.5177551020408,1.05693455438188
"102","2023-10-10T03:00:00Z",2.71806585010304,FALSE,FALSE,2.96886069491979,36,196,91.0548979591837,1.09226959854826
"102","2023-10-10T04:00:00Z",2.62086703312348,FALSE,FALSE,2.90401218052737,42,183,92.4195918367347,1.10803491509695
"102","2023-10-10T05:00:00Z",2.90202377584452,FALSE,FALSE,2.8977259262318,54,179,92.9910638297872,0.998519016402106
"102","2023-10-10T06:00:00Z",2.71470299295757,FALSE,FALSE,2.89741161013206,48,177,92.5770212765957,1.06730335423377
"102","2023-10-10T07:00:00Z",2.49820067718032,FALSE,FALSE,2.71614720010499,42,170,94.529387755102,1.08724139934613
"102","2023-10-10T08:00:00Z",2.53625712187282,FALSE,FALSE,2.41010877969884,66,151,96.0744680851064,0.950262005738269
"102","2023-10-10T09:00:00Z",2.20755900650283,FALSE,FALSE,2.2379785471109,48,139,96.9127659574468,1.01377971801363
"102","2023-10-10T10:00:00Z",2.55530120411797,FALSE,FALSE,2.35298257961533,60,150,97.5627659574468,0.920823962288051
"102","2023-10-10T11:00:00Z",2.62056764843774,FALSE,FALSE,2.61859146682033,54,152,96.5914285714286,0.999245895591139
"102","2023-10-10T12:00:00Z",2.77866138439831,FALSE,FALSE,2.64077810816443,72,153,96.2065306122449,0.950377805295719
"102","2023-10-10T13:00:00Z",2.58863836178232,FALSE,FALSE,2.34976593944248,90,137,94.673829787234,0.90772275267706
"102","2023-10-10T14:00:00Z",3.07070539490019,FALSE,FALSE,2.80904643427823,78,169,88.4777551020408,0.914788647241599
"102","2023-10-10T15:00:00Z",2.57932991284628,FALSE,FALSE,2.31570851909446,78,147,86.5977551020408,0.897794620052725
"102","2023-10-10T16:00:00Z",2.90318017482441,FALSE,FALSE,2.54893261862983,90,153,82.3116326530612,0.877979479445844
"102","2023-10-10T17:00:00Z",3.05235455325618,FALSE,FALSE,2.82278682335912,78,175,79.3369387755102,0.924789952840778
"102","2023-10-10T18:00:00Z",2.5366157556351,FALSE,FALSE,2.92253039379019,12,218,76.06125,1.15213760195953
"102","2023-10-10T19:00:00Z",2.60417640813717,FALSE,FALSE,3.00097057550558,18,213,80.2187755102041,1.15236839030127
"102","2023-10-10T20:00:00Z",3.27674924309242,FALSE,FALSE,3.29677451451636,60,202,87.9289795918367,1.00611132251458
"102","2023-10-10T21:00:00Z",2.67161719647682,FALSE,FALSE,3.12239924617053,18,223,86.8218367346939,1.16873002999388
"102","2023-10-10T22:00:00Z",2.5594454105539,FALSE,FALSE,2.88069811846873,6,219,89.4328571428571,1.12551653049139
"102","2023-10-10T23:00:00Z",2.67763880020045,FALSE,FALSE,2.97374137971031,24,203,91.0869387755102,1.11058346610741
"102","2023-10-11T00:00:00Z",2.88697153973471,FALSE,FALSE,3.1356547042325,48,194,92.6287755102041,1.0861398046621
"102","2023-10-11T01:00:00Z",2.68592477125687,FALSE,FALSE,2.84457563613724,42,181,93.904375,1.05906750128602
"102","2023-10-11T02:00:00Z",2.60547140660003,FALSE,FALSE,2.9076359604831,36,184,94.7234693877551,1.11597308384105
"102","2023-10-11T03:00:00Z",2.32898564971101,FALSE,FALSE,2.6572553305027,36,169,95.6844897959184,1.14094963652199
"102","2023-10-11T04:00:00Z",2.50717832391025,FALSE,FALSE,2.81823476744362,48,172,96.2726530612245,1.12406634205749
"102","2023-10-11T05:00:00Z",2.55570622617007,FALSE,FALSE,2.74618616350195,54,159,97.06,1.07453123343419
"102","2023-10-11T06:00:00Z",2.72739993281063,FALSE,FALSE,2.77260510913166,54,164,97.1927083333333,1.01657445825132
"102","2023-10-11T07:00:00Z",2.22915114324199,FALSE,FALSE,2.13375005996677,66,130,98.1904166666667,0.957202954333338
"102","2023-10-11T08:00:00Z",2.86916388905874,FALSE,FALSE,2.79207143672419,66,165,98.0473469387755,0.973130690572074
"102","2023-10-11T09:00:00Z",2.72868353585853,FALSE,FALSE,2.54663529840377,66,153,98.1685106382979,0.933283491814862
"102","2023-10-11T10:00:00Z",2.63166356385276,FALSE,FALSE,2.78330438892469,48,167,97.74,1.05762166074524
"102","2023-10-11T11:00:00Z",2.86312263311372,FALSE,FALSE,2.8219489486389,72,160,97.9039583333333,0.98561930809438
"102","2023-10-11T12:00:00Z",2.45631455945923,FALSE,FALSE,2.26048786999048,72,149,98.25,0.920276216775808
"102","2023-10-11T13:00:00Z",2.932200004159,FALSE,FALSE,2.55834554283184,96,152,96.6726086956522,0.872500354410722
"102","2023-10-11T14:00:00Z",3.13784403007746,FALSE,FALSE,3.22831820805384,66,189,94.4461224489796,1.02883322979382
"102","2023-10-11T15:00:00Z",2.93935421937446,FALSE,FALSE,2.78130426677028,72,166,88.4626530612245,0.946229701897643
"102","2023-10-11T16:00:00Z",3.05928498863993,FALSE,FALSE,2.92098438619241,66,182,77.879387755102,0.954793161486727
"102","2023-10-11T17:00:00Z",3.33785049915471,FALSE,FALSE,3.08231887590687,78,185,77.5034693877551,0.923444257520655
"102","2023-10-11T18:00:00Z",3.28014795556347,FALSE,FALSE,3.41776337625717,54,215,76.4889795918367,1.04195402846396
"102","2023-10-11T19:00:00Z",3.35008971286913,FALSE,FALSE,3.41538678091313,54,214,80.8391666666667,1.01949114013072
"102","2023-10-11T20:00:00Z",3.04886501722144,FALSE,FALSE,3.41917862178626,24,236,82.6391836734694,1.12145949475398
"102","2023-10-11T21:00:00Z",2.88400383874607,FALSE,FALSE,3.31844927403947,24,228,83.8006382978723,1.15063968690218
"102","2023-10-11T22:00:00Z",2.35548979994134,FALSE,FALSE,3.06117785487617,6,230,86.4869387755102,1.29959291479522
"102","2023-10-11T23:00:00Z",2.77414613076442,FALSE,FALSE,3.28657432955322,18,228,89.7963265306122,1.1847156474946
"102","2023-10-12T00:00:00Z",2.94075016215884,FALSE,FALSE,3.27879100078378,30,221,89.858125,1.11495054662406
"102","2023-10-12T01:00:00Z",3.48976674698816,FALSE,FALSE,3.21915332623357,72,189,91.923829787234,0.922455155208255
"102","2023-10-12T02:00:00Z",3.13866554808115,FALSE,FALSE,3.26391283043586,36,207,92.0027083333333,1.03990462839575
"102","2023-10-12T03:00:00Z",2.81217218865788,FALSE,FALSE,2.98299655118496,48,189,91.97,1.06074463121997
"102","2023-10-12T04:00:00Z",3.38886289480455,FALSE,FALSE,3.04112120610309,90,180,93.8975,0.89738691133401
"102","2023-10-12T05:00:00Z",3.16845981698697,FALSE,FALSE,2.9888638885722,54,190,93.8485714285714,0.943317593156175
"102","2023-10-12T06:00:00Z",3.2107098436693,FALSE,FALSE,3.08325210080002,60,194,93.8210204081633,0.960302316598122
"102","2023-10-12T07:00:00Z",2.80029205899319,FALSE,FALSE,3.04998557710558,36,201,94.0526530612245,1.08916695575038
"102","2023-10-12T08:00:00Z",2.89746761825599,FALSE,FALSE,3.02481015749005,42,193,94.3920408163265,1.04394959875711
"102","2023-10-12T09:00:00Z",2.57676532816216,FALSE,FALSE,2.96108051813076,30,196,95.3004255319149,1.14914636803294
"102","2023-10-12T10:00:00Z",2.4023912832853,FALSE,FALSE,2.76370388239253,24,184,95.9735416666667,1.15039706546601
"102","2023-10-12T11:00:00Z",2.47842640769805,FALSE,FALSE,2.80351465166874,24,185,96.5552083333333,1.13116719663774
"102","2023-10-12T12:00:00Z",2.26799689847506,FALSE,FALSE,2.53275492126664,30,167,97.2802083333333,1.11673650125782
"102","2023-10-12T13:00:00Z",2.74099238799248,FALSE,FALSE,2.48678175808783,54,159,97.7082978723404,0.907255988371846
"102","2023-10-12T14:00:00Z",2.45132474524138,FALSE,FALSE,2.36044587952584,60,151,86.1016326530612,0.962926631450214
"102","2023-10-12T15:00:00Z",3.15866951015325,FALSE,FALSE,2.95560344339538,72,176,82.8887755102041,0.935711518376603
"102","2023-10-12T16:00:00Z",3.15884696381061,FALSE,FALSE,3.24925361613023,54,207,68.0667346938775,1.02862014315836
"102","2023-10-12T17:00:00Z",3.28409920990824,FALSE,FALSE,3.43422498509734,48,220,71.6759183673469,1.04571292326863
"102","2023-10-12T18:00:00Z",3.98952451948724,FALSE,FALSE,3.3351124457776,78,373,70.5148979591837,0.83596740150033
"102","2023-10-12T19:00:00Z",3.48991790285539,FALSE,FALSE,3.45449860828859,66,213,74.8510416666667,0.989850966254015
"102","2023-10-12T20:00:00Z",3.82805592001241,FALSE,FALSE,3.85133681629786,66,229,77.2455102040816,1.00608164999987
"102","2023-10-12T21:00:00Z",2.4652666135978,FALSE,FALSE,3.12468054487022,12,232,78.5604081632653,1.26748179188217
"102","2023-10-12T22:00:00Z",2.52051180442146,FALSE,FALSE,3.09688889950533,12,226,84.1189583333333,1.22867462634882
"102","2023-10-12T23:00:00Z",3.22551376048591,FALSE,FALSE,3.54784637606938,42,223,87.970625,1.09993217810204
"102","2023-10-13T00:00:00Z",3.28332490085854,FALSE,FALSE,3.65197961893448,48,222,89.52,1.112280913162
"102","2023-10-13T01:00:00Z",2.90596061828996,FALSE,FALSE,3.29477798229158,18,231,87.3873469387755,1.13379994262635
"102","2023-10-13T02:00:00Z",2.54271649808276,FALSE,FALSE,2.86840453667596,6,226,89.1441666666667,1.12808665017857
"102","2023-10-13T03:00:00Z",2.70149646781231,FALSE,FALSE,3.00060475230538,36,196,91.0587755102041,1.11071948013143
"102","2023-10-13T04:00:00Z",2.79271084998686,FALSE,FALSE,3.02158865056723,48,186,93.1155102040816,1.08195542355609
"102","2023-10-13T05:00:00Z",2.76521439688945,FALSE,FALSE,2.97346616564366,48,184,93.6183673469388,1.07531125578851
"102","2023-10-13T06:00:00Z",2.6528396070595,FALSE,FALSE,2.94855159193876,36,188,93.5116326530612,1.11146998261498
"102","2023-10-13T07:00:00Z",2.65103462879866,FALSE,FALSE,2.85077733815545,36,188,94.3904166666667,1.07534519058595
"102","2023-10-13T08:00:00Z",2.23888367972514,FALSE,FALSE,2.59101561905791,36,165,95.438125,1.15728014033136
"102","2023-10-13T09:00:00Z",2.23456878162818,FALSE,FALSE,2.47694534929812,36,156,95.48375,1.10846681904029
"102","2023-10-13T10:00:00Z",2.42142828633724,FALSE,FALSE,2.63025796841615,30,171,94.1981632653061,1.08624235673516
"102","2023-10-13T11:00:00Z",2.51047619449404,FALSE,FALSE,2.41772829947206,42,159,94.5712244897959,0.963055656442631
"102","2023-10-13T12:00:00Z",2.40659421235573,FALSE,FALSE,2.3345433402942,48,157,95.5002083333333,0.970061063185636
"102","2023-10-13T13:00:00Z",2.75660814357244,FALSE,FALSE,2.5612348921972,72,147,94.0740816326531,0.929125490022662
"102","2023-10-13T14:00:00Z",2.16697428459374,FALSE,FALSE,2.04342688403835,78,118,84.7491836734694,0.942986217495166
"102","2023-10-20T16:00:00Z",2.82262135113579,FALSE,FALSE,3.11985886924613,42,199,99.2024489795918,1.10530548774838
"102","2023-10-20T17:00:00Z",3.26380593738092,FALSE,FALSE,3.27282890164408,66,193,98.6883673469388,1.00276455292878
"102","2023-10-20T18:00:00Z",3.29197814094555,FALSE,FALSE,3.27060942858952,66,194,96.4202040816326,0.993508853509614
"102","2023-10-20T19:00:00Z",3.29491983359019,FALSE,FALSE,3.36222647364556,66,196,94.7679591836735,1.02042739837529
"102","2023-10-22T06:00:00Z",2.38633520645765,FALSE,FALSE,2.97149299371219,60,157,100,1.24521189884432
"102","2023-10-22T13:00:00Z",2.40968860029139,FALSE,FALSE,2.24118649302427,84,131,99.3534693877551,0.930073077804849
"102","2023-10-22T14:00:00Z",2.30986321498087,FALSE,FALSE,2.14305460003924,66,130,97.0971428571429,0.927784202172762
"102","2023-10-22T15:00:00Z",2.33388222321866,FALSE,FALSE,2.12077820820282,66,137,95.6914583333333,0.90869118720055
"102","2023-10-22T16:00:00Z",2.03203022657789,FALSE,FALSE,1.85263138064305,84,110,92.4189795918367,0.911714479642872
"102","2023-10-22T17:00:00Z",2.27451615187777,FALSE,FALSE,2.05759943017799,72,132,91.0171428571429,0.90463170748614
"102","2023-10-22T18:00:00Z",2.75299803381153,FALSE,FALSE,2.39504863993108,96,142,89.8132653061224,0.869978332899545
"102","2023-10-22T19:00:00Z",2.35367911755419,FALSE,FALSE,2.07164291483153,90,132,89.471875,0.880172194833537
"102","2023-10-22T20:00:00Z",2.28029744319212,FALSE,FALSE,2.06305220298833,72,133,89.1663265306122,0.904729428675028
"102","2023-10-22T21:00:00Z",2.7610710354903,FALSE,FALSE,2.5062513938294,78,148,90.4722916666667,0.907709856651462
"102","2023-10-22T22:00:00Z",2.24872576468782,FALSE,FALSE,2.40138388985001,18,172,91.1316326530612,1.06788650157321
"102","2023-10-22T23:00:00Z",2.45701837077994,FALSE,FALSE,2.31836703531295,60,147,92.469387755102,0.943569271961537
"102","2023-10-23T00:00:00Z",2.60664146463878,FALSE,FALSE,2.49633936878483,60,148,92.7369387755102,0.957684208837201
"102","2023-10-23T01:00:00Z",2.50870941333267,FALSE,FALSE,2.35427869445527,48,145,92.8702040816327,0.938442165498856
"102","2023-10-23T02:00:00Z",2.27578070099316,FALSE,FALSE,2.16056690115308,60,137,93.71,0.949373944602922
"102","2023-10-23T03:00:00Z",2.41086202245806,FALSE,FALSE,2.31299193155249,60,135,92.9695918367347,0.959404524193473
"102","2023-10-23T04:00:00Z",2.25693380121503,FALSE,FALSE,2.1576475997029,60,133,92.6085416666667,0.956008367875621
"102","2023-10-23T05:00:00Z",2.38023619385453,FALSE,FALSE,2.26397734352496,72,128,92.3455102040816,0.951156590833407
"102","2023-10-23T06:00:00Z",2.16809876928462,FALSE,FALSE,2.11149986901946,54,128,93.7457446808511,0.973894685488044
"102","2023-10-23T07:00:00Z",2.25306550544875,FALSE,FALSE,2.1383742453261,66,129,94.2036734693878,0.949095461341323
"102","2023-10-23T08:00:00Z",2.03402468264115,FALSE,FALSE,2.04028253017445,36,133,95.4189795918367,1.00307658387172
"102","2023-10-23T09:00:00Z",2.20919729571325,FALSE,FALSE,2.10478303712215,60,128,96.3320408163265,0.952736562373267
"102","2023-10-23T10:00:00Z",1.96203831590655,FALSE,FALSE,1.98336488175005,36,129,97.4465306122449,1.01086959702601
"102","2023-10-23T11:00:00Z",1.94450917305535,FALSE,FALSE,1.90120771129834,60,116,98.4687755102041,0.977731418109502
"102","2023-10-23T12:00:00Z",1.86433040494559,FALSE,FALSE,1.86055237573046,60,108,99.155,0.997973519497882
"102","2023-10-23T13:00:00Z",1.93611199512145,FALSE,FALSE,1.78777068605181,66,112,97.6670833333333,0.923381855262805
"102","2023-10-23T14:00:00Z",2.21758678781631,FALSE,FALSE,1.97901858752134,78,122,93.8159183673469,0.89241990365126
"102","2023-10-23T15:00:00Z",2.04908469460281,FALSE,FALSE,1.88424018335949,78,112,88.9322916666667,0.919552124088618
"102","2023-10-23T16:00:00Z",2.0176355243658,FALSE,FALSE,1.84315372651167,72,117,75.1827083333333,0.913521646626947
"102","2023-10-23T17:00:00Z",3.05945549197977,FALSE,FALSE,2.86297620719698,72,169,80.983125,0.935779655792394
"102","2023-10-23T18:00:00Z",2.7605567066983,FALSE,FALSE,2.44403713237168,90,144,80.3071428571428,0.885342121913814
"102","2023-10-23T19:00:00Z",2.78140537365889,FALSE,FALSE,2.97513542445723,54,180,79.7416326530612,1.06965185752248
"102","2023-10-23T20:00:00Z",3.2127236653487,FALSE,FALSE,2.90461395111785,78,172,82.573125,0.904097038424436
"102","2023-10-23T21:00:00Z",2.48677640422533,FALSE,FALSE,2.73996797219809,48,165,82.8240816326531,1.10181517226179
"102","2023-10-23T22:00:00Z",2.01332058954722,FALSE,FALSE,2.47458269713319,24,166,84.8147916666667,1.22910514598656
"102","2023-10-23T23:00:00Z",2.98438898775333,FALSE,FALSE,2.93730182876991,72,163,89.100612244898,0.98422217774672
"102","2023-10-24T00:00:00Z",2.3008130597716,FALSE,FALSE,2.54870347766486,12,180,89.6476595744681,1.10774035588874
"102","2023-10-24T01:00:00Z",2.2763437620951,FALSE,FALSE,2.62092053764278,30,170,91.1028571428571,1.15137290829507
"102","2023-10-24T02:00:00Z",2.1039783266531,FALSE,FALSE,2.41312622182953,24,157,93.5618367346939,1.1469349238346
"102","2023-10-24T03:00:00Z",2.47685322256939,FALSE,FALSE,2.39254469299173,60,147,95.4257142857143,0.965961434933072
"102","2023-10-24T04:00:00Z",2.23442235119609,FALSE,FALSE,2.29860963236013,48,136,96.4328260869565,1.02872656600919
"102","2023-10-24T05:00:00Z",2.01113865922876,FALSE,FALSE,2.0766633522202,48,129,96.9244897959184,1.03258089276478
"102","2023-10-24T06:00:00Z",2.18275023532457,FALSE,FALSE,2.12875797574444,54,130,97.3377083333333,0.975264114644751
"102","2023-10-24T07:00:00Z",2.15102318950994,FALSE,FALSE,2.02719721307933,66,120,98.05,0.942433918409396
"102","2023-10-24T08:00:00Z",1.89995226640423,FALSE,FALSE,1.84770663810341,66,107,97.8869565217391,0.972501610053765
"102","2023-10-24T11:00:00Z",1.87681662523831,FALSE,FALSE,1.71234785218907,72,103,98.4995833333333,0.912368224557712
"102","2023-10-24T12:00:00Z",1.95318552263023,FALSE,FALSE,1.93046043877657,54,118,98.52,0.988365117603852
"102","2023-10-24T13:00:00Z",1.62680226482116,FALSE,FALSE,1.48253462004859,90,85,98.4055102040816,0.911318266582056
"102","2023-10-24T15:00:00Z",2.76286937518931,FALSE,FALSE,2.62065770156068,66,154,85.2469387755102,0.948527543536547
"102","2023-10-24T16:00:00Z",2.76956472007572,FALSE,FALSE,2.43633054633022,84,148,82.6585714285714,0.879679947058109
"102","2023-10-24T17:00:00Z",2.2755965028619,FALSE,FALSE,2.11055852824311,78,127,79.8367346938775,0.927474851358215
"102","2023-10-24T18:00:00Z",2.58322020397715,FALSE,FALSE,2.56984907574527,54,159,79.0014285714286,0.994823852720225
"102","2023-10-24T19:00:00Z",2.61398902706655,FALSE,FALSE,2.85156734600356,48,175,78.2089583333333,1.09088726711436
"102","2023-10-24T20:00:00Z",2.23723625188158,FALSE,FALSE,2.65988548888006,12,192,79.096170212766,1.1889157824271
"102","2023-10-24T21:00:00Z",1.83273400645358,FALSE,FALSE,2.24982333170004,0,180,85.8330612244898,1.22757766472263
"102","2023-10-24T22:00:00Z",1.99339662167355,FALSE,FALSE,2.39548133675382,18,172,89.4789583333333,1.20170833576647
"102","2023-10-24T23:00:00Z",2.27147220718905,FALSE,FALSE,2.68184575817627,36,167,92.0377083333333,1.18066413037695
"102","2023-10-25T00:00:00Z",2.32995050664317,FALSE,FALSE,2.49456007253971,30,159,94.235,1.07064938307797
"102","2023-10-25T01:00:00Z",2.55356087173886,FALSE,FALSE,2.65478331799429,60,153,95.2008695652174,1.03963972324909
"102","2023-10-25T02:00:00Z",2.03837870976473,FALSE,FALSE,2.41209335155897,30,151,95.5552083333333,1.18333916067902
"102","2023-10-25T03:00:00Z",2.67181645454292,FALSE,FALSE,2.98882951103203,54,168,97.0830612244898,1.11865076133882
"102","2023-10-25T04:00:00Z",1.80937290378481,FALSE,FALSE,2.19888457184143,18,155,97.226875,1.21527440100482
"102","2023-10-25T05:00:00Z",1.76156739826357,FALSE,FALSE,2.23868296243304,6,164,97.6285416666667,1.27084718111823
"102","2023-10-25T06:00:00Z",1.87968610761756,FALSE,FALSE,2.26026132560547,24,153,97.6728571428571,1.20246743136825
"102","2023-10-25T07:00:00Z",1.93229146345885,FALSE,FALSE,2.07693380601085,30,136,98.4895833333333,1.07485534417933
"102","2023-10-25T08:00:00Z",1.82396253787523,FALSE,FALSE,2.25383999086172,24,150,98.6860416666667,1.23568326874041
"102","2023-10-25T10:00:00Z",1.48439679607631,FALSE,FALSE,1.84334398344429,6,134,98.9942857142857,1.24181350183238
"102","2023-10-25T13:00:00Z",2.70898405001387,FALSE,FALSE,2.67922531591741,66,150,98.3110204081633,0.989014799073362
"102","2023-10-25T14:00:00Z",2.7272663430496,FALSE,FALSE,2.59106844158804,48,172,94.5457142857143,0.950060652561983
"102","2023-10-25T15:00:00Z",2.22546903295028,FALSE,FALSE,2.24672503307639,48,144,82.4775510204082,1.00955124506852
"102","2023-10-25T16:00:00Z",2.51869352080409,FALSE,FALSE,2.71824498443376,30,189,69.3057142857143,1.07922816411818
"102","2023-10-25T17:00:00Z",3.06577717872827,FALSE,FALSE,3.247136004238,48,208,71.4925,1.05915590564379
"102","2023-10-25T18:00:00Z",2.90279450190494,FALSE,FALSE,3.19359791076134,24,224,69.7185416666667,1.10018050146697
"102","2023-10-25T19:00:00Z",3.04788952629382,FALSE,FALSE,3.29854821664344,18,237,74.4052083333333,1.08224008389649
"102","2023-10-25T20:00:00Z",3.11996896488485,FALSE,FALSE,3.50414819984703,30,235,77.3471739130435,1.1231355950287
"102","2023-10-25T21:00:00Z",2.44294758690093,FALSE,FALSE,3.21791673126749,12,237,79.9729166666667,1.31722708605045
"102","2023-10-25T22:00:00Z",3.10369654884649,FALSE,FALSE,3.53256896488168,42,220,84.564693877551,1.13818116857931
"102","2023-10-25T23:00:00Z",2.7355833014303,FALSE,FALSE,3.32632059027641,30,215,86.224693877551,1.21594564074771
"102","2023-10-26T00:00:00Z",3.46068827813443,FALSE,FALSE,3.51115416897782,18,246,87.4457142857143,1.01458261674773
"102","2023-10-26T01:00:00Z",3.31764770084517,FALSE,FALSE,3.50484956328559,60,206,87.5377551020408,1.05642608236936
"102","2023-10-26T02:00:00Z",2.90942645602336,FALSE,FALSE,3.33147181604767,12,236,85.9973469387755,1.14506136051336
"102","2023-10-26T03:00:00Z",3.36731222474095,FALSE,FALSE,3.61703154008264,54,217,87.45625,1.07415983391944
"102","2023-10-26T04:00:00Z",2.44995894609328,FALSE,FALSE,2.78358141439568,0,216,90.3264583333333,1.13617471788023
"102","2023-10-26T05:00:00Z",2.55823920136994,FALSE,FALSE,2.97170253173345,6,212,91.8565306122449,1.16162027778407
"102","2023-10-26T06:00:00Z",2.97934241401422,FALSE,FALSE,3.15148257504663,12,228,92.169387755102,1.05777790435322
"102","2023-10-26T07:00:00Z",3.39497646496597,FALSE,FALSE,3.4797202775128,54,220,92.1860416666667,1.02496153166931
"102","2023-10-26T08:00:00Z",2.59230612279768,FALSE,FALSE,3.01883940956403,18,207,90.9077551020408,1.16453816276375
"102","2023-10-26T09:00:00Z",3.27870657717283,FALSE,FALSE,3.59501451908396,42,220,91.3397916666667,1.09647339109676
"102","2023-10-26T10:00:00Z",3.22753418117075,FALSE,FALSE,3.60840152084985,36,232,91.079387755102,1.11800567191544
"102","2023-10-26T11:00:00Z",3.11137470036593,FALSE,FALSE,3.37713989837502,18,228,90.599387755102,1.08541729094147
"102","2023-10-26T12:00:00Z",3.48394116290481,FALSE,FALSE,3.73375018943185,36,238,90.9341666666667,1.07170299808357
"102","2023-10-26T13:00:00Z",3.50111825746769,FALSE,FALSE,3.47343191292165,54,222,89.6159183673469,0.992092142421357
"102","2023-10-26T14:00:00Z",3.17048071405506,FALSE,FALSE,3.36951231336473,30,226,87.8351020408163,1.0627764737465
"102","2023-10-26T15:00:00Z",2.40386660498744,FALSE,FALSE,2.68271847713849,30,181,69.3075510204082,1.11600139191272
"102","2023-10-26T16:00:00Z",2.85857167317173,FALSE,FALSE,2.96597215964704,54,190,61.5354166666667,1.03757138135919
"102","2023-10-26T17:00:00Z",3.18502641766607,FALSE,FALSE,3.33097837988169,0,260,68.3581632653061,1.0458244118184
"102","2023-10-26T18:00:00Z",2.78546024770878,FALSE,FALSE,2.95060845096402,18,221,63.5010204081633,1.05928937718321
"102","2023-10-26T19:00:00Z",3.29883048431691,FALSE,FALSE,3.72435284967908,24,263,69.249387755102,1.12899188587748
"102","2023-10-26T20:00:00Z",3.50984206754404,FALSE,FALSE,3.95566353050609,36,264,75.2733333333333,1.12702037709463
"102","2023-10-26T21:00:00Z",2.76699872238873,FALSE,FALSE,3.22586208098848,0,285,78.6914583333333,1.16583432254122
"102","2023-10-26T22:00:00Z",3.44756400296899,FALSE,FALSE,4.01619962460483,18,287,81.9912244897959,1.16493838001155
"102","2023-10-26T23:00:00Z",4.16316337486962,FALSE,FALSE,4.37956996810663,30,282,84.5559183673469,1.05198128772541
"102","2023-10-27T00:00:00Z",3.04334769309578,FALSE,FALSE,3.59683119118967,0,310,85.394081632653,1.18186666589215
"102","2023-10-27T01:00:00Z",2.95753702889244,FALSE,FALSE,3.50313906645504,6,306,85.7434042553191,1.18447851446408
"102","2023-10-27T02:00:00Z",2.84770082852434,FALSE,FALSE,3.62287332341639,0,273,86.9414583333333,1.27220994815447
"102","2023-10-27T03:00:00Z",3.73139920242114,FALSE,FALSE,3.89691490256139,42,252,87.3712244897959,1.04435754288441
"102","2023-10-27T04:00:00Z",3.47836901005272,FALSE,FALSE,3.75930503320314,42,239,87.9081632653061,1.08076659559078
"102","2023-10-27T05:00:00Z",3.14074146961147,FALSE,FALSE,3.55425461478062,36,228,88.7810204081633,1.13166099444037
"102","2023-10-27T06:00:00Z",3.18998268533395,FALSE,FALSE,3.53581171974792,30,237,89.3385714285714,1.10841094404804
"102","2023-10-27T07:00:00Z",3.54937004933111,FALSE,FALSE,3.81870139196799,18,267,90.1751020408163,1.07588144907225
"102","2023-10-27T08:00:00Z",3.2251763755627,FALSE,FALSE,3.9365807257217,36,246,90.8732653061224,1.22057843271746
"102","2023-10-27T09:00:00Z",3.20561942606811,FALSE,FALSE,3.52049667418941,24,240,91.1695918367347,1.09822664710624
"102","2023-10-27T10:00:00Z",2.58826723146556,FALSE,FALSE,3.0146491472661,0,243,91.864375,1.16473643471471
"102","2023-10-27T11:00:00Z",3.00574634613431,FALSE,FALSE,3.41741021008203,24,233,92.491875,1.13695895013801
"102","2023-10-27T12:00:00Z",3.61579173143073,FALSE,FALSE,3.91866351276337,42,247,93.3342857142857,1.08376361356764
"102","2023-10-27T13:00:00Z",3.45660233699994,FALSE,FALSE,3.72288109190007,36,242,91.8767346938776,1.07703482464553
"102","2023-10-27T14:00:00Z",3.4957662704117,FALSE,FALSE,3.39457973331884,66,206,88.6239583333333,0.97105454733936
"102","2023-10-27T16:00:00Z",2.74982387098087,FALSE,FALSE,3.00100957199986,36,211,56.3285416666667,1.09134610535234
"102","2023-10-27T17:00:00Z",3.04600137315005,FALSE,FALSE,3.56213229893643,30,247,61.5479166666667,1.16944540154708
"102","2023-10-27T18:00:00Z",2.92709474978595,FALSE,FALSE,3.13040455582645,18,240,56.5020833333333,1.06945788347144
"102","2023-10-27T19:00:00Z",2.75676724162169,FALSE,FALSE,3.14578972097268,0,278,63.810612244898,1.14111546070249
"102","2023-10-27T20:00:00Z",2.70603301260488,FALSE,FALSE,3.33769787258762,0,263,70.1383333333333,1.23342836434012
"102","2023-10-27T21:00:00Z",3.09461988147514,FALSE,FALSE,3.54019899403432,0,279,75.9112244897959,1.14398508690081
"102","2023-10-27T22:00:00Z",2.52615769851593,FALSE,FALSE,3.3410323172208,6,266,79.4228571428571,1.32257472254546
"102","2023-10-27T23:00:00Z",2.96907442903514,FALSE,FALSE,3.49268552430177,12,259,82.5665306122449,1.1763549913556
"102","2023-10-28T00:00:00Z",3.16048809188304,FALSE,FALSE,3.60504901197669,24,245,84.8044680851064,1.14066210887977
"102","2023-10-28T01:00:00Z",3.05406910603055,FALSE,FALSE,3.55736150737969,30,241,86.483125,1.16479404488764
"102","2023-10-28T02:00:00Z",2.83247344684517,FALSE,FALSE,3.15245747642355,0,260,87.8348979591837,1.11296982498981
"102","2023-10-28T03:00:00Z",2.37140908447222,FALSE,FALSE,3.117359156709,0,245,88.5567346938776,1.31455984423826
"102","2023-10-28T04:00:00Z",3.13686762382825,FALSE,FALSE,3.5189004586875,24,242,90.7197872340426,1.12178800021947
"102","2023-10-28T05:00:00Z",2.87413926473964,FALSE,FALSE,3.21409626687898,12,254,91.1242857142857,1.11828132558153
"102","2023-10-28T06:00:00Z",2.77194583379713,FALSE,FALSE,3.06889584885308,6,239,92.555625,1.10712691836737
"102","2023-10-28T07:00:00Z",2.70428613570688,FALSE,FALSE,2.90455129965742,0,244,93.0916666666667,1.07405472420476
"102","2023-10-28T08:00:00Z",1.50351272791072,FALSE,FALSE,1.73413751233337,150,226,95.5442857142857,1.15339064321931
"102","2023-10-28T09:00:00Z",1.27204437952234,FALSE,FALSE,1.4479032475038,180,257,96.5938775510204,1.13824900358232
"102","2023-10-28T10:00:00Z",1.42500999891802,FALSE,FALSE,1.69019409069697,168,311,97.3008333333333,1.18609279372095
"102","2023-10-28T11:00:00Z",1.17509388404484,FALSE,FALSE,1.35397271741266,0,302,97.6104255319149,1.15222514200491
"102","2023-10-28T12:00:00Z",1.24997450082001,FALSE,FALSE,1.42381212621485,0,329,98.0625,1.13907293731256
"102","2023-10-28T13:00:00Z",1.29708812400826,FALSE,FALSE,1.39205457337058,0,394,99.1740816326531,1.07321510975588
"102","2023-10-28T17:00:00Z",0.72499653268226,FALSE,FALSE,0.961986652850574,150,317,85.1963265306122,1.32688448769751
"102","2023-10-29T06:00:00Z",0.644350863796208,FALSE,FALSE,0.719164341339818,0,351,98.2691666666667,1.11610673896337
"103","2023-10-03T22:00:00Z",5.70344340656982,FALSE,FALSE,4.36500975640995,138,278,76.8897435897436,0.765328845269486
"103","2023-10-03T23:00:00Z",4.12366503726104,FALSE,FALSE,5.21868530393526,0,541,88.62625,1.26554539633547
"103","2023-10-04T00:00:00Z",4.89035516242691,FALSE,FALSE,5.63317289305995,0,472,92.6097674418605,1.15189443424072
"103","2023-10-04T02:00:00Z",4.73503086421554,FALSE,FALSE,4.61562228155049,84,261,94.7085714285714,0.97478187870591
"103","2023-10-04T04:00:00Z",4.31953900822905,FALSE,FALSE,4.88613595301629,54,297,96.4681818181818,1.13117069754616
"103","2023-10-04T05:00:00Z",3.7891916858951,FALSE,FALSE,3.55344757769843,96,196,97.1870833333333,0.937785119429507
"103","2023-10-04T06:00:00Z",4.18229701756061,FALSE,FALSE,4.30876710540181,72,257,96.0034693877551,1.03023938455595
"103","2023-10-04T07:00:00Z",4.60286592546731,FALSE,FALSE,4.99639130471794,54,302,93.8563265306123,1.08549572931796
"103","2023-10-04T08:00:00Z",4.95431485479403,FALSE,FALSE,5.57696519203648,24,385,95.025625,1.12567839458971
"103","2023-10-04T09:00:00Z",4.33027294900366,FALSE,FALSE,5.30478216437316,18,375,95.71625,1.22504567883965
"103","2023-10-04T11:00:00Z",4.43399602794046,FALSE,FALSE,4.71324639689564,6,359,96.980625,1.06297939086898
"103","2023-10-04T12:00:00Z",4.57189126796717,FALSE,FALSE,5.21988125677025,42,334,97.3965306122449,1.1417334645168
"103","2023-10-04T13:00:00Z",5.60369895692222,FALSE,FALSE,5.46028009856679,84,318,97.3220833333333,0.974406394872753
"103","2023-10-04T14:00:00Z",6.0984704148407,FALSE,FALSE,6.47956725321147,30,439,93.0927083333333,1.06249056114847
"103","2023-10-04T15:00:00Z",6.57775169251,FALSE,FALSE,6.82589168027702,42,447,86.4018367346939,1.03772413422805
"103","2023-10-04T16:00:00Z",6.60024834933473,FALSE,FALSE,6.68176426198279,42,448,71.9875510204082,1.01235043112526
"103","2023-10-04T17:00:00Z",5.86876659034996,FALSE,FALSE,6.75263213022132,0,540,72.3648275862069,1.15060499105974
"103","2023-10-04T18:00:00Z",5.6288432548725,FALSE,FALSE,6.07738185022314,36,425,67.6810204081633,1.07968574981412
"103","2023-10-04T19:00:00Z",6.51799314780964,FALSE,FALSE,6.95227570877759,24,519,57.5929787234043,1.06662826289007
"103","2023-10-04T20:00:00Z",6.59986783652583,FALSE,FALSE,7.25564740576068,24,518,74.1585106382979,1.09936253050486
"103","2023-10-04T21:00:00Z",5.88021193983036,FALSE,FALSE,6.73665733805633,18,507,81.8373469387755,1.14564872949982
"103","2023-10-04T22:00:00Z",5.45744029380745,FALSE,FALSE,6.38589895479554,6,496,86.6708163265306,1.17012713121967
"103","2023-10-04T23:00:00Z",5.60558430401206,FALSE,FALSE,6.33666503633249,0,507,90.3872340425532,1.13042007624382
"103","2023-10-05T00:00:00Z",5.41263519836754,FALSE,FALSE,6.22229313208434,6,484,92.764693877551,1.14958664385159
"103","2023-10-05T01:00:00Z",5.51956348611093,FALSE,FALSE,6.31889384604194,0,514,93.7425,1.14481767660475
"103","2023-10-05T02:00:00Z",5.42651859331801,FALSE,FALSE,6.29660762498977,18,454,94.4657142857143,1.16034019172866
"103","2023-10-05T03:00:00Z",5.26074878054251,FALSE,FALSE,6.11864055760306,30,414,95.4561224489796,1.1630740818177
"103","2023-10-05T04:00:00Z",5.14232698118887,FALSE,FALSE,5.98188219035713,30,406,96.465918367347,1.16326367658833
"103","2023-10-05T05:00:00Z",4.83526580514791,FALSE,FALSE,5.35389726650063,0,432,96.784693877551,1.10726017601774
"103","2023-10-05T06:00:00Z",4.56825330103788,FALSE,FALSE,5.25074471823786,6,410,97.1075510204082,1.14939876846254
"103","2023-10-05T07:00:00Z",4.32478490529681,FALSE,FALSE,4.94125408021053,30,340,97.4541666666667,1.14254331450304
"103","2023-10-05T08:00:00Z",4.1968391271231,FALSE,FALSE,4.85104055322971,36,328,97.683125,1.15587955751715
"103","2023-10-05T09:00:00Z",3.97618841153846,FALSE,FALSE,4.30862750217054,36,287,98.0465306122449,1.08360747938085
"103","2023-10-05T10:00:00Z",4.44704878167957,FALSE,FALSE,5.19991478268492,36,338,98.0991666666667,1.16929564706079
"103","2023-10-05T11:00:00Z",4.06138172865581,FALSE,FALSE,4.43955675493446,30,296,98.3932653061224,1.09311486866905
"103","2023-10-05T12:00:00Z",3.9938949127789,FALSE,FALSE,3.71265549525592,96,203,98.5638775510204,0.929582669633312
"103","2023-10-05T13:00:00Z",5.01785588217719,FALSE,FALSE,5.40042564487675,54,327,97.4073469387755,1.07624168004872
"103","2023-10-05T14:00:00Z",5.05048285767545,FALSE,FALSE,5.56144035441682,30,372,93.229375,1.10117002891414
"103","2023-10-05T15:00:00Z",5.33295594808548,FALSE,FALSE,5.87437834002735,54,360,82.2963043478261,1.101523882292
"103","2023-10-05T16:00:00Z",5.03828791110308,FALSE,FALSE,5.39517054323484,48,344,66.7740816326531,1.07083410841712
"103","2023-10-05T17:00:00Z",4.78702530880768,FALSE,FALSE,5.51971815427371,30,381,61.524693877551,1.15305806804864
"103","2023-10-05T18:00:00Z",5.43193783157589,FALSE,FALSE,5.65494253102921,42,382,63,1.04105435414908
"103","2023-10-05T19:00:00Z",6.02392214641112,FALSE,FALSE,6.22691530572696,18,474,53.8024489795918,1.03369783911248
"103","2023-10-05T20:00:00Z",5.92935114393577,FALSE,FALSE,6.59874747777764,24,454,68.0445833333333,1.11289537718246
"103","2023-10-05T21:00:00Z",5.72396289751798,FALSE,FALSE,6.46146635476065,18,468,73.3533333333333,1.12884490526004
"103","2023-10-05T22:00:00Z",5.22257437743669,FALSE,FALSE,5.69534519376783,0,462,78.9883333333333,1.0905244774251
"103","2023-10-05T23:00:00Z",4.99729696994827,FALSE,FALSE,5.52228074783746,12,417,84.3465306122449,1.10505354815738
"103","2023-10-06T00:00:00Z",5.24050035850575,FALSE,FALSE,5.5452545280276,12,414,85.9075510204082,1.05815363966672
"103","2023-10-06T01:00:00Z",5.28236503493669,FALSE,FALSE,5.41860356990082,18,390,87.4,1.02579120035497
"103","2023-10-06T02:00:00Z",4.54797141053839,FALSE,FALSE,4.98991478923257,0,392,90.7225,1.09717373721174
"103","2023-10-06T03:00:00Z",4.53340716389332,FALSE,FALSE,4.9211268763337,12,368,92.9027083333333,1.0855250142825
"103","2023-10-06T04:00:00Z",4.94808213503007,FALSE,FALSE,5.47167758575706,42,339,94.4460416666667,1.10581785759379
"103","2023-10-06T05:00:00Z",6.55678665855693,FALSE,FALSE,6.30640159832855,84,356,95.3581632653061,0.961812840150653
"103","2023-10-06T06:00:00Z",5.76311992879257,FALSE,FALSE,6.1393956253333,36,388,94.9738775510204,1.06529027700098
"103","2023-10-06T07:00:00Z",5.91793146128955,FALSE,FALSE,6.40198398028006,60,374,95.5140816326531,1.08179420835757
"103","2023-10-06T08:00:00Z",5.54814517575722,FALSE,FALSE,5.79542249991173,30,383,94.9238775510204,1.0445693680178
"103","2023-10-06T09:00:00Z",5.7880235788341,FALSE,FALSE,6.11342017334557,36,398,95.0538775510204,1.05621894763895
"103","2023-10-06T10:00:00Z",6.11465377907307,FALSE,FALSE,6.36027134210401,48,395,95.5571428571428,1.04016867870288
"103","2023-10-06T11:00:00Z",6.71196354041295,FALSE,FALSE,6.92681856703379,60,405,96.4316326530612,1.03201075591773
"103","2023-10-06T12:00:00Z",6.58138757204025,FALSE,FALSE,6.70283813334059,60,397,96.6034693877551,1.01845364066026
"103","2023-10-06T13:00:00Z",7.15501488029411,FALSE,FALSE,7.25525535466351,60,425,95.3214285714286,1.01400982053098
"103","2023-10-06T14:00:00Z",7.37935801340183,FALSE,FALSE,7.33780326378955,66,431,93.0885416666667,0.994368785260613
"103","2023-10-06T15:00:00Z",5.92688613038667,FALSE,FALSE,6.20375129293882,36,410,88.4122448979592,1.04671342699376
"103","2023-10-06T16:00:00Z",6.25031428155716,FALSE,FALSE,6.77001493031952,30,455,92.4295833333333,1.0831479227046
"103","2023-10-06T17:00:00Z",6.52522875176979,FALSE,FALSE,6.98275092849598,42,440,93.5725,1.07011588315614
"103","2023-10-06T18:00:00Z",5.9449379687847,FALSE,FALSE,6.6676894346689,36,442,93.910612244898,1.12157426531264
"103","2023-10-06T19:00:00Z",6.13482725938598,FALSE,FALSE,6.70023738285422,36,443,93.116170212766,1.09216398434091
"103","2023-10-06T20:00:00Z",6.00870457141556,FALSE,FALSE,6.71775573429409,36,445,91.7259183673469,1.11800399810828
"103","2023-10-06T21:00:00Z",5.25183528314997,FALSE,FALSE,6.01406750010212,12,446,92.8624489795918,1.14513635250475
"103","2023-10-06T22:00:00Z",5.41997277748821,FALSE,FALSE,6.3933299038774,24,451,94.5591489361702,1.17958708767542
"103","2023-10-06T23:00:00Z",5.29662079472475,FALSE,FALSE,6.15527958833499,24,431,96.0081632653061,1.16211445502488
"103","2023-10-07T00:00:00Z",5.13329221865363,FALSE,FALSE,5.78758004223645,42,361,96.9575,1.12745968780138
"103","2023-10-07T01:00:00Z",5.97386388027402,FALSE,FALSE,6.70030023879167,48,406,97.4457142857143,1.12160242902694
"103","2023-10-07T02:00:00Z",6.33675364331188,FALSE,FALSE,6.86942733189156,42,441,97.6071428571429,1.08406097484031
"103","2023-10-07T03:00:00Z",5.36494168263615,FALSE,FALSE,5.91749223704574,12,426,97.4845833333333,1.10299283516873
"103","2023-10-07T04:00:00Z",5.55845029647374,FALSE,FALSE,6.11088711217518,48,378,97.5575510204082,1.0993868409783
"103","2023-10-07T05:00:00Z",5.28603884359158,FALSE,FALSE,5.8873419598081,54,353,97.9020408163265,1.11375306425254
"103","2023-10-07T06:00:00Z",4.72064399474664,FALSE,FALSE,5.40092714712956,42,341,98.1889795918367,1.14410812447199
"103","2023-10-07T07:00:00Z",5.14257783695819,FALSE,FALSE,5.75849513922757,48,355,98.2245833333333,1.11976820221231
"103","2023-10-07T08:00:00Z",5.03133829510629,FALSE,FALSE,5.62418385184064,48,346,98.4048979591837,1.1178305893903
"103","2023-10-07T09:00:00Z",4.68880263878778,FALSE,FALSE,5.49603869888873,42,345,98.6814285714286,1.17216251616631
"103","2023-10-07T10:00:00Z",4.485705769529,FALSE,FALSE,5.1176421510226,54,316,98.8189795918367,1.14087780473394
"103","2023-10-07T11:00:00Z",4.54608317622549,FALSE,FALSE,5.10998433420408,60,302,98.9151020408163,1.12404110002377
"103","2023-10-07T12:00:00Z",4.50707360558679,FALSE,FALSE,4.67788363127637,48,292,99.00625,1.03789821082084
"103","2023-10-07T16:00:00Z",6.22158172685306,FALSE,FALSE,6.43816561723849,54,405,97.625306122449,1.03481170864486
"103","2023-10-07T17:00:00Z",6.00133909775051,FALSE,FALSE,6.4541775482988,30,444,94.9010416666667,1.07545623454573
"103","2023-10-07T18:00:00Z",6.54623351275426,FALSE,FALSE,6.71141638535133,36,453,93.1195833333333,1.02523326921889
"103","2023-10-07T19:00:00Z",6.27364834791731,FALSE,FALSE,6.6854162928973,24,478,89.8597959183674,1.06563452749415
"103","2023-10-07T20:00:00Z",5.88425784524322,FALSE,FALSE,6.362884285566,24,448,93.3004166666667,1.08134015417249
"103","2023-10-07T21:00:00Z",6.1852854286554,FALSE,FALSE,6.52020132379376,48,410,96.6120833333333,1.05414720128949
"103","2023-10-07T22:00:00Z",5.2638394061429,FALSE,FALSE,5.37539845141357,66,323,98.144081632653,1.02119347431848
"103","2023-10-07T23:00:00Z",1.42083935843901,FALSE,FALSE,2.1396489582724,42,157,98.9308510638298,1.50590490442431
"103","2023-10-08T00:00:00Z",0.870114782484638,FALSE,FALSE,0.787925866966491,78,53,98.8929166666667,0.905542444315848
"103","2023-10-08T15:00:00Z",1.62161572140403,FALSE,FALSE,1.60108699833377,60,100,96.7144897959184,0.987340574712434
"103","2023-10-08T16:00:00Z",1.98520195325963,FALSE,FALSE,2.0592977862506,48,128,93.8941666666667,1.03732407822252
"103","2023-10-08T17:00:00Z",1.84551447273328,FALSE,FALSE,1.69754275517935,66,91,88.7451219512195,0.919820884777574
"103","2023-10-08T18:00:00Z",2.93284646347467,FALSE,FALSE,2.75999741281503,78,163,81.21125,0.941064405241705
"103","2023-10-08T19:00:00Z",2.26709167205337,FALSE,FALSE,2.57548313951336,24,191,70.7560416666667,1.136029553309
"103","2023-10-08T20:00:00Z",3.61001835575298,FALSE,FALSE,3.62490924602921,72,213,80.4222448979592,1.00412487937977
"103","2023-10-08T21:00:00Z",3.87132289765172,FALSE,FALSE,4.25086465425897,48,258,81.2602173913044,1.09803929215966
"103","2023-10-08T22:00:00Z",3.32032150975926,FALSE,FALSE,3.89725874945424,30,256,89.991914893617,1.17375945010121
"103","2023-10-08T23:00:00Z",3.80771271129315,FALSE,FALSE,3.77856029872806,66,230,90.8897916666667,0.992343851867126
"103","2023-10-09T00:00:00Z",3.23363119177473,FALSE,FALSE,3.54571770482641,36,227,93.3304166666667,1.09651271111113
"103","2023-10-09T01:00:00Z",3.17298868092983,FALSE,FALSE,3.37611858209747,36,221,93.869375,1.06401847645675
"103","2023-10-09T02:00:00Z",3.09092949695431,FALSE,FALSE,3.40928518477941,42,211,93.1925531914894,1.10299674843402
"103","2023-10-09T03:00:00Z",2.77371584014774,FALSE,FALSE,2.98801588071107,30,205,94.134693877551,1.07726099316357
"103","2023-10-09T04:00:00Z",3.22336636981046,FALSE,FALSE,3.30322360103088,48,206,95.5804081632653,1.02477448172456
"103","2023-10-09T06:00:00Z",3.53035403432304,FALSE,FALSE,3.23563862131457,78,184,96.0429787234043,0.916519586947038
"103","2023-10-09T07:00:00Z",2.59145348374361,FALSE,FALSE,2.84909980659887,36,180,96.9278723404255,1.09942155028886
"103","2023-10-09T08:00:00Z",2.99338488136681,FALSE,FALSE,3.07063889609354,66,172,96.2502127659574,1.02580824644623
"103","2023-10-09T09:00:00Z",2.47375984058113,FALSE,FALSE,2.748532792637,24,188,96.7228571428571,1.11107503143527
"103","2023-10-09T10:00:00Z",2.9944104574433,FALSE,FALSE,2.75920340959637,78,160,97.0259183673469,0.921451300284413
"103","2023-10-09T11:00:00Z",2.01529523757036,FALSE,FALSE,1.79676435578689,96,102,97.7751020408163,0.891563837541281
"103","2023-10-09T12:00:00Z",2.08336341891675,FALSE,FALSE,2.12268812791143,42,137,98.0732653061225,1.01887558773357
"103","2023-10-09T14:00:00Z",2.84570192007097,FALSE,FALSE,3.43884383607751,36,214,92.4479591836735,1.20843430994057
"103","2023-10-09T16:00:00Z",2.89580388440046,FALSE,FALSE,3.14443243908144,36,206,75.451875,1.08585821575153
"103","2023-10-09T17:00:00Z",3.18789803113372,FALSE,FALSE,3.41270485431709,48,215,71.6608163265306,1.07051882493978
"103","2023-10-09T18:00:00Z",3.21002967056057,FALSE,FALSE,3.25527669028512,54,207,66.7416666666667,1.01409551448683
"103","2023-10-09T19:00:00Z",3.18246160144753,FALSE,FALSE,3.5592929594082,18,259,67.1745833333333,1.11840876816527
"103","2023-10-09T20:00:00Z",3.32514807565584,FALSE,FALSE,3.83656936030855,30,255,71.2955102040816,1.15380406316246
"103","2023-10-09T21:00:00Z",3.11077222016895,FALSE,FALSE,3.88466611618424,18,267,77.5954166666667,1.24877870870701
"103","2023-10-09T22:00:00Z",3.16013397603739,FALSE,FALSE,3.55481842956613,18,258,83.4032653061224,1.1248948482949
"103","2023-10-09T23:00:00Z",2.79868638025558,FALSE,FALSE,3.19397235318131,18,226,85.5941666666667,1.14123982440992
"103","2023-10-10T00:00:00Z",4.0070595480273,FALSE,FALSE,3.76619287349823,72,224,87.7410204081633,0.939889419749789
"103","2023-10-10T01:00:00Z",3.4798128278072,FALSE,FALSE,3.64549306256834,36,234,87.9979166666667,1.04761182366971
"103","2023-10-10T02:00:00Z",3.25255036085793,FALSE,FALSE,3.5973700334875,36,225,88.5286956521739,1.10601516790615
"103","2023-10-10T03:00:00Z",2.84815631187104,FALSE,FALSE,3.15207839365796,12,231,87.4975510204082,1.10670835744519
"103","2023-10-10T04:00:00Z",2.75620139490901,FALSE,FALSE,3.10252511839168,18,227,89.5168085106383,1.1256525463351
"103","2023-10-10T05:00:00Z",3.67635290509033,FALSE,FALSE,3.36709160190212,72,201,90.2385714285714,0.915878232810566
"103","2023-10-10T06:00:00Z",2.9199035660566,FALSE,FALSE,3.22985368783399,12,227,90.3141666666667,1.10615080764327
"103","2023-10-10T07:00:00Z",2.42088572789002,FALSE,FALSE,2.68209549087785,12,191,92.2745652173913,1.10789842741379
"103","2023-10-10T08:00:00Z",2.47208577436229,FALSE,FALSE,2.81240555727605,24,188,94.4384782608696,1.13766503834259
"103","2023-10-10T09:00:00Z",2.51961465818643,FALSE,FALSE,2.81707429935927,30,184,95.3318367346939,1.11805759273799
"103","2023-10-10T10:00:00Z",2.94296063563776,FALSE,FALSE,2.78879085627903,72,159,96.4091666666667,0.947614053177668
"103","2023-10-10T11:00:00Z",3.33139143083512,FALSE,FALSE,3.53467759320966,54,207,95.7625531914894,1.06102139799392
"103","2023-10-10T12:00:00Z",3.43842829403377,FALSE,FALSE,3.41537508625478,66,200,95.1086956521739,0.993295422847994
"103","2023-10-10T13:00:00Z",3.5460303674828,FALSE,FALSE,3.5317705532728,60,213,94.206170212766,0.995978654232415
"103","2023-10-10T14:00:00Z",3.68773010661433,FALSE,FALSE,3.98490028585963,60,234,83.2304166666667,1.08058349463056
"103","2023-10-10T15:00:00Z",3.79038487612562,FALSE,FALSE,3.68633647453269,78,219,81.8297916666667,0.97254938350765
"103","2023-10-10T16:00:00Z",4.10162805559671,FALSE,FALSE,4.33355520871715,60,267,79.3925,1.05654514499528
"103","2023-10-10T17:00:00Z",3.12844902997513,FALSE,FALSE,3.256867807094,48,206,73.6889583333333,1.04104870365105
"103","2023-10-10T18:00:00Z",2.91529942019644,FALSE,FALSE,3.26881594405537,24,228,70.8769387755102,1.12126250957616
"103","2023-10-10T19:00:00Z",2.84121777174539,FALSE,FALSE,3.32698859161829,18,248,75.1448979591837,1.17097275143907
"103","2023-10-10T20:00:00Z",3.2264386802202,FALSE,FALSE,3.75076682923418,30,251,85.2044897959184,1.16250987574268
"103","2023-10-10T21:00:00Z",3.29570412809194,FALSE,FALSE,3.82793708884685,6,293,83.6814893617021,1.16149294356197
"103","2023-10-10T22:00:00Z",3.17801031653766,FALSE,FALSE,3.43665574153899,0,277,87.0014583333333,1.08138596141599
"103","2023-10-10T23:00:00Z",2.67867422067835,FALSE,FALSE,3.21650562658397,12,241,88.9532653061224,1.20078268635796
"103","2023-10-11T00:00:00Z",2.92880366768906,FALSE,FALSE,3.22569612095876,12,241,90.9320408163265,1.10136987212392
"103","2023-10-11T01:00:00Z",3.11278942927955,FALSE,FALSE,3.43486382271138,30,223,91.7960869565217,1.10346809533672
"103","2023-10-11T02:00:00Z",2.74637853191615,FALSE,FALSE,3.20551157383772,24,218,92.8527659574468,1.16717762558435
"103","2023-10-11T03:00:00Z",2.93930461919269,FALSE,FALSE,3.17529444453381,30,214,94.2879591836735,1.08028763803526
"103","2023-10-11T04:00:00Z",2.61785438222797,FALSE,FALSE,3.01924922215827,30,196,95.1752083333333,1.15332970491227
"103","2023-10-11T05:00:00Z",2.56877574524089,FALSE,FALSE,2.71782352335111,6,215,96.0202040816327,1.05802288439789
"103","2023-10-11T06:00:00Z",2.64917298624445,FALSE,FALSE,2.89234854512827,30,190,96.2495833333333,1.09179300866591
"103","2023-10-11T07:00:00Z",3.33998191619476,FALSE,FALSE,3.05485871133673,84,174,96.9773469387755,0.914633308798608
"103","2023-10-11T08:00:00Z",2.98143552631632,FALSE,FALSE,3.07040488855533,54,185,96.9967346938776,1.02984111561484
"103","2023-10-11T09:00:00Z",2.93932492737627,FALSE,FALSE,2.97043050927539,60,175,97.1512244897959,1.01058255982842
"103","2023-10-11T10:00:00Z",2.72402951993446,FALSE,FALSE,3.01571291281656,42,189,96.8360416666667,1.10707791187561
"103","2023-10-11T11:00:00Z",2.87895808573479,FALSE,FALSE,3.04870466418534,54,187,96.9697959183674,1.05896111488793
"103","2023-10-11T12:00:00Z",3.53433356456975,FALSE,FALSE,3.22942493375337,90,179,97.2181632653061,0.91372952630364
"103","2023-10-11T13:00:00Z",4.06260264883473,FALSE,FALSE,3.96196063453766,78,224,95.5067346938775,0.975227207040309
"103","2023-10-11T14:00:00Z",3.46995544411309,FALSE,FALSE,3.78860548824449,36,249,92.7740816326531,1.09183116304044
"103","2023-10-11T15:00:00Z",3.77170271818142,FALSE,FALSE,4.00338974136362,54,244,85.2434693877551,1.06142770003196
"103","2023-10-11T16:00:00Z",3.30209082857598,FALSE,FALSE,3.32386418649842,66,205,76.4859183673469,1.00659380951427
"103","2023-10-11T17:00:00Z",3.32024920383655,FALSE,FALSE,3.54575809562213,48,224,72.1533333333333,1.06791926688063
"103","2023-10-11T18:00:00Z",2.57442575588374,FALSE,FALSE,3.25869012426149,30,220,69.6428571428571,1.26579300910655
"103","2023-10-11T19:00:00Z",3.36738761495737,FALSE,FALSE,3.56971230910279,54,225,74.028125,1.06008357732467
"103","2023-10-11T20:00:00Z",3.28317768654326,FALSE,FALSE,3.85143635132141,24,269,77.7377083333333,1.1730819099762
"103","2023-10-11T21:00:00Z",3.32855551078783,FALSE,FALSE,3.82962315341574,18,289,80.10375,1.15053606316732
"103","2023-10-11T22:00:00Z",3.34880898325264,FALSE,FALSE,3.93227426109128,42,506,84.155,1.17423068343299
"103","2023-10-11T23:00:00Z",3.41863163650294,FALSE,FALSE,3.87542721291242,18,283,86.8804166666667,1.13361941998429
"103","2023-10-12T00:00:00Z",2.8804170384394,FALSE,FALSE,3.55771998287065,24,235,86.3058333333333,1.2351405839476
"103","2023-10-12T01:00:00Z",4.50933163366248,FALSE,FALSE,4.2478962893701,84,234,88.3154166666667,0.942023482517731
"103","2023-10-12T02:00:00Z",3.69286357273969,FALSE,FALSE,3.98210383487417,42,252,87.9725,1.07832411255851
"103","2023-10-12T03:00:00Z",3.16014612939478,FALSE,FALSE,3.47954539179148,36,222,88.3336734693878,1.10107104207168
"103","2023-10-12T04:00:00Z",3.81288626150268,FALSE,FALSE,3.76160633154902,66,222,90.5402083333333,0.986550889159371
"103","2023-10-12T05:00:00Z",3.56167306147932,FALSE,FALSE,3.70309002142467,54,229,90.754375,1.03970520525166
"103","2023-10-12T06:00:00Z",3.51075093263492,FALSE,FALSE,3.73378475687533,48,228,90.9842553191489,1.06352880865662
"103","2023-10-12T07:00:00Z",3.69342371475811,FALSE,FALSE,3.95016779946837,42,247,91.0991836734694,1.06951384529329
"103","2023-10-12T08:00:00Z",3.5353366961101,FALSE,FALSE,3.75821033207878,54,218,91.2786666666667,1.06304170016222
"103","2023-10-12T09:00:00Z",3.07049572005209,FALSE,FALSE,3.48451208894499,30,233,92.955306122449,1.13483697964115
"103","2023-10-12T10:00:00Z",2.87649482036411,FALSE,FALSE,3.21216481980478,18,225,94.4879591836735,1.11669410876887
"103","2023-10-12T11:00:00Z",2.87560147321812,FALSE,FALSE,3.16848478793565,24,226,94.9170833333333,1.1018511492101
"103","2023-10-12T12:00:00Z",2.86198957295172,FALSE,FALSE,3.05678884060039,48,192,95.8265517241379,1.06806428279463
"103","2023-10-12T13:00:00Z",3.63205270229982,FALSE,FALSE,3.43236310564619,78,196,95.985306122449,0.945020181968398
"103","2023-10-12T14:00:00Z",2.58107818128556,FALSE,FALSE,3.35027254373398,36,214,85.0577551020408,1.2980128103153
"103","2023-10-12T15:00:00Z",3.57223124099354,FALSE,FALSE,3.62506688727304,72,211,77.9289795918367,1.01479065679544
"103","2023-10-12T16:00:00Z",3.00881019089033,FALSE,FALSE,3.13963707314597,60,186,68.7108163265306,1.04348126799482
"103","2023-10-12T17:00:00Z",2.64819182825359,FALSE,FALSE,3.58751135598685,24,243,65.2102040816327,1.3547022227437
"103","2023-10-12T18:00:00Z",3.41042319741767,FALSE,FALSE,3.11641041260173,84,187,60.7595918367347,0.913789941072837
"103","2023-10-12T19:00:00Z",3.66264713608511,FALSE,FALSE,3.96141523869808,54,239,66.934375,1.08157163153104
"103","2023-10-12T20:00:00Z",3.04603057198236,FALSE,FALSE,3.75124471133793,36,240,69.7179591836735,1.23151906150982
"103","2023-10-12T21:00:00Z",3.00268280325509,FALSE,FALSE,3.39434390103933,0,278,71.7575510204082,1.13043705361074
"103","2023-10-12T22:00:00Z",3.11823644858857,FALSE,FALSE,3.43417051356741,6,271,81.960625,1.10131818743952
"103","2023-10-12T23:00:00Z",3.34800249759957,FALSE,FALSE,3.93203321610127,18,282,84.8002127659575,1.17444154205991
"103","2023-10-13T00:00:00Z",3.41612622951624,FALSE,FALSE,3.91931644286426,24,269,86.7997959183674,1.14729848358656
"103","2023-10-13T01:00:00Z",3.26182611663088,FALSE,FALSE,3.92311229796554,36,244,82.8923404255319,1.20273495817665
"103","2023-10-13T02:00:00Z",2.84179282759942,FALSE,FALSE,3.33827618336609,0,272,84.3297916666667,1.17470779394783
"103","2023-10-13T03:00:00Z",2.89052334037195,FALSE,FALSE,3.29029586771066,30,215,87.5502083333333,1.13830454912959
"103","2023-10-13T04:00:00Z",2.9597338993269,FALSE,FALSE,3.38620336886839,36,213,90.4886956521739,1.14409047706568
"103","2023-10-13T05:00:00Z",2.98991393711262,FALSE,FALSE,3.23374059532261,42,205,90.7744897959184,1.08154972462032
"103","2023-10-13T06:00:00Z",2.93117299184136,FALSE,FALSE,3.24102564408354,6,242,91.0844897959184,1.10570943888492
"103","2023-10-13T08:00:00Z",2.64563571076235,FALSE,FALSE,2.84843151407307,48,396,93.5497826086957,1.07665295810975
"103","2023-10-13T09:00:00Z",2.52888976985432,FALSE,FALSE,2.78438617362388,36,177,94.0859574468085,1.10103105592629
"103","2023-10-13T10:00:00Z",2.72755712097698,FALSE,FALSE,2.53956435693875,60,150,91.7965957446809,0.93107650703539
"103","2023-10-13T11:00:00Z",2.44988159478704,FALSE,FALSE,2.76982398256358,30,181,92.6102083333333,1.13059504118784
"103","2023-10-13T12:00:00Z",2.22536680074447,FALSE,FALSE,2.2719155520198,54,134,93.4062222222222,1.02091733877748
"103","2023-10-13T13:00:00Z",2.16995548579456,FALSE,FALSE,2.15201198494878,72,123,90.576875,0.991730935973921
"103","2023-10-13T14:00:00Z",2.23817467719919,FALSE,FALSE,2.59690765384561,18,184,83.9634693877551,1.16027925804939
"103","2023-10-13T15:00:00Z",3.6343883946663,FALSE,FALSE,3.65095080837836,72,213,76.5485714285714,1.00455713916992
"103","2023-10-13T16:00:00Z",2.57541733994806,FALSE,FALSE,2.3945263169319,60,152,70.9279591836735,0.929762442688295
"103","2023-10-13T17:00:00Z",3.77037158267817,FALSE,FALSE,4.28569954166078,42,268,64.3873469387755,1.13667829487951
"103","2023-10-13T18:00:00Z",3.39838728179958,FALSE,FALSE,3.58320522350994,24,252,62.5870833333333,1.05438401405872
"103","2023-10-13T19:00:00Z",3.67690962638289,FALSE,FALSE,3.92606935030023,36,268,56.8577551020408,1.06776335271597
"103","2023-10-13T20:00:00Z",3.03246469872111,FALSE,FALSE,3.42145404278285,18,250,71.850612244898,1.12827497851032
"103","2023-10-13T21:00:00Z",2.68703021348892,FALSE,FALSE,3.1993191382736,18,230,67.3173469387755,1.1906524616705
"103","2023-10-13T22:00:00Z",2.7669950446311,FALSE,FALSE,3.23119672866887,24,226,75.34125,1.16776382919025
"103","2023-10-13T23:00:00Z",2.59528529316886,FALSE,FALSE,2.91570735562465,24,201,80.9565306122449,1.12346313651882
"103","2023-10-14T00:00:00Z",2.52156475302266,FALSE,FALSE,2.92139411871921,24,203,85.0560416666667,1.15856398897441
"103","2023-10-14T01:00:00Z",3.22863107710225,FALSE,FALSE,3.11557732798999,78,174,85.5904166666667,0.9649839989728
"103","2023-10-14T02:00:00Z",2.74046915876473,FALSE,FALSE,3.14688562579662,24,213,84.6055102040816,1.14830178465321
"103","2023-10-14T03:00:00Z",2.51899103856081,FALSE,FALSE,2.74039808780206,42,165,88.2067346938776,1.08789513176186
"103","2023-10-14T04:00:00Z",2.38955477718098,FALSE,FALSE,2.7694314296388,30,177,88.125306122449,1.15897382059849
"103","2023-10-14T05:00:00Z",2.75970150562029,FALSE,FALSE,2.72651514658846,66,156,89.1759183673469,0.987974656329951
"103","2023-10-14T06:00:00Z",2.27092637165169,FALSE,FALSE,2.62165365729431,36,161,89.2758695652174,1.15444238528417
"103","2023-10-14T07:00:00Z",2.34842160804735,FALSE,FALSE,2.68351335488181,42,161,90.0621739130435,1.14268807001528
"103","2023-10-14T08:00:00Z",3.00717033257893,FALSE,FALSE,2.85386546534487,72,167,92.1333333333333,0.949020224902729
"103","2023-10-14T09:00:00Z",2.59600553290425,FALSE,FALSE,2.31871044148286,90,134,92.9602127659575,0.893183936664737
"103","2023-10-14T10:00:00Z",2.96053339813353,FALSE,FALSE,2.67363780714795,78,155,92.628125,0.903093276648574
"103","2023-10-14T11:00:00Z",2.92379305037977,FALSE,FALSE,2.71265439696281,78,147,92.974347826087,0.927786047172683
"103","2023-10-14T12:00:00Z",2.92940889783349,FALSE,FALSE,2.89439055977715,66,171,89.3958333333333,0.988045937157411
"103","2023-10-14T13:00:00Z",2.80481124613794,FALSE,FALSE,2.83333010947723,66,168,85.9597959183673,1.01016783691899
"103","2023-10-14T14:00:00Z",2.10911288609963,FALSE,FALSE,2.54690774361537,36,156,82.3024489795918,1.20757298502185
"103","2023-10-14T15:00:00Z",2.26109449254109,FALSE,FALSE,2.55054653475898,60,149,76.8061224489796,1.12801412907454
"103","2023-10-14T16:00:00Z",2.84910124116021,FALSE,FALSE,3.04708089994908,54,179,72.0061224489796,1.06948846040594
"103","2023-10-14T17:00:00Z",2.57986421517868,FALSE,FALSE,2.93688388033525,42,182,72.0536734693878,1.13838699845365
"103","2023-10-14T18:00:00Z",2.99457140512771,FALSE,FALSE,3.24597301320515,48,206,73.3475,1.08395245064017
"103","2023-10-14T19:00:00Z",3.26185121270078,FALSE,FALSE,3.53872687779837,42,225,71.6427083333333,1.08488298424511
"103","2023-10-14T20:00:00Z",2.94819567967568,FALSE,FALSE,3.24554358094337,18,229,72.98,1.10085758666481
"103","2023-10-14T21:00:00Z",2.72755473746573,FALSE,FALSE,3.30150800307518,24,228,77.5667346938775,1.21042777170541
"103","2023-10-14T22:00:00Z",2.84178955574756,FALSE,FALSE,3.25221409819677,30,218,84.16125,1.14442467832255
"103","2023-10-14T23:00:00Z",2.4105103266812,FALSE,FALSE,2.83241721194134,24,189,87.4026530612245,1.17502803476516
"103","2023-10-15T00:00:00Z",3.19316159000098,FALSE,FALSE,3.53297187836773,48,213,89.1230612244898,1.10641813099307
"103","2023-10-15T01:00:00Z",2.84803793841544,FALSE,FALSE,3.10532587466768,36,206,89.2322448979592,1.09033866184921
"103","2023-10-15T02:00:00Z",3.01535925529308,FALSE,FALSE,3.34410651743264,42,205,89.763829787234,1.1090242436494
"103","2023-10-15T03:00:00Z",2.95647799573384,FALSE,FALSE,3.28290351784025,36,214,90.5169387755102,1.11041026605895
"103","2023-10-15T04:00:00Z",3.08404126000678,FALSE,FALSE,3.5898034050448,48,216,88.8274468085106,1.16399331344773
"103","2023-10-15T05:00:00Z",2.48402976876184,FALSE,FALSE,3.0680343652923,12,230,89.8935416666667,1.23510370281173
"103","2023-10-15T06:00:00Z",2.49386524460506,FALSE,FALSE,3.04056247824245,12,223,90.4052083333333,1.21921683010742
"103","2023-10-15T07:00:00Z",3.13135253330197,FALSE,FALSE,3.3000368731955,60,198,91.5555102040816,1.05386948230823
"103","2023-10-15T08:00:00Z",2.85375638019549,FALSE,FALSE,3.16198749152629,12,230,91.1136734693877,1.10800890835317
"103","2023-10-15T09:00:00Z",2.53502010527671,FALSE,FALSE,2.9904451075722,60,169,92.5925925925926,1.17965340840789
"103","2023-10-15T12:00:00Z",2.66645444720086,FALSE,FALSE,3.02465147525015,30,197,92.9737209302326,1.13433457617298
"103","2023-10-15T13:00:00Z",3.12667098023683,FALSE,FALSE,2.91516046778381,78,175,90.8985714285714,0.93235280789378
"103","2023-10-15T14:00:00Z",3.38132685334504,FALSE,FALSE,3.46086715357826,66,208,84.8585714285714,1.02352339885584
"103","2023-10-15T15:00:00Z",3.05967872531986,FALSE,FALSE,3.10919084188643,66,188,80.2124489795918,1.01618212924018
"103","2023-10-15T16:00:00Z",3.53761278210225,FALSE,FALSE,3.52559797715077,66,216,72.7020408163265,0.996603696986774
"103","2023-10-15T17:00:00Z",3.15889965036992,FALSE,FALSE,3.3948049290218,54,210,71.3695918367347,1.07467957351043
"103","2023-10-15T18:00:00Z",2.78044295119528,FALSE,FALSE,2.879863083024,60,176,66.9277551020408,1.03575694001777
"103","2023-10-15T19:00:00Z",3.6838361068329,FALSE,FALSE,3.78908904547574,66,220,66.7838775510204,1.02857155844898
"103","2023-10-20T05:00:00Z",3.11337079348745,FALSE,FALSE,3.78833988702228,36,230,98.9806382978723,1.21679688617454
"103","2023-10-20T07:00:00Z",3.6663125375146,FALSE,FALSE,4.10878536800092,42,498,98.9847916666667,1.12068606425634
"103","2023-10-20T08:00:00Z",3.6408067160052,FALSE,FALSE,4.22351717178439,48,250,98.7842553191489,1.1600498189639
"103","2023-10-20T09:00:00Z",3.34872401072859,FALSE,FALSE,3.89141604999075,18,271,98.3035416666667,1.16205935082243
"103","2023-10-20T10:00:00Z",2.95879264226426,FALSE,FALSE,3.60520709483537,30,247,99.0014285714286,1.21847237394657
"103","2023-10-20T12:00:00Z",4.03020822934454,FALSE,FALSE,4.7553937553285,42,295,98.5723913043478,1.17993748330515
"103","2023-10-20T13:00:00Z",3.98015842333025,FALSE,FALSE,4.64507294603487,48,272,97.2395833333333,1.16705730073635
"103","2023-10-20T14:00:00Z",3.8154402697104,FALSE,FALSE,4.36929824387587,36,277,96.5575,1.14516227093433
"103","2023-10-20T15:00:00Z",3.59358598166106,FALSE,FALSE,4.7370703002353,36,293,95.9304347826087,1.31820146349906
"103","2023-10-20T16:00:00Z",4.36650648367948,FALSE,FALSE,5.03591578990746,36,327,95.2929166666667,1.15330546484472
"103","2023-10-20T17:00:00Z",4.02245404761877,FALSE,FALSE,4.69993762929829,48,285,94.0918367346939,1.16842543722298
"103","2023-10-20T18:00:00Z",4.35059978025547,FALSE,FALSE,5.03775893592732,36,326,90.2042857142857,1.15794584433862
"103","2023-10-20T19:00:00Z",2.86794880660959,FALSE,FALSE,3.93564188302069,24,257,89.2030612244898,1.37228456587177
"103","2023-10-20T20:00:00Z",3.5988941386466,FALSE,FALSE,4.23615160832387,36,279,97.0104166666667,1.17707035692829
"104","2023-10-04T00:00:00Z",2.12226946768024,FALSE,FALSE,1.98150940629799,0,708,84.4579591836735,0.933674746055643
"104","2023-10-04T01:00:00Z",0.891662447503099,FALSE,FALSE,1.64881585162341,0,965,86.4508163265306,1.84914802259594
"104","2023-10-04T02:00:00Z",0.502188330480286,FALSE,FALSE,0.658614527276521,0,764,87.8044897959184,1.31148911135914
"104","2023-10-04T04:00:00Z",0.537388505206648,FALSE,FALSE,0.625735897500335,6,669,89.2202272727273,1.16440134360469
"104","2023-10-04T05:00:00Z",0.635964825092818,FALSE,FALSE,0.546755151062149,0,703,89.7657142857143,0.859725458844915
"104","2023-10-04T06:00:00Z",0.968170000824646,FALSE,FALSE,1.15090417601929,0,719,90.11,1.18874182740531
"104","2023-10-04T08:00:00Z",0.820400061503379,FALSE,FALSE,0.882855160648266,0,616,90.4620833333333,1.07612761392343
"104","2023-10-04T13:00:00Z",3.88779738450273,FALSE,FALSE,3.27389224143877,0,748,94.3351020408163,0.842094357717543
"104","2023-10-04T14:00:00Z",3.41268777247896,FALSE,FALSE,3.00735861765086,0,792,94.7224489795918,0.881228761067214
"104","2023-10-04T16:00:00Z",4.91968326505595,FALSE,FALSE,5.22340483893419,150,778,88.9479166666667,1.0617360015909
"104","2023-10-04T17:00:00Z",2.07915945050985,FALSE,FALSE,2.90032289512438,180,765,86.3773469387755,1.39494972086588
"104","2023-10-04T18:00:00Z",4.35642978364736,FALSE,FALSE,4.49989065280554,174,774,83.5520833333333,1.03293083471623
"104","2023-10-04T19:00:00Z",1.93027300076322,FALSE,FALSE,1.57890517689981,0,601,81.7726530612245,0.817969881087038
"104","2023-10-04T20:00:00Z",1.52839348016448,FALSE,FALSE,1.78193323388612,180,691,83.7341304347826,1.16588644024728
"104","2023-10-04T23:00:00Z",4.67147355141382,FALSE,FALSE,6.14079670019333,108,315,68.3461224489796,1.31453097884602
"104","2023-10-06T20:00:00Z",5.53451591866747,FALSE,FALSE,5.86420777955161,30,416,82.3008333333333,1.05957013508121
"104","2023-10-06T21:00:00Z",4.82493679438327,FALSE,FALSE,5.77849318992832,18,405,88.368125,1.19763085739384
"104","2023-10-07T00:00:00Z",4.48529878478193,FALSE,FALSE,5.65234539469296,42,349,94.1967346938775,1.26019372753286
"104","2023-10-07T01:00:00Z",4.77148684248298,FALSE,FALSE,5.75587055693974,54,338,94.9397916666667,1.2063054446032
"104","2023-10-07T02:00:00Z",4.89070993760556,FALSE,FALSE,5.73444715471679,54,337,95.0461224489796,1.17251835170669
"104","2023-10-07T03:00:00Z",4.11782094157973,FALSE,FALSE,5.62052138035212,18,407,94.9140816326531,1.36492612478577
"104","2023-10-07T04:00:00Z",4.535806151165,FALSE,FALSE,5.72166670001286,42,347,95.2079166666667,1.26144427458464
"104","2023-10-07T05:00:00Z",3.89340751523723,FALSE,FALSE,5.23533680438326,30,345,95.7065957446809,1.3446670516493
"104","2023-10-07T06:00:00Z",3.45770791775724,FALSE,FALSE,4.57169556997629,6,362,96.1083673469388,1.32217517462887
"104","2023-10-07T07:00:00Z",3.37104510958566,FALSE,FALSE,4.77770024622695,12,353,96.305306122449,1.41727567888114
"104","2023-10-07T08:00:00Z",3.91386949719909,FALSE,FALSE,5.03394948485433,12,362,96.5775510204082,1.2861822522332
"104","2023-10-07T11:00:00Z",4.14192171033305,FALSE,FALSE,5.54892528257458,42,345,97.1657142857143,1.33969825376743
"104","2023-10-07T12:00:00Z",4.13490641600359,FALSE,FALSE,5.34545153660745,30,354,97.2614583333333,1.29276239866484
"104","2023-10-07T13:00:00Z",4.68768948016632,FALSE,FALSE,5.67401805916742,48,334,97.1918367346939,1.21040825830599
"104","2023-10-07T14:00:00Z",4.43197061276003,FALSE,FALSE,5.32547876738866,48,321,97.2271428571429,1.20160516228518
"104","2023-10-07T15:00:00Z",4.51200678227566,FALSE,FALSE,5.6199433172857,36,358,97.1395918367347,1.24555294095796
"104","2023-10-07T16:00:00Z",4.74678662929711,FALSE,FALSE,5.588354968064,48,332,96.245918367347,1.17729221987202
"104","2023-10-07T17:00:00Z",4.91124856659345,FALSE,FALSE,5.54362230999216,36,372,94.3614893617021,1.12876028057308
"104","2023-10-07T18:00:00Z",5.36074891498277,FALSE,FALSE,5.82873237635879,42,375,92.518,1.08729814971711
"104","2023-10-07T19:00:00Z",4.94926588844426,FALSE,FALSE,5.58559484592483,24,385,89.1521276595745,1.12857037221748
"104","2023-10-07T20:00:00Z",4.15909865325746,FALSE,FALSE,4.80822626090974,0,407,91.319387755102,1.1560741068606
"104","2023-10-07T21:00:00Z",4.43023888784463,FALSE,FALSE,5.42439738285534,24,367,95.2647916666667,1.22440290922876
"104","2023-10-07T23:00:00Z",3.84133466464231,FALSE,FALSE,5.44161484195364,24,364,97.0429166666667,1.41659483409273
"104","2023-10-08T00:00:00Z",3.68661042802589,FALSE,FALSE,4.95528285840098,30,330,97.9242857142857,1.3441297785984
"104","2023-10-08T01:00:00Z",4.63542271412836,FALSE,FALSE,5.52452576126049,54,319,98.3779591836735,1.19180624982102
"104","2023-10-08T02:00:00Z",3.98808091194869,FALSE,FALSE,5.11172355377959,42,318,98.480625,1.28175021185362
"104","2023-10-08T03:00:00Z",4.66453017564069,FALSE,FALSE,5.52903552052697,60,313,98.51375,1.18533599576672
"104","2023-10-08T04:00:00Z",4.81124846948199,FALSE,FALSE,5.1396382669799,54,304,98.5844897959184,1.06825459121076
"104","2023-10-08T05:00:00Z",4.94440098306542,FALSE,FALSE,5.4844569150076,72,301,98.6491836734694,1.1092257553123
"104","2023-10-08T06:00:00Z",4.55782181700651,FALSE,FALSE,4.92324126201131,60,291,98.7024489795918,1.08017414012134
"104","2023-10-08T07:00:00Z",4.19085334876608,FALSE,FALSE,4.60457898153508,48,282,98.7908163265306,1.098721095285
"104","2023-10-08T08:00:00Z",4.25854105448265,FALSE,FALSE,4.96770398483765,60,287,98.8936734693878,1.16652720292752
"104","2023-10-08T09:00:00Z",4.49940586020647,FALSE,FALSE,5.15757999998074,66,289,98.9351020408163,1.14628023348489
"104","2023-10-08T16:00:00Z",2.54226222850986,FALSE,FALSE,2.9939793566996,54,186,98.0224489795918,1.17768313713826
"104","2023-10-08T17:00:00Z",3.32674124121498,FALSE,FALSE,3.6014146930877,30,249,97.7266666666667,1.08256531901844
"104","2023-10-08T18:00:00Z",3.81925104603594,FALSE,FALSE,3.82533974517986,60,241,97.7859183673469,1.00159421286282
"104","2023-10-08T19:00:00Z",3.13991049546352,FALSE,FALSE,3.54380595047196,0,319,97.3222448979592,1.12863279242895
"104","2023-10-08T20:00:00Z",4.46464929440896,FALSE,FALSE,4.9152321858161,54,283,97.709375,1.10092234836259
"104","2023-10-08T21:00:00Z",4.2071886914767,FALSE,FALSE,4.81807344922686,42,299,98.0336956521739,1.14520022812092
"104","2023-10-08T22:00:00Z",3.31315222047766,FALSE,FALSE,3.91989297323966,30,266,98.5506896551724,1.1831309618109
"104","2023-10-08T23:00:00Z",3.52979753809025,FALSE,FALSE,3.80553464590371,24,263,98.7368085106383,1.07811697550297
"104","2023-10-09T00:00:00Z",3.56295472127494,FALSE,FALSE,3.89105866533985,36,257,98.8373469387755,1.09208759856132
"104","2023-10-09T01:00:00Z",3.61725600540433,FALSE,FALSE,4.01705809699281,42,253,98.9081632653061,1.11052634676428
"104","2023-10-09T02:00:00Z",3.21840010016435,FALSE,FALSE,3.58643090087073,30,243,98.8781632653061,1.11435209708314
"104","2023-10-09T03:00:00Z",2.26519260936788,FALSE,FALSE,2.76179382220643,12,267,99.0173469387755,1.21923134076317
"104","2023-10-09T07:00:00Z",2.79856405051711,FALSE,FALSE,3.08703168605713,24,191,99.22,1.10307701747499
"104","2023-10-09T15:00:00Z",3.2860599577917,FALSE,FALSE,3.4929112799802,60,207,98.105918367347,1.06294812780212
"104","2023-10-09T16:00:00Z",3.7079615669816,FALSE,FALSE,3.79336142367078,60,232,97.2832653061224,1.02303148378064
"104","2023-10-09T17:00:00Z",3.47234366226461,FALSE,FALSE,3.71297920743921,30,256,96.9618367346939,1.06930061323989
"104","2023-10-09T18:00:00Z",4.47975910450243,FALSE,FALSE,4.32335864649667,72,262,96.7725,0.96508730617935
"104","2023-10-09T19:00:00Z",3.16984529409926,FALSE,FALSE,3.27201850634692,0,273,96.0508163265306,1.03223287030375
"104","2023-10-09T20:00:00Z",3.02384719346358,FALSE,FALSE,3.9106082395099,24,269,93.5570212765957,1.29325590524652
"104","2023-10-09T21:00:00Z",2.91177507866636,FALSE,FALSE,3.91273020333163,24,272,81.5459574468085,1.34376114144219
"104","2023-10-09T22:00:00Z",3.04385602096731,FALSE,FALSE,3.28067178103615,6,258,85.711,1.07780123581324
"104","2023-10-09T23:00:00Z",2.87067954322314,FALSE,FALSE,3.13569974104573,12,238,87.4608333333333,1.09231967338473
"104","2023-10-10T00:00:00Z",3.61755730195503,FALSE,FALSE,3.94099094304385,42,244,89.4173684210526,1.08940663936796
"104","2023-10-10T01:00:00Z",3.26170909620994,FALSE,FALSE,3.71857744344459,30,239,90.2693617021277,1.14007023120655
"104","2023-10-10T02:00:00Z",2.85724987622325,FALSE,FALSE,3.65553636835466,36,232,90.5246808510638,1.27938980723191
"104","2023-10-10T03:00:00Z",2.76704557502617,FALSE,FALSE,3.15329756084872,12,234,89.1581632653061,1.13959003397293
"104","2023-10-10T04:00:00Z",2.13790768397277,FALSE,FALSE,2.57314283527907,0,203,90.0979166666667,1.20357995556549
"104","2023-10-10T05:00:00Z",2.74967021321649,FALSE,FALSE,3.2665836766069,30,213,90.8436170212766,1.18799107649558
"104","2023-10-10T06:00:00Z",2.64154470385087,FALSE,FALSE,2.87461101773254,12,209,90.9493617021277,1.08823106932164
"104","2023-10-10T07:00:00Z",2.34944192839911,FALSE,FALSE,2.76714376363394,18,189,92.1347916666667,1.17778768233673
"104","2023-10-10T08:00:00Z",2.40651529921908,FALSE,FALSE,2.9520716673472,24,193,93.4632653061225,1.22669972981479
"104","2023-10-10T09:00:00Z",2.28819693543016,FALSE,FALSE,2.77357881455147,18,186,94.3102083333333,1.21212417148442
"104","2023-10-10T11:00:00Z",2.36918187198207,FALSE,FALSE,2.69851237179149,42,165,95.3675510204082,1.13900600190474
"104","2023-10-10T12:00:00Z",3.0060874237962,FALSE,FALSE,2.99973781115914,60,172,95.26875,0.997887748510973
"104","2023-10-10T13:00:00Z",2.47730604599997,FALSE,FALSE,2.35008826540803,78,136,94.9972916666667,0.948646724211829
"104","2023-10-10T14:00:00Z",4.44075302099285,FALSE,FALSE,3.82677462544086,108,215,89.7835416666667,0.861740026376267
"104","2023-10-10T15:00:00Z",3.36218897537322,FALSE,FALSE,3.43265497298671,66,203,85.2389361702128,1.02095836912488
"104","2023-10-10T16:00:00Z",3.6363230626179,FALSE,FALSE,3.30565090966589,96,188,80.2259183673469,0.909064143295906
"104","2023-10-10T17:00:00Z",2.98336292428874,FALSE,FALSE,3.27712327058708,30,229,73.1583333333333,1.0984661785218
"104","2023-10-10T18:00:00Z",2.91232463570516,FALSE,FALSE,3.64229444623105,18,261,70.7552083333333,1.2506485031155
"104","2023-10-10T19:00:00Z",2.63091239574791,FALSE,FALSE,3.4260614489285,6,278,74.5025,1.30223319273789
"104","2023-10-10T20:00:00Z",3.88070822608803,FALSE,FALSE,4.31014706763587,54,260,83.7769387755102,1.11065991477044
"104","2023-10-10T22:00:00Z",2.9351304465342,FALSE,FALSE,3.24485312132778,6,262,84.6877083333333,1.10552262682543
"104","2023-10-10T23:00:00Z",2.85782225000089,FALSE,FALSE,3.20848374828347,6,242,86.4246808510638,1.12270234731445
"104","2023-10-11T00:00:00Z",2.87200497641525,FALSE,FALSE,3.1565368888232,0,242,88.639375,1.09907082847854
"104","2023-10-11T01:00:00Z",2.75844810843535,FALSE,FALSE,3.10148801121218,12,224,89.7908695652174,1.12435974478832
"104","2023-10-11T02:00:00Z",2.39533514552954,FALSE,FALSE,2.93045053062831,12,210,90.8161224489796,1.22339896197719
"104","2023-10-11T03:00:00Z",2.45490387600492,FALSE,FALSE,2.84022701532399,12,209,91.8369387755102,1.1569605812616
"104","2023-10-11T04:00:00Z",2.61218567094734,FALSE,FALSE,3.01144635314918,24,207,92.6271428571429,1.15284544534579
"104","2023-10-11T05:00:00Z",2.44723075863908,FALSE,FALSE,2.87924810583849,6,209,93.4397435897436,1.17653314697616
"104","2023-10-11T06:00:00Z",2.56475318147997,FALSE,FALSE,2.90691908560862,18,208,93.8396666666667,1.13341085083719
"104","2023-10-11T07:00:00Z",2.54783117737416,FALSE,FALSE,3.00915358401552,24,202,94.4152083333333,1.18106474665123
"104","2023-10-11T09:00:00Z",2.90108285722032,FALSE,FALSE,3.27735270400845,36,203,95.15875,1.12969979325191
"104","2023-10-11T10:00:00Z",2.36602273396474,FALSE,FALSE,2.83313326478262,12,206,95.3202127659575,1.19742436288224
"104","2023-10-11T12:00:00Z",3.28129381272043,FALSE,FALSE,3.56646591008114,54,207,95.7193333333333,1.08690843113628
"104","2023-10-11T13:00:00Z",4.3249373317415,FALSE,FALSE,3.78804347391511,102,211,95.5959183673469,0.875860893084849
"104","2023-10-11T14:00:00Z",3.73739006428268,FALSE,FALSE,4.07848666764651,48,242,95.0427083333333,1.09126598976746
"104","2023-10-11T15:00:00Z",3.43836432610026,FALSE,FALSE,3.31501727220061,78,190,91.7004347826087,0.964126240793235
"104","2023-10-11T16:00:00Z",3.39325343929763,FALSE,FALSE,3.69267090694964,48,235,77.3655102040816,1.08823905228664
"104","2023-10-11T17:00:00Z",3.3685291783427,FALSE,FALSE,3.76608496296801,48,238,71.924693877551,1.11802058512104
"104","2023-10-11T18:00:00Z",4.04110783296086,FALSE,FALSE,4.33809149177493,60,260,68.6465306122449,1.07349065431804
"104","2023-10-11T19:00:00Z",4.41216063316396,FALSE,FALSE,4.54378028456908,60,277,74.5230612244898,1.02983111050305
"104","2023-10-11T20:00:00Z",3.18517452423778,FALSE,FALSE,4.0915046281721,24,282,76.8855102040816,1.28454645013564
"104","2023-10-11T21:00:00Z",2.63172672978287,FALSE,FALSE,3.29855215113351,0,301,79.4710416666667,1.25337943100409
"104","2023-10-11T22:00:00Z",3.06260362796791,FALSE,FALSE,3.72204929784064,12,293,82.58375,1.21532191232669
"104","2023-10-11T23:00:00Z",3.09274711983064,FALSE,FALSE,3.64557066133813,12,281,84.6524489795918,1.17874838132184
"104","2023-10-12T00:00:00Z",2.89924971557618,FALSE,FALSE,3.67844058504612,24,255,84.7555319148936,1.26875603894475
"104","2023-10-12T01:00:00Z",3.94616409774702,FALSE,FALSE,4.10511990202885,60,255,87.4051020408163,1.04028109332113
"104","2023-10-12T02:00:00Z",3.14374341288296,FALSE,FALSE,3.92007880753438,24,263,87.6365306122449,1.24694616980191
"104","2023-10-12T03:00:00Z",3.06558504912214,FALSE,FALSE,3.57857819983339,24,239,87.4795833333333,1.16733939606672
"104","2023-10-12T04:00:00Z",3.25063413945734,FALSE,FALSE,3.753626546228,30,247,88.98875,1.15473670219148
"104","2023-10-12T05:00:00Z",3.37479367984557,FALSE,FALSE,3.6649089682992,60,220,90.0181578947368,1.08596534069215
"104","2023-10-12T06:00:00Z",3.1368674600193,FALSE,FALSE,3.67999974221045,30,240,90.2548275862069,1.17314479783211
"104","2023-10-12T07:00:00Z",3.27029926539714,FALSE,FALSE,3.73313144483446,24,254,90.7691489361702,1.14152594055673
"104","2023-10-12T08:00:00Z",2.75656270216615,FALSE,FALSE,3.48142173183484,30,228,90.915,1.26295756998347
"104","2023-10-12T09:00:00Z",2.4393037690476,FALSE,FALSE,3.02306581402464,0,244,91.3993103448276,1.23931502602685
"104","2023-10-12T11:00:00Z",2.65744539345873,FALSE,FALSE,2.93195930750015,24,217,92.845306122449,1.10329992658255
"104","2023-10-12T12:00:00Z",3.01406732184013,FALSE,FALSE,3.2902800264076,24,225,93.4746808510638,1.09164118616927
"104","2023-10-12T13:00:00Z",4.01779934094932,FALSE,FALSE,3.85193683124865,78,211,93.8989583333333,0.958718070360011
"104","2023-10-12T14:00:00Z",3.02369824663994,FALSE,FALSE,3.3673627959903,36,219,89.2781632653061,1.11365702570759
"104","2023-10-12T16:00:00Z",3.37778991252849,FALSE,FALSE,3.65982789131374,48,235,62.8402127659574,1.08349778585671
"104","2023-10-12T17:00:00Z",3.37304418344689,FALSE,FALSE,3.64774520276595,30,251,60.475625,1.08144008924257
"104","2023-10-12T18:00:00Z",3.47030830581675,FALSE,FALSE,3.51793780134402,66,211,60.2738775510204,1.01372485996343
"104","2023-10-12T19:00:00Z",5.28574143211011,FALSE,FALSE,4.87692471451366,90,274,65.0660416666667,0.92265669389105
"104","2023-10-12T21:00:00Z",3.14591520065986,FALSE,FALSE,3.88998172766766,6,310,69.9030612244898,1.23651830375203
"104","2023-10-12T22:00:00Z",3.1739430750456,FALSE,FALSE,3.54527421370835,0,296,78.041914893617,1.11699363532455
"104","2023-10-12T23:00:00Z",3.20384807415409,FALSE,FALSE,3.74709728040708,0,286,81.2610638297872,1.16956147535068
"104","2023-10-13T00:00:00Z",3.16418634526832,FALSE,FALSE,3.95332328358246,24,276,84.079387755102,1.24939648054995
"104","2023-10-13T01:00:00Z",3.41153454289026,FALSE,FALSE,4.23838712661488,18,293,83.0760416666667,1.24236969414477
"104","2023-10-13T02:00:00Z",3.05147511749966,FALSE,FALSE,3.4047952587064,0,288,81.9972916666667,1.11578666959482
"104","2023-10-13T03:00:00Z",3.1160343985294,FALSE,FALSE,3.51119204601505,18,250,84.8741666666667,1.12681427639956
"104","2023-10-13T04:00:00Z",2.93302201135902,FALSE,FALSE,3.2819653338336,12,242,87.3320408163265,1.11897057748738
"104","2023-10-13T05:00:00Z",2.85457643106424,FALSE,FALSE,3.28928876090844,24,226,89.0581632653061,1.15228610630759
"104","2023-10-13T06:00:00Z",2.65964360904547,FALSE,FALSE,2.94670213747734,0,225,89.1373333333333,1.10793120080284
"104","2023-10-13T07:00:00Z",2.82139111380643,FALSE,FALSE,3.19846030287692,30,203,89.7082978723404,1.13364655018062
"104","2023-10-13T08:00:00Z",2.30581918560114,FALSE,FALSE,2.76131995816671,12,196,90.80875,1.19754401186788
"104","2023-10-13T09:00:00Z",2.50605762209026,FALSE,FALSE,2.89504336499177,30,181,91.7002040816326,1.15521819589171
"104","2023-10-13T10:00:00Z",2.62600760061418,FALSE,FALSE,2.99719778253609,24,202,91.1589130434783,1.14135152610948
"104","2023-10-13T11:00:00Z",2.25490269156947,FALSE,FALSE,2.71699356840209,24,182,91.30125,1.20492719200712
"104","2023-10-13T12:00:00Z",2.52934129614081,FALSE,FALSE,3.01811442590588,60,170,92.0258974358974,1.19324127214893
"104","2023-10-13T13:00:00Z",3.96198519722103,FALSE,FALSE,3.70157201860469,90,193,91.861914893617,0.934272046549038
"104","2023-10-13T14:00:00Z",2.63697444033053,FALSE,FALSE,3.10226460429128,54,173,83.1870212765957,1.17644849219791
"104","2023-10-13T15:00:00Z",3.02254816288205,FALSE,FALSE,3.31238317686523,60,191,72.8091666666667,1.09589094974315
"104","2023-10-13T17:00:00Z",3.08296962540985,FALSE,FALSE,3.32084925920349,54,208,59.3945833333333,1.07715925315418
"104","2023-10-13T18:00:00Z",3.01722222380492,FALSE,FALSE,3.57414951467368,24,245,59.4391836734694,1.18458278825961
"104","2023-10-13T19:00:00Z",2.61123599303365,FALSE,FALSE,3.17749410152027,6,254,59.7559183673469,1.21685443598254
"104","2023-10-13T20:00:00Z",2.54763540016217,FALSE,FALSE,3.28939754262528,24,226,68.2789583333333,1.29115710294177
"104","2023-10-13T21:00:00Z",2.79711047332672,FALSE,FALSE,3.46976759933225,24,237,64.1132653061224,1.24048285987271
"104","2023-10-13T22:00:00Z",2.93782865973709,FALSE,FALSE,3.22243961819209,6,250,73.5922448979592,1.09687799780688
"104","2023-10-13T23:00:00Z",2.68160297522237,FALSE,FALSE,3.13828602812258,12,238,77.6972916666667,1.17030226216181
"104","2023-10-14T00:00:00Z",2.62215674196688,FALSE,FALSE,3.13119904562263,12,233,81.0391836734694,1.19413114994564
"104","2023-10-14T01:00:00Z",3.52685741719641,FALSE,FALSE,3.96553564014507,54,229,84.3677551020408,1.12438218250892
"104","2023-10-14T02:00:00Z",2.57023476772752,FALSE,FALSE,2.9596145539668,0,226,82.419375,1.15149580541374
"104","2023-10-14T03:00:00Z",2.99274482487976,FALSE,FALSE,3.35159661740049,36,209,84.603829787234,1.11990724686497
"104","2023-10-14T04:00:00Z",2.65118233948604,FALSE,FALSE,3.16344088833113,24,204,86.546170212766,1.1932189050959
"104","2023-10-14T05:00:00Z",2.97658279461307,FALSE,FALSE,3.35963312737263,48,202,87.7445652173913,1.12868794829184
"104","2023-10-14T06:00:00Z",2.63569903144232,FALSE,FALSE,3.18283795656021,30,203,88.4961224489796,1.20758778547583
"104","2023-10-14T07:00:00Z",2.88280459923831,FALSE,FALSE,3.27921305266192,36,205,88.9185106382979,1.13750791625917
"104","2023-10-14T08:00:00Z",2.41947387878831,FALSE,FALSE,2.89020492896322,36,186,89.6165306122449,1.19455926112774
"104","2023-10-14T09:00:00Z",3.10511154617324,FALSE,FALSE,3.22281539435979,60,182,90.6421276595745,1.0379064798273
"104","2023-10-14T10:00:00Z",2.9812688453083,FALSE,FALSE,3.26413490987786,54,191,91.0385416666667,1.09488109903765
"104","2023-10-14T11:00:00Z",2.74666954247788,FALSE,FALSE,3.18753236622952,48,184,91.3095833333333,1.1605081415633
"104","2023-10-14T12:00:00Z",3.48387148921325,FALSE,FALSE,3.55788193909851,66,199,90.6410416666667,1.02124373706505
"104","2023-10-14T13:00:00Z",3.8522339306049,FALSE,FALSE,3.57723772789376,84,200,88.1565306122449,0.928613836110425
"104","2023-10-14T14:00:00Z",3.03821042571656,FALSE,FALSE,3.02549502319611,72,175,81.754375,0.99581483809916
"104","2023-10-14T15:00:00Z",2.51982145939455,FALSE,FALSE,2.90238948137061,36,189,75.2697826086956,1.15182346374175
"104","2023-10-14T16:00:00Z",3.18802773804051,FALSE,FALSE,3.4302184243531,60,208,69.675625,1.07596881401711
"104","2023-10-14T19:00:00Z",4.22413624434719,FALSE,FALSE,3.85701594251873,90,230,69.7110416666667,0.91308985302741
"104","2023-10-14T20:00:00Z",4.15206398098368,FALSE,FALSE,4.4102067998766,54,262,71.300612244898,1.0621721678845
"104","2023-10-14T21:00:00Z",2.78936180039997,FALSE,FALSE,3.77835490130873,18,264,75.5720833333333,1.35455891765885
"104","2023-10-14T22:00:00Z",2.59996721823598,FALSE,FALSE,3.44183639645842,12,249,80.2063265306122,1.32379992036732
"104","2023-10-14T23:00:00Z",2.77161394203928,FALSE,FALSE,3.49414450845291,24,236,84.0571739130435,1.26068946885222
"104","2023-10-15T00:00:00Z",2.87909161938716,FALSE,FALSE,3.402406348983,18,241,86.2013043478261,1.18176383345078
"104","2023-10-15T01:00:00Z",2.81629212045642,FALSE,FALSE,3.45328025301922,24,225,87.31875,1.22617970910616
"104","2023-10-15T02:00:00Z",2.8527034489875,FALSE,FALSE,3.49078746307019,24,231,87.6689130434783,1.22367695257955
"104","2023-10-15T03:00:00Z",3.27056556974536,FALSE,FALSE,3.67925334043035,48,218,88.3995744680851,1.12495935701935
"104","2023-10-15T04:00:00Z",2.93766263158132,FALSE,FALSE,3.39957865746585,18,236,87.7436956521739,1.15723930342399
"104","2023-10-15T05:00:00Z",2.92519997560557,FALSE,FALSE,3.26170412427559,24,217,87.4067391304348,1.11503628862172
"104","2023-10-15T06:00:00Z",2.46191387424262,FALSE,FALSE,2.94761257106618,24,196,87.728125,1.19728500736972
"104","2023-10-15T07:00:00Z",2.70189058163324,FALSE,FALSE,3.15764716964723,36,196,89.104375,1.16868062352788
"104","2023-10-15T08:00:00Z",2.34972868804809,FALSE,FALSE,2.83122738549002,24,195,88.7855102040816,1.20491672076486
"104","2023-10-15T09:00:00Z",2.20672611898044,FALSE,FALSE,2.69564225293377,18,186,90.0427083333333,1.22155723347274
"104","2023-10-15T10:00:00Z",2.53745963483797,FALSE,FALSE,2.84585615267618,24,197,90.4791666666667,1.12153750688448
"104","2023-10-15T11:00:00Z",2.55268314248128,FALSE,FALSE,2.88942541070193,30,189,90.8659574468085,1.13191698672532
"104","2023-10-15T12:00:00Z",2.16873072895547,FALSE,FALSE,2.67304529326341,24,180,90.9985714285714,1.23253904118878
"104","2023-10-15T14:00:00Z",3.9487152045007,FALSE,FALSE,3.59731992469169,96,196,85.2026530612245,0.911010224437434
"104","2023-10-15T15:00:00Z",3.10567196201485,FALSE,FALSE,2.97263612693583,72,177,79.4857142857143,0.957163590776433
"104","2023-10-15T16:00:00Z",3.58788638122808,FALSE,FALSE,3.30301911942187,84,191,70.2326530612245,0.920603042700393
"104","2023-10-15T17:00:00Z",4.36935733385757,FALSE,FALSE,4.06176368603135,90,226,69.2285714285714,0.929602084626333
"104","2023-10-15T18:00:00Z",3.83957876199524,FALSE,FALSE,3.84421068650394,72,223,64.2987755102041,1.00120636267565
"104","2023-10-15T19:00:00Z",3.94484101867051,FALSE,FALSE,4.05427216262624,72,228,64.004693877551,1.02774031790833
"104","2023-10-15T20:00:00Z",2.91253217640356,FALSE,FALSE,3.54128082091482,48,214,63.1155102040816,1.21587697797991
"104","2023-10-15T21:00:00Z",2.8448037432662,FALSE,FALSE,3.42887713139454,30,228,66.8732653061224,1.20531236627865
"104","2023-10-15T22:00:00Z",2.40254971339255,FALSE,FALSE,2.95633455936347,24,203,71.3964583333333,1.23049880836344
"104","2023-10-15T23:00:00Z",2.82794051853396,FALSE,FALSE,3.12539767046077,30,215,76.6244897959184,1.10518508079548
"104","2023-10-16T00:00:00Z",2.34512152642617,FALSE,FALSE,2.64389932303383,6,199,81.3865306122449,1.1274039717093
"104","2023-10-16T01:00:00Z",2.62568079985484,FALSE,FALSE,3.00038558391473,42,189,84.1363265306122,1.14270766807626
"104","2023-10-16T02:00:00Z",2.47286408345067,FALSE,FALSE,2.85541483023571,12,207,86.5472916666667,1.1546994634057
"104","2023-10-16T03:00:00Z",2.37454129123657,FALSE,FALSE,2.89903742476952,24,195,87.8125,1.22088313876395
"104","2023-10-16T04:00:00Z",3.1648891648076,FALSE,FALSE,3.52401833739202,54,197,88.6434693877551,1.11347290659585
"104","2023-10-16T05:00:00Z",2.40666264751572,FALSE,FALSE,2.85628229523518,18,197,89.6576595744681,1.18682288030006
"104","2023-10-16T06:00:00Z",2.2879038456092,FALSE,FALSE,2.71039825608293,36,174,91.743125,1.1846644085522
"104","2023-10-16T07:00:00Z",2.0543742697112,FALSE,FALSE,2.6163487610535,18,179,92.6452083333333,1.27355019950737
"104","2023-10-16T08:00:00Z",2.18019539498668,FALSE,FALSE,2.711372961608,24,179,93.1418367346939,1.24363759681483
"104","2023-10-16T09:00:00Z",2.3213863881806,FALSE,FALSE,2.745426728022,18,189,93.4760416666667,1.18266685029274
"104","2023-10-16T10:00:00Z",2.20555129479686,FALSE,FALSE,2.63431906792832,18,179,93.7060416666667,1.19440389989703
"104","2023-10-16T11:00:00Z",2.29796114605677,FALSE,FALSE,2.76781121682119,18,196,94.2373469387755,1.20446388816046
"104","2023-10-16T12:00:00Z",2.28918548189158,FALSE,FALSE,2.6653184781372,18,184,94.4657142857143,1.16430865878758
"104","2023-10-16T13:00:00Z",3.07549947806707,FALSE,FALSE,3.39680181348981,60,190,94.1817021276596,1.10447159484634
"104","2023-10-16T14:00:00Z",3.47780422161366,FALSE,FALSE,3.35766495298936,78,193,90.9559183673469,0.965455425041563
"104","2023-10-16T15:00:00Z",3.22717793928724,FALSE,FALSE,2.75962278781097,108,160,82.9034693877551,0.855119500606299
"104","2023-10-16T16:00:00Z",3.27359649535279,FALSE,FALSE,2.91553191054744,90,170,75.97375,0.890620427620307
"104","2023-10-16T17:00:00Z",3.21997818082668,FALSE,FALSE,3.50305035067634,60,210,72.6673469387755,1.08791120745327
"104","2023-10-16T18:00:00Z",2.66901616102374,FALSE,FALSE,2.9725299590702,30,205,72.1020408163265,1.11371748229881
"104","2023-10-16T19:00:00Z",2.81371867173565,FALSE,FALSE,3.1440015496905,18,225,79.2565306122449,1.11738304944009
"104","2023-10-16T20:00:00Z",2.84427157843415,FALSE,FALSE,3.27588480359904,42,208,88.5576595744681,1.1517482466996
"104","2023-10-16T21:00:00Z",2.65455317003839,FALSE,FALSE,3.14720988747422,18,222,91.2197959183674,1.1855893198887
"104","2023-10-16T22:00:00Z",2.74903523867159,FALSE,FALSE,3.05740225638204,36,200,92.6979591836735,1.11217281371026
"104","2023-10-16T23:00:00Z",2.58931629946946,FALSE,FALSE,2.9836166362861,24,204,93.6004166666667,1.1522797106315
"104","2023-10-17T00:00:00Z",2.64101606296106,FALSE,FALSE,2.97696745500093,36,193,94.614693877551,1.12720535734387
"104","2023-10-17T01:00:00Z",2.70326458948886,FALSE,FALSE,3.0030359798569,30,203,95.1214285714286,1.110892360124
"104","2023-10-17T02:00:00Z",2.45892913879771,FALSE,FALSE,2.75828266496833,30,178,95.4312244897959,1.12174142046118
"104","2023-10-17T03:00:00Z",2.56418541974663,FALSE,FALSE,2.85834815394426,30,190,95.7618367346939,1.11471975931705
"104","2023-10-17T04:00:00Z",2.68973737405308,FALSE,FALSE,2.90304012967954,30,199,96.074693877551,1.07930244702851
"104","2023-10-17T05:00:00Z",2.10007324527362,FALSE,FALSE,2.38339257109611,0,196,96.2655102040816,1.13490925921757
"104","2023-10-17T06:00:00Z",2.61263845880721,FALSE,FALSE,2.82155195813545,30,194,96.3468085106383,1.0799626517875
"104","2023-10-17T07:00:00Z",2.30488873304264,FALSE,FALSE,2.40761107090048,6,194,96.5297959183673,1.04456715692398
"104","2023-10-17T08:00:00Z",2.2778639714671,FALSE,FALSE,2.846831857493,30,185,96.6636734693878,1.24978132722273
"104","2023-10-17T09:00:00Z",2.4811455669383,FALSE,FALSE,2.90185236829031,30,193,96.7514285714286,1.16956151503483
"104","2023-10-17T10:00:00Z",2.22577715255502,FALSE,FALSE,2.62301363163325,42,158,96.8702564102564,1.17847091233829
"104","2023-10-17T11:00:00Z",2.30842034692388,FALSE,FALSE,2.78283453896209,30,184,96.9508163265306,1.20551464670219
"104","2023-10-17T12:00:00Z",2.32545848119956,FALSE,FALSE,2.75146908229341,36,177,97.0877551020408,1.18319424085099
"104","2023-10-17T13:00:00Z",2.0833933884873,FALSE,FALSE,2.57059069765453,42,162,97.2214893617021,1.23384796738794
"104","2023-10-17T14:00:00Z",2.21463934761394,FALSE,FALSE,2.63484539052531,18,182,97.0051020408163,1.18974016846766
"104","2023-10-17T15:00:00Z",2.84133576673929,FALSE,FALSE,3.1896508224605,54,191,95.8802040816327,1.12258848806205
"104","2023-10-17T16:00:00Z",2.91389275151667,FALSE,FALSE,3.34071157020946,36,209,87.7210416666667,1.14647718879517
"104","2023-10-17T17:00:00Z",2.90223862467112,FALSE,FALSE,3.25851911618719,18,234,77.2358333333333,1.12276057815764
"104","2023-10-17T18:00:00Z",3.17914883333778,FALSE,FALSE,3.41823360455262,54,214,76.3034693877551,1.07520401961296
"104","2023-10-17T19:00:00Z",3.36241850800359,FALSE,FALSE,3.80362148780372,24,262,77.2344897959184,1.13121596218613
"104","2023-10-17T20:00:00Z",2.62738927516933,FALSE,FALSE,3.07912726054362,0,277,77.6633333333333,1.17193416660543
"104","2023-10-17T21:00:00Z",2.68286954301438,FALSE,FALSE,3.74303980862775,12,272,82.379,1.39516280930387
"104","2023-10-19T22:00:00Z",3.18855854111764,FALSE,FALSE,3.76495018642725,18,277,96.5173469387755,1.18076871974494
"104","2023-10-19T23:00:00Z",2.78879740535068,FALSE,FALSE,3.29919263110271,0,256,95.8483673469388,1.18301624376614
"104","2023-10-20T00:00:00Z",2.97477525910834,FALSE,FALSE,3.409661767227,18,246,95.4408163265306,1.14619138262196
"104","2023-10-20T01:00:00Z",2.65103257279585,FALSE,FALSE,3.17858244932719,12,238,95.3729166666667,1.19899788555784
"104","2023-10-20T02:00:00Z",2.81598720482544,FALSE,FALSE,3.20818081011686,12,244,95.6655102040816,1.13927393015826
"104","2023-10-20T03:00:00Z",2.56177235959917,FALSE,FALSE,3.65177294408176,30,229,95.9010204081633,1.42548690183117
"104","2023-10-20T04:00:00Z",2.97792148509656,FALSE,FALSE,3.52930894812101,30,235,95.8897959183673,1.1851584958784
"104","2023-10-20T05:00:00Z",2.77133964388943,FALSE,FALSE,3.3366560785035,24,229,95.6963043478261,1.20398670219312
"104","2023-10-20T06:00:00Z",3.25154836430406,FALSE,FALSE,3.87818461715361,36,244,95.7991836734694,1.19271933941652
"104","2023-10-20T07:00:00Z",3.05937112269035,FALSE,FALSE,3.89188483630945,24,257,95.755,1.27211922981316
"104","2023-10-20T08:00:00Z",3.14828909004512,FALSE,FALSE,3.7317161769693,36,234,95.7064583333333,1.18531560166091
"104","2023-10-20T09:00:00Z",3.16048275651421,FALSE,FALSE,3.68191465240711,42,232,95.5203333333333,1.16498488872251
"104","2023-10-20T10:00:00Z",2.41498209923409,FALSE,FALSE,2.91188755771028,24,183,95.9694871794872,1.20575947897659
"104","2023-10-20T11:00:00Z",3.39330740723083,FALSE,FALSE,3.86526540564501,54,223,96.28375,1.13908495216451
"104","2023-10-20T12:00:00Z",2.99161672898322,FALSE,FALSE,3.5213756507025,54,200,96.1932653061225,1.17708114698882
"104","2023-10-20T13:00:00Z",3.70111857640819,FALSE,FALSE,4.29242640572522,60,241,95.6520833333333,1.15976462712818
"104","2023-10-20T14:00:00Z",3.4511207871893,FALSE,FALSE,3.91665895442726,54,230,95.060612244898,1.13489477649292
"104","2023-10-20T15:00:00Z",2.89630216822812,FALSE,FALSE,3.78388896976881,42,231,94.5926530612245,1.30645517973827
"104","2023-10-20T16:00:00Z",3.44926485221054,FALSE,FALSE,3.90372607646993,60,226,94.4367346938776,1.13175596648316
"104","2023-10-20T17:00:00Z",4.23098326057286,FALSE,FALSE,4.27374115365393,84,223,93.793125,1.01010589984591
"104","2023-10-20T18:00:00Z",3.95205826449756,FALSE,FALSE,4.15998140696415,60,255,89.8777551020408,1.05261135553957
"104","2023-10-20T19:00:00Z",3.73329150100688,FALSE,FALSE,4.20437518584009,54,249,88.0264444444445,1.12618454377489
"104","2023-10-20T20:00:00Z",2.57404270529019,FALSE,FALSE,3.30164300679238,30,230,92.7714285714286,1.2826683100505
"104","2023-10-20T21:00:00Z",3.03964656967413,FALSE,FALSE,4.10314277644742,36,259,95.6736734693878,1.34987495499758
"104","2023-10-20T23:00:00Z",2.39844522016922,FALSE,FALSE,4.02984326970223,18,254,97.4575675675676,1.68018983123488
"104","2023-10-21T00:00:00Z",2.97563740823421,FALSE,FALSE,4.42658288209912,30,294,97.8140816326531,1.48760829187382
"104","2023-10-21T01:00:00Z",3.98236625398111,FALSE,FALSE,5.14247608152741,48,309,98.0867346938775,1.2913116859572
"104","2023-10-21T02:00:00Z",3.77281496069617,FALSE,FALSE,4.87079346304805,48,297,98.274693877551,1.29102368226118
"104","2023-10-21T03:00:00Z",3.31256063512332,FALSE,FALSE,4.53976234111257,36,295,98.4157142857143,1.37046920529609
"104","2023-10-21T04:00:00Z",2.88186297357935,FALSE,FALSE,4.1594168079664,36,261,98.5173469387755,1.44330832038148
"104","2023-10-21T05:00:00Z",3.3824733230373,FALSE,FALSE,4.77308394217813,48,285,98.6031914893617,1.41112242029218
"104","2023-10-21T06:00:00Z",2.96838865776767,FALSE,FALSE,4.42292848256099,42,265,98.6697916666667,1.49000989846363
"104","2023-10-21T07:00:00Z",3.03074348188565,FALSE,FALSE,4.50380582861939,30,289,98.7402083333333,1.48603992899367
"104","2023-10-21T08:00:00Z",1.84104718974763,FALSE,FALSE,2.76542938779311,30,203,98.8289583333333,1.50209587412704
"104","2023-10-21T09:00:00Z",3.01806391364191,FALSE,FALSE,4.51986405788663,18,318,98.8671428571429,1.49760382391389
"104","2023-10-21T10:00:00Z",3.19693700325295,FALSE,FALSE,4.70294437661123,36,280,98.9097826086957,1.47107821387343
"104","2023-10-21T11:00:00Z",3.161953419315,FALSE,FALSE,4.64970889951494,36,281,98.9547916666667,1.47051783594024
"104","2023-10-21T12:00:00Z",3.18179963323214,FALSE,FALSE,4.56259761042037,36,279,98.9959183673469,1.43396760838318
"104","2023-10-21T17:00:00Z",3.58716888865643,FALSE,FALSE,4.33667506613879,24,296,98.9367346938776,1.20894086694733
"104","2023-10-22T19:00:00Z",2.89943199676283,FALSE,FALSE,2.58429886496609,78,169,98.786875,0.891312114873335
"104","2023-10-22T21:00:00Z",3.40304612208859,FALSE,FALSE,3.50853921553436,60,202,98.7441666666667,1.03099960731094
"104","2023-10-22T22:00:00Z",2.29894801875545,FALSE,FALSE,2.79241178044655,6,200,98.7897916666667,1.21464763781751
"104","2023-10-22T23:00:00Z",2.70416875745445,FALSE,FALSE,3.16277974506438,30,201,98.911875,1.16959407076415
"104","2023-10-23T00:00:00Z",2.74788105762585,FALSE,FALSE,3.30389773571109,42,193,98.9479166666667,1.20234379379057
"104","2023-10-23T01:00:00Z",2.54095128807428,FALSE,FALSE,3.08093398722061,24,202,98.8731914893617,1.21251202322559
"104","2023-10-23T16:00:00Z",2.71682544087993,FALSE,FALSE,2.98967713586577,30,193,98.63,1.10043033714285
"104","2023-10-23T17:00:00Z",2.63373180148559,FALSE,FALSE,3.07207233888356,30,198,98.19,1.16643324774023
"104","2023-10-23T18:00:00Z",4.48341724885822,FALSE,FALSE,3.35343054558589,120,378,97.9336734693878,0.747963073577394
"104","2023-10-23T19:00:00Z",2.99798780069901,FALSE,FALSE,3.53371177125353,30,227,97.8958333333333,1.17869451317634
"104","2023-10-23T20:00:00Z",4.4664442010521,FALSE,FALSE,4.20675828964696,84,235,98.0544897959184,0.941858467336507
"104","2023-10-23T21:00:00Z",3.45813089577604,FALSE,FALSE,3.91024096451517,48,228,98.024693877551,1.13073827520276
"104","2023-10-23T22:00:00Z",2.63088960610156,FALSE,FALSE,3.13551762068523,12,229,98.2339583333333,1.19180888981938
"104","2023-10-23T23:00:00Z",2.86573944353342,FALSE,FALSE,3.45551635277718,42,206,98.450612244898,1.20580269799985
"104","2023-10-24T00:00:00Z",2.81629114782271,FALSE,FALSE,3.3510928316574,30,209,98.5558333333333,1.18989573725293
"104","2023-10-24T01:00:00Z",2.17148457512471,FALSE,FALSE,2.64031319823747,0,206,98.6695918367347,1.21590235016329
"104","2023-10-24T02:00:00Z",2.02880910681957,FALSE,FALSE,2.39459073800789,0,193,98.7585714285714,1.1802937644349
"104","2023-10-24T03:00:00Z",2.53756024271402,FALSE,FALSE,2.8569106208268,24,191,98.9304081632653,1.12584937797229
"104","2023-10-24T07:00:00Z",1.22614821675763,FALSE,FALSE,1.17615782891282,0,267,98.7863265306122,0.959229734903502
"104","2023-10-24T08:00:00Z",1.03130192430791,FALSE,FALSE,0.879009967231861,0,282,98.7036170212766,0.852330386003837
"104","2023-10-24T09:00:00Z",1.17367160514896,FALSE,FALSE,1.05337535258278,0,300,98.79,0.897504334229067
"104","2023-10-24T15:00:00Z",3.81907048912219,FALSE,FALSE,3.46555328802949,84,202,98.719375,0.907433706159753
"104","2023-10-24T16:00:00Z",3.20834755006317,FALSE,FALSE,3.21261168466544,66,186,97.8134042553191,1.00132907502561
"104","2023-10-24T17:00:00Z",2.76586512440093,FALSE,FALSE,3.13714119948198,42,196,95.4516666666667,1.13423506150231
"104","2023-10-24T18:00:00Z",3.90664830546504,FALSE,FALSE,3.62255328286285,78,216,92.2124489795918,0.927279089288695
"104","2023-10-24T19:00:00Z",2.46707168887295,FALSE,FALSE,2.96431427955081,12,220,79.4897959183673,1.2015517396274
"104","2023-10-24T20:00:00Z",2.45740808007597,FALSE,FALSE,3.20757271661032,12,236,77.595306122449,1.30526661103481
"104","2023-10-24T21:00:00Z",2.30315065603514,FALSE,FALSE,2.90917964778984,6,217,83.3639583333333,1.26313041666062
"104","2023-10-24T22:00:00Z",2.4623981234621,FALSE,FALSE,2.95389649423859,12,213,87.76625,1.19960150476619
"104","2023-10-24T23:00:00Z",2.50705774877554,FALSE,FALSE,2.90876039060886,12,207,89.6695918367347,1.16022871512613
"104","2023-10-25T00:00:00Z",2.3538747807907,FALSE,FALSE,2.75093100390087,6,208,91.2989583333333,1.16868196488209
"104","2023-10-25T01:00:00Z",1.86330736624713,FALSE,FALSE,2.4973983336455,12,179,92.5442857142857,1.34030400935702
"104","2023-10-25T02:00:00Z",2.27758179112433,FALSE,FALSE,2.73668704027507,12,195,93.5244897959184,1.20157574623219
"104","2023-10-25T03:00:00Z",1.97374750263759,FALSE,FALSE,2.67091244168097,6,201,94.4745652173913,1.35321890875693
"104","2023-10-25T04:00:00Z",2.29214269863752,FALSE,FALSE,2.6850381455957,0,211,94.9767346938775,1.17140968020522
"104","2023-10-25T05:00:00Z",2.23928912988634,FALSE,FALSE,2.67596315152402,6,204,95.4454166666667,1.19500564523342
"104","2023-10-25T06:00:00Z",2.091857238369,FALSE,FALSE,2.59367773827298,6,194,95.7385416666667,1.23989232663662
"104","2023-10-25T07:00:00Z",1.97220809313679,FALSE,FALSE,2.46217217047932,12,182,96.08375,1.24843426971403
"104","2023-10-25T08:00:00Z",2.14408518089846,FALSE,FALSE,2.64099162681013,12,191,96.4379166666667,1.2317568585141
"104","2023-10-25T09:00:00Z",1.83066221166993,FALSE,FALSE,2.38812498533031,18,175,96.7781632653061,1.30451427363646
"104","2023-10-25T10:00:00Z",2.03158848225426,FALSE,FALSE,2.44497421701559,0,198,96.9816326530612,1.20347906988655
"104","2023-10-25T11:00:00Z",2.12233364339631,FALSE,FALSE,2.62725630953558,18,190,97.2017021276596,1.23790918440668
"104","2023-10-25T12:00:00Z",2.05915652218232,FALSE,FALSE,2.6707602577181,18,183,97.37125,1.29701663227019
"104","2023-10-25T13:00:00Z",3.05092999844888,FALSE,FALSE,3.63999009651012,36,223,97.3733333333333,1.19307558625099
"104","2023-10-25T14:00:00Z",3.49178800045496,FALSE,FALSE,3.50944710506707,36,228,96.8208163265306,1.00505732438791
"104","2023-10-25T15:00:00Z",2.85192852732387,FALSE,FALSE,3.21157689935485,30,217,91.6058333333333,1.12610707757408
"104","2023-10-25T16:00:00Z",3.07133509224673,FALSE,FALSE,3.36140432965862,18,247,71.3365306122449,1.09444402147592
"104","2023-10-25T17:00:00Z",3.24390711144674,FALSE,FALSE,3.57933093785167,18,259,64.8195833333333,1.10340118100833
"104","2023-10-25T18:00:00Z",3.52743288050242,FALSE,FALSE,4.02150212273708,12,312,64.6957446808511,1.14006481738195
"104","2023-10-25T19:00:00Z",4.34214599140844,FALSE,FALSE,4.78119916372694,18,338,69.5591836734694,1.10111432761294
"104","2023-10-25T20:00:00Z",3.68632644096536,FALSE,FALSE,4.35487143704615,0,336,74.0720833333333,1.18135805571948
"104","2023-10-25T21:00:00Z",2.87305960275888,FALSE,FALSE,3.64403892428731,0,311,76.8855102040816,1.26834783406097
"104","2023-10-25T22:00:00Z",3.31310336961602,FALSE,FALSE,4.18870773254769,24,290,81.4644897959184,1.26428525320451
"104","2023-10-25T23:00:00Z",3.20537704412724,FALSE,FALSE,3.88890064014329,6,298,83.3667346938775,1.21324280626155
"104","2023-10-26T00:00:00Z",3.28554805195912,FALSE,FALSE,4.40350526913581,6,324,84.5075510204082,1.34026506369617
"104","2023-10-26T01:00:00Z",3.17938654099781,FALSE,FALSE,4.2467994124603,36,269,84.4314285714286,1.33572919105567
"104","2023-10-26T02:00:00Z",2.90137711998026,FALSE,FALSE,3.81044444585031,12,284,84.0583673469388,1.31332270445292
"104","2023-10-26T03:00:00Z",2.70450050433336,FALSE,FALSE,3.65713888871384,0,296,84.9057446808511,1.35224189563066
"104","2023-10-26T04:00:00Z",2.81374241256969,FALSE,FALSE,3.40238465570434,6,278,86.7444897959184,1.20920260522251
"104","2023-10-26T05:00:00Z",2.65481171861911,FALSE,FALSE,3.67942521079041,6,302,88.083125,1.38594582244207
"104","2023-10-26T07:00:00Z",3.38653097708527,FALSE,FALSE,4.63198159257024,30,286,89.8457142857143,1.36776590083251
"104","2023-10-26T08:00:00Z",2.89513793098131,FALSE,FALSE,3.63858763576412,0,281,89.280625,1.25679249918528
"104","2023-10-26T09:00:00Z",3.28172890458066,FALSE,FALSE,4.47516197107874,36,273,89.4683673469388,1.36365985771472
"104","2023-10-26T10:00:00Z",2.98562375562776,FALSE,FALSE,4.16719813880407,24,270,89.0936734693878,1.39575461608285
"104","2023-10-26T12:00:00Z",3.70916493455145,FALSE,FALSE,4.78225043771842,36,287,88.931,1.28930649407661
"104","2023-10-26T13:00:00Z",4.63263564505713,FALSE,FALSE,5.05731872117706,54,288,88.3618367346939,1.09167202185932
"104","2023-10-26T14:00:00Z",4.98638802230415,FALSE,FALSE,4.6078973983999,84,266,87.1873469387755,0.924095232418484
"104","2023-10-26T15:00:00Z",3.28121045419486,FALSE,FALSE,3.65635934512128,24,260,61.9057142857143,1.11433246850924
"104","2023-10-26T16:00:00Z",3.30043845645836,FALSE,FALSE,3.88435819931931,36,257,55.9728571428571,1.17692186979531
"104","2023-10-26T17:00:00Z",4.41443365586227,FALSE,FALSE,4.79559700229191,6,365,60.7630612244898,1.08634478987434
"104","2023-10-26T18:00:00Z",4.80411563027673,FALSE,FALSE,5.25938038112344,48,328,59.9875510204082,1.0947655689171
"104","2023-10-26T19:00:00Z",3.91698008218354,FALSE,FALSE,4.60252669470987,6,366,63.6925531914894,1.17501917246007
"104","2023-10-26T20:00:00Z",4.59878626613158,FALSE,FALSE,5.47420705276937,18,384,70.3108510638298,1.19035909389505
"104","2023-10-26T21:00:00Z",3.53869222352441,FALSE,FALSE,4.26651546015778,0,347,73.7226530612245,1.20567576682566
"104","2023-10-26T22:00:00Z",2.94747332120123,FALSE,FALSE,4.17469742508,0,412,77.9179310344828,1.41636478778326
"104","2023-10-26T23:00:00Z",3.75633490658665,FALSE,FALSE,5.03277295804753,0,404,80.509387755102,1.33980943744464
"104","2023-10-27T00:00:00Z",2.32755182607779,FALSE,FALSE,3.244278478524,0,421,82.2595918367347,1.39385874985693
"104","2023-10-27T01:00:00Z",3.05262894494409,FALSE,FALSE,3.97749121072778,0,404,82.549387755102,1.30297238297353
"104","2023-10-27T02:00:00Z",3.20339937518021,FALSE,FALSE,4.23624784760026,6,361,83.5225,1.32242263653496
"104","2023-10-27T03:00:00Z",3.86712621600806,FALSE,FALSE,5.14634737671152,12,354,83.52,1.33079374430762
"104","2023-10-27T04:00:00Z",4.02548437758302,FALSE,FALSE,4.97315010099248,18,348,84.2465306122449,1.23541656966471
"104","2023-10-27T05:00:00Z",3.73518269061832,FALSE,FALSE,4.82302984783113,24,320,85.1226530612245,1.29124336004907
"104","2023-10-27T07:00:00Z",3.13186566785145,FALSE,FALSE,4.3840028544693,0,343,86.4179591836735,1.39980552150465
"104","2023-10-27T08:00:00Z",2.73133533127724,FALSE,FALSE,4.25271450661691,6,318,87.636170212766,1.55700929794959
"104","2023-10-27T09:00:00Z",2.66133225394575,FALSE,FALSE,3.74911588521897,0,305,88.0404081632653,1.40873650017222
"104","2023-10-27T10:00:00Z",3.11758589358853,FALSE,FALSE,4.00066188974631,0,318,88.5825531914894,1.28325634843738
"104","2023-10-27T11:00:00Z",2.76517258768214,FALSE,FALSE,3.68757915473073,0,303,89.2547916666667,1.33358010677438
"104","2023-10-27T12:00:00Z",3.26756107482061,FALSE,FALSE,4.49108390732573,12,316,89.9467391304348,1.37444528334403
"104","2023-10-27T14:00:00Z",4.36287729279673,FALSE,FALSE,4.21641078771804,72,264,88.394693877551,0.966428919437978
"104","2023-10-27T15:00:00Z",3.22852637709034,FALSE,FALSE,3.48904500555614,0,305,63.2655102040816,1.08069273657308
"104","2023-10-27T16:00:00Z",3.35658324932661,FALSE,FALSE,3.75425966284102,12,310,57.381875,1.11847655308242
"104","2023-10-27T17:00:00Z",3.59212473350061,FALSE,FALSE,4.19754804776209,24,315,54.4572916666667,1.16854184060348
"104","2023-10-27T18:00:00Z",4.17224249920409,FALSE,FALSE,5.0528868069095,36,328,56.436875,1.21107217710222
"104","2023-10-27T19:00:00Z",3.3599856048416,FALSE,FALSE,3.70698977309998,0,395,57.4947916666667,1.10327549253734
"104","2023-10-27T20:00:00Z",3.47300945177173,FALSE,FALSE,4.242338762341,0,351,63.9483333333333,1.22151661872869
"104","2023-10-27T21:00:00Z",3.00924827337674,FALSE,FALSE,3.81719613366052,0,388,69.9622916666667,1.26848826912416
"104","2023-10-27T22:00:00Z",3.41165851091845,FALSE,FALSE,4.07754737684421,0,392,74.7,1.1951803979779
"104","2023-10-27T23:00:00Z",3.61549140526027,FALSE,FALSE,4.11788410589945,0,353,77.2504081632653,1.13895557873772
"104","2023-10-28T00:00:00Z",3.15791260358915,FALSE,FALSE,4.09634454618884,6,314,80.0420408163265,1.29716843383605
"104","2023-10-28T01:00:00Z",3.35818642024102,FALSE,FALSE,4.31049980231843,12,328,82.08375,1.2835796656009
"104","2023-10-28T02:00:00Z",3.23213062572125,FALSE,FALSE,3.71263366532752,0,355,83.4945833333333,1.14866448644818
"104","2023-10-28T03:00:00Z",3.50885848654904,FALSE,FALSE,3.96970430468831,6,323,84.2783673469388,1.13133781824086
"104","2023-10-28T04:00:00Z",3.2005945213486,FALSE,FALSE,4.27853851861778,18,305,85.8742857142857,1.33679492671723
"104","2023-10-28T05:00:00Z",3.24431963836337,FALSE,FALSE,3.60831646822895,42,230,86.9355263157895,1.11219511960579
"104","2023-10-28T06:00:00Z",3.43102881016617,FALSE,FALSE,3.73069160957809,0,325,87.9122916666667,1.08733905076052
"104","2023-10-28T07:00:00Z",3.33399732499422,FALSE,FALSE,3.62644670402135,0,329,88.9252083333333,1.08771734063333
"104","2023-10-28T08:00:00Z",3.47089558819852,FALSE,FALSE,3.98435539839797,18,293,89.8577551020408,1.14793294616677
"104","2023-10-28T09:00:00Z",3.22016627651053,FALSE,FALSE,3.60478778583076,0,303,90.6727083333333,1.11944150590168
"104","2023-10-28T10:00:00Z",2.82602405738912,FALSE,FALSE,3.52467615803189,0,286,91.3054166666667,1.24722086098879
"104","2023-10-28T11:00:00Z",3.09713492653295,FALSE,FALSE,3.51077180624195,0,291,91.8145652173913,1.13355468506244
"104","2023-10-28T12:00:00Z",3.20187916571797,FALSE,FALSE,3.93645867936484,6,295,92.2855102040816,1.22942137277131
"104","2023-10-28T13:00:00Z",4.42225786489407,FALSE,FALSE,4.92891839598926,36,310,92.6714583333333,1.11457055345354
"104","2023-10-28T14:00:00Z",4.74111587733371,FALSE,FALSE,4.89375348171734,42,311,91.8602127659574,1.032194447116
"104","2023-10-28T15:00:00Z",3.43686577628814,FALSE,FALSE,3.76325524958233,24,276,69.6547916666667,1.09496718654131
"104","2023-10-28T17:00:00Z",3.3552381914427,FALSE,FALSE,3.81404575639124,12,311,63.9448979591837,1.13674366431531
"104","2023-10-28T18:00:00Z",5.15354312462284,FALSE,FALSE,5.47470551542723,60,328,66.3112244897959,1.06231875489116
"104","2023-10-28T19:00:00Z",3.82671357689815,FALSE,FALSE,4.80504074118654,18,345,67.154693877551,1.25565727474211
"104","2023-10-28T20:00:00Z",3.80136392289722,FALSE,FALSE,4.75469420297257,12,359,72.0157446808511,1.25078637547251
"104","2023-10-28T21:00:00Z",2.97847311623923,FALSE,FALSE,3.85795637245213,0,334,72.99375,1.29527990412866
"104","2023-10-28T22:00:00Z",0.949421912234172,FALSE,FALSE,1.78107977760656,0,252,72.378125,1.87596236684209
"104","2023-10-28T23:00:00Z",3.71780433566222,FALSE,FALSE,4.01648576694375,6,327,70.785306122449,1.08033812549426
"104","2023-10-29T00:00:00Z",3.2405591747972,FALSE,FALSE,3.61332395222287,0,299,72.9108510638298,1.11503100462561
"104","2023-10-29T01:00:00Z",3.23159404299164,FALSE,FALSE,3.70273540093802,6,301,76.0332653061224,1.14579224731774
"104","2023-10-29T02:00:00Z",3.01724667193083,FALSE,FALSE,3.47303679792898,18,256,76.0728571428571,1.15106160534978
"104","2023-10-29T03:00:00Z",2.89009891101913,FALSE,FALSE,3.51145910729609,0,279,78.0577551020408,1.21499616982239
"104","2023-10-29T04:00:00Z",2.91905990578988,FALSE,FALSE,3.47756893173934,0,281,78.6141666666667,1.19133181365743
"104","2023-10-29T05:00:00Z",2.60792407507664,FALSE,FALSE,3.37030725206761,18,238,79.0640816326531,1.29233334830446
"104","2023-10-29T06:00:00Z",2.79185080581422,FALSE,FALSE,3.56138076811684,12,249,81.998085106383,1.27563434288825
"104","2023-10-29T07:00:00Z",3.24791935174942,FALSE,FALSE,4.05913716532586,42,236,82.6172916666667,1.24976538076276
"104","2023-10-29T08:00:00Z",3.00711169224681,FALSE,FALSE,3.62655099884115,36,229,80.9197959183673,1.20599145292522
"104","2023-10-29T10:00:00Z",3.78519650874853,FALSE,FALSE,4.10001509249384,54,232,78.730612244898,1.08317100129879
"104","2023-10-29T11:00:00Z",4.14477820022062,FALSE,FALSE,4.13282954811053,66,229,79.0670833333333,0.997117179368137
"104","2023-10-29T12:00:00Z",4.40881670917894,FALSE,FALSE,4.29989673292483,84,218,78.4968085106383,0.975294963832961
"104","2023-10-29T13:00:00Z",4.87212004352413,FALSE,FALSE,4.25782560537317,108,221,72.9865306122449,0.873916399295733
"104","2023-10-29T14:00:00Z",2.81663053888085,FALSE,FALSE,3.24226266095629,24,212,75.2277551020408,1.15111393425584
"104","2023-10-29T15:00:00Z",2.73934590454428,FALSE,FALSE,3.0943085844494,12,224,81.4183333333333,1.12957935663265
"104","2023-10-29T16:00:00Z",3.90837108011505,FALSE,FALSE,3.56260477058455,78,207,89.34,0.91153186264997
"104","2023-10-29T17:00:00Z",3.68175961869455,FALSE,FALSE,3.23599018302151,84,194,91.1516326530612,0.878924894115955
"104","2023-10-29T19:00:00Z",3.09412905326591,FALSE,FALSE,3.4026024512973,30,220,92.6017391304348,1.09969635807718
"104","2023-10-29T20:00:00Z",3.48374930644158,FALSE,FALSE,3.57174780352906,54,208,93.2538775510204,1.02525970996959
"104","2023-10-29T21:00:00Z",3.56105731834528,FALSE,FALSE,3.67504825230012,66,207,93.8177551020408,1.03201041818889
"104","2023-10-29T22:00:00Z",2.6494954221262,FALSE,FALSE,3.20327104692827,24,208,94.2032653061224,1.20901173113093
"104","2023-10-29T23:00:00Z",3.55182903659238,FALSE,FALSE,3.4055445365813,84,184,94.6381632653061,0.958814318340214
"104","2023-10-30T00:00:00Z",3.35014475047743,FALSE,FALSE,3.63304861185327,60,206,95.0557142857143,1.08444526503982
"104","2023-10-30T01:00:00Z",3.36726873150854,FALSE,FALSE,3.56035652034778,60,204,95.4320408163265,1.05734255393175
"104","2023-10-30T02:00:00Z",3.65970122955362,FALSE,FALSE,3.39391522958603,84,189,95.7236734693878,0.927374945850428
"104","2023-10-30T03:00:00Z",3.54049386907798,FALSE,FALSE,3.45686908697514,78,189,96.0045833333333,0.976380475381358
"104","2023-10-30T04:00:00Z",3.77753630283074,FALSE,FALSE,3.4074820476382,96,179,96.2510204081633,0.902038200158334
"104","2023-10-30T06:00:00Z",3.52285349728254,FALSE,FALSE,3.56682582698799,66,199,96.6512244897959,1.012482020538
"104","2023-10-30T08:00:00Z",3.67109069009224,FALSE,FALSE,3.69462115519156,66,200,96.9435714285714,1.00640966597824
"104","2023-10-30T11:00:00Z",3.84232014685022,FALSE,FALSE,3.66068345117459,78,207,97.3336734693878,0.952727339541311
"104","2023-10-30T14:00:00Z",3.66859291407326,FALSE,FALSE,3.68996724259268,72,210,97.6238775510204,1.00582630153305
"104","2023-10-30T15:00:00Z",3.74649091024489,FALSE,FALSE,3.73394342868021,66,219,97.6516666666667,0.996650870944229
"104","2023-10-30T16:00:00Z",3.75790200586762,FALSE,FALSE,3.54292465213842,84,197,97.6557142857143,0.942793251821486
"104","2023-10-30T17:00:00Z",3.72712335461978,FALSE,FALSE,3.51159236588022,84,203,97.7304081632653,0.942172295297818
"104","2023-10-30T18:00:00Z",3.9250618143519,FALSE,FALSE,3.66095060523496,90,201,97.754693877551,0.932711579687428
"104","2023-10-30T19:00:00Z",3.4615828770521,FALSE,FALSE,3.78775756941708,48,234,97.79875,1.09422703541992
"104","2023-10-30T20:00:00Z",3.42623975937836,FALSE,FALSE,3.73098115567587,48,225,97.8685714285714,1.08894339500421
"104","2023-10-30T21:00:00Z",3.66089853033436,FALSE,FALSE,3.85650836035537,60,227,97.8944897959184,1.05343219114111
"104","2023-10-30T22:00:00Z",3.65287077006652,FALSE,FALSE,3.93725996925323,60,233,98.0030612244898,1.0778536162618
"104","2023-10-30T23:00:00Z",3.89548033670905,FALSE,FALSE,4.13674072272163,66,235,98.0618367346939,1.06193341132775
"105","2023-10-03T22:00:00Z",2.54303484941345,FALSE,FALSE,2.97063455095104,6,225,81.4308333333333,1.16814543522131
"105","2023-10-03T23:00:00Z",2.77961632650393,FALSE,FALSE,3.181269256221,0,252,89.7069387755102,1.14449941378142
"105","2023-10-04T00:00:00Z",3.15117322324219,FALSE,FALSE,3.45180011607249,0,259,92.0344897959184,1.095401576344
"105","2023-10-04T01:00:00Z",2.71289169087882,FALSE,FALSE,3.02803312490249,48,189,93.4481632653061,1.11616439944257
"105","2023-10-04T02:00:00Z",2.84273568071057,FALSE,FALSE,2.93501839637409,66,170,94.7479591836735,1.03246264374479
"105","2023-10-04T03:00:00Z",2.47280158528877,FALSE,FALSE,2.63268278237361,54,156,95.8097959183673,1.06465589396093
"105","2023-10-04T04:00:00Z",2.25607303811211,FALSE,FALSE,2.54174087023178,30,171,96.2295918367347,1.12662171272554
"105","2023-10-04T05:00:00Z",2.0991575950203,FALSE,FALSE,2.08332333177287,72,124,96.9385714285714,0.992456848744948
"105","2023-10-04T06:00:00Z",3.00565550048986,FALSE,FALSE,3.00985842738973,66,175,95.6846808510638,1.00139833952999
"105","2023-10-04T07:00:00Z",2.97935690375118,FALSE,FALSE,3.16313359991359,54,184,93.9454166666667,1.0616833437884
"105","2023-10-04T08:00:00Z",2.7143525998392,FALSE,FALSE,3.21962970653526,42,202,94.7328571428571,1.18615013639937
"105","2023-10-04T09:00:00Z",2.43750251018372,FALSE,FALSE,2.82065671674345,18,194,95.6914285714286,1.15719130747925
"105","2023-10-04T12:00:00Z",2.40833039120999,FALSE,FALSE,2.40696971971428,48,154,97.0785714285714,0.999435014605686
"105","2023-10-04T13:00:00Z",2.31234888748899,FALSE,FALSE,2.11842136614082,90,121,96.3476666666667,0.916133969922352
"105","2023-10-04T14:00:00Z",3.09543407828914,FALSE,FALSE,3.16383298092892,48,202,91.5764583333333,1.02209670789616
"105","2023-10-04T15:00:00Z",2.29367435919557,FALSE,FALSE,2.53143344567149,48,162,84.3136734693878,1.10365860590573
"105","2023-10-04T16:00:00Z",2.84589461236008,FALSE,FALSE,2.89831726943559,60,177,72.2995918367347,1.01842044917891
"105","2023-10-04T17:00:00Z",2.78387881728874,FALSE,FALSE,3.01837811590026,48,195,65.9154166666667,1.08423473649615
"105","2023-10-04T18:00:00Z",2.96406222737095,FALSE,FALSE,3.15283947439813,42,221,51.7718367346939,1.06368869225617
"105","2023-10-04T19:00:00Z",3.17586471659294,FALSE,FALSE,2.90020038662309,96,167,66.4057142857143,0.91320022904956
"105","2023-10-04T20:00:00Z",3.17735644178974,FALSE,FALSE,2.79446041710594,84,184,73.8425,0.879492266071313
"105","2023-10-04T21:00:00Z",3.28454866848928,FALSE,FALSE,3.30121965926515,48,223,81.1575,1.00507558037906
"105","2023-10-05T00:00:00Z",3.25707076784114,FALSE,FALSE,3.5790512019316,30,245,91.0842553191489,1.0988558299898
"105","2023-10-05T01:00:00Z",2.91218563470891,FALSE,FALSE,3.50941819881038,0,289,92.316875,1.20508052679862
"105","2023-10-05T03:00:00Z",2.99046287050265,FALSE,FALSE,3.37721108106891,36,214,94.3,1.1293272069622
"105","2023-10-05T04:00:00Z",2.58958953730351,FALSE,FALSE,3.02215231945122,36,197,95.5561224489796,1.16703912952866
"105","2023-10-05T06:00:00Z",2.42624017598901,FALSE,FALSE,2.86963252196945,12,212,96.5664583333333,1.18274874448474
"105","2023-10-05T07:00:00Z",2.27194978797898,FALSE,FALSE,2.68192601459835,42,165,97.1561224489796,1.18045127088133
"105","2023-10-05T09:00:00Z",2.14219627092219,FALSE,FALSE,2.20758290594908,54,134,97.7720408163265,1.03052317657091
"105","2023-10-05T10:00:00Z",2.49183337783305,FALSE,FALSE,2.80599362172011,48,171,97.6591836734694,1.12607594339244
"105","2023-10-05T11:00:00Z",2.08142828064498,FALSE,FALSE,2.16648233768689,42,140,98.1771428571429,1.04086331382773
"105","2023-10-05T12:00:00Z",2.01867359967608,FALSE,FALSE,1.98736882358493,84,110,98.3179591836735,0.984492403280959
"105","2023-10-05T13:00:00Z",3.12158379187439,FALSE,FALSE,2.77298656529265,102,150,97.5336734693878,0.888326807856592
"105","2023-10-05T14:00:00Z",3.1477013612318,FALSE,FALSE,3.13758110995534,66,188,94.330612244898,0.996784875655264
"105","2023-10-05T15:00:00Z",2.56640816849649,FALSE,FALSE,2.62904822431982,60,158,80.00375,1.02440767473867
"105","2023-10-05T16:00:00Z",2.33574270413253,FALSE,FALSE,2.21551860454652,66,141,65.3751063829787,0.94852853468265
"105","2023-10-05T17:00:00Z",2.62411775239729,FALSE,FALSE,2.60952900657941,54,161,57.2522448979592,0.99444051403389
"105","2023-10-05T18:00:00Z",2.51222721011445,FALSE,FALSE,2.77408855374791,54,180,48.50375,1.10423473743903
"105","2023-10-05T20:00:00Z",2.55969365774508,FALSE,FALSE,2.45533475310732,84,143,66.4116326530612,0.959229924127057
"105","2023-10-05T21:00:00Z",2.83979550948573,FALSE,FALSE,2.53150315704091,72,173,71.9170833333333,0.891438537945767
"105","2023-10-05T22:00:00Z",3.28259690197931,FALSE,FALSE,3.59048497992205,54,219,76.758125,1.09379405608928
"105","2023-10-05T23:00:00Z",3.30932498031855,FALSE,FALSE,3.4592753010243,66,199,82.3477083333333,1.04531145221383
"105","2023-10-06T00:00:00Z",2.86845909307535,FALSE,FALSE,3.24534097176229,42,207,83.9947916666667,1.13138827030748
"105","2023-10-06T01:00:00Z",2.75651653349278,FALSE,FALSE,3.12241707668416,36,197,85.6379591836735,1.13274019536815
"105","2023-10-06T02:00:00Z",2.48177362776739,FALSE,FALSE,2.89462151928512,18,199,89.0842857142857,1.16635195365869
"105","2023-10-06T03:00:00Z",2.02368472245755,FALSE,FALSE,2.64017365480978,12,412,91.5122916666667,1.30463684659514
"105","2023-10-06T04:00:00Z",2.64168343057418,FALSE,FALSE,3.05018242415354,48,180,93.5482978723404,1.15463586168255
"105","2023-10-06T06:00:00Z",2.83445191437573,FALSE,FALSE,3.03706439676949,60,180,94.5958333333333,1.0714820672618
"105","2023-10-06T07:00:00Z",2.92679155330847,FALSE,FALSE,3.08909062955373,66,172,95.2845833333333,1.05545289894724
"105","2023-10-06T08:00:00Z",2.59329142230626,FALSE,FALSE,3.02447403259207,36,188,95.0414285714286,1.16626847510348
"105","2023-10-06T09:00:00Z",2.69802905841177,FALSE,FALSE,3.07710179578074,48,183,95.2520833333333,1.14049987200364
"105","2023-10-06T10:00:00Z",3.03976397375167,FALSE,FALSE,3.09662709023981,78,170,95.8046666666667,1.01870642489981
"105","2023-10-06T11:00:00Z",2.9392607027693,FALSE,FALSE,2.75472707978549,90,151,96.5097916666667,0.937217674223334
"105","2023-10-06T12:00:00Z",2.92362036545313,FALSE,FALSE,2.73634626771258,84,150,96.7391666666667,0.935944454364366
"105","2023-10-06T13:00:00Z",2.80172547999621,FALSE,FALSE,2.47157227457031,102,144,95.8547826086957,0.882160758510022
"105","2023-10-06T14:00:00Z",2.73662049841205,FALSE,FALSE,2.4444160345351,96,147,93.8239583333333,0.893224338542191
"105","2023-10-06T15:00:00Z",2.48822150068518,FALSE,FALSE,2.21692877737275,90,135,89.9872340425532,0.890969223102637
"105","2023-10-06T16:00:00Z",2.83895805178415,FALSE,FALSE,2.50249643707589,96,149,94.7908163265306,0.881484118972166
"105","2023-10-06T17:00:00Z",3.00630957425506,FALSE,FALSE,2.62207708674463,102,145,94.1378723404255,0.872191310302551
"105","2023-10-06T18:00:00Z",3.05313300857148,FALSE,FALSE,2.87355264219658,72,172,95.5133333333333,0.941181610538832
"105","2023-10-06T19:00:00Z",3.00717624600423,FALSE,FALSE,2.69613452442263,90,162,93.6404166666667,0.896566846723768
"105","2023-10-06T21:00:00Z",2.97609366588332,FALSE,FALSE,3.68558552203068,72,416,92.753829787234,1.23839701830647
"105","2023-10-06T23:00:00Z",2.54389074784401,FALSE,FALSE,3.00838200066626,36,198,95.7771428571429,1.18259088100223
"105","2023-10-07T00:00:00Z",2.66753827935193,FALSE,FALSE,2.81584198245731,60,163,96.8135416666667,1.05559571693997
"105","2023-10-07T01:00:00Z",2.78761569507943,FALSE,FALSE,2.87386706633689,72,163,97.3489583333333,1.03094091176546
"105","2023-10-07T02:00:00Z",2.95415836794458,FALSE,FALSE,3.00844474812788,72,167,97.5195833333333,1.01837625930023
"105","2023-10-07T03:00:00Z",2.52910389880897,FALSE,FALSE,2.77388900874035,42,177,97.5079591836735,1.09678728898669
"105","2023-10-07T04:00:00Z",2.50859213779762,FALSE,FALSE,2.82162816111969,60,161,97.7369387755102,1.12478553950858
"105","2023-10-07T05:00:00Z",2.49115260859232,FALSE,FALSE,2.48869509048221,78,141,98.1467346938775,0.999013501580901
"105","2023-10-07T06:00:00Z",1.86974060579373,FALSE,FALSE,2.02830362486485,54,125,98.6257142857143,1.08480482189871
"105","2023-10-07T08:00:00Z",1.74061170227565,FALSE,FALSE,1.91847256270532,42,124,99.001875,1.1021829625741
"105","2023-10-07T18:00:00Z",2.41468598471108,FALSE,FALSE,2.16598549876816,78,143,98.5479591836735,0.897005040192556
"105","2023-10-07T19:00:00Z",3.11166812955438,FALSE,FALSE,2.72820388524876,90,175,97.3889795918367,0.87676569983042
"105","2023-10-07T20:00:00Z",2.96020552300746,FALSE,FALSE,3.18177130105554,48,202,98.0014285714286,1.07484810643248
"105","2023-10-08T18:00:00Z",2.22965441013214,FALSE,FALSE,2.37974868282139,42,154,96.4495652173913,1.06731728110293
"105","2023-10-08T19:00:00Z",1.86611909495211,FALSE,FALSE,1.7472478914803,72,111,86.9875510204082,0.936300312346964
"105","2023-10-08T20:00:00Z",1.97853969311416,FALSE,FALSE,1.69981091720743,108,101,87.0852083333333,0.859123990852053
"105","2023-10-08T21:00:00Z",2.60353927865613,FALSE,FALSE,2.24744898287283,108,131,87.1052083333333,0.863228375810368
"105","2023-10-08T22:00:00Z",3.18395982329923,FALSE,FALSE,2.92056249539143,90,162,93.0614285714286,0.917273664705083
"105","2023-10-08T23:00:00Z",2.0032476725157,FALSE,FALSE,1.89997382769299,54,123,94.4251020408163,0.948446791557721
"105","2023-10-09T00:00:00Z",2.24208125916231,FALSE,FALSE,2.02136485003658,84,125,95.5246808510638,0.901557355147695
"105","2023-10-09T01:00:00Z",2.07320465515821,FALSE,FALSE,1.86904450811448,84,114,95.8329166666667,0.901524363966784
"105","2023-10-09T02:00:00Z",2.05309464795219,FALSE,FALSE,1.90279174190402,78,116,95.4422916666667,0.926792022862613
"105","2023-10-09T03:00:00Z",1.9770504868853,FALSE,FALSE,1.83092316214285,66,114,96.4054166666667,0.926088217922719
"105","2023-10-09T04:00:00Z",1.85401287056066,FALSE,FALSE,1.73906350640116,60,111,96.940652173913,0.937999694616605
"105","2023-10-09T05:00:00Z",1.85439736742886,FALSE,FALSE,1.75808178207876,66,106,97.194375,0.948060978169069
"105","2023-10-09T06:00:00Z",1.72938821933543,FALSE,FALSE,1.68257989187434,60,102,97.8260416666667,0.972933591811401
"105","2023-10-09T07:00:00Z",1.99220535379325,FALSE,FALSE,1.74210450005747,96,100,97.9657142857143,0.874460304375962
"105","2023-10-09T08:00:00Z",1.6529862438283,FALSE,FALSE,1.55137350691533,78,90,98.0921739130435,0.938527778260496
"105","2023-10-09T09:00:00Z",1.6106183579446,FALSE,FALSE,1.61015892226022,48,101,98.2825,0.999714745779399
"105","2023-10-09T10:00:00Z",1.76012140974773,FALSE,FALSE,1.68260155032506,78,96,98.8814893617021,0.955957663492214
"105","2023-10-09T14:00:00Z",1.75494290067545,FALSE,FALSE,1.63274612092134,78,100,94.1082608695652,0.930369939838451
"105","2023-10-09T15:00:00Z",1.5491293982284,FALSE,FALSE,1.52824207750452,42,103,85.3971428571429,0.986516735950035
"105","2023-10-09T16:00:00Z",1.60880114426158,FALSE,FALSE,1.53882177281024,54,102,79.7597959183673,0.956502162059649
"105","2023-10-09T17:00:00Z",1.50145043270092,FALSE,FALSE,1.46486085649197,60,96,74.3369387755102,0.975630513394217
"105","2023-10-09T18:00:00Z",1.75622754213775,FALSE,FALSE,1.76520462611612,48,117,63.8124489795918,1.00511157225529
"105","2023-10-09T19:00:00Z",1.59391761291206,FALSE,FALSE,1.47969302541664,66,96,71.0453333333333,0.928337207287186
"105","2023-10-09T20:00:00Z",1.44935465325368,FALSE,FALSE,1.29911651298994,84,83,73.4841666666667,0.896341354459745
"105","2023-10-09T21:00:00Z",1.60500878714456,FALSE,FALSE,1.43634507548184,78,93,78.2355102040816,0.894914150617958
"105","2023-10-09T22:00:00Z",2.4234895193196,FALSE,FALSE,2.46368154389317,54,147,83.6887755102041,1.01658436079594
"105","2023-10-10T00:00:00Z",1.67125085259259,FALSE,FALSE,1.64857501200683,42,108,89.1495744680851,0.986431815097907
"105","2023-10-10T01:00:00Z",1.78125199594076,FALSE,FALSE,1.63749855957559,66,106,89.5534693877551,0.919296406857216
"105","2023-10-10T02:00:00Z",1.73912656862922,FALSE,FALSE,1.59888675584488,42,110,89.4855319148936,0.91936192838749
"105","2023-10-10T05:00:00Z",1.8256039674216,FALSE,FALSE,1.75855036623395,60,110,91.9420408163265,0.963270456033048
"105","2023-10-10T06:00:00Z",1.81105802291173,FALSE,FALSE,1.76718422513884,42,115,92.0441666666667,0.975774493573458
"105","2023-10-10T07:00:00Z",1.67186923006023,FALSE,FALSE,1.66626147467977,42,108,93.7304081632653,0.996645816981593
"105","2023-10-10T08:00:00Z",1.59684254390528,FALSE,FALSE,1.61333399954516,48,100,95.4887234042553,1.01032754024673
"105","2023-10-10T09:00:00Z",1.61015345130748,FALSE,FALSE,1.60085719930032,66,95,96.5129166666667,0.994226480712377
"105","2023-10-10T10:00:00Z",1.14771102422172,FALSE,FALSE,1.1602624097788,60,71,96.8255319148936,1.01093601550581
"105","2023-10-10T11:00:00Z",1.39971207835417,FALSE,FALSE,1.4838851407742,36,97,96.3345833333333,1.06013598347955
"105","2023-10-10T12:00:00Z",1.6412737388706,FALSE,FALSE,1.53778304809449,78,90,96.0295918367347,0.936944893270923
"105","2023-10-10T14:00:00Z",1.64453343747901,FALSE,FALSE,1.51631624398905,84,93,84.4360416666667,0.922034304339526
"105","2023-10-10T15:00:00Z",1.40261863219979,FALSE,FALSE,1.34976155735821,48,89,82.2866666666667,0.96231543369798
"105","2023-10-10T16:00:00Z",1.28620007512944,FALSE,FALSE,1.26453666253576,54,84,80.964375,0.98315704297288
"105","2023-10-10T17:00:00Z",1.50888972391286,FALSE,FALSE,1.47447848360829,54,99,74.7487755102041,0.977194330533753
"105","2023-10-10T18:00:00Z",1.6848923584532,FALSE,FALSE,1.59505273693865,66,103,72.1189583333333,0.946679310957865
"105","2023-10-10T19:00:00Z",2.33211580595738,FALSE,FALSE,2.0050529756344,90,132,77.8126530612245,0.859757037155915
"105","2023-10-10T20:00:00Z",1.77404319383855,FALSE,FALSE,1.51211806945055,114,94,85.1918367346939,0.852356963292836
"105","2023-10-10T21:00:00Z",2.26599416679307,FALSE,FALSE,2.02999258968538,90,124,82.8754166666667,0.895850757002747
"105","2023-10-10T22:00:00Z",1.98733045181956,FALSE,FALSE,2.28513213725504,24,150,86.5304081632653,1.1498501093076
"105","2023-10-10T23:00:00Z",1.82277582614637,FALSE,FALSE,1.89960070121598,42,121,89.1366666666667,1.04214718780424
"105","2023-10-11T00:00:00Z",1.88695975619548,FALSE,FALSE,1.81549237262546,42,118,91.5885416666667,0.962125645056623
"105","2023-10-11T01:00:00Z",1.90293996801395,FALSE,FALSE,1.80365246478493,54,113,92.5547916666667,0.947824153731635
"105","2023-10-11T02:00:00Z",1.86982704027759,FALSE,FALSE,1.80114404211507,54,112,93.7410204081633,0.963267726542063
"105","2023-10-11T03:00:00Z",1.90119407209192,FALSE,FALSE,1.8257169306572,66,107,94.8722448979592,0.960300138453686
"105","2023-10-11T04:00:00Z",1.66705242699825,FALSE,FALSE,1.61900058773542,36,106,95.5993181818182,0.971175568035759
"105","2023-10-11T05:00:00Z",1.50400225185852,FALSE,FALSE,1.58871736439999,30,106,96.4408333333333,1.05632645325949
"105","2023-10-11T06:00:00Z",1.48481692460314,FALSE,FALSE,1.54391287570613,30,101,96.9597916666667,1.03980015995493
"105","2023-10-11T07:00:00Z",1.47150658655741,FALSE,FALSE,1.38629555666703,72,82,97.5734693877551,0.942092661583167
"105","2023-10-11T08:00:00Z",1.67154690805745,FALSE,FALSE,1.62317594346067,72,95,97.4702083333333,0.971062155441998
"105","2023-10-11T09:00:00Z",1.62257916987053,FALSE,FALSE,1.56615192064915,78,92,97.7022916666667,0.965223731285859
"105","2023-10-11T12:00:00Z",1.61665991633169,FALSE,FALSE,1.51956459161503,78,88,97.7389583333333,0.939940785482593
"105","2023-10-11T13:00:00Z",1.91846521728993,FALSE,FALSE,1.73797035717989,102,97,96.1845652173913,0.905917053651349
"105","2023-10-11T14:00:00Z",2.23349237098941,FALSE,FALSE,2.08130806332616,78,122,93.6981632653061,0.931862624811282
"105","2023-10-11T15:00:00Z",1.6278147285705,FALSE,FALSE,1.5104235496768,66,98,86.960612244898,0.927884189254885
"105","2023-10-11T16:00:00Z",1.50034618526547,FALSE,FALSE,1.44642412290406,54,96,76.016875,0.964060252966307
"105","2023-10-11T17:00:00Z",1.55428454061447,FALSE,FALSE,1.45175773390732,72,89,73.4974468085106,0.934036012050526
"105","2023-10-11T19:00:00Z",1.6369300647365,FALSE,FALSE,1.52086333674741,60,103,75.5022916666667,0.929094876751644
"105","2023-10-11T20:00:00Z",2.48162745338152,FALSE,FALSE,2.09437635695736,102,135,77.8485416666667,0.843952767408142
"105","2023-10-11T21:00:00Z",2.75634323898599,FALSE,FALSE,2.53932965779557,78,152,80.5473469387755,0.921267577230237
"105","2023-10-11T22:00:00Z",2.16645806395905,FALSE,FALSE,2.41572154870955,48,144,83.943125,1.11505576262805
"105","2023-10-11T23:00:00Z",1.99512480173243,FALSE,FALSE,2.31566651046248,30,152,85.8112244897959,1.16066248509953
"105","2023-10-12T00:00:00Z",1.87325419988505,FALSE,FALSE,2.00736441365685,36,130,86.7029787234043,1.07159210628223
"105","2023-10-12T01:00:00Z",2.24955537838384,FALSE,FALSE,2.06588032379407,90,118,88.6908333333333,0.918350507680441
"105","2023-10-12T02:00:00Z",2.24311298368859,FALSE,FALSE,2.14012897321344,72,130,89.0191666666667,0.954088799260655
"105","2023-10-12T03:00:00Z",1.68970681885235,FALSE,FALSE,1.84832818656033,36,122,89.8878723404255,1.09387508290682
"105","2023-10-12T04:00:00Z",1.98037895952975,FALSE,FALSE,1.83449253849657,54,117,91.8024489795918,0.926334088568674
"105","2023-10-12T05:00:00Z",2.13973487748722,FALSE,FALSE,1.99672866909469,66,123,91.5389583333333,0.933166389024573
"105","2023-10-12T06:00:00Z",2.06507282161456,FALSE,FALSE,1.98159182288793,54,126,91.9477551020408,0.959574791817095
"105","2023-10-12T07:00:00Z",1.94321823753809,FALSE,FALSE,2.62634061459686,66,344,92.2839583333333,1.3515417691449
"105","2023-10-12T08:00:00Z",2.13137945036972,FALSE,FALSE,1.99703170836784,78,118,92.59,0.936966764890893
"105","2023-10-12T09:00:00Z",1.88492899418437,FALSE,FALSE,1.98296041674137,30,135,94.014375,1.05200801879512
"105","2023-10-12T10:00:00Z",1.83909956926316,FALSE,FALSE,1.84269815061235,48,115,95.3133333333333,1.00195670827688
"105","2023-10-12T11:00:00Z",1.69362920580677,FALSE,FALSE,1.80871918065364,18,126,95.9355319148936,1.06795464701026
"105","2023-10-12T12:00:00Z",1.73953933410782,FALSE,FALSE,1.8686530920234,60,109,96.3302083333333,1.07422295971353
"105","2023-10-12T13:00:00Z",1.79992075470996,FALSE,FALSE,1.57398248594903,102,89,95.9255319148936,0.874473213240248
"105","2023-10-12T14:00:00Z",1.64989323498159,FALSE,FALSE,1.53561601766602,66,99,85.420612244898,0.930736598652184
"105","2023-10-12T15:00:00Z",1.55089825043593,FALSE,FALSE,1.49193408231834,60,93,75.0439583333333,0.961980634060926
"105","2023-10-12T16:00:00Z",1.6262380667785,FALSE,FALSE,1.57652997902294,66,100,70.3334693877551,0.969433695612584
"105","2023-10-12T17:00:00Z",1.56411427826293,FALSE,FALSE,1.53595847862958,54,103,63.2916326530612,0.981998885871292
"105","2023-10-12T18:00:00Z",1.91101284513344,FALSE,FALSE,1.8683333820644,48,127,54.3075510204082,0.977666574467188
"105","2023-10-12T19:00:00Z",1.57609255122041,FALSE,FALSE,1.43400244487557,78,92,67.7985714285714,0.909846597374746
"105","2023-10-12T20:00:00Z",2.01679044274533,FALSE,FALSE,1.88414899715127,78,116,70.4541304347826,0.934231418999832
"105","2023-10-12T21:00:00Z",2.66805679804735,FALSE,FALSE,2.45832638809586,66,153,72.0902040816326,0.921392074522183
"105","2023-10-12T22:00:00Z",1.90258240579945,FALSE,FALSE,2.25933530195745,24,150,81.0779591836735,1.18750982615552
"105","2023-10-12T23:00:00Z",1.94121690499551,FALSE,FALSE,2.23409870430894,30,144,84.4261224489796,1.15087535996607
"105","2023-10-13T00:00:00Z",2.20554959434638,FALSE,FALSE,2.1748942238242,54,137,86.0604255319149,0.986100801994766
"105","2023-10-13T01:00:00Z",2.42275882357624,FALSE,FALSE,2.31044336608171,72,133,82.864375,0.953641503066023
"105","2023-10-13T02:00:00Z",1.82640686447904,FALSE,FALSE,2.11717576654398,30,140,84.1954166666667,1.15920269887283
"105","2023-10-13T03:00:00Z",1.86198822466943,FALSE,FALSE,1.89203912238994,36,125,88.8177083333333,1.01613914487877
"105","2023-10-13T04:00:00Z",1.75641542519212,FALSE,FALSE,1.77713386682651,42,115,91.5881632653061,1.01179586636352
"105","2023-10-13T05:00:00Z",1.85781220575555,FALSE,FALSE,1.88248786429808,48,116,90.9830612244898,1.01328210594488
"105","2023-10-13T06:00:00Z",1.70043440022409,FALSE,FALSE,1.81382337326606,12,132,91.3981632653061,1.06668235659489
"105","2023-10-13T07:00:00Z",1.7304131354305,FALSE,FALSE,1.72791979830152,30,118,92.7310204081633,0.998559108759679
"105","2023-10-13T08:00:00Z",1.59347184031866,FALSE,FALSE,1.59793268386329,36,108,94.3329166666667,1.00279944924771
"105","2023-10-13T09:00:00Z",1.53933837911815,FALSE,FALSE,1.61854309033781,30,106,94.3167346938775,1.05145373641956
"105","2023-10-13T10:00:00Z",1.50488206781362,FALSE,FALSE,1.52161450634665,42,98,92.6942857142857,1.01111877062722
"105","2023-10-13T11:00:00Z",1.4266285367774,FALSE,FALSE,1.47919358919947,24,98,93.99,1.03684564767
"105","2023-10-13T12:00:00Z",1.58744253312146,FALSE,FALSE,1.59067888474315,60,94,94.084375,1.00203872049171
"105","2023-10-13T13:00:00Z",1.67052780335469,FALSE,FALSE,1.40965854736903,120,78,91.4516326530612,0.843840218964456
"105","2023-10-13T14:00:00Z",1.37834401450619,FALSE,FALSE,1.32957318509093,66,81,82.4941666666667,0.964616359267367
"105","2023-10-13T15:00:00Z",1.3703358409123,FALSE,FALSE,1.36294111855546,36,93,74.4759183673469,0.994603715282
"105","2023-10-13T16:00:00Z",1.3458501285142,FALSE,FALSE,1.35238033240074,36,91,70.100612244898,1.00485210332725
"105","2023-10-13T17:00:00Z",1.30426152839051,FALSE,FALSE,1.34620214484181,30,96,62.71,1.03215660014373
"105","2023-10-13T18:00:00Z",1.46624619696213,FALSE,FALSE,1.49691154708839,48,100,59.974693877551,1.02091418902896
"105","2023-10-13T19:00:00Z",1.22367766372019,FALSE,FALSE,1.15419419085624,72,73,64.1576595744681,0.943217503331144
"105","2023-10-13T20:00:00Z",1.65561946740146,FALSE,FALSE,1.51183423271308,78,95,71.5340425531915,0.913153210916238
"105","2023-10-13T21:00:00Z",1.74600253882228,FALSE,FALSE,1.5885414709562,90,95,67.5191836734694,0.90981624346761
"105","2023-10-13T22:00:00Z",1.82509176442627,FALSE,FALSE,1.86284266962362,36,123,75.5926530612245,1.02068438745556
"105","2023-10-13T23:00:00Z",1.7414363374497,FALSE,FALSE,1.80850601138445,42,116,81.0036734693877,1.0385139970336
"105","2023-10-14T00:00:00Z",1.72401364119038,FALSE,FALSE,1.77479870067115,30,119,84.9585416666667,1.02945745803131
"105","2023-10-14T01:00:00Z",1.84980777793197,FALSE,FALSE,1.64519189971761,96,95,85.5216326530612,0.889385329299935
"105","2023-10-14T02:00:00Z",1.67188695184498,FALSE,FALSE,1.74055920011996,36,113,84.4439583333333,1.04107469598898
"105","2023-10-14T03:00:00Z",1.32732976167041,FALSE,FALSE,1.33662745234754,36,90,89.0817021276596,1.0070048084098
"105","2023-10-14T04:00:00Z",1.44448976893865,FALSE,FALSE,1.46481270299641,36,94,88.7372916666667,1.01406928210554
"105","2023-10-14T05:00:00Z",1.76068090725408,FALSE,FALSE,1.60523494050257,90,93,90.310625,0.91171258453984
"105","2023-10-14T06:00:00Z",1.66773289231432,FALSE,FALSE,1.61574012430084,48,102,90.415,0.968824283401087
"105","2023-10-14T07:00:00Z",1.49572095359276,FALSE,FALSE,1.38375329816332,72,88,91.388125,0.925141347281066
"105","2023-10-14T08:00:00Z",1.45266342070002,FALSE,FALSE,1.45631051282101,42,94,93.2467346938776,1.00251062432565
"105","2023-10-14T09:00:00Z",1.41288850823282,FALSE,FALSE,1.30463127381202,72,80,94.0264583333333,0.923378784815651
"105","2023-10-14T10:00:00Z",1.50430618366166,FALSE,FALSE,1.48256981765216,42,95,93.6614893617021,0.98555057059156
"105","2023-10-14T11:00:00Z",1.81610340254921,FALSE,FALSE,1.63881488518351,96,93,93.5767346938776,0.902379722918399
"105","2023-10-14T12:00:00Z",1.80921846523071,FALSE,FALSE,1.62972248762348,96,90,89.9348979591837,0.900788113178836
"105","2023-10-14T13:00:00Z",1.59160620921063,FALSE,FALSE,1.39881210263562,96,84,86.5676595744681,0.878868211584426
"105","2023-10-14T14:00:00Z",1.25440263220249,FALSE,FALSE,1.16036680093475,66,74,82.5883673469388,0.9250353683469
"105","2023-10-14T15:00:00Z",1.40542156746701,FALSE,FALSE,1.3823633394905,54,91,74.9718367346939,0.983593372614833
"105","2023-10-14T16:00:00Z",1.16030186749362,FALSE,FALSE,1.08568186449564,78,67,73.1091836734694,0.935689146860404
"105","2023-10-14T17:00:00Z",1.33878379158761,FALSE,FALSE,1.24596167594261,54,85,73.0365306122449,0.930666836401625
"105","2023-10-14T18:00:00Z",1.21240717484198,FALSE,FALSE,1.17096809173947,60,74,73.8785416666667,0.965820819966762
"105","2023-10-14T19:00:00Z",1.34573919352522,FALSE,FALSE,1.29002249644353,66,81,72.3330434782609,0.958597700542744
"105","2023-10-14T20:00:00Z",1.73237690620417,FALSE,FALSE,1.57624049632689,78,104,74.2183673469388,0.909871570489013
"105","2023-10-14T21:00:00Z",2.00411681680038,FALSE,FALSE,1.91711741116822,60,121,78.3777083333333,0.956589653406004
"105","2023-10-14T22:00:00Z",1.77537104985085,FALSE,FALSE,1.81368116536622,24,126,84.3557446808511,1.02157865282223
"105","2023-10-14T23:00:00Z",1.69163962763804,FALSE,FALSE,1.72297958689049,36,116,88.2458333333333,1.01852638040657
"105","2023-10-15T00:00:00Z",1.76193343994009,FALSE,FALSE,1.79899735925028,30,123,90.2408333333333,1.02103593613131
"105","2023-10-15T01:00:00Z",1.92195195373937,FALSE,FALSE,1.85854982845971,48,118,89.9230612244898,0.967011597164899
"105","2023-10-15T02:00:00Z",1.79686690866143,FALSE,FALSE,1.82120018921673,48,114,90.6608163265306,1.01354206059336
"105","2023-10-15T03:00:00Z",1.94508656889795,FALSE,FALSE,1.98308116314644,48,123,91.1234693877551,1.01953362634652
"105","2023-10-15T04:00:00Z",1.76028749413099,FALSE,FALSE,1.82377138135847,24,124,89.7973469387755,1.03606449937249
"105","2023-10-15T05:00:00Z",1.75281326050334,FALSE,FALSE,1.84340582791555,30,125,90.1177551020408,1.05168409519346
"105","2023-10-15T06:00:00Z",1.62187443170597,FALSE,FALSE,1.69724670746526,30,116,90.990625,1.04647232503691
"105","2023-10-15T07:00:00Z",1.75427537257726,FALSE,FALSE,1.64123642881279,78,98,90.67,0.935563740145081
"105","2023-10-15T08:00:00Z",1.67738744193158,FALSE,FALSE,1.71940151132916,30,117,91.2648936170213,1.02504732558937
"105","2023-10-15T09:00:00Z",1.6497877466438,FALSE,FALSE,1.63929722338642,48,104,92.4755102040816,0.993641289142367
"105","2023-10-15T10:00:00Z",1.58726522713109,FALSE,FALSE,1.62130549657081,30,109,92.8804081632653,1.02144586100537
"105","2023-10-15T11:00:00Z",1.51948646048006,FALSE,FALSE,1.55876769210564,36,105,93.1848979591837,1.02585164965087
"105","2023-10-15T12:00:00Z",1.51196272361829,FALSE,FALSE,1.53794212024601,42,101,93.0830612244898,1.01718256424044
"105","2023-10-15T13:00:00Z",1.85976047649467,FALSE,FALSE,1.66518721076959,96,97,91.3081632653061,0.895377244443964
"105","2023-10-15T14:00:00Z",1.3520709877429,FALSE,FALSE,1.25576173437168,84,75,85.4091666666667,0.9287690851706
"105","2023-10-15T15:00:00Z",1.08433530269245,FALSE,FALSE,1.10937763091348,36,77,80.5942857142857,1.02309463517313
"105","2023-10-15T16:00:00Z",1.1735804557747,FALSE,FALSE,1.15330793503389,54,74,73.3185714285714,0.982725921651928
"105","2023-10-15T17:00:00Z",1.16014134908694,FALSE,FALSE,1.07653620206789,84,68,72.285306122449,0.927935378663258
"105","2023-10-15T18:00:00Z",1.20997282896389,FALSE,FALSE,1.2189552313641,48,78,65.1673469387755,1.00742363975884
"105","2023-10-15T19:00:00Z",1.19489054871295,FALSE,FALSE,1.12559648162929,60,72,67.5110204081633,0.942008021439039
"105","2023-10-15T20:00:00Z",1.37263953889942,FALSE,FALSE,1.21403664832494,102,70,67.1844897959184,0.884454085665019
"105","2023-10-15T21:00:00Z",1.56273192760916,FALSE,FALSE,1.45468602679408,78,90,69.5052083333333,0.930860886050759
"105","2023-10-15T22:00:00Z",1.50949175487377,FALSE,FALSE,1.59170901790288,42,106,74.605,1.05446685135155
"105","2023-10-15T23:00:00Z",1.48314174773793,FALSE,FALSE,1.53112181466159,42,100,79.1827083333333,1.03235029085847
"105","2023-10-16T00:00:00Z",1.43200421430503,FALSE,FALSE,1.47916059091493,30,100,84.4610416666667,1.03293033368117
"105","2023-10-16T01:00:00Z",1.36814944695169,FALSE,FALSE,1.44758666229636,24,102,87.2595833333333,1.05806179691967
"105","2023-10-16T02:00:00Z",1.44374555311846,FALSE,FALSE,1.45849781139256,42,97,88.975,1.0102180458615
"105","2023-10-16T03:00:00Z",1.50351600941681,FALSE,FALSE,1.41698026730393,66,88,89.9771428571429,0.942444415908517
"105","2023-10-16T04:00:00Z",1.4898882497277,FALSE,FALSE,1.39699327212302,78,84,89.5758333333333,0.93764970116272
"105","2023-10-16T05:00:00Z",1.36247278559902,FALSE,FALSE,1.37508387243389,54,84,96.9834782608696,1.00925602842725
"105","2023-10-16T06:00:00Z",1.36648932597149,FALSE,FALSE,1.30600049252391,78,76,98.044693877551,0.955734133960702
"105","2023-10-16T07:00:00Z",1.35219976463422,FALSE,FALSE,1.32361593360212,78,76,98.3139130434783,0.978861236497976
"105","2023-10-16T08:00:00Z",1.3519220535374,FALSE,FALSE,1.29409357947215,78,75,98.42,0.95722499391593
"105","2023-10-16T09:00:00Z",1.43412106918939,FALSE,FALSE,1.46158586423241,54,89,98.4122448979592,1.01915095986878
"105","2023-10-16T10:00:00Z",1.3818024924046,FALSE,FALSE,1.33276752708754,78,75,98.5218367346939,0.964513766919229
"105","2023-10-16T11:00:00Z",1.2425377236561,FALSE,FALSE,1.07101589912015,114,58,98.7289130434783,0.861958457058948
"105","2023-10-16T12:00:00Z",1.44303057239981,FALSE,FALSE,1.40661810222327,66,84,98.4139583333333,0.974766667544687
"105","2023-10-16T13:00:00Z",1.64833592372036,FALSE,FALSE,1.4845676545185,90,87,97.31625,0.900646302222048
"105","2023-10-16T14:00:00Z",1.48268953280339,FALSE,FALSE,1.29069779534453,96,82,96.0344897959184,0.870511166895573
"105","2023-10-16T15:00:00Z",1.2112272519786,FALSE,FALSE,1.09136567013754,90,65,88.8863265306123,0.901041211180429
"105","2023-10-16T16:00:00Z",1.15110312176072,FALSE,FALSE,1.0921630080416,72,67,81.325306122449,0.948796843128209
"105","2023-10-16T17:00:00Z",1.31963676508937,FALSE,FALSE,1.34033013320673,42,90,74.1177083333333,1.01568110912396
"105","2023-10-16T18:00:00Z",1.47862313059946,FALSE,FALSE,1.41870173422029,54,95,86.9881632653061,0.959474868788999
"105","2023-10-16T19:00:00Z",1.58735685136267,FALSE,FALSE,1.55556840910622,30,110,92.5924489795918,0.979973978611574
"105","2023-10-16T20:00:00Z",1.85876899753751,FALSE,FALSE,1.83105145589846,54,114,97.8657446808511,0.98508822684488
"105","2023-10-16T21:00:00Z",1.73299574712323,FALSE,FALSE,1.75695057800154,48,110,98.8310416666667,1.01382278688108
"105","2023-10-17T16:00:00Z",1.42207555825559,FALSE,FALSE,1.36066553017932,72,85,96.3122916666667,0.956816620804876
"105","2023-10-17T17:00:00Z",1.48541704722205,FALSE,FALSE,1.49028303519963,42,102,86.4991836734694,1.00327583959446
"105","2023-10-17T18:00:00Z",1.88303395496998,FALSE,FALSE,1.86097757621784,30,136,59.43,0.988286786494778
"105","2023-10-17T19:00:00Z",1.53170678811468,FALSE,FALSE,1.4376395413919,66,91,79.0741666666667,0.938586648924781
"105","2023-10-19T22:00:00Z",1.81664589563527,FALSE,FALSE,2.31760594881197,18,163,78.7266666666667,1.27576098037615
"105","2023-10-19T23:00:00Z",1.54566580144216,FALSE,FALSE,2.12897726780167,0,159,84.8965957446809,1.37738524447864
"105","2023-10-20T00:00:00Z",1.70230271151276,FALSE,FALSE,2.16246891512703,12,153,88.0689583333333,1.27031984411594
"105","2023-10-20T01:00:00Z",2.12872958763484,FALSE,FALSE,2.30155840911196,48,138,90.0408333333333,1.08118871578665
"105","2023-10-20T02:00:00Z",2.12727351501973,FALSE,FALSE,2.24019262702401,48,140,92.2379591836735,1.0530816141916
"105","2023-10-20T03:00:00Z",2.18025964410238,FALSE,FALSE,2.19561587963634,60,133,92.946875,1.00704330586291
"105","2023-10-20T04:00:00Z",2.1162117712959,FALSE,FALSE,2.23388393632421,54,133,92.9258333333333,1.05560509899076
"105","2023-10-20T05:00:00Z",2.21163683788788,FALSE,FALSE,2.3454382228788,42,141,92.4030612244898,1.06049880464041
"105","2023-10-20T06:00:00Z",2.1355984897825,FALSE,FALSE,2.1683126101629,60,127,93.2352173913043,1.01531847888867
"105","2023-10-20T07:00:00Z",2.31744908436566,FALSE,FALSE,2.4016668374051,36,151,93.014375,1.0363407134196
"105","2023-10-20T08:00:00Z",2.24459194325407,FALSE,FALSE,2.3032217789635,48,143,93.1722448979592,1.02612048746127
"105","2023-10-20T09:00:00Z",2.0261739514979,FALSE,FALSE,2.19823869816976,36,139,92.8320408163265,1.08492101408404
"105","2023-10-20T10:00:00Z",1.8285358310689,FALSE,FALSE,1.9996417220722,24,135,94.478125,1.09357535580983
"105","2023-10-20T11:00:00Z",1.84680557202291,FALSE,FALSE,1.93328421694918,30,129,94.931875,1.0468260688815
"105","2023-10-20T12:00:00Z",2.11988900430789,FALSE,FALSE,2.19717489876028,54,134,94.133125,1.03645751937735
"105","2023-10-20T13:00:00Z",2.46438038079905,FALSE,FALSE,2.49749652186232,60,142,92.9744897959184,1.01343791783172
"105","2023-10-20T14:00:00Z",2.12830643582135,FALSE,FALSE,2.14581814084036,54,134,92.79125,1.00822799984263
"105","2023-10-20T15:00:00Z",2.06261695240499,FALSE,FALSE,2.14950842427856,54,132,91.9482978723404,1.04212680971727
"105","2023-10-20T16:00:00Z",2.06405234184585,FALSE,FALSE,2.07581503021252,60,124,91.6826530612245,1.00569883240274
"105","2023-10-20T17:00:00Z",2.3522388497499,FALSE,FALSE,2.16130392199039,90,124,89.8844680851064,0.918828426892188
"105","2023-10-20T18:00:00Z",2.30008174419241,FALSE,FALSE,2.15026990625415,72,134,86.4675510204082,0.934866733186102
"105","2023-10-20T19:00:00Z",2.28531504976783,FALSE,FALSE,2.20977340263336,66,137,85.6685416666667,0.966944755760417
"105","2023-10-20T20:00:00Z",1.89440926524518,FALSE,FALSE,2.23820836667106,30,144,93.5383333333333,1.18148090158405
"105","2023-10-20T21:00:00Z",1.61169163018518,FALSE,FALSE,1.67577769944489,54,103,96.3255102040816,1.03976323265534
"105","2023-10-21T17:00:00Z",2.16065565585118,FALSE,FALSE,2.56254640084321,24,173,98.8869387755102,1.18600406959975
"105","2023-10-22T07:00:00Z",0.781746441574393,FALSE,FALSE,0.986309723824035,54,61,97.315625,1.26167472132993
"105","2023-10-22T08:00:00Z",1.26415581465475,FALSE,FALSE,1.25345408979267,66,73,96.9408510638298,0.991534489073246
"105","2023-10-22T09:00:00Z",1.61373491972276,FALSE,FALSE,1.57580069779764,72,89,95.8836734693878,0.976492903845916
"105","2023-10-22T10:00:00Z",2.35337973507704,FALSE,FALSE,2.08795916014178,102,116,94.525625,0.887217276931903
"105","2023-10-22T11:00:00Z",1.70685133878672,FALSE,FALSE,1.72308200598597,60,103,95.2708333333333,1.00950912761435
"105","2023-10-22T12:00:00Z",1.8116695256194,FALSE,FALSE,1.71875784941303,66,102,94.3389361702128,0.948714887073791
"105","2023-10-22T13:00:00Z",1.60642995454726,FALSE,FALSE,1.55826419354136,72,94,91.33375,0.970016893130288
"105","2023-10-22T14:00:00Z",1.61820348933629,FALSE,FALSE,1.62018875250237,72,96,88.9820408163265,1.0012268315939
"105","2023-10-22T15:00:00Z",1.71435854200643,FALSE,FALSE,1.66562084112565,54,104,89.0785416666667,0.971570882235793
"105","2023-10-22T16:00:00Z",1.70395069332357,FALSE,FALSE,1.62034143142191,60,99,86.6775510204082,0.950932111927149
"105","2023-10-22T17:00:00Z",1.67350289905958,FALSE,FALSE,1.57182921309206,60,100,85.6695918367347,0.939244989641398
"105","2023-10-22T18:00:00Z",1.71529911796863,FALSE,FALSE,1.59243372370941,66,100,84.2791666666667,0.928370863733248
"105","2023-10-22T19:00:00Z",1.61464463406239,FALSE,FALSE,1.5084586053937,72,94,83.223829787234,0.934235666208775
"105","2023-10-22T20:00:00Z",1.88103455679752,FALSE,FALSE,1.73153447021702,72,106,83.6297916666667,0.920522413562125
"105","2023-10-22T21:00:00Z",1.99425099241574,FALSE,FALSE,1.85634994518764,72,113,83.9714285714286,0.930850706479502
"105","2023-10-22T22:00:00Z",1.84203022465886,FALSE,FALSE,1.85439377520333,54,112,85.6391836734694,1.00671191513525
"105","2023-10-22T23:00:00Z",1.97566353634328,FALSE,FALSE,1.87027653952244,72,111,86.3969387755102,0.946657416669288
"105","2023-10-23T00:00:00Z",1.85504390252822,FALSE,FALSE,1.75595319680047,72,103,86.6160416666667,0.946583094021278
"105","2023-10-23T01:00:00Z",1.80710951398942,FALSE,FALSE,1.83737392766192,48,114,87.4234693877551,1.01674741538253
"105","2023-10-23T02:00:00Z",1.81705555914828,FALSE,FALSE,1.69566527093818,78,98,88.4218367346939,0.933193958985488
"105","2023-10-23T03:00:00Z",1.783862352035,FALSE,FALSE,1.68166078176316,72,99,87.5877551020408,0.942707703789336
"105","2023-10-23T04:00:00Z",1.73610271082014,FALSE,FALSE,1.67136304997219,60,99,87.0291836734694,0.962709774920307
"105","2023-10-23T05:00:00Z",1.71092531028406,FALSE,FALSE,1.62311975792299,66,97,86.4589795918367,0.948679494170034
"105","2023-10-23T06:00:00Z",1.68493088825429,FALSE,FALSE,1.60955033688224,66,94,88.8134693877551,0.955261932760844
"105","2023-10-23T07:00:00Z",1.72146110697426,FALSE,FALSE,1.65886905428569,66,97,90.16125,0.963640158679748
"105","2023-10-23T08:00:00Z",1.64213476250756,FALSE,FALSE,1.68460540458232,60,97,91.28625,1.02586306741957
"105","2023-10-23T09:00:00Z",1.55780959315789,FALSE,FALSE,1.56503511867502,60,95,92.8227586206897,1.00463825973911
"105","2023-10-23T10:00:00Z",1.49261852585942,FALSE,FALSE,1.57978661227168,42,99,94.1065957446808,1.05839944024684
"105","2023-10-23T11:00:00Z",1.4763166911484,FALSE,FALSE,1.52617174564861,60,88,95.5547916666667,1.03376989151388
"105","2023-10-23T12:00:00Z",1.50181342469216,FALSE,FALSE,1.57748857391699,48,93,96.0774468085106,1.05038918149259
"105","2023-10-23T13:00:00Z",1.62866701716113,FALSE,FALSE,1.64089928795408,60,97,94.6404081632653,1.00751060263642
"105","2023-10-23T14:00:00Z",1.76053060049389,FALSE,FALSE,1.56650041933949,96,92,89.4944897959184,0.889788805090941
"105","2023-10-23T15:00:00Z",1.5212745893143,FALSE,FALSE,1.57909243494777,48,101,80.6916666666667,1.03800618641736
"105","2023-10-23T16:00:00Z",1.30080983042029,FALSE,FALSE,1.27101339783233,48,81,73.570612244898,0.977093936491592
"105","2023-10-23T17:00:00Z",1.32374864742197,FALSE,FALSE,1.21623755060628,72,78,75.1173913043478,0.918782846709557
"105","2023-10-23T18:00:00Z",1.5629508537434,FALSE,FALSE,1.53283042041565,66,95,71.8135416666667,0.980728483396899
"105","2023-10-23T19:00:00Z",1.76635719360372,FALSE,FALSE,1.70790627246294,42,113,74.9878723404255,0.966908776235947
"105","2023-10-23T20:00:00Z",2.00090843859698,FALSE,FALSE,1.81948029116712,78,109,75.4195833333333,0.909327111660806
"105","2023-10-23T21:00:00Z",2.72342361166663,FALSE,FALSE,2.25786782190232,84,307,78.1372916666667,0.829054948422291
"105","2023-10-23T22:00:00Z",1.88063209993683,FALSE,FALSE,2.01142405922905,24,134,79.361875,1.06954680785073
"105","2023-10-23T23:00:00Z",1.84513212978917,FALSE,FALSE,2.00734650062025,24,132,84.6022448979592,1.08791477217928
"105","2023-10-24T00:00:00Z",1.88714304104917,FALSE,FALSE,2.02437053414896,24,136,84.4561224489796,1.07271705965834
"105","2023-10-24T01:00:00Z",1.81070284155345,FALSE,FALSE,2.02959612313429,24,135,86.4879166666667,1.12088857241371
"105","2023-10-24T02:00:00Z",1.59414525696693,FALSE,FALSE,1.75696514194362,6,125,90.3244680851064,1.10213616624026
"105","2023-10-24T03:00:00Z",1.2897577953159,FALSE,FALSE,1.49756220019566,0,123,92.3,1.16111893693099
"105","2023-10-24T04:00:00Z",1.5171859071268,FALSE,FALSE,1.74860605652975,6,125,93.569375,1.15253249342476
"105","2023-10-24T05:00:00Z",1.37484748843379,FALSE,FALSE,1.53318089570203,12,105,94.1959183673469,1.11516434266364
"105","2023-10-24T06:00:00Z",1.32917858142075,FALSE,FALSE,1.52464276008742,18,102,94.5710416666667,1.14705637105417
"105","2023-10-24T07:00:00Z",1.24150245259155,FALSE,FALSE,1.37783582191889,54,84,95.4894871794872,1.10981320982714
"105","2023-10-24T09:00:00Z",1.20648989054602,FALSE,FALSE,1.35536349348232,12,92,96.02625,1.12339399119949
"105","2023-10-24T10:00:00Z",1.22297459179488,FALSE,FALSE,1.409168701713,18,94,96.355625,1.15224691597628
"105","2023-10-24T11:00:00Z",1.32701929437151,FALSE,FALSE,1.45552162443117,36,91,96.9835416666667,1.09683531400387
"105","2023-10-24T12:00:00Z",1.37160074176579,FALSE,FALSE,1.52951438399067,30,96,96.7806382978723,1.11513091048754
"105","2023-10-24T13:00:00Z",1.41409579246115,FALSE,FALSE,1.43891411294919,36,89,96.545652173913,1.01755066426217
"105","2023-10-24T14:00:00Z",1.42203971601116,FALSE,FALSE,1.25716081066453,84,78,88.1779591836735,0.884054641027102
"105","2023-10-24T15:00:00Z",1.58241714629706,FALSE,FALSE,1.52092063334694,66,94,80.3129166666667,0.961137609577837
"105","2023-10-24T16:00:00Z",1.22293722739083,FALSE,FALSE,1.1332495409936,66,72,78.4979166666667,0.926662068674955
"105","2023-10-24T17:00:00Z",1.22629154000149,FALSE,FALSE,1.15321940846372,72,73,70.9032653061224,0.94041210498958
"105","2023-10-24T18:00:00Z",1.62766691630065,FALSE,FALSE,1.52517056230538,66,96,73.5022916666667,0.937028667862699
"105","2023-10-24T19:00:00Z",1.91706682691775,FALSE,FALSE,1.91462657764331,54,118,72.655,0.998727092222259
"105","2023-10-24T20:00:00Z",1.85177443955976,FALSE,FALSE,1.90620643387527,42,122,72.8329166666667,1.02939450569825
"105","2023-10-24T21:00:00Z",1.77082215860133,FALSE,FALSE,1.96766658541468,24,131,80.9302127659574,1.11115990719747
"105","2023-10-24T22:00:00Z",1.80252499067415,FALSE,FALSE,2.01654760576626,18,137,84.9416326530612,1.11873489477229
"105","2023-10-24T23:00:00Z",1.64483511774067,FALSE,FALSE,1.90620669044772,12,129,87.8653191489362,1.15890442141463
"105","2023-10-25T00:00:00Z",1.70612680477303,FALSE,FALSE,1.79832279884617,30,117,90.6163265306122,1.0540381839235
"105","2023-10-25T01:00:00Z",1.80400905219299,FALSE,FALSE,1.94375010977278,36,121,91.5095833333333,1.07746139489152
"105","2023-10-25T02:00:00Z",1.82106142284092,FALSE,FALSE,1.9894201312699,42,119,92.1244680851064,1.092450867564
"105","2023-10-25T03:00:00Z",1.98465636994913,FALSE,FALSE,2.06222298569905,60,117,93.5120408163265,1.03908314654587
"105","2023-10-25T04:00:00Z",1.76972545352137,FALSE,FALSE,1.96396032149293,42,118,94.2866666666667,1.10975423763334
"105","2023-10-25T05:00:00Z",1.72325327849581,FALSE,FALSE,1.93603080404768,30,122,94.7820833333333,1.1234743193047
"105","2023-10-25T06:00:00Z",1.67612545664293,FALSE,FALSE,1.88033485375656,18,121,95.0236170212766,1.12183419582603
"105","2023-10-25T07:00:00Z",1.7284554411037,FALSE,FALSE,1.89921955481741,48,112,95.8895918367347,1.09879578590968
"105","2023-10-25T08:00:00Z",1.69421827173167,FALSE,FALSE,1.86541980380171,54,105,96.01,1.1010504578581
"105","2023-10-25T10:00:00Z",1.46966817701245,FALSE,FALSE,1.69583867060779,30,106,96.7122448979592,1.15389221671459
"105","2023-10-25T11:00:00Z",1.32853649001831,FALSE,FALSE,1.51807144725521,30,96,97.2417391304348,1.14266447226774
"105","2023-10-25T12:00:00Z",1.532519475472,FALSE,FALSE,1.61071279131764,60,91,97.3181632653061,1.05102272244962
"105","2023-10-25T13:00:00Z",1.9670966300779,FALSE,FALSE,1.916977718379,48,120,95.5561224489796,0.974521377886294
"105","2023-10-25T14:00:00Z",1.88829542237979,FALSE,FALSE,1.80688104729874,60,113,90.7521276595745,0.95688472570757
"105","2023-10-25T15:00:00Z",1.65421846717451,FALSE,FALSE,1.71456932323879,48,109,77.3285416666667,1.03648300225263
"105","2023-10-25T16:00:00Z",1.55317222256301,FALSE,FALSE,1.67041159974678,42,109,67.49125,1.07548382303046
"105","2023-10-25T17:00:00Z",1.58678366461367,FALSE,FALSE,1.50575866811857,66,95,60.958,0.948937590988611
"105","2023-10-25T18:00:00Z",1.9481064938863,FALSE,FALSE,1.87219603312791,60,122,62.8179166666667,0.96103372120743
"105","2023-10-25T19:00:00Z",2.1543416170078,FALSE,FALSE,2.12094286519396,54,138,67.8841666666667,0.984497002912554
"105","2023-10-25T20:00:00Z",2.68456641513359,FALSE,FALSE,2.5995769229308,54,161,71.83,0.968341445484945
"105","2023-10-25T21:00:00Z",1.99302039595094,FALSE,FALSE,2.39251613268359,6,175,75.7836734693878,1.20044739007402
"105","2023-10-25T22:00:00Z",2.65709024974456,FALSE,FALSE,2.68747692514776,54,163,80.0551063829787,1.01143607199873
"105","2023-10-25T23:00:00Z",2.37597639338138,FALSE,FALSE,2.53705809138839,48,151,81.7304081632653,1.06779600102751
"105","2023-10-26T00:00:00Z",2.86448985383919,FALSE,FALSE,2.61408800193393,60,162,81.9459574468085,0.912584137252344
"105","2023-10-26T01:00:00Z",2.79479803301357,FALSE,FALSE,2.77951083274187,72,154,82.558125,0.994530123432492
"105","2023-10-26T02:00:00Z",2.54026523976274,FALSE,FALSE,2.63991422693558,48,158,81.8855102040816,1.03922778834786
"105","2023-10-26T03:00:00Z",2.69175535440472,FALSE,FALSE,2.64391820140938,66,149,83.2252173913043,0.982228268658572
"105","2023-10-26T04:00:00Z",1.88552511695317,FALSE,FALSE,2.37206788231154,18,156,86.3057142857143,1.25804098867936
"105","2023-10-26T05:00:00Z",1.84195512882448,FALSE,FALSE,2.19412523754159,24,147,88.1027083333333,1.19119364158554
"105","2023-10-26T06:00:00Z",2.07536422507413,FALSE,FALSE,2.51485256627084,54,161,88.7395918367347,1.2117644391702
"105","2023-10-26T07:00:00Z",2.28213279245514,FALSE,FALSE,2.30421002962822,30,151,88.7702127659575,1.00967394940648
"105","2023-10-26T09:00:00Z",2.56983980510393,FALSE,FALSE,2.52184272777897,60,158,87.6766666666667,0.981322930234937
"105","2023-10-26T10:00:00Z",2.03514757364183,FALSE,FALSE,2.4166657920558,24,157,87.7821621621622,1.18746464549068
"105","2023-10-26T11:00:00Z",2.45782524824024,FALSE,FALSE,2.51986200131108,60,141,87.0220408163265,1.02524050605927
"105","2023-10-26T12:00:00Z",2.51041385220532,FALSE,FALSE,2.46290912325253,66,148,87.5789583333333,0.981076933227141
"105","2023-10-26T13:00:00Z",2.23004219444199,FALSE,FALSE,2.11689106876977,66,128,86.2904081632653,0.949260544955503
"105","2023-10-26T14:00:00Z",2.28649394063391,FALSE,FALSE,2.23960951406296,72,130,83.793125,0.979495057591121
"105","2023-10-26T15:00:00Z",1.85125769029471,FALSE,FALSE,1.92807927406831,30,135,66.2565306122449,1.04149696942589
"105","2023-10-26T16:00:00Z",1.8700287618448,FALSE,FALSE,1.85359057386097,60,116,60.8355102040816,0.991209660343614
"105","2023-10-26T17:00:00Z",2.08252734419716,FALSE,FALSE,2.0323382308448,54,137,63.5418367346939,0.975899901870579
"105","2023-10-26T18:00:00Z",2.39157280836141,FALSE,FALSE,2.25920616544139,54,153,59.2273469387755,0.94465289015779
"105","2023-10-26T19:00:00Z",2.30993032214649,FALSE,FALSE,2.05414831292117,18,158,65.0648979591837,0.889268517421066
"105","2023-10-26T20:00:00Z",2.9068493716651,FALSE,FALSE,2.81570586990246,60,175,70.8393617021277,0.96864526154982
"105","2023-10-26T21:00:00Z",2.49410238408365,FALSE,FALSE,2.78653097782401,36,186,74.94,1.11724803103774
"105","2023-10-26T22:00:00Z",2.72889752714518,FALSE,FALSE,3.15260815682718,36,204,77.2828571428571,1.15526806172354
"105","2023-10-26T23:00:00Z",2.69482605628535,FALSE,FALSE,3.04702204432816,36,196,80.3471428571429,1.13069340309418
"105","2023-10-27T00:00:00Z",2.54573748261122,FALSE,FALSE,2.89848797904568,12,203,82.3908333333333,1.1385651501162
"105","2023-10-27T01:00:00Z",2.12937571792002,FALSE,FALSE,2.60998751499779,0,196,81.920625,1.2257054934144
"105","2023-10-27T02:00:00Z",2.35961544446495,FALSE,FALSE,2.52040407926917,0,191,83.799375,1.06814188099226
"105","2023-10-27T03:00:00Z",2.79553638937882,FALSE,FALSE,2.84765967329796,54,170,82.7715217391304,1.0186451816965
"105","2023-10-27T04:00:00Z",2.81599715549684,FALSE,FALSE,2.72789576195599,54,174,84.1920408163265,0.968713962168294
"105","2023-10-27T05:00:00Z",2.57634577091178,FALSE,FALSE,2.61031686975974,54,156,84.79375,1.01318576847546
"105","2023-10-27T06:00:00Z",2.83334848340324,FALSE,FALSE,2.92603828797288,36,228,85.7928571428571,1.03271387374782
"105","2023-10-27T07:00:00Z",2.42249927211779,FALSE,FALSE,2.62015355141862,30,171,87.1077083333333,1.08159105828256
"105","2023-10-27T10:00:00Z",2.35725570617131,FALSE,FALSE,2.50300514332612,42,157,88.6951020408163,1.06183013441148
"105","2023-10-27T11:00:00Z",2.0961503980417,FALSE,FALSE,2.44467575748493,18,166,89.8104166666667,1.16626925232504
"105","2023-10-27T12:00:00Z",2.49656151120471,FALSE,FALSE,2.59274872492517,54,158,90.5979591836735,1.03852787655692
"105","2023-10-27T13:00:00Z",2.33057408657804,FALSE,FALSE,2.57566858256346,36,163,89.2130612244898,1.10516485933528
"105","2023-10-27T14:00:00Z",2.33133632420858,FALSE,FALSE,2.12301390321242,84,130,85.5346808510638,0.910642484813133
"105","2023-10-27T15:00:00Z",1.70446216622267,FALSE,FALSE,1.85419536008315,30,124,68.9672916666667,1.08784776619144
"105","2023-10-27T16:00:00Z",1.90813275037128,FALSE,FALSE,1.72182218141126,72,105,59.4212244897959,0.902359744664639
"105","2023-10-27T17:00:00Z",2.02163096250588,FALSE,FALSE,2.03172213389919,42,140,57.6222916666667,1.00499159914963
"105","2023-10-27T18:00:00Z",2.39608253451519,FALSE,FALSE,2.41153250923409,48,158,49.2910416666667,1.00644801441367
"105","2023-10-27T19:00:00Z",2.74218575088572,FALSE,FALSE,2.63085916087667,48,178,60.9060416666667,0.959402243275063
"105","2023-10-27T20:00:00Z",2.40814756508782,FALSE,FALSE,2.34475943888444,42,168,65.5291489361702,0.973677640389504
"105","2023-10-27T21:00:00Z",2.46432425278181,FALSE,FALSE,2.71412089715694,30,178,71.3769387755102,1.10136516900856
"105","2023-10-27T22:00:00Z",2.05435686540149,FALSE,FALSE,2.60819780887328,6,200,75.0210204081633,1.2695933470953
"105","2023-10-27T23:00:00Z",2.27030661653765,FALSE,FALSE,2.78495167254941,30,180,78.7885416666667,1.22668526456423
"105","2023-10-28T00:00:00Z",2.52721178318982,FALSE,FALSE,2.75772398974264,42,173,81.4816666666667,1.09121206544149
"105","2023-10-28T02:00:00Z",2.18630602583497,FALSE,FALSE,2.60275106971697,30,173,84.4085714285714,1.19047884374876
"105","2023-10-28T03:00:00Z",2.23607560256858,FALSE,FALSE,2.74816328611331,24,178,85.039375,1.22901179323118
"105","2023-10-28T04:00:00Z",2.30812482582634,FALSE,FALSE,2.42773710596385,48,150,87.7775,1.05182227529427
"105","2023-10-28T05:00:00Z",2.00922392846538,FALSE,FALSE,2.41250345068305,0,183,88.3634693877551,1.20071407497406
"105","2023-10-28T07:00:00Z",1.88660947546998,FALSE,FALSE,2.33196996181175,12,168,90.2375510204082,1.23606395077117
"105","2023-10-28T08:00:00Z",1.95402824960851,FALSE,FALSE,2.4110972804588,24,159,92.0272916666667,1.23391116834768
"105","2023-10-28T09:00:00Z",1.78932147608656,FALSE,FALSE,2.23085689693974,0,166,92.705,1.24676137114213
"105","2023-10-28T10:00:00Z",2.02540526338178,FALSE,FALSE,2.4460333181552,12,170,93.0681632653061,1.20767599570227
"105","2023-10-28T11:00:00Z",1.83777294681191,FALSE,FALSE,2.31387541332558,18,158,93.6377551020408,1.25906490099312
"105","2023-10-28T12:00:00Z",2.16429655015588,FALSE,FALSE,2.30918543808383,24,152,94.2412244897959,1.06694502558696
"105","2023-10-28T13:00:00Z",2.24008061081597,FALSE,FALSE,2.15632289440757,60,133,94.0887755102041,0.962609507888251
"105","2023-10-28T14:00:00Z",2.29643716395968,FALSE,FALSE,2.20434712472107,66,134,87.9045833333333,0.959898733270884
"105","2023-10-28T15:00:00Z",1.61889023312812,FALSE,FALSE,1.74585748094896,12,138,72.5232653061225,1.07842857114253
"105","2023-10-28T16:00:00Z",1.84549772355334,FALSE,FALSE,1.78644111582148,72,111,67.8040425531915,0.96799963122244
"105","2023-10-28T17:00:00Z",1.87970417846613,FALSE,FALSE,1.95245695657062,36,132,59.9676595744681,1.03870437643218
"105","2023-10-28T18:00:00Z",1.7708321503688,FALSE,FALSE,1.85748117878115,42,128,64.5591666666667,1.04893124873202
"105","2023-10-28T19:00:00Z",2.57622129035638,FALSE,FALSE,2.36233068971398,78,149,67.90125,0.916975066760349
"105","2023-10-28T20:00:00Z",2.68994411069634,FALSE,FALSE,2.80487647937993,36,190,72.9589583333333,1.04272667533373
"105","2023-10-28T21:00:00Z",2.36309458682221,FALSE,FALSE,2.55849524052627,54,160,73.7365306122449,1.08268846062858
"105","2023-10-28T22:00:00Z",2.05025423867068,FALSE,FALSE,2.38604464424564,36,156,72.9732653061224,1.16377988604607
"105","2023-10-28T23:00:00Z",2.21080923349539,FALSE,FALSE,2.51359270530504,36,157,71.2914583333333,1.13695594681905
"105","2023-10-29T00:00:00Z",1.9022196490793,FALSE,FALSE,2.29972757983937,30,151,73.73,1.20897057337857
"105","2023-10-29T01:00:00Z",2.26603507830323,FALSE,FALSE,2.45542521560709,54,142,75.5612244897959,1.08357776060804
"105","2023-10-29T02:00:00Z",2.00782973767439,FALSE,FALSE,2.36648230249179,42,146,77.2891836734694,1.1786269812065
"105","2023-10-29T03:00:00Z",1.91212717481121,FALSE,FALSE,2.09905734740554,18,143,80.5258333333333,1.09776032423826
"105","2023-10-29T04:00:00Z",2.06468937386732,FALSE,FALSE,2.11739447931952,54,129,79.3521276595745,1.02552689335223
"105","2023-10-29T05:00:00Z",1.86672789812736,FALSE,FALSE,2.03095089357727,36,128,81.2039583333333,1.08797371894139
"105","2023-10-29T06:00:00Z",1.91354269907163,FALSE,FALSE,2.06457747181339,42,127,84.9471428571429,1.0789293977161
"105","2023-10-29T08:00:00Z",1.96575609846951,FALSE,FALSE,2.11290805311336,42,128,82.6112765957447,1.07485768695232
"105","2023-10-29T09:00:00Z",1.78279796125148,FALSE,FALSE,1.86142877526149,42,138,82.9895833333333,1.04410528602737
"105","2023-10-29T10:00:00Z",1.97935144264421,FALSE,FALSE,2.03693607038315,30,139,82.6464583333333,1.02909267475108
"105","2023-10-29T11:00:00Z",1.89103077694323,FALSE,FALSE,2.01350233793735,48,124,82.9865957446809,1.06476444618849
"105","2023-10-29T12:00:00Z",1.81813574444746,FALSE,FALSE,1.902110219326,36,124,82.100652173913,1.04618713159069
"105","2023-10-29T13:00:00Z",1.85305056467381,FALSE,FALSE,1.85690917277914,54,116,76.7553191489362,1.00208230049352
"105","2023-10-29T14:00:00Z",1.79365140861324,FALSE,FALSE,1.86589589651173,24,125,81.786170212766,1.0402778865233
"105","2023-10-29T15:00:00Z",1.54631700537641,FALSE,FALSE,1.70506404958141,6,125,89.0878260869565,1.10266138421362
"105","2023-10-29T16:00:00Z",1.56970057026816,FALSE,FALSE,1.65024954153072,36,105,93.8427083333333,1.05131486398632
"105","2023-10-29T17:00:00Z",1.48272279887758,FALSE,FALSE,1.64623191454041,12,161,93.419387755102,1.11027625378567
"105","2023-10-29T18:00:00Z",1.50126924721946,FALSE,FALSE,1.69377192764608,24,113,94.0228260869565,1.12822661943096
"105","2023-10-29T19:00:00Z",1.7696251461078,FALSE,FALSE,1.86820457947736,30,122,94.4597916666667,1.05570639272751
"105","2023-10-29T20:00:00Z",1.62589477463829,FALSE,FALSE,1.70896824373235,54,101,95.2210638297872,1.05109400090946
"105","2023-10-29T22:00:00Z",1.51332093861076,FALSE,FALSE,1.60738895717639,54,98,96.3791666666667,1.06215999274548
"105","2023-10-29T23:00:00Z",1.348425456033,FALSE,FALSE,1.4054153429171,36,91,96.6251020408163,1.04226402477729
"105","2023-10-30T00:00:00Z",0.989370571759634,FALSE,FALSE,1.14612304295446,36,73,96.9283333333333,1.15843656125332
"105","2023-10-30T01:00:00Z",0.804990141610681,FALSE,FALSE,1.01922085647062,24,70,97.259387755102,1.26612837075407
"105","2023-10-30T02:00:00Z",1.01927582997741,FALSE,FALSE,1.19729812830074,42,77,97.3995918367347,1.17465566541225
"105","2023-10-30T03:00:00Z",0.793355279758753,FALSE,FALSE,1.01861711391755,30,65,97.6046808510638,1.28393563376461
"105","2023-10-30T04:00:00Z",0.585792659766205,FALSE,FALSE,0.960207286304933,24,64,97.799375,1.63915895888515
"105","2023-10-30T11:00:00Z",1.407766836094,FALSE,FALSE,1.85417497389062,72,98,98.7045833333333,1.31710374640962
"105","2023-10-30T15:00:00Z",0.640376017993232,FALSE,FALSE,0.972051010228771,18,67,98.9955102040816,1.51793787230652
"105","2023-10-30T16:00:00Z",0.899429951429818,FALSE,FALSE,1.09869276783146,42,67,98.6554166666667,1.22154345214418
"105","2023-10-30T18:00:00Z",1.07108292104737,FALSE,FALSE,1.17325677018372,48,73,98.3881632653061,1.09539303365647
"105","2023-10-30T19:00:00Z",1.17032284589759,FALSE,FALSE,1.28797332838539,54,79,98.3727083333333,1.10052822851421
"105","2023-10-30T20:00:00Z",0.594432074831414,FALSE,FALSE,0.998473701148448,12,70,98.7191836734694,1.67971033768934
"105","2023-10-30T21:00:00Z",0.709131736049352,FALSE,FALSE,0.983584832281631,30,62,98.7687755102041,1.38702695462663
"105","2023-10-31T01:00:00Z",1.38543013348455,FALSE,FALSE,1.51030517268074,48,92,98.8885714285714,1.09013449049366
"105","2023-10-31T02:00:00Z",1.39085410386565,FALSE,FALSE,1.53467256911411,42,94,97.785306122449,1.10340298443147
"105","2023-10-31T03:00:00Z",1.45891288706439,FALSE,FALSE,1.44941521515063,78,81,97.9285416666667,0.993489897856152
"105","2023-10-31T04:00:00Z",1.38421069780282,FALSE,FALSE,1.26426448060132,18,96,97.7636734693878,0.913346850019374
"105","2023-10-31T05:00:00Z",1.22007279248027,FALSE,FALSE,1.13565437346636,96,61,98.1281632653061,0.930808702944443
"105","2023-10-31T08:00:00Z",1.52960846582372,FALSE,FALSE,1.57889228938031,54,120,95.0720512820513,1.03221989460554
"105","2023-10-31T09:00:00Z",1.29843975721332,FALSE,FALSE,1.47416522295564,0,112,96.1979166666667,1.13533586349779
"105","2023-10-31T10:00:00Z",0.861598068723219,FALSE,FALSE,0.755688284738762,150,44,96.9352083333333,0.877077505360009
"105","2023-10-31T12:00:00Z",0.503834137008573,FALSE,FALSE,0.535379698704096,0,177,96.9802040816326,1.06261100504785
"105","2023-10-31T14:00:00Z",0.866720411827993,FALSE,FALSE,0.732237145698855,0,278,97.904693877551,0.844836622867229
"105","2023-10-31T19:00:00Z",1.50868733375267,FALSE,FALSE,1.39711906611696,54,91,85.9144827586207,0.926049443685461
"105","2023-10-31T20:00:00Z",1.62152668960467,FALSE,FALSE,1.5227838019718,48,98,79.0877083333333,0.939104987746493
"105","2023-10-31T21:00:00Z",1.6714454215641,FALSE,FALSE,1.79088177343027,30,117,86.3286956521739,1.07145692603854
"105","2023-10-31T22:00:00Z",1.62819371723247,FALSE,FALSE,1.7479827153965,18,118,88.263125,1.07357171133643
"105","2023-10-31T23:00:00Z",1.42350364028966,FALSE,FALSE,1.61583485375172,12,114,90.1702127659574,1.13511114971432
"105","2023-11-01T00:00:00Z",1.52539735215053,FALSE,FALSE,1.6636106910243,18,111,89.7147916666667,1.09060808888839
"105","2023-11-01T01:00:00Z",1.57115107992027,FALSE,FALSE,1.65528237658377,30,107,90.2847916666667,1.05354755359859
"105","2023-11-01T02:00:00Z",1.65154870214534,FALSE,FALSE,1.77210138463508,36,108,89.6982222222222,1.07299371936966
"105","2023-11-01T04:00:00Z",0.953742278758331,FALSE,FALSE,0.941875985444527,84,50,95.1610416666667,0.98755817627247
"106","2023-10-03T23:00:00Z",3.38227655806067,FALSE,FALSE,3.88128039185767,18,293,88.9918367346939,1.14753490000922
"106","2023-10-04T00:00:00Z",1.70552373556829,FALSE,FALSE,2.71739504466527,0,263,91.6832653061225,1.59329066373844
"106","2023-10-04T01:00:00Z",1.59593249701591,FALSE,FALSE,2.14141309337807,18,142,93.5751020408163,1.34179427850621
"106","2023-10-04T02:00:00Z",3.54349243244111,FALSE,FALSE,3.46899333117901,72,205,94.823125,0.978975797837171
"106","2023-10-04T03:00:00Z",3.19502297396742,FALSE,FALSE,2.95776763637864,84,172,95.6157142857143,0.925742212334026
"106","2023-10-04T04:00:00Z",3.21604214585319,FALSE,FALSE,3.56424510562083,54,208,95.7118367346939,1.10827064571172
"106","2023-10-04T08:00:00Z",3.29785397859418,FALSE,FALSE,3.61751787150351,18,261,94.0639583333333,1.09693088141083
"106","2023-10-04T11:00:00Z",2.39911709617004,FALSE,FALSE,2.92849715394335,0,233,96.5414583333333,1.22065619832329
"106","2023-10-04T13:00:00Z",3.40979506732462,FALSE,FALSE,3.12239740115283,96,176,95.3736170212766,0.915714094103232
"106","2023-10-04T15:00:00Z",0.950730589763986,FALSE,FALSE,1.49130114690742,0,119,77.74,1.56858437391567
"106","2023-10-04T16:00:00Z",1.17125038092467,FALSE,FALSE,1.33184825504556,0,126,53.0114285714286,1.13711660353451
"106","2023-10-04T17:00:00Z",2.43485605288104,FALSE,FALSE,2.70721520755825,36,162,62.3037931034483,1.11185842150912
"106","2023-10-04T18:00:00Z",2.10949046474575,FALSE,FALSE,2.56613905745729,6,197,64.605306122449,1.21647340926311
"106","2023-10-04T19:00:00Z",2.14943403260602,FALSE,FALSE,2.45011367165943,42,162,59.02,1.13988781906876
"106","2023-10-04T20:00:00Z",2.33247310465159,FALSE,FALSE,2.84700995806619,0,218,73.3520833333333,1.22059712173678
"106","2023-10-04T21:00:00Z",3.89069404844201,FALSE,FALSE,4.3142035684743,24,296,80.1952083333333,1.10885192070085
"106","2023-10-04T22:00:00Z",4.16510399524432,FALSE,FALSE,4.98698184654901,12,367,83.989347826087,1.19732468918978
"106","2023-10-04T23:00:00Z",3.63329922381502,FALSE,FALSE,4.32935709075321,12,320,88.0323404255319,1.19157735822466
"106","2023-10-05T00:00:00Z",3.46828560520278,FALSE,FALSE,4.10511450216314,0,334,90.8254166666667,1.18361489492245
"106","2023-10-05T01:00:00Z",3.58176803834138,FALSE,FALSE,3.78168505221428,0,312,92.2514583333333,1.05581517611773
"106","2023-10-05T02:00:00Z",3.42066916580061,FALSE,FALSE,4.06717503619249,30,268,93.3257142857143,1.18899982402729
"106","2023-10-05T03:00:00Z",3.75111169991753,FALSE,FALSE,4.10175777175155,42,261,94.21125,1.09347790732058
"106","2023-10-05T04:00:00Z",3.29637136571524,FALSE,FALSE,3.72305254561879,54,223,95.4966666666667,1.12943965729752
"106","2023-10-05T05:00:00Z",4.11851647904058,FALSE,FALSE,4.05591935880379,36,264,95.8138775510204,0.984801051408838
"106","2023-10-05T06:00:00Z",2.81572366454717,FALSE,FALSE,3.39230744338742,18,243,96.1820408163265,1.20477285683252
"106","2023-10-05T07:00:00Z",3.27415494489738,FALSE,FALSE,3.6434272829149,42,229,96.5875510204082,1.11278401426695
"106","2023-10-05T08:00:00Z",2.94868935115208,FALSE,FALSE,3.24407495896925,48,201,96.9381632653061,1.10017522113741
"106","2023-10-05T09:00:00Z",2.39878745512608,FALSE,FALSE,3.06063934731841,60,167,97.4520408163265,1.27591101945193
"106","2023-10-05T10:00:00Z",3.25459675843788,FALSE,FALSE,3.28808829135974,60,195,97.250625,1.01029053225566
"106","2023-10-05T11:00:00Z",2.63764655257073,FALSE,FALSE,2.65167983472152,78,145,97.7669387755102,1.0053203800703
"106","2023-10-05T13:00:00Z",2.17661846163476,FALSE,FALSE,2.6457486212748,48,156,95.6363265306123,1.21553164594942
"106","2023-10-05T14:00:00Z",2.95574985945409,FALSE,FALSE,3.36059930184789,42,196,89.9720833333333,1.13697012996512
"106","2023-10-05T15:00:00Z",1.34746011991376,FALSE,FALSE,1.35744374529417,30,92,73.0971428571429,1.00740921770735
"106","2023-10-05T18:00:00Z",1.67540464908991,FALSE,FALSE,2.28889031192237,6,173,60.01,1.36617163690319
"106","2023-10-05T19:00:00Z",0.597365446641113,FALSE,FALSE,1.45290993466956,0,147,55.4147916666667,2.43219614197478
"106","2023-10-05T20:00:00Z",1.70863795626736,FALSE,FALSE,2.502155077725,18,169,64.8855102040816,1.46441501463021
"106","2023-10-05T21:00:00Z",2.15711941537807,FALSE,FALSE,2.81026054239419,6,205,71.3268085106383,1.30278394527437
"106","2023-10-05T22:00:00Z",2.12537366631254,FALSE,FALSE,2.7262624276853,6,213,77.9729166666667,1.28272146723982
"106","2023-10-05T23:00:00Z",1.2982942541069,FALSE,FALSE,2.1455305583561,12,151,82.7528260869565,1.65257648762531
"106","2023-10-06T00:00:00Z",1.27872481066993,FALSE,FALSE,2.21933509993297,6,160,83.761875,1.73558460852125
"106","2023-10-06T01:00:00Z",0.983868596575024,FALSE,FALSE,2.01256618369122,6,138,85.1263829787234,2.04556400183645
"106","2023-10-06T02:00:00Z",2.87477851312785,FALSE,FALSE,3.44321860337642,42,212,89.0420833333333,1.19773352543605
"106","2023-10-06T03:00:00Z",1.71613864486659,FALSE,FALSE,2.48752608066492,12,171,91.4872916666667,1.44949016101103
"106","2023-10-06T04:00:00Z",1.94690716290033,FALSE,FALSE,2.52316602322156,36,157,93.85125,1.2959868201742
"106","2023-10-06T05:00:00Z",1.71035391394064,FALSE,FALSE,2.18462244409729,78,114,94.7953191489362,1.2772926271522
"106","2023-10-06T06:00:00Z",3.21549256592582,FALSE,FALSE,3.1484555374898,72,166,94.3171428571429,0.97915186334237
"106","2023-10-06T07:00:00Z",2.19016195388371,FALSE,FALSE,2.89529995746291,48,161,95.260625,1.32195701433349
"106","2023-10-06T08:00:00Z",1.83829062149431,FALSE,FALSE,2.56500614636225,24,168,94.6610416666667,1.39532134710953
"106","2023-10-06T09:00:00Z",2.57650389547862,FALSE,FALSE,3.01327837880269,24,199,95.02,1.16952215135034
"106","2023-10-06T10:00:00Z",1.33643246487548,FALSE,FALSE,1.79110273781796,18,126,95.8339130434783,1.34021193355613
"106","2023-10-06T11:00:00Z",0.996610134549085,FALSE,FALSE,1.14528561947027,12,87,96.6995918367347,1.14918118907997
"106","2023-10-06T12:00:00Z",1.54410415413418,FALSE,FALSE,1.89437185049499,42,112,96.934693877551,1.22684201413681
"106","2023-10-06T13:00:00Z",1.49253121679619,FALSE,FALSE,1.71535285036283,48,105,95.4891489361702,1.14929110430597
"106","2023-10-06T14:00:00Z",1.67674385764141,FALSE,FALSE,1.6780457489155,48,100,93.4420512820513,1.00077644016297
"106","2023-10-06T15:00:00Z",0.878785517279079,FALSE,FALSE,1.68566178423364,0,128,89.2025,1.91817201249838
"106","2023-10-06T16:00:00Z",1.39212600382467,FALSE,FALSE,1.61526865250566,24,109,93.6181632653061,1.16028911755684
"106","2023-10-06T17:00:00Z",2.09306170247109,FALSE,FALSE,2.50381293217304,36,149,93.3933333333333,1.19624420494485
"106","2023-10-06T18:00:00Z",1.36844816371895,FALSE,FALSE,1.93558725615676,6,147,94.2259183673469,1.4144395874642
"106","2023-10-06T19:00:00Z",1.17834484992967,FALSE,FALSE,1.9678214148946,6,138,93.1826530612245,1.66998770776828
"106","2023-10-06T20:00:00Z",3.11449853565484,FALSE,FALSE,2.99346647441799,66,189,91.5440816326531,0.961139149737503
"106","2023-10-06T21:00:00Z",2.87530999537204,FALSE,FALSE,3.24541261566635,30,216,92.6875510204082,1.1287174672957
"106","2023-10-06T22:00:00Z",2.43700887445229,FALSE,FALSE,3.09817285906201,30,204,94.7248979591837,1.27130142673703
"106","2023-10-06T23:00:00Z",1.6361983192992,FALSE,FALSE,2.25994272698989,12,168,95.9620408163265,1.38121565114298
"106","2023-10-07T00:00:00Z",2.08293098662551,FALSE,FALSE,2.21130930334163,48,136,97.2308163265306,1.06163349507998
"106","2023-10-07T01:00:00Z",1.89567485865003,FALSE,FALSE,1.51758157795315,138,94,97.5318367346939,0.800549509336149
"106","2023-10-07T02:00:00Z",3.09124519131701,FALSE,FALSE,3.01483194677775,72,170,97.26875,0.975280755873427
"106","2023-10-07T03:00:00Z",2.05102264461738,FALSE,FALSE,2.52132881055307,12,178,97.1018367346939,1.22930325375488
"106","2023-10-07T04:00:00Z",3.62225431387368,FALSE,FALSE,3.70713719775672,84,196,97.3436170212766,1.02343371738365
"106","2023-10-07T05:00:00Z",2.27143845713802,FALSE,FALSE,2.41548951337415,60,140,97.8983673469388,1.0634184279937
"106","2023-10-07T06:00:00Z",2.47379032026564,FALSE,FALSE,2.48212500245609,78,134,98.2430612244898,1.00336919508585
"106","2023-10-07T07:00:00Z",1.8506394458942,FALSE,FALSE,2.26175195757395,36,136,98.2171428571429,1.22214619524718
"106","2023-10-07T08:00:00Z",0.848028110233564,FALSE,FALSE,1.25636640532322,42,80,98.43875,1.48151504668541
"106","2023-10-07T09:00:00Z",1.42196548317083,FALSE,FALSE,1.52486504553581,78,83,98.6940816326531,1.07236431796891
"106","2023-10-07T10:00:00Z",0.940893615085928,FALSE,FALSE,1.23785609992826,48,70,98.8077551020408,1.31561749392381
"106","2023-10-07T11:00:00Z",1.20299506285164,FALSE,FALSE,1.38105647085474,72,82,98.9173469387755,1.14801507795137
"106","2023-10-07T12:00:00Z",1.18613768121362,FALSE,FALSE,1.27326967487998,72,76,98.9630612244898,1.07345858330477
"106","2023-10-07T14:00:00Z",1.16585619007551,FALSE,FALSE,1.43529770250163,78,81,99.030612244898,1.23111041886621
"106","2023-10-07T15:00:00Z",1.21327261324204,FALSE,FALSE,1.46430711671142,66,77,98.8128571428571,1.20690692324999
"106","2023-10-07T16:00:00Z",2.54321170209886,FALSE,FALSE,3.21233426569755,54,174,97.1940816326531,1.26310140168295
"106","2023-10-07T17:00:00Z",2.50985685512359,FALSE,FALSE,2.47574606341528,42,162,94.4338775510204,0.986409268066954
"106","2023-10-07T18:00:00Z",1.16868529892873,FALSE,FALSE,1.69463413972805,0,128,91.7770833333333,1.45003461691649
"106","2023-10-07T19:00:00Z",1.30023968164567,FALSE,FALSE,2.2539627655107,18,151,87.9510416666667,1.7334979060614
"106","2023-10-07T20:00:00Z",1.35640068920866,FALSE,FALSE,2.2635253875904,6,167,91.6244897959184,1.66877339830237
"106","2023-10-07T21:00:00Z",1.81724396880147,FALSE,FALSE,2.37013534349236,24,170,96.5885416666667,1.30424719200226
"106","2023-10-07T22:00:00Z",0.887390956880213,FALSE,FALSE,1.17439587410545,36,74,98.3897959183673,1.3234255600646
"106","2023-10-08T00:00:00Z",0.903283172691288,FALSE,FALSE,0.973257906273974,84,54,98.8197959183673,1.07746710632746
"106","2023-10-08T15:00:00Z",0.548295851008899,FALSE,FALSE,0.51470988936071,36,39,86.5438775510204,0.938744818903173
"106","2023-10-08T18:00:00Z",0.631364060939899,FALSE,FALSE,0.759080467731095,0,61,79.4304081632653,1.20228646939623
"106","2023-10-08T19:00:00Z",0.552300761224147,FALSE,FALSE,0.323351269523647,0,42,71.7397916666667,0.585462291971055
"106","2023-10-08T20:00:00Z",0.755442968847122,FALSE,FALSE,0.816580959725487,48,51,80.555306122449,1.08092998862862
"106","2023-10-08T21:00:00Z",2.00498194846484,FALSE,FALSE,2.39832642241028,42,146,81.3936734693877,1.19618354880781
"106","2023-10-08T22:00:00Z",1.17971776410476,FALSE,FALSE,1.87561941777166,6,144,89.9814285714286,1.58988825534469
"106","2023-10-08T23:00:00Z",1.89610615830226,FALSE,FALSE,2.01667791427158,36,128,90.921875,1.06358913789789
"106","2023-10-09T00:00:00Z",1.43380462031998,FALSE,FALSE,1.95715121349305,18,134,92.7573469387755,1.36500551452839
"106","2023-10-09T01:00:00Z",1.47167469249447,FALSE,FALSE,1.92655593008684,12,124,93.139387755102,1.30909088802863
"106","2023-10-09T02:00:00Z",1.60656837348542,FALSE,FALSE,1.87084424839051,18,127,92.5985714285714,1.16449712272858
"106","2023-10-09T03:00:00Z",2.17361406638646,FALSE,FALSE,2.18857154035036,54,129,93.6548979591837,1.00688138441649
"106","2023-10-09T04:00:00Z",1.02785303888618,FALSE,FALSE,1.81816026580614,0,130,94.3510416666667,1.76889126851868
"106","2023-10-09T05:00:00Z",1.46183674717171,FALSE,FALSE,1.67775629210429,18,109,94.6687755102041,1.14770428048845
"106","2023-10-09T06:00:00Z",1.22291836404475,FALSE,FALSE,1.50211213982687,18,102,95.5204081632653,1.22830123742578
"106","2023-10-09T07:00:00Z",0.571194547964898,FALSE,FALSE,1.06836496816476,0,85,95.4979591836735,1.87040470181522
"106","2023-10-09T08:00:00Z",1.14277112814448,FALSE,FALSE,1.43080991151007,0,108,95.919387755102,1.25205290567087
"106","2023-10-09T09:00:00Z",1.06226759945292,FALSE,FALSE,1.51514422943193,6,115,96.380612244898,1.42633007936253
"106","2023-10-09T12:00:00Z",0.602057324501255,FALSE,FALSE,1.00077390492044,0,78,97.6622448979592,1.66225683866479
"106","2023-10-09T13:00:00Z",1.29550728236906,FALSE,FALSE,1.28106817715824,66,73,97.9084782608696,0.98885447777305
"106","2023-10-09T15:00:00Z",0.88870307695185,FALSE,FALSE,0.917315583552657,24,61,76.1183333333333,1.03219580008538
"106","2023-10-09T19:00:00Z",0.769356462496826,FALSE,FALSE,1.24798205092184,0,111,68.0734693877551,1.62211161114018
"106","2023-10-09T20:00:00Z",1.19373807568695,FALSE,FALSE,1.74951615899696,0,128,70.2777551020408,1.46557791414182
"106","2023-10-09T22:00:00Z",1.29889195624105,FALSE,FALSE,1.82402614254117,12,128,83.3155102040816,1.40429397054689
"106","2023-10-09T23:00:00Z",1.47513061334377,FALSE,FALSE,1.89622636915743,30,127,84.3535416666667,1.28546336982265
"106","2023-10-10T00:00:00Z",2.6355052788957,FALSE,FALSE,2.29282226721402,102,139,86.6791666666667,0.869974454452517
"106","2023-10-10T01:00:00Z",1.91157271194609,FALSE,FALSE,1.98046360261096,36,130,87.1370833333333,1.03603885441257
"106","2023-10-10T02:00:00Z",1.99679073104287,FALSE,FALSE,2.1427234122286,36,139,87.1108333333333,1.07308361307823
"106","2023-10-10T03:00:00Z",0.987403340592202,FALSE,FALSE,1.33147353038501,0,111,87.8404347826087,1.34845961690433
"106","2023-10-10T04:00:00Z",2.0995613071221,FALSE,FALSE,2.30247716358793,30,137,89.4626530612245,1.09664678796352
"106","2023-10-10T05:00:00Z",2.38731564996489,FALSE,FALSE,2.13542649822206,72,126,89.4330612244898,0.894488543336725
"106","2023-10-10T08:00:00Z",0.755954813393537,FALSE,FALSE,1.13290967829584,0,88,93.9626530612245,1.49864735064009
"106","2023-10-10T09:00:00Z",1.50279672253733,FALSE,FALSE,1.74458006000333,18,114,94.9423404255319,1.1608889172035
"106","2023-10-10T10:00:00Z",1.24453536907263,FALSE,FALSE,1.33259628090486,36,87,95.5336734693878,1.07075806282456
"106","2023-10-10T13:00:00Z",1.28188370061458,FALSE,FALSE,1.26110294062425,36,96,92.211914893617,0.983788888196042
"106","2023-10-10T14:00:00Z",1.41979712527157,FALSE,FALSE,1.46903886019861,24,285,82.2232653061224,1.03468223315188
"106","2023-10-10T18:00:00Z",1.61809161402752,FALSE,FALSE,1.75525270672747,18,125,71.2091489361702,1.08476719829142
"106","2023-10-10T19:00:00Z",2.45497192239721,FALSE,FALSE,2.53059448367218,36,170,74.7791489361702,1.03080383958165
"106","2023-10-10T20:00:00Z",1.8694575703012,FALSE,FALSE,2.26521536501272,36,144,83.720612244898,1.21169659103189
"106","2023-10-10T21:00:00Z",0.817153592826228,FALSE,FALSE,1.38355991120586,0,110,81.9671428571429,1.69314547883299
"106","2023-10-10T22:00:00Z",1.19960189021212,FALSE,FALSE,1.71614395956698,0,131,85.2720408163265,1.43059457772572
"106","2023-10-11T01:00:00Z",1.68380314187988,FALSE,FALSE,1.83353097482077,30,120,90.8575510204082,1.08892240976207
"106","2023-10-11T03:00:00Z",1.80881015756754,FALSE,FALSE,1.87274014773229,36,116,93.358125,1.03534367047713
"106","2023-10-11T06:00:00Z",1.4340217898717,FALSE,FALSE,1.79860150295189,30,114,95.3855102040816,1.25423582518422
"106","2023-10-11T09:00:00Z",0.93967738524618,FALSE,FALSE,1.23197369931106,12,84,96.405,1.31106028372525
"106","2023-10-11T10:00:00Z",1.65007833073367,FALSE,FALSE,1.89231935798987,42,113,95.895,1.14680577445587
"106","2023-10-11T12:00:00Z",1.97270531837615,FALSE,FALSE,1.90360266783913,66,112,96.6072916666667,0.964970616800536
"106","2023-10-11T13:00:00Z",1.74716241393201,FALSE,FALSE,1.87180864455969,48,111,94.7051851851852,1.07134209712488
"106","2023-10-11T14:00:00Z",2.55911050480866,FALSE,FALSE,2.58312811679865,48,153,92.1585714285714,1.00938514063572
"106","2023-10-11T15:00:00Z",1.75646169521262,FALSE,FALSE,1.88743985032761,60,103,84.66,1.07456932051065
"106","2023-10-11T16:00:00Z",0.834304019029025,FALSE,FALSE,0.796988296179537,18,69,64.91,0.955273231342075
"106","2023-10-11T17:00:00Z",1.05987819703463,FALSE,FALSE,0.88215029578677,30,63,70.0538775510204,0.832312899968024
"106","2023-10-11T18:00:00Z",1.23865603504417,FALSE,FALSE,1.35185234909755,6,107,69.0182978723404,1.09138639852455
"106","2023-10-11T19:00:00Z",0.811864082258278,FALSE,FALSE,0.800811077763715,0,82,71.918,0.986385646641962
"106","2023-10-11T20:00:00Z",2.14603376738656,FALSE,FALSE,3.10063569435265,60,366,76.4812244897959,1.44482148485884
"106","2023-10-11T21:00:00Z",1.64632460015612,FALSE,FALSE,2.43095445310248,18,161,78.644081632653,1.47659486645098
"106","2023-10-11T22:00:00Z",2.2254604146752,FALSE,FALSE,2.77405071072253,42,167,82.6081632653061,1.24650642735759
"106","2023-10-11T23:00:00Z",0.968581594410292,FALSE,FALSE,1.7313926608537,0,134,85.2718367346939,1.78755478200867
"106","2023-10-12T02:00:00Z",1.89475755785494,FALSE,FALSE,2.06223286280998,12,144,87.659387755102,1.08838877789971
"106","2023-10-12T09:00:00Z",1.72322233237921,FALSE,FALSE,2.07983278480481,12,146,92.410625,1.2069439594212
"106","2023-10-12T11:00:00Z",1.27707154747671,FALSE,FALSE,1.64880246815334,18,108,94.8148936170213,1.29108073185963
"106","2023-10-12T13:00:00Z",1.93048656210983,FALSE,FALSE,1.92103089814012,60,117,94.7375510204082,0.995101927070976
"106","2023-10-12T14:00:00Z",1.70457945026065,FALSE,FALSE,1.7480911395926,48,111,83.5765306122449,1.02552634864001
"106","2023-10-12T16:00:00Z",0.965998886242342,FALSE,FALSE,1.48983330677256,12,104,55.1416326530612,1.54227228208087
"106","2023-10-12T19:00:00Z",1.24679657630564,FALSE,FALSE,1.78039669422153,18,133,65.2728571428571,1.42797688737403
"106","2023-10-12T20:00:00Z",1.83836821226706,FALSE,FALSE,2.13856915435464,42,129,68.3397916666667,1.16329750486567
"106","2023-10-12T21:00:00Z",1.87563550792222,FALSE,FALSE,2.42003924521959,24,164,69.8332653061224,1.29025028316959
"106","2023-10-12T22:00:00Z",1.98482208043272,FALSE,FALSE,2.52359740821573,24,169,80.4820833333333,1.27144766933747
"106","2023-10-12T23:00:00Z",1.19908994283697,FALSE,FALSE,1.8571045645142,12,130,83.9477083333333,1.54876168848553
"106","2023-10-13T00:00:00Z",1.30805931296824,FALSE,FALSE,2.01433088954071,24,120,85.53875,1.53993849481473
"106","2023-10-13T01:00:00Z",1.28321595767883,FALSE,FALSE,1.89223535331265,0,136,83.0481632653061,1.47460397604114
"106","2023-10-13T03:00:00Z",1.72755130860723,FALSE,FALSE,1.89812062957276,48,111,87.7776315789474,1.09873473518019
"106","2023-10-13T05:00:00Z",1.01196083790248,FALSE,FALSE,1.34099508972366,12,92,90.13,1.32514524228346
"106","2023-10-13T06:00:00Z",0.907083419702769,FALSE,FALSE,1.33518818339058,0,103,90.2495918367347,1.47195743455227
"106","2023-10-13T12:00:00Z",0.78990336961644,FALSE,FALSE,0.890204376101189,0,66,92.589347826087,1.12697883100999
"106","2023-10-13T13:00:00Z",1.44929838599453,FALSE,FALSE,1.43115494068321,96,64,89.8652083333333,0.987481221612715
"106","2023-10-13T14:00:00Z",1.31469744047106,FALSE,FALSE,1.17984935845662,72,74,80.0783673469388,0.897430330459818
"106","2023-10-13T16:00:00Z",0.596810604252935,FALSE,FALSE,0.456723816797706,12,36,58.9473469387755,0.765274298987057
"106","2023-10-13T20:00:00Z",1.60806477869934,FALSE,FALSE,1.37567144390304,102,80,70.1166666666667,0.855482603764089
"106","2023-10-13T21:00:00Z",1.54646711997689,FALSE,FALSE,1.73385920835696,72,86,65.1704081632653,1.12117431140914
"106","2023-10-13T22:00:00Z",1.61386611393901,FALSE,FALSE,1.77576139794814,36,119,74.8542857142857,1.10031518885664
"106","2023-10-13T23:00:00Z",0.923355282508852,FALSE,FALSE,1.1905202200437,0,96,81.56125,1.28934142967043
"106","2023-10-14T00:00:00Z",1.24367275472698,FALSE,FALSE,1.46249713276475,6,105,85.1167346938775,1.1759501261132
"106","2023-10-14T01:00:00Z",1.08442877285693,FALSE,FALSE,1.21823358721869,18,81,85.22625,1.12338737011677
"106","2023-10-14T02:00:00Z",1.06949573894979,FALSE,FALSE,1.3154897045277,0,98,84.6259183673469,1.23000929935399
"106","2023-10-14T03:00:00Z",0.909089854323178,FALSE,FALSE,1.06062624955378,6,79,88.0664583333333,1.16669022815509
"106","2023-10-14T04:00:00Z",0.68176862903832,FALSE,FALSE,1.08114475883516,6,76,87.5367346938775,1.58579423104314
"106","2023-10-14T05:00:00Z",0.82442370889508,FALSE,FALSE,1.13879630620575,18,76,88.789387755102,1.38132406178857
"106","2023-10-14T06:00:00Z",0.599436675991631,FALSE,FALSE,1.02511343857767,6,70,88.5020408163265,1.71012799122086
"106","2023-10-14T07:00:00Z",1.02499053262478,FALSE,FALSE,1.32563606751524,24,83,89.7873469387755,1.29331542616357
"106","2023-10-14T09:00:00Z",0.557822517401877,FALSE,FALSE,0.830582363968805,0,60,92.3877083333333,1.48897245639588
"106","2023-10-14T10:00:00Z",0.636443072742446,FALSE,FALSE,0.933721560764089,12,65,92.0445833333333,1.46709360310996
"106","2023-10-14T11:00:00Z",0.911913450772413,FALSE,FALSE,1.17164507503097,30,72,92.1791666666667,1.28482047724876
"106","2023-10-14T12:00:00Z",1.33783474993854,FALSE,FALSE,1.46867058059005,30,89,88.8310416666667,1.09779670520408
"106","2023-10-14T13:00:00Z",1.14860175420387,FALSE,FALSE,1.3784029856186,36,80,84.8593617021277,1.20007041655095
"106","2023-10-14T16:00:00Z",1.10027761074755,FALSE,FALSE,1.09610381093863,30,76,70.3969387755102,0.996206593892169
"106","2023-10-14T17:00:00Z",0.945361857794653,FALSE,FALSE,1.20361532889876,18,80,71.6176595744681,1.27317949097985
"106","2023-10-14T18:00:00Z",1.34826174332892,FALSE,FALSE,1.44275955065977,48,86,72.4259090909091,1.07008862173715
"106","2023-10-14T19:00:00Z",1.01990963574864,FALSE,FALSE,1.55233304758035,24,97,69.2146666666667,1.52202998498087
"106","2023-10-14T20:00:00Z",1.17854598253507,FALSE,FALSE,1.59016812424702,6,114,73.0232653061225,1.34926269132627
"106","2023-10-14T23:00:00Z",1.17287705023185,FALSE,FALSE,1.45247973503451,18,95,87.0983333333333,1.23839044744493
"106","2023-10-15T02:00:00Z",1.87123758044588,FALSE,FALSE,1.96330049860912,54,121,89.0939583333333,1.04919894679611
"106","2023-10-15T03:00:00Z",1.12203658355899,FALSE,FALSE,1.31805620532065,24,88,89.6483673469388,1.17469984903693
"106","2023-10-15T04:00:00Z",1.04990787651258,FALSE,FALSE,1.30222580138568,18,88,88.4387755102041,1.2403238708059
"106","2023-10-15T05:00:00Z",0.690690259528881,FALSE,FALSE,1.09077425956222,0,84,88.1816326530612,1.57925241381895
"106","2023-10-15T06:00:00Z",0.966069166713395,FALSE,FALSE,1.1149163929313,6,81,90.2069565217391,1.15407512354864
"106","2023-10-15T08:00:00Z",0.648676792748539,FALSE,FALSE,0.960520562666536,0,70,89.2134782608696,1.48073828662294
"106","2023-10-15T09:00:00Z",1.50833852622385,FALSE,FALSE,1.63196827395956,66,86,91.3474468085106,1.08196419145058
"106","2023-10-15T10:00:00Z",1.15618631909624,FALSE,FALSE,1.29890681174392,24,85,91.5435416666667,1.12344073813228
"106","2023-10-15T12:00:00Z",0.84383414481545,FALSE,FALSE,1.15365396037939,12,76,91.8111111111111,1.36715723992385
"106","2023-10-15T14:00:00Z",1.5923009117396,FALSE,FALSE,1.3541746978659,84,76,82.7074468085106,0.850451499388048
"106","2023-10-15T16:00:00Z",1.24171141573053,FALSE,FALSE,1.04919382569858,96,73,69.6877551020408,0.844957864127644
"106","2023-10-15T19:00:00Z",0.570883248507295,FALSE,FALSE,0.956292943092766,6,68,66.2363265306122,1.67511123437798
"106","2023-10-15T21:00:00Z",0.861240764807533,FALSE,FALSE,1.17123124254791,12,83,70.1254347826087,1.35993474810688
"106","2023-10-15T22:00:00Z",0.548915009749476,FALSE,FALSE,0.846575266712151,0,71,75.6047916666667,1.54227020882254
"106","2023-10-15T23:00:00Z",0.840203846674194,FALSE,FALSE,1.15067625686386,6,79,80.4135416666667,1.36952033892563
"106","2023-10-16T00:00:00Z",0.681998330874384,FALSE,FALSE,0.894389108385506,0,72,84.2210638297872,1.31142418961468
"106","2023-10-16T02:00:00Z",0.590770638035145,FALSE,FALSE,0.800172185405663,0,65,88.1984782608696,1.35445489990324
"106","2023-10-16T03:00:00Z",0.615844001133484,FALSE,FALSE,0.564037536551058,0,52,88.9791836734694,0.915877292809422
"106","2023-10-16T04:00:00Z",1.47488885250484,FALSE,FALSE,1.48060552012256,60,85,88.9436170212766,1.0038759989324
"106","2023-10-16T05:00:00Z",0.862986170769626,FALSE,FALSE,1.00479204238278,6,74,93.2455319148936,1.16431998149714
"106","2023-10-16T06:00:00Z",0.806193970409765,FALSE,FALSE,1.0005951692445,30,63,95.215652173913,1.24113452341492
"106","2023-10-16T07:00:00Z",0.726838812918953,FALSE,FALSE,1.00890934728138,24,61,95.4451111111111,1.38807852490657
"106","2023-10-16T08:00:00Z",0.559648638073492,FALSE,FALSE,0.793542076977535,18,54,95.5291304347826,1.41792907726746
"106","2023-10-16T09:00:00Z",0.809209228061352,FALSE,FALSE,1.07016175846833,12,75,95.1972340425532,1.32247844112226
"106","2023-10-16T10:00:00Z",0.737448760091595,FALSE,FALSE,0.956465016712752,24,60,95.7285106382979,1.29699182976991
"106","2023-10-16T12:00:00Z",0.724285830771426,FALSE,FALSE,0.946336578042446,24,67,95.8804255319149,1.30657889169876
"106","2023-10-16T13:00:00Z",0.917418992184702,FALSE,FALSE,1.1248163153799,18,77,93.0173913043478,1.22606608862687
"106","2023-10-16T14:00:00Z",1.47522891783997,FALSE,FALSE,1.30420006971154,108,76,87.9035416666667,0.884066231308121
"106","2023-10-16T16:00:00Z",1.28653933616119,FALSE,FALSE,1.20290446247967,48,77,78.4441666666667,0.934992369583451
"106","2023-10-16T19:00:00Z",1.32362229418752,FALSE,FALSE,1.2554455056938,18,91,80.75875,0.94849226339484
"106","2023-10-16T20:00:00Z",0.58166692863261,FALSE,FALSE,0.865759996933259,12,63,90.3977083333333,1.48841193183958
"106","2023-10-19T21:00:00Z",1.32001829282786,FALSE,FALSE,1.98678167583882,0,153,82.6248979591837,1.50511677499753
"106","2023-10-19T22:00:00Z",1.84606283826012,FALSE,FALSE,2.30355246134229,42,126,84.4497959183673,1.24781909564538
"106","2023-10-20T00:00:00Z",1.79620014534674,FALSE,FALSE,1.85967060415231,36,123,92.34625,1.03533596129028
"106","2023-10-20T01:00:00Z",0.664276124880596,FALSE,FALSE,0.96969405126221,6,75,94.1814583333333,1.45977555859999
"106","2023-10-20T02:00:00Z",1.8637682667548,FALSE,FALSE,1.88904763869118,42,120,96.0812244897959,1.01356358104562
"106","2023-10-20T03:00:00Z",1.36684023434884,FALSE,FALSE,1.51543288767108,42,103,96.319375,1.10871252512773
"106","2023-10-20T06:00:00Z",2.62380463360932,FALSE,FALSE,2.42485176979299,90,126,96.0532653061225,0.924173903320444
"106","2023-10-20T07:00:00Z",1.85710011698802,FALSE,FALSE,2.14985575087193,30,136,95.8320833333333,1.15764127695965
"106","2023-10-20T08:00:00Z",1.85375420304598,FALSE,FALSE,1.94770388431376,48,118,95.6722448979592,1.05068076507306
"106","2023-10-20T09:00:00Z",0.9665861539042,FALSE,FALSE,1.37838243990939,12,92,95.5808163265306,1.42603164171334
"106","2023-10-20T10:00:00Z",1.03810725415264,FALSE,FALSE,1.28265685763237,6,103,97.3283673469388,1.23557257932789
"106","2023-10-20T11:00:00Z",1.49464941495024,FALSE,FALSE,1.57309963819877,54,94,97.339375,1.05248737427241
"106","2023-10-20T12:00:00Z",1.25275992992022,FALSE,FALSE,1.6029009445075,36,96,96.0991666666667,1.27949570083199
"106","2023-10-20T13:00:00Z",1.17789410938727,FALSE,FALSE,1.72701034904241,24,109,94.988125,1.46618472346447
"106","2023-10-20T15:00:00Z",1.49784091428225,FALSE,FALSE,1.72226893627093,48,100,94.0964583333333,1.14983435146463
"106","2023-10-20T16:00:00Z",1.38729292290272,FALSE,FALSE,1.69654991298735,36,106,93.498085106383,1.22292119060015
"106","2023-10-20T17:00:00Z",2.59556916036997,FALSE,FALSE,2.47749999330904,78,141,90.8108163265306,0.95451126139744
"106","2023-10-20T18:00:00Z",2.43319990138248,FALSE,FALSE,2.38625001285296,78,126,87.7342857142857,0.980704467190367
"106","2023-10-20T19:00:00Z",2.00189780966899,FALSE,FALSE,1.87278522847716,30,148,87.08,0.935504909107634
"106","2023-10-20T20:00:00Z",1.72550138285149,FALSE,FALSE,2.13826178543679,42,135,96.6758333333333,1.2392118642659
"106","2023-10-20T21:00:00Z",0.730700365964656,FALSE,FALSE,0.710795993409611,138,61,99.0628571428571,0.972759870554099
"106","2023-10-22T13:00:00Z",0.593776148366908,FALSE,FALSE,0.77250031402306,24,52,98.8353191489362,1.30099586544139
"106","2023-10-22T15:00:00Z",0.857739856599894,FALSE,FALSE,0.787527733649368,42,61,94.5789795918367,0.918142869996913
"106","2023-10-22T16:00:00Z",1.51775522925892,FALSE,FALSE,1.32789564721696,72,83,92.2042857142857,0.87490764098065
"106","2023-10-22T17:00:00Z",1.4800319272636,FALSE,FALSE,1.42516949049643,42,86,90.4482978723404,0.962931585625584
"106","2023-10-22T18:00:00Z",1.4072256789746,FALSE,FALSE,1.12773227467684,96,85,88.126170212766,0.801386935675155
"106","2023-10-22T19:00:00Z",1.4763100980317,FALSE,FALSE,1.24847436918534,48,80,87.3161224489796,0.845672173380023
"106","2023-10-22T20:00:00Z",1.78077995330117,FALSE,FALSE,2.06981456602119,60,110,87.3612244897959,1.1623078764921
"106","2023-10-22T21:00:00Z",2.33523286989729,FALSE,FALSE,2.16505963775104,84,128,87.9491836734694,0.927127938999192
"106","2023-10-22T22:00:00Z",1.53592929512549,FALSE,FALSE,2.05300582248523,18,134,89.9908510638298,1.33665386095621
"106","2023-10-22T23:00:00Z",2.03379519233202,FALSE,FALSE,1.88991349503571,60,121,90.5681632653061,0.929254578908051
"106","2023-10-23T00:00:00Z",1.12732490632525,FALSE,FALSE,1.28670794626378,30,93,90.3774468085106,1.14138163633594
"106","2023-10-23T01:00:00Z",1.71875841301855,FALSE,FALSE,1.73142919859825,42,114,91.595,1.0073720573431
"106","2023-10-23T02:00:00Z",1.32772716533017,FALSE,FALSE,1.5883813247241,48,93,92.0651020408163,1.19631605513555
"106","2023-10-23T03:00:00Z",1.3411145864798,FALSE,FALSE,1.40578908671611,42,83,91.104375,1.04822444024419
"106","2023-10-23T04:00:00Z",1.20897565065828,FALSE,FALSE,1.18238299780866,36,90,90.8717021276596,0.978003979786403
"106","2023-10-23T05:00:00Z",1.58538761688863,FALSE,FALSE,1.57568899411146,54,98,90.7439583333333,0.993882491149892
"106","2023-10-23T06:00:00Z",1.09582344019634,FALSE,FALSE,1.2421068860142,36,76,92.2779545454545,1.13349180210241
"106","2023-10-23T07:00:00Z",0.751181759234166,FALSE,FALSE,0.988095832551578,12,66,93.1910638297872,1.31538848009162
"106","2023-10-23T09:00:00Z",1.31985749692992,FALSE,FALSE,1.33234275895442,54,81,94.9948979591837,1.00945955306049
"106","2023-10-23T11:00:00Z",1.00174009792103,FALSE,FALSE,1.12827595353295,36,69,97.26625,1.12631605331016
"106","2023-10-23T12:00:00Z",1.8263054836908,FALSE,FALSE,1.42901441101758,150,80,97.711875,0.782461873864425
"106","2023-10-23T13:00:00Z",1.73988474796174,FALSE,FALSE,1.81915575856693,54,105,96.424693877551,1.04556106989159
"106","2023-10-23T14:00:00Z",1.69957216965649,FALSE,FALSE,1.72883764589288,60,98,90.4325,1.01721931951987
"106","2023-10-23T15:00:00Z",2.03625693334566,FALSE,FALSE,1.40547783815702,144,278,84.2977083333333,0.690226176835038
"106","2023-10-23T16:00:00Z",1.07609002653226,FALSE,FALSE,1.40424004859117,6,100,72.7227083333333,1.30494662525253
"106","2023-10-23T17:00:00Z",1.07534583229439,FALSE,FALSE,0.999574651484756,6,87,77.8308333333333,0.929537848630553
"106","2023-10-23T18:00:00Z",2.68865382156425,FALSE,FALSE,2.22776638024377,96,132,74.026875,0.82858059389277
"106","2023-10-23T19:00:00Z",2.12805862829058,FALSE,FALSE,1.91932768221056,66,122,73.739387755102,0.901914851731465
"106","2023-10-23T20:00:00Z",1.98368932366717,FALSE,FALSE,2.24342496178172,54,120,77.5058333333333,1.13093564350812
"106","2023-10-23T21:00:00Z",1.31219542155837,FALSE,FALSE,2.03684690558752,24,135,79.6797916666667,1.55224356991625
"106","2023-10-23T22:00:00Z",1.65995087732039,FALSE,FALSE,1.93852079309993,30,125,82.988125,1.16781816834799
"106","2023-10-23T23:00:00Z",2.08097038668914,FALSE,FALSE,2.17141365582428,48,131,86.6977083333333,1.04346206448379
"106","2023-10-24T00:00:00Z",2.23976023348043,FALSE,FALSE,2.33296347301751,48,143,86.6587755102041,1.04161304328198
"106","2023-10-24T01:00:00Z",2.00990788193033,FALSE,FALSE,2.07208291099496,42,130,89.3632653061224,1.03093426799487
"106","2023-10-24T02:00:00Z",1.52893159039536,FALSE,FALSE,1.5502196246042,24,112,92.6972340425532,1.01392347070501
"106","2023-10-24T03:00:00Z",1.39492565053518,FALSE,FALSE,1.58857221713998,30,102,94.3426530612245,1.13882214190448
"106","2023-10-24T04:00:00Z",1.41445574417949,FALSE,FALSE,1.46408105817352,24,104,95.2633333333333,1.03508438789849
"106","2023-10-24T05:00:00Z",1.62792320867228,FALSE,FALSE,1.71367424034927,48,104,95.9122916666667,1.05267510851874
"106","2023-10-24T06:00:00Z",1.40345717955933,FALSE,FALSE,1.46386999633647,48,89,96.3406382978723,1.0430457142954
"106","2023-10-24T07:00:00Z",1.14420582272151,FALSE,FALSE,1.25093504781601,18,86,97.1783333333333,1.09327799507317
"106","2023-10-24T09:00:00Z",1.07110297956756,FALSE,FALSE,1.18526813635975,36,72,97.39625,1.10658653646756
"106","2023-10-24T10:00:00Z",0.816241139044613,FALSE,FALSE,0.890024676194446,60,51,97.841875,1.09039428867331
"106","2023-10-24T11:00:00Z",1.15077255795422,FALSE,FALSE,1.10793551389646,78,65,98.2114583333333,0.962775403565483
"106","2023-10-24T12:00:00Z",1.0803641900757,FALSE,FALSE,1.15626915275331,42,73,97.6502127659574,1.07025868070682
"106","2023-10-24T13:00:00Z",1.41812329066372,FALSE,FALSE,1.41741743744825,66,81,96.8553191489362,0.999502262447758
"106","2023-10-24T14:00:00Z",0.992745628544353,FALSE,FALSE,1.33081969406244,30,88,86.7079166666667,1.34054450183155
"106","2023-10-24T15:00:00Z",1.9326970779297,FALSE,FALSE,1.92796875358952,66,115,80.7248936170213,0.997553509862374
"106","2023-10-24T16:00:00Z",1.44036726268867,FALSE,FALSE,1.53375225804663,24,100,79.544375,1.06483415568863
"106","2023-10-24T17:00:00Z",1.21040385157104,FALSE,FALSE,1.34961363043177,18,102,71.9708163265306,1.1150110177525
"106","2023-10-24T18:00:00Z",1.92670731435737,FALSE,FALSE,1.989810724431,48,121,73.4682978723404,1.03275194400488
"106","2023-10-24T19:00:00Z",1.80916942067081,FALSE,FALSE,2.19474711020559,30,141,73.9724489795918,1.21312414698664
"106","2023-10-24T20:00:00Z",1.86218537871567,FALSE,FALSE,2.37514475221194,24,158,75.6995744680851,1.27546096073961
"106","2023-10-24T21:00:00Z",1.56751728237899,FALSE,FALSE,2.16664360732888,18,147,82.4095833333333,1.38221353709134
"106","2023-10-24T22:00:00Z",1.68740736015172,FALSE,FALSE,1.92603362601238,30,127,86.238085106383,1.14141592095415
"106","2023-10-24T23:00:00Z",1.5322884444319,FALSE,FALSE,1.76582397982955,12,117,89.3973913043478,1.15240964339729
"106","2023-10-25T00:00:00Z",1.77104616233105,FALSE,FALSE,1.86197787498608,30,117,91.9304166666667,1.0513435022695
"106","2023-10-25T01:00:00Z",1.89875979172295,FALSE,FALSE,1.92224733746725,54,116,92.5033333333333,1.01236994055103
"106","2023-10-25T02:00:00Z",1.66155296593223,FALSE,FALSE,1.9336147800325,30,121,93.1910638297872,1.16373947727127
"106","2023-10-25T03:00:00Z",2.16715224799993,FALSE,FALSE,2.56467913531124,42,147,94.7402083333333,1.18343283803812
"106","2023-10-25T04:00:00Z",1.89358667497837,FALSE,FALSE,2.16765004872029,36,132,95.3747916666667,1.14473241566565
"106","2023-10-25T05:00:00Z",1.93069875091837,FALSE,FALSE,2.06908053005927,36,131,95.935,1.0716744541711
"106","2023-10-25T06:00:00Z",1.56173691364623,FALSE,FALSE,1.68649398542248,36,106,96.2112244897959,1.07988353908148
"106","2023-10-25T08:00:00Z",1.90124864965069,FALSE,FALSE,1.93234599315517,48,117,96.9241666666667,1.01635627381521
"106","2023-10-25T09:00:00Z",1.78829397612902,FALSE,FALSE,1.8514546892746,66,109,97.6555102040816,1.03531897662726
"106","2023-10-25T10:00:00Z",1.09763819963191,FALSE,FALSE,1.26503164183941,36,83,97.844693877551,1.1525032950417
"106","2023-10-25T11:00:00Z",1.14930264984904,FALSE,FALSE,1.26297466755474,48,81,98.2191836734694,1.09890520805866
"106","2023-10-25T12:00:00Z",1.73575719951542,FALSE,FALSE,1.80328041772538,60,106,98.2748979591837,1.03890130383951
"106","2023-10-25T13:00:00Z",2.2426689386195,FALSE,FALSE,2.39285564973183,48,139,96.1146808510638,1.06696784733853
"106","2023-10-25T14:00:00Z",1.74914318813859,FALSE,FALSE,1.86463836623631,30,123,86.9129787234043,1.06602957315383
"106","2023-10-25T15:00:00Z",1.78943581070983,FALSE,FALSE,1.83243126714739,42,115,81.0020408163265,1.0240273812451
"106","2023-10-25T16:00:00Z",1.3019255304376,FALSE,FALSE,1.80661921245791,0,149,64.0120833333333,1.38765172832173
"106","2023-10-25T17:00:00Z",1.61216966564811,FALSE,FALSE,1.95377330368992,12,150,63.5670833333333,1.21189062498858
"106","2023-10-25T18:00:00Z",2.74726268467361,FALSE,FALSE,3.05111894101766,30,205,63.9044897959184,1.11060327723272
"106","2023-10-25T19:00:00Z",2.16323324111154,FALSE,FALSE,2.42709422257677,0,195,67.4775510204082,1.12197528054333
"106","2023-10-25T20:00:00Z",2.43050431166158,FALSE,FALSE,2.91450476668061,18,198,72.06875,1.19913581419987
"106","2023-10-25T21:00:00Z",2.48117065786342,FALSE,FALSE,3.02278502746776,24,205,76.0616326530612,1.21828984954656
"106","2023-10-25T22:00:00Z",1.80072043096337,FALSE,FALSE,2.52948184926349,24,166,80.1151020408163,1.40470547552473
"106","2023-10-25T23:00:00Z",2.06402385764908,FALSE,FALSE,2.69068714847951,36,161,81.8,1.3036124260425
"106","2023-10-26T00:00:00Z",2.67742384444322,FALSE,FALSE,3.20816487120917,24,208,82.5504166666667,1.19822824386488
"106","2023-10-26T01:00:00Z",2.74975548123696,FALSE,FALSE,3.00706427394513,60,166,82.3641666666667,1.09357515403239
"106","2023-10-26T02:00:00Z",2.19992225549516,FALSE,FALSE,2.88897722032477,12,194,82.6520408163265,1.31321787081722
"106","2023-10-26T03:00:00Z",2.43177244054348,FALSE,FALSE,3.04317296198942,30,190,84.5865306122449,1.25142176597301
"106","2023-10-26T04:00:00Z",2.02484005043873,FALSE,FALSE,2.55405751837819,36,160,87.0844897959184,1.26136260383866
"106","2023-10-26T05:00:00Z",2.40595766332497,FALSE,FALSE,2.77264595086583,36,169,88.9566666666667,1.15240845386868
"106","2023-10-26T06:00:00Z",3.11373906076545,FALSE,FALSE,3.34362639328245,60,190,89.0753191489362,1.07382999282557
"106","2023-10-26T07:00:00Z",3.21632572274619,FALSE,FALSE,3.28015818476409,60,190,89.1577083333333,1.01984639228747
"106","2023-10-26T08:00:00Z",3.07970570882206,FALSE,FALSE,3.12082981908671,60,182,88.5383333333333,1.01335325974389
"106","2023-10-26T09:00:00Z",3.12868870704033,FALSE,FALSE,3.28703370977577,54,191,88.33875,1.05061066074715
"106","2023-10-26T10:00:00Z",2.69475503163095,FALSE,FALSE,3.17034617455712,42,193,88.120625,1.17648770939981
"106","2023-10-26T11:00:00Z",3.12879028606046,FALSE,FALSE,3.43322445178749,54,203,87.7360416666667,1.09730091757296
"106","2023-10-26T12:00:00Z",2.96827522585521,FALSE,FALSE,3.30484267302468,54,200,87.8820833333333,1.11338822095667
"106","2023-10-26T13:00:00Z",2.92990857341455,FALSE,FALSE,3.21433932357242,48,196,86.4934693877551,1.09707837054669
"106","2023-10-26T14:00:00Z",2.90672442470316,FALSE,FALSE,3.05509609120732,48,184,84.4685714285714,1.05104428381418
"106","2023-10-26T15:00:00Z",2.09633367988202,FALSE,FALSE,2.16718411031742,24,154,70.1341666666667,1.03379730579885
"106","2023-10-26T16:00:00Z",1.6230573770984,FALSE,FALSE,1.96462037708248,0,169,57.0416326530612,1.21044419304184
"106","2023-10-26T17:00:00Z",2.51146187770822,FALSE,FALSE,2.92556117410911,12,220,62.18,1.16488376752856
"106","2023-10-26T18:00:00Z",2.95412533077789,FALSE,FALSE,3.25446511843751,36,210,63.198125,1.10166792333775
"106","2023-10-26T19:00:00Z",2.85013124985575,FALSE,FALSE,3.2086591173011,12,240,65.7210204081633,1.12579345862177
"106","2023-10-26T20:00:00Z",2.90470427413611,FALSE,FALSE,3.12391868264223,6,242,71.1970833333333,1.07546875269129
"106","2023-10-26T21:00:00Z",2.64903432704783,FALSE,FALSE,3.06515865067514,12,224,74.8214285714286,1.15708528929901
"106","2023-10-26T22:00:00Z",3.15126972496665,FALSE,FALSE,3.69702943561953,42,235,78.6565306122449,1.17318724142493
"106","2023-10-26T23:00:00Z",3.62631750218003,FALSE,FALSE,3.94974290529008,54,237,81.4538775510204,1.08918838543939
"106","2023-10-27T00:00:00Z",3.27053629068022,FALSE,FALSE,3.82583539339964,36,242,82.5108163265306,1.16978839351265
"106","2023-10-27T01:00:00Z",2.73523156396338,FALSE,FALSE,3.06166623345816,0,250,83.0965957446809,1.11934443642562
"106","2023-10-27T02:00:00Z",2.85545305660672,FALSE,FALSE,3.37176666730087,30,217,84.6912765957447,1.18081670420025
"106","2023-10-27T03:00:00Z",3.05371205235653,FALSE,FALSE,3.38800195746145,42,209,83.4363265306122,1.10947001530382
"106","2023-10-27T04:00:00Z",2.54633137856901,FALSE,FALSE,3.09045651941385,18,207,84.4251020408163,1.2136898384179
"106","2023-10-27T05:00:00Z",2.50107309911995,FALSE,FALSE,2.91303842056868,42,182,84.9616666666667,1.16471542618794
"106","2023-10-27T06:00:00Z",2.34417394154806,FALSE,FALSE,2.90204371145737,36,257,85.66625,1.23798138867668
"106","2023-10-27T07:00:00Z",2.73978231426283,FALSE,FALSE,3.06385417541773,24,205,87.2629166666667,1.11828379921567
"106","2023-10-27T08:00:00Z",2.8831567440699,FALSE,FALSE,3.20006826596414,36,206,88.1926530612245,1.10991824240776
"106","2023-10-27T09:00:00Z",2.74624030499709,FALSE,FALSE,3.06396357218154,42,192,88.5734693877551,1.11569390581236
"106","2023-10-27T10:00:00Z",2.48923472611895,FALSE,FALSE,3.07386917578646,12,220,89.0053191489362,1.23486513486779
"106","2023-10-27T11:00:00Z",2.66198334636517,FALSE,FALSE,3.01593695991436,30,198,90.1567346938776,1.13296612619027
"106","2023-10-27T12:00:00Z",2.90671244973479,FALSE,FALSE,3.19463602419772,36,201,90.8551020408163,1.09905471540166
"106","2023-10-27T13:00:00Z",2.47068834053405,FALSE,FALSE,2.78747756387484,36,184,88.785625,1.12821901416846
"106","2023-10-27T14:00:00Z",2.26217025688457,FALSE,FALSE,2.244434921705,48,147,82.1654166666667,0.992160035202658
"106","2023-10-27T15:00:00Z",3.31180554651618,FALSE,FALSE,3.07342068799632,48,198,73.7902127659574,0.928019669279609
"106","2023-10-27T16:00:00Z",2.39253642043884,FALSE,FALSE,2.66432020120041,12,213,53.3842857142857,1.11359650722128
"106","2023-10-27T17:00:00Z",2.55413147867875,FALSE,FALSE,2.97045183653422,18,215,57.0883333333333,1.16299879678506
"106","2023-10-27T18:00:00Z",3.24432100017027,FALSE,FALSE,3.58906078476656,42,231,60.800612244898,1.10625945600888
"106","2023-10-27T19:00:00Z",2.05856328908078,FALSE,FALSE,2.69427348852257,0,215,60.4124489795918,1.30881256010625
"106","2023-10-27T20:00:00Z",2.6387539444519,FALSE,FALSE,3.17975372981138,18,232,66.7695918367347,1.20502092910063
"106","2023-10-27T21:00:00Z",2.57745623143974,FALSE,FALSE,3.01814837563719,6,243,72.3372916666667,1.1709794869926
"106","2023-10-27T22:00:00Z",1.80942913940829,FALSE,FALSE,2.49630908261388,0,220,76.6914583333333,1.379611407955
"106","2023-10-27T23:00:00Z",2.54628246898895,FALSE,FALSE,3.1730124702494,24,214,80.0241666666667,1.24613530073484
"106","2023-10-28T00:00:00Z",2.14354357062654,FALSE,FALSE,2.7588573212331,18,187,81.9360416666667,1.28705446394388
"106","2023-10-28T01:00:00Z",2.45156999757885,FALSE,FALSE,3.09629318551404,36,195,83.1448979591837,1.262983797555
"106","2023-10-28T02:00:00Z",2.11909993110906,FALSE,FALSE,2.65532231485523,12,192,84.9575,1.25304251860625
"106","2023-10-28T03:00:00Z",2.26437547200234,FALSE,FALSE,2.80656388485834,18,197,86.0802040816327,1.23944280423447
"106","2023-10-28T04:00:00Z",2.35562181018859,FALSE,FALSE,2.91670480209184,18,198,88.0704081632653,1.23818891023866
"106","2023-10-28T05:00:00Z",2.49928714963843,FALSE,FALSE,2.90062963078691,24,195,89.4012244897959,1.16058278105681
"106","2023-10-28T06:00:00Z",2.49239981471693,FALSE,FALSE,2.81552471200826,36,183,90.8659183673469,1.12964408654798
"106","2023-10-28T07:00:00Z",2.4404578724805,FALSE,FALSE,2.66070093095102,6,206,91.1312244897959,1.09024661353677
"106","2023-10-28T08:00:00Z",2.2796563950181,FALSE,FALSE,2.64844683119042,36,170,92.4908163265306,1.16177457136885
"106","2023-10-28T09:00:00Z",2.07850670235376,FALSE,FALSE,2.50433947410678,18,173,93.1329166666667,1.20487437989534
"106","2023-10-28T10:00:00Z",2.2261862902562,FALSE,FALSE,2.66266470198481,18,185,93.6387234042553,1.19606553756936
"106","2023-10-28T11:00:00Z",2.06332119109988,FALSE,FALSE,2.29378384054103,0,186,94.1327659574468,1.1116949946694
"106","2023-10-28T12:00:00Z",2.45411437750897,FALSE,FALSE,2.83326652343888,36,182,94.5320833333333,1.15449652608073
"106","2023-10-28T13:00:00Z",2.81108931465998,FALSE,FALSE,2.94375408455674,54,171,94.089387755102,1.04719336707123
"106","2023-10-28T14:00:00Z",2.8592702374965,FALSE,FALSE,2.88023337571643,60,166,84.531875,1.00733163936204
"106","2023-10-28T15:00:00Z",2.88058916945461,FALSE,FALSE,2.8240797715939,66,167,79.6152083333333,0.98038269446406
"106","2023-10-28T16:00:00Z",2.46412570350702,FALSE,FALSE,2.64886031032392,18,197,60.4259183673469,1.07496963590534
"106","2023-10-28T17:00:00Z",2.32264954799892,FALSE,FALSE,2.6457271386907,30,195,63.1685416666667,1.13909872497559
"106","2023-10-28T18:00:00Z",2.73345548494274,FALSE,FALSE,2.68102162841254,60,176,67.6775,0.980817739005067
"106","2023-10-28T19:00:00Z",3.31171550413139,FALSE,FALSE,3.74454120493156,42,240,68.1530612244898,1.1306953149388
"106","2023-10-28T20:00:00Z",3.16345205742801,FALSE,FALSE,3.5889882285885,36,237,72.7859183673469,1.13451639646674
"106","2023-10-28T21:00:00Z",0.58595347077363,FALSE,FALSE,0.297153157277525,180,47,72.5016326530612,0.50712756575227
"106","2023-10-28T22:00:00Z",2.01500526252657,FALSE,FALSE,1.43384689458484,180,90,72.914375,0.711584689752607
"106","2023-10-28T23:00:00Z",2.2418084869704,FALSE,FALSE,1.90349100096766,90,135,72.4459183673469,0.849087248991574
"106","2023-10-29T00:00:00Z",1.57694614968937,FALSE,FALSE,1.34527872042577,96,81,74.369347826087,0.853091096795393
"106","2023-10-29T01:00:00Z",1.73468271808214,FALSE,FALSE,1.78823401888059,66,99,76.6014285714286,1.03087094846812
"106","2023-10-29T02:00:00Z",2.36611872283378,FALSE,FALSE,2.2160983992384,54,144,78.8132653061224,0.936596451332877
"106","2023-10-29T03:00:00Z",0.859891789969548,FALSE,FALSE,1.39629288703451,30,88,82.5916666666667,1.62380069599683
"106","2023-10-29T04:00:00Z",1.20600947221207,FALSE,FALSE,1.0638737693344,90,61,82.1621276595745,0.882143792273076
"106","2023-10-29T05:00:00Z",1.2516971642553,FALSE,FALSE,1.45944142949649,24,94,81.9795744680851,1.16597006941755
"106","2023-10-29T06:00:00Z",1.06071585820895,FALSE,FALSE,0.834057023285941,114,63,85.5642553191489,0.786315219887701
"106","2023-10-29T07:00:00Z",1.47498786391422,FALSE,FALSE,1.01041466233263,168,57,84.9367391304348,0.685032526065169
"106","2023-10-29T08:00:00Z",1.00827670264023,FALSE,FALSE,0.951014282381617,54,54,81.4891666666667,0.943207633273026
"106","2023-10-29T10:00:00Z",0.705358454765985,FALSE,FALSE,0.975746715639592,18,67,81.2765957446808,1.38333454294996
"106","2023-10-29T11:00:00Z",0.583808780800259,FALSE,FALSE,0.66478753068457,0,46,83.6212765957447,1.13870766002065
"106","2023-10-29T14:00:00Z",0.809045149730698,FALSE,FALSE,0.945871868987509,36,55,82.1370833333333,1.16912124039351
"106","2023-10-31T09:00:00Z",0.588890413602459,FALSE,FALSE,0.639020854217819,42,41,98.8830612244898,1.08512694290385
"106","2023-10-31T14:00:00Z",0.730543429306828,FALSE,FALSE,0.684481166390718,48,42,96.5470833333333,0.93694794714694
"106","2023-10-31T20:00:00Z",0.671399839931553,FALSE,FALSE,0.787671645476468,0,62,74.9191489361702,1.17317818478594
"106","2023-10-31T21:00:00Z",1.3682530423267,FALSE,FALSE,1.47868066989075,18,100,86.7802040816326,1.08070702139735
"106","2023-10-31T22:00:00Z",1.05712991839858,FALSE,FALSE,1.10889490453337,42,68,87.7889583333333,1.04896747810638
"106","2023-11-01T00:00:00Z",0.679551452051487,FALSE,FALSE,0.830530508258141,0,66,88.104,1.22217457670183
"106","2023-11-01T01:00:00Z",1.90109036603812,FALSE,FALSE,1.33731659938653,138,284,90.5331914893617,0.703447149739393
"108","2023-10-03T18:00:00Z",1.10134883894308,FALSE,FALSE,1.02833087954484,90,76,70.3616666666667,0.933701333477307
"108","2023-10-03T21:00:00Z",4.35081662870817,FALSE,FALSE,3.6983119829418,108,246,79.86625,0.850027086533383
"108","2023-10-03T22:00:00Z",3.58160846375661,FALSE,FALSE,4.3114812044276,36,295,83.7675510204082,1.20378350901747
"108","2023-10-03T23:00:00Z",3.23405315031317,FALSE,FALSE,2.63982202802598,132,154,86.7920833333333,0.816258083999131
"108","2023-10-04T01:00:00Z",2.29626867443262,FALSE,FALSE,1.67852718965261,180,117,91.2314285714286,0.730980310946129
"108","2023-10-04T02:00:00Z",2.08381032698837,FALSE,FALSE,1.85040031751796,96,102,92.2710204081633,0.887988841187988
"108","2023-10-04T03:00:00Z",2.18227298492017,FALSE,FALSE,1.92585114451395,114,124,93.3626530612245,0.882497816644328
"108","2023-10-04T04:00:00Z",2.40450320861651,FALSE,FALSE,2.43506564213158,66,129,94.0097959183673,1.01271049812101
"108","2023-10-04T07:00:00Z",1.57620353503203,FALSE,FALSE,2.66058718928423,12,191,91.11375,1.68797184510195
"108","2023-10-04T11:00:00Z",1.00643591323197,FALSE,FALSE,1.48677269514227,0,162,91.9218367346939,1.4772651448494
"108","2023-10-04T12:00:00Z",4.01991634446014,FALSE,FALSE,3.95561507837505,72,213,94.7204166666667,0.984004327310517
"108","2023-10-04T13:00:00Z",3.40296491423336,FALSE,FALSE,3.43775795484543,36,215,95.1187755102041,1.01022433127845
"108","2023-10-04T14:00:00Z",2.92510128094413,FALSE,FALSE,2.53716721684182,36,193,86.91,0.867377561717421
"108","2023-10-04T15:00:00Z",0.79991361992364,FALSE,FALSE,1.38157657742307,0,128,83.5182978723404,1.72715721174363
"108","2023-10-04T16:00:00Z",2.61088388883179,FALSE,FALSE,1.86693545404794,180,172,73.1993617021277,0.715058782213128
"108","2023-10-04T17:00:00Z",0.836555546512819,FALSE,FALSE,2.03566178607459,18,162,71.194347826087,2.43338508071609
"108","2023-10-04T18:00:00Z",1.18791195768364,FALSE,FALSE,1.46527763317841,12,141,67.1487755102041,1.23349009469997
"108","2023-10-04T20:00:00Z",4.18250078717121,FALSE,FALSE,4.37373379459388,54,286,73.2541666666667,1.04572216890173
"108","2023-10-04T21:00:00Z",4.91652868834417,FALSE,FALSE,5.61057581621774,18,414,79.0451020408163,1.14116608930178
"108","2023-10-04T22:00:00Z",5.13265218547857,FALSE,FALSE,5.9220037165768,36,389,82.3233333333333,1.15379018538047
"108","2023-10-04T23:00:00Z",4.84729835521832,FALSE,FALSE,5.44191314896413,30,373,86.3434693877551,1.12266932013906
"108","2023-10-05T00:00:00Z",5.18555741360705,FALSE,FALSE,5.6883506184431,36,377,89.0791836734694,1.09696030045231
"108","2023-10-05T01:00:00Z",4.7582673905473,FALSE,FALSE,5.37171575625105,42,338,89.979387755102,1.12892263409207
"108","2023-10-05T02:00:00Z",4.9815268176506,FALSE,FALSE,5.59920220671414,36,359,91.0997959183673,1.1239931875655
"108","2023-10-05T03:00:00Z",4.85278648734173,FALSE,FALSE,5.56854236672646,18,389,92.9539583333333,1.14749379171158
"108","2023-10-05T04:00:00Z",4.6441629449787,FALSE,FALSE,5.38257183829993,42,340,93.219387755102,1.15899719757241
"108","2023-10-05T05:00:00Z",4.61539772295161,FALSE,FALSE,5.22899704384667,42,322,93.3923333333333,1.13294614196383
"108","2023-10-05T06:00:00Z",3.7655304924048,FALSE,FALSE,4.15895373026108,6,317,92.8404081632653,1.10448016252951
"108","2023-10-05T07:00:00Z",4.47152790683042,FALSE,FALSE,4.7561145778533,42,303,93.755306122449,1.0636441674865
"108","2023-10-05T08:00:00Z",4.00616937255333,FALSE,FALSE,4.60235316951463,30,306,93.6789795918367,1.14881642325105
"108","2023-10-05T09:00:00Z",4.54246299686589,FALSE,FALSE,4.83529979078472,36,316,94.3982978723404,1.06446652270385
"108","2023-10-05T10:00:00Z",4.80541166317983,FALSE,FALSE,4.9412743098731,54,298,94.5436734693878,1.0282728424152
"108","2023-10-05T11:00:00Z",4.0760667573321,FALSE,FALSE,4.07535596635645,78,237,96.4965306122449,0.999825618416486
"108","2023-10-05T12:00:00Z",4.4134887778483,FALSE,FALSE,4.39917067877416,78,246,96.7491836734694,0.996755831997125
"108","2023-10-05T13:00:00Z",4.40654617225916,FALSE,FALSE,4.4160140057605,72,257,95.7375,1.00214858375045
"108","2023-10-05T14:00:00Z",4.02555512696932,FALSE,FALSE,4.22195991743647,54,263,88.4029166666667,1.0487894921998
"108","2023-10-05T15:00:00Z",4.37932182939547,FALSE,FALSE,3.89874343339269,102,224,78.3222448979592,0.890261913893384
"108","2023-10-05T16:00:00Z",4.04296961780939,FALSE,FALSE,4.28881815259971,60,253,64.9302040816327,1.06080889990054
"108","2023-10-05T17:00:00Z",3.97801438637506,FALSE,FALSE,4.13336143118795,60,255,63.5832653061224,1.03905140347027
"108","2023-10-05T18:00:00Z",3.85134007452642,FALSE,FALSE,4.02020916939033,60,246,58.1965957446808,1.04384684073495
"108","2023-10-05T19:00:00Z",3.95732984200636,FALSE,FALSE,4.27033112159457,48,275,60.6871428571429,1.0790940588944
"108","2023-10-05T20:00:00Z",4.16358830913896,FALSE,FALSE,4.68297511438036,30,323,62.4571428571429,1.12474499558502
"108","2023-10-05T21:00:00Z",3.76033078759021,FALSE,FALSE,4.55624950319104,36,302,63.9459183673469,1.21166188842416
"108","2023-10-05T22:00:00Z",4.0698947574322,FALSE,FALSE,4.5261738725755,12,328,70.5775,1.11211078967339
"108","2023-10-05T23:00:00Z",4.44087202419859,FALSE,FALSE,4.60597285929654,66,275,78.1983673469388,1.03717757102621
"108","2023-10-06T00:00:00Z",4.02022303616119,FALSE,FALSE,4.35466823188922,60,253,72.9339583333333,1.08319070676422
"108","2023-10-06T01:00:00Z",3.75410274622097,FALSE,FALSE,4.22373470081519,48,258,76.0987755102041,1.12509832211358
"108","2023-10-06T02:00:00Z",3.52625412103319,FALSE,FALSE,4.00748010256865,42,248,84.1651020408163,1.1364694559774
"108","2023-10-06T03:00:00Z",3.31457471346742,FALSE,FALSE,3.94546764188691,36,252,87.394693877551,1.1903390277661
"108","2023-10-06T04:00:00Z",3.9867664509315,FALSE,FALSE,4.07013445392564,72,225,91.2448979591837,1.02091118304025
"108","2023-10-06T05:00:00Z",4.19935349254304,FALSE,FALSE,4.09827093293683,84,226,93.96625,0.975929018648774
"108","2023-10-06T06:00:00Z",4.19781825523268,FALSE,FALSE,4.3901536703516,72,247,93.7544680851064,1.04581794718701
"108","2023-10-06T07:00:00Z",4.03766614199883,FALSE,FALSE,4.20440244664592,66,244,94.6808333333333,1.04129521827294
"108","2023-10-06T08:00:00Z",3.97953768724639,FALSE,FALSE,4.33395019130899,54,265,94.3352083333333,1.08905871282446
"108","2023-10-06T09:00:00Z",4.0557029652141,FALSE,FALSE,4.30616231870194,60,259,94.7765306122449,1.06175485622
"108","2023-10-06T10:00:00Z",3.94074315819888,FALSE,FALSE,4.17907055247637,60,249,95.568125,1.06047777911677
"108","2023-10-06T11:00:00Z",4.00331537666031,FALSE,FALSE,4.05013123443823,84,220,96.4220833333333,1.0116942717156
"108","2023-10-06T12:00:00Z",3.7290728695132,FALSE,FALSE,3.66823175250485,78,211,96.7070212765957,0.98368465322688
"108","2023-10-06T13:00:00Z",3.98053865657072,FALSE,FALSE,3.97186790260974,78,220,96.2012244897959,0.997821713413918
"108","2023-10-06T14:00:00Z",3.96799774619038,FALSE,FALSE,4.05608767479974,72,227,94.3991836734694,1.02220009542443
"108","2023-10-06T15:00:00Z",4.12072827984047,FALSE,FALSE,4.24354391847803,66,243,92.3212765957447,1.02980435260398
"108","2023-10-06T16:00:00Z",3.291169241939,FALSE,FALSE,3.73592317006196,54,218,94.5733333333333,1.1351355385969
"108","2023-10-06T17:00:00Z",3.90419044575093,FALSE,FALSE,4.02130762758314,66,236,95.1161224489796,1.02999781477353
"108","2023-10-06T18:00:00Z",3.68722877737255,FALSE,FALSE,4.00392092043079,60,233,95.8097872340426,1.08588893236072
"108","2023-10-06T19:00:00Z",3.64787704456498,FALSE,FALSE,3.85635758577712,66,221,96.0508163265306,1.05715119744038
"108","2023-10-06T20:00:00Z",3.97752572890711,FALSE,FALSE,4.06218363959066,78,227,95.1191836734694,1.02128406362485
"108","2023-10-06T21:00:00Z",4.1485377375112,FALSE,FALSE,4.23131071400277,72,239,95.3887755102041,1.01995232579015
"108","2023-10-06T22:00:00Z",3.73663007044011,FALSE,FALSE,4.01578880974722,66,236,96.1670833333333,1.07470869046296
"108","2023-10-06T23:00:00Z",3.8322931206529,FALSE,FALSE,4.1042478861215,60,246,96.5389361702128,1.07096397819963
"108","2023-10-07T00:00:00Z",3.84215001715329,FALSE,FALSE,4.00990477743017,72,224,97.2347826086957,1.04366168929582
"108","2023-10-07T01:00:00Z",3.93549451735489,FALSE,FALSE,3.75108675345903,90,208,97.6187755102041,0.953142416262391
"108","2023-10-07T02:00:00Z",3.61242232065108,FALSE,FALSE,3.60066067956524,78,200,97.2667346938776,0.996744112387247
"108","2023-10-07T03:00:00Z",4.00236462532316,FALSE,FALSE,4.15955043211767,72,237,97.1297872340426,1.03927323507708
"108","2023-10-07T04:00:00Z",4.09437766020133,FALSE,FALSE,4.25580348304112,72,241,97.253829787234,1.03942621717798
"108","2023-10-07T05:00:00Z",3.82349667892592,FALSE,FALSE,3.92085857878028,78,227,97.8191836734694,1.02546409949588
"108","2023-10-07T06:00:00Z",3.62069832513042,FALSE,FALSE,3.58077163542152,84,199,98.1752083333333,0.988972654962228
"108","2023-10-07T07:00:00Z",3.66450766423165,FALSE,FALSE,3.93303930720486,66,232,98.2132653061225,1.07327905071513
"108","2023-10-07T08:00:00Z",3.88960912460157,FALSE,FALSE,3.84545921503151,84,216,98.1859183673469,0.988649268305442
"108","2023-10-07T09:00:00Z",3.70819348083445,FALSE,FALSE,3.55931228129427,90,195,98.4126530612245,0.95985074664802
"108","2023-10-07T10:00:00Z",3.51753258523894,FALSE,FALSE,3.3856709981129,90,180,98.5018367346939,0.962513044604224
"108","2023-10-07T11:00:00Z",3.4100179183546,FALSE,FALSE,3.11299379178323,102,173,98.6875510204082,0.912896608263368
"108","2023-10-07T12:00:00Z",3.16207210725234,FALSE,FALSE,2.90673918860293,108,163,98.794693877551,0.919251392761161
"108","2023-10-07T17:00:00Z",3.53821070818794,FALSE,FALSE,3.78114303743484,66,217,98.0136734693878,1.06865965576463
"108","2023-10-07T18:00:00Z",3.42337418080012,FALSE,FALSE,3.81668534895556,42,243,93.0742857142857,1.1148899148569
"108","2023-10-07T19:00:00Z",3.04613568997565,FALSE,FALSE,3.57107018153151,36,234,89.4369387755102,1.17232800668839
"108","2023-10-07T20:00:00Z",3.05647192266049,FALSE,FALSE,3.68735525692329,18,265,92.4797959183673,1.20640900692903
"108","2023-10-07T21:00:00Z",3.88875779643753,FALSE,FALSE,4.03690371282961,72,230,97.76125,1.03809594841
"108","2023-10-07T22:00:00Z",3.42972184667961,FALSE,FALSE,3.19378553593884,96,186,98.3581632653061,0.931208324963967
"108","2023-10-07T23:00:00Z",1.44255162079588,FALSE,FALSE,2.38720824587128,66,149,98.9416666666667,1.65485117583121
"108","2023-10-08T00:00:00Z",3.45711965477331,FALSE,FALSE,3.94033381348962,42,252,98.4365306122449,1.13977362861859
"108","2023-10-08T15:00:00Z",3.11109274998654,FALSE,FALSE,3.45624968251554,42,215,99.1739583333333,1.11094395450939
"108","2023-10-08T16:00:00Z",3.15697616730726,FALSE,FALSE,3.3592251750353,54,205,98.5438775510204,1.06406415411763
"108","2023-10-08T17:00:00Z",3.38967857687877,FALSE,FALSE,3.67493769976953,54,216,97.7516326530612,1.08415521307434
"108","2023-10-08T18:00:00Z",3.47565280082102,FALSE,FALSE,3.46584083055575,72,202,96.260612244898,0.997176941763875
"108","2023-10-08T19:00:00Z",3.7395701782851,FALSE,FALSE,3.51219241871759,78,205,82.7312244897959,0.939196819760771
"108","2023-10-08T20:00:00Z",3.57295168967412,FALSE,FALSE,3.69536413105335,60,218,79.9028571428571,1.03426087224549
"108","2023-10-08T21:00:00Z",3.28090240998264,FALSE,FALSE,3.61438044856935,48,219,78.9829166666667,1.10164216941414
"108","2023-10-08T22:00:00Z",2.93590108576995,FALSE,FALSE,3.42141452490789,30,218,82.9032653061224,1.16537118416256
"108","2023-10-08T23:00:00Z",3.15383215378467,FALSE,FALSE,3.57744883248536,48,210,85.6659183673469,1.13431807973431
"108","2023-10-09T01:00:00Z",2.98818324732661,FALSE,FALSE,3.41583522699228,42,206,86.740612244898,1.14311437561544
"108","2023-10-09T02:00:00Z",2.56769722060165,FALSE,FALSE,3.05591902298575,30,197,87.5644897959184,1.19013994269531
"108","2023-10-09T03:00:00Z",2.67509600263406,FALSE,FALSE,3.24622946016534,36,192,88.9870833333333,1.21350017231864
"108","2023-10-09T04:00:00Z",2.28384568342861,FALSE,FALSE,2.7464612209478,30,176,89.7330612244898,1.20255989311182
"108","2023-10-09T05:00:00Z",2.27175063062271,FALSE,FALSE,2.73387622220651,24,181,91.0876086956522,1.20342267560288
"108","2023-10-09T06:00:00Z",2.10196905661506,FALSE,FALSE,2.63022673157818,30,173,92.8536734693878,1.25131562869617
"108","2023-10-09T07:00:00Z",2.56956116277322,FALSE,FALSE,2.97510039274729,42,182,93.1214285714286,1.15782431484775
"108","2023-10-09T08:00:00Z",2.36909852966787,FALSE,FALSE,2.82006341256447,36,178,93.8736734693878,1.19035294532888
"108","2023-10-09T09:00:00Z",1.8141327949648,FALSE,FALSE,2.32540413297027,18,165,94.515306122449,1.28182685381386
"108","2023-10-09T10:00:00Z",2.07839555338229,FALSE,FALSE,2.53575412177179,36,161,95.1134693877551,1.22005366959394
"108","2023-10-09T11:00:00Z",1.9162450307463,FALSE,FALSE,2.41395515467718,24,163,96.118085106383,1.25973198413829
"108","2023-10-09T12:00:00Z",2.56680034192378,FALSE,FALSE,2.48337001403728,72,145,95.650612244898,0.967496370277104
"108","2023-10-09T13:00:00Z",3.22118545499708,FALSE,FALSE,3.1191363122016,84,170,96.520612244898,0.968319382965931
"108","2023-10-09T14:00:00Z",3.47361339314121,FALSE,FALSE,3.18753357161165,90,181,88.6442857142857,0.917642008723699
"108","2023-10-09T15:00:00Z",3.79483287913922,FALSE,FALSE,3.48477024835177,90,190,80.9795918367347,0.91829346886607
"108","2023-10-09T16:00:00Z",2.74970720651192,FALSE,FALSE,2.73229977921614,48,172,72.95125,0.993669352411575
"108","2023-10-09T17:00:00Z",3.46032037859621,FALSE,FALSE,3.17903282148895,84,180,69.17875,0.918710545171726
"108","2023-10-09T18:00:00Z",3.60513778569764,FALSE,FALSE,3.38185785860716,84,194,66.3051020408163,0.938066187656881
"108","2023-10-09T19:00:00Z",2.69756771894826,FALSE,FALSE,3.1650680126768,42,196,68.6142857142857,1.17330437728949
"108","2023-10-09T20:00:00Z",2.4752667832707,FALSE,FALSE,3.00637101574096,42,186,69.1351020408163,1.21456444051194
"108","2023-10-09T21:00:00Z",2.61549811393346,FALSE,FALSE,3.1639946390316,36,203,71.4220408163265,1.2097101589086
"108","2023-10-09T22:00:00Z",2.26230646634718,FALSE,FALSE,2.91412464916977,24,195,74.0222448979592,1.28812108019788
"108","2023-10-09T23:00:00Z",2.16848233243004,FALSE,FALSE,2.60366593968827,18,178,74.4148979591837,1.20068579796569
"108","2023-10-10T00:00:00Z",2.6468290488847,FALSE,FALSE,3.01992516270237,30,199,78.8512244897959,1.14095965660301
"108","2023-10-10T01:00:00Z",2.79406612198152,FALSE,FALSE,3.22667023849061,42,201,78.9059183673469,1.15482959157827
"108","2023-10-10T02:00:00Z",2.83607236770322,FALSE,FALSE,3.18556920592922,48,190,77.5702083333333,1.12323269399118
"108","2023-10-10T03:00:00Z",2.5172560317216,FALSE,FALSE,2.91753863776831,42,175,77.7085714285714,1.15901545214411
"108","2023-10-10T04:00:00Z",2.23944270020019,FALSE,FALSE,2.71497400240028,24,178,85.0824489795918,1.21234358983938
"108","2023-10-10T05:00:00Z",2.19206843627583,FALSE,FALSE,2.63173136306531,18,180,87.0712244897959,1.20056989075416
"108","2023-10-10T06:00:00Z",2.22023430126228,FALSE,FALSE,2.65925235321118,24,178,87.544693877551,1.19773501008398
"108","2023-10-10T07:00:00Z",2.24020835162332,FALSE,FALSE,2.67170455647366,36,168,89.039387755102,1.19261431845733
"108","2023-10-10T08:00:00Z",2.35660831544794,FALSE,FALSE,2.54082490125411,42,161,89.9639583333333,1.07817021801994
"108","2023-10-10T09:00:00Z",1.92626252486289,FALSE,FALSE,2.26837899829506,18,162,92.2704081632653,1.1776063589549
"108","2023-10-10T10:00:00Z",2.51331202537485,FALSE,FALSE,2.52831579574308,48,156,94.2758333333333,1.00596972051888
"108","2023-10-10T11:00:00Z",2.44912936508289,FALSE,FALSE,2.65231620830785,42,162,93.03,1.08296288718831
"108","2023-10-10T12:00:00Z",2.55659845768051,FALSE,FALSE,2.51778357135428,60,151,93.6326530612245,0.984817761972115
"108","2023-10-10T13:00:00Z",2.67542613600102,FALSE,FALSE,2.3784754535516,96,137,87.8038775510204,0.889008080449842
"108","2023-10-10T14:00:00Z",2.74877185921944,FALSE,FALSE,2.88417500593502,60,161,83.4226530612245,1.04925950702727
"108","2023-10-10T15:00:00Z",3.10107478510364,FALSE,FALSE,2.64722416266217,102,150,82.2824489795918,0.853647314595057
"108","2023-10-10T16:00:00Z",3.35777107044145,FALSE,FALSE,3.50355002333405,66,194,81.2767346938776,1.04341539367466
"108","2023-10-10T17:00:00Z",2.94243528521705,FALSE,FALSE,3.17605303769188,54,190,75.22,1.07939605457035
"108","2023-10-10T18:00:00Z",2.25686945878694,FALSE,FALSE,2.71843940833986,30,180,70.5144897959184,1.20451778801642
"108","2023-10-10T19:00:00Z",2.4629175344133,FALSE,FALSE,3.04760852118092,36,197,74.4467346938775,1.23739771169679
"108","2023-10-10T20:00:00Z",3.22827309293053,FALSE,FALSE,3.43116984014448,60,200,78.9804081632653,1.06284993288154
"108","2023-10-10T21:00:00Z",2.78683859635918,FALSE,FALSE,3.29063549760885,54,195,73.6936734693878,1.1807772082344
"108","2023-10-10T22:00:00Z",2.39416351869852,FALSE,FALSE,2.90054038944083,12,209,76.4569387755102,1.21150471418827
"108","2023-10-10T23:00:00Z",2.41229743753043,FALSE,FALSE,2.87399166906154,18,200,81.5020408163265,1.19139191724374
"108","2023-10-11T00:00:00Z",2.14759278000621,FALSE,FALSE,2.62245504004266,18,185,85.2829166666667,1.22111373462295
"108","2023-10-11T01:00:00Z",2.5752469940965,FALSE,FALSE,2.98199833921204,42,186,88.3929166666667,1.15794653718574
"108","2023-10-11T02:00:00Z",2.55497861896594,FALSE,FALSE,2.97074867930148,42,183,89.2691836734694,1.16272936972905
"108","2023-10-11T03:00:00Z",2.32328251695213,FALSE,FALSE,2.81871696642465,36,176,91.3730612244898,1.2132476123147
"108","2023-10-11T04:00:00Z",2.69302417666773,FALSE,FALSE,3.03241617379133,42,180,91.9738775510204,1.12602634616654
"108","2023-10-11T05:00:00Z",2.47418006687348,FALSE,FALSE,2.86273101258746,36,177,92.0079591836735,1.15704230703183
"108","2023-10-11T06:00:00Z",2.03136532377207,FALSE,FALSE,2.52600307335221,24,166,93.0075510204082,1.24350014435692
"108","2023-10-11T07:00:00Z",2.70786325520047,FALSE,FALSE,2.95567375660748,54,168,95.2942553191489,1.09151514609576
"108","2023-10-11T08:00:00Z",3.10424456977511,FALSE,FALSE,3.8836091603091,60,426,95.0817021276596,1.25106417133572
"108","2023-10-11T09:00:00Z",2.57184947111458,FALSE,FALSE,2.88926150309926,42,170,94.0170833333333,1.12341781101486
"108","2023-10-11T10:00:00Z",2.32819089303018,FALSE,FALSE,2.8375277097587,24,185,94.5078723404255,1.21876935360124
"108","2023-10-11T11:00:00Z",3.02215523499684,FALSE,FALSE,3.03217260172047,72,163,95.6954166666667,1.00331464334049
"108","2023-10-11T12:00:00Z",3.04731650289861,FALSE,FALSE,3.40881357255941,60,191,95.9127083333333,1.11862800247921
"108","2023-10-11T13:00:00Z",3.49155784503294,FALSE,FALSE,3.41299982756864,72,194,95.0635416666667,0.977500582562006
"108","2023-10-11T14:00:00Z",3.11942003760952,FALSE,FALSE,3.45202869129456,48,209,90.3887755102041,1.1066251577777
"108","2023-10-11T15:00:00Z",3.67989533362362,FALSE,FALSE,3.36263282844349,96,187,84.6351020408163,0.913784910597519
"108","2023-10-11T16:00:00Z",3.33248024916877,FALSE,FALSE,3.27563927423189,72,189,74.9942857142857,0.982943342289556
"108","2023-10-11T17:00:00Z",3.75706793068523,FALSE,FALSE,4.00674238734844,66,227,72.9270833333333,1.06645460270336
"108","2023-10-11T18:00:00Z",3.47755052420038,FALSE,FALSE,3.7823727820582,60,219,70.1467346938775,1.08765430027157
"108","2023-10-11T19:00:00Z",3.34291321501066,FALSE,FALSE,3.15348305244179,84,173,74.2569387755102,0.9433338078541
"108","2023-10-11T20:00:00Z",3.03050710003399,FALSE,FALSE,3.50826079635006,42,224,73.4916666666667,1.15764810328632
"108","2023-10-11T21:00:00Z",2.80608975428423,FALSE,FALSE,3.49222746048423,30,225,73.3491489361702,1.24451737694863
"108","2023-10-11T22:00:00Z",3.02767847621576,FALSE,FALSE,3.64025036216005,42,220,76.0704081632653,1.20232395571604
"108","2023-10-11T23:00:00Z",2.92422021880103,FALSE,FALSE,3.64558372906744,36,224,76.7182978723404,1.24668576792831
"108","2023-10-12T00:00:00Z",2.61141245057448,FALSE,FALSE,3.03116192379835,24,210,81.2318367346939,1.16073656734367
"108","2023-10-12T01:00:00Z",2.92336434147019,FALSE,FALSE,3.0744545379414,48,189,83.6687755102041,1.05168366950636
"108","2023-10-12T02:00:00Z",3.40833812365962,FALSE,FALSE,3.59820727318936,66,199,83.4075510204082,1.05570725164024
"108","2023-10-12T03:00:00Z",3.08298823098797,FALSE,FALSE,3.39083408708711,54,200,84.7575510204082,1.09985307533934
"108","2023-10-12T04:00:00Z",3.36064760086261,FALSE,FALSE,3.36688203650989,66,195,87.885918367347,1.00185512924523
"108","2023-10-12T05:00:00Z",3.253033394922,FALSE,FALSE,3.42762733980388,60,199,88.7379591836735,1.05367111974763
"108","2023-10-12T06:00:00Z",2.63812392721548,FALSE,FALSE,3.07705844317321,42,184,89.0828571428571,1.16638131038106
"108","2023-10-12T07:00:00Z",2.76117343751994,FALSE,FALSE,3.19897033216937,36,199,90.0720408163265,1.15855465241714
"108","2023-10-12T08:00:00Z",2.7382591867273,FALSE,FALSE,3.10153538547338,48,188,90.6763829787234,1.13266684195087
"108","2023-10-12T09:00:00Z",2.40268816060432,FALSE,FALSE,2.91263045776882,12,202,90.7734693877551,1.21223823612476
"108","2023-10-12T10:00:00Z",2.10635354836824,FALSE,FALSE,2.60593227393354,18,185,91.4779591836735,1.23717705223433
"108","2023-10-12T11:00:00Z",2.24169930496873,FALSE,FALSE,2.72720931116988,24,179,92.3417021276596,1.21658123599584
"108","2023-10-12T12:00:00Z",2.79494055899065,FALSE,FALSE,2.93920979406033,66,162,94.9941666666667,1.05161799760127
"108","2023-10-12T13:00:00Z",3.52600567145817,FALSE,FALSE,3.16627718626268,90,180,93.9275510204082,0.89797847232426
"108","2023-10-12T14:00:00Z",3.56733979058291,FALSE,FALSE,3.47732882551103,72,196,79.3804166666667,0.974768042755699
"108","2023-10-12T15:00:00Z",3.63960529444399,FALSE,FALSE,3.53875429000124,78,195,73.8669387755102,0.972290675421124
"108","2023-10-12T16:00:00Z",3.02911804931461,FALSE,FALSE,3.25169076184304,60,192,67.7610204081633,1.07347772813898
"108","2023-10-12T17:00:00Z",3.04420859180574,FALSE,FALSE,3.03366972841026,66,185,64.0483673469388,0.996538061345781
"108","2023-10-12T18:00:00Z",3.5457717320594,FALSE,FALSE,3.22684143929192,90,192,62.6764583333333,0.91005334892716
"108","2023-10-12T19:00:00Z",3.51857211643368,FALSE,FALSE,3.66467289520156,66,210,67.2851020408163,1.04152274670896
"108","2023-10-12T20:00:00Z",3.77851067733642,FALSE,FALSE,3.84975039860555,66,225,69.8387755102041,1.01885391556425
"108","2023-10-12T21:00:00Z",3.01106497442626,FALSE,FALSE,3.67564036647786,30,242,71.0136734693878,1.22071107654468
"108","2023-10-12T22:00:00Z",3.04706192292457,FALSE,FALSE,3.61341887832399,42,222,77.5020408163265,1.18586985421544
"108","2023-10-12T23:00:00Z",2.81988949601902,FALSE,FALSE,3.17835232272003,36,205,80.0242857142857,1.12711945883237
"108","2023-10-13T00:00:00Z",3.15970247840622,FALSE,FALSE,3.56962957184723,42,217,81.1359183673469,1.12973597870132
"108","2023-10-13T01:00:00Z",2.67272939427282,FALSE,FALSE,3.16606484327471,24,214,80.57,1.18458114392688
"108","2023-10-13T02:00:00Z",2.44709325347969,FALSE,FALSE,2.94869536882994,36,184,82.2057142857143,1.2049787496398
"108","2023-10-13T03:00:00Z",2.73902177784206,FALSE,FALSE,3.15949088471116,42,189,85.9866666666667,1.15351068409553
"108","2023-10-13T04:00:00Z",2.45829224843401,FALSE,FALSE,2.91551430242791,24,188,88.7897959183673,1.18599174052034
"108","2023-10-13T05:00:00Z",2.45573365908868,FALSE,FALSE,2.86856825109075,42,173,90.5720833333333,1.1681104913288
"108","2023-10-13T06:00:00Z",2.43737269683102,FALSE,FALSE,2.84774187113143,36,179,89.570612244898,1.16836537753704
"108","2023-10-13T07:00:00Z",2.11158779274552,FALSE,FALSE,2.66031274270668,30,172,90.5291836734694,1.2598636683951
"108","2023-10-13T08:00:00Z",1.95836134054592,FALSE,FALSE,2.42769235005663,24,166,92.2830612244898,1.23965496039658
"108","2023-10-13T09:00:00Z",2.64789013221248,FALSE,FALSE,2.87135265323329,54,166,92.9636734693878,1.08439267109398
"108","2023-10-13T10:00:00Z",2.35374774124881,FALSE,FALSE,2.80359012854804,36,174,90.1865957446808,1.19111750142798
"108","2023-10-13T11:00:00Z",1.88347242994426,FALSE,FALSE,2.32463420637917,24,156,91.1575510204082,1.2342278917499
"108","2023-10-13T12:00:00Z",2.27054977258235,FALSE,FALSE,2.43830813069652,42,152,93.1744897959184,1.07388446628209
"108","2023-10-13T13:00:00Z",3.338566693308,FALSE,FALSE,3.01506085091392,90,167,90.1229787234043,0.903100380458915
"108","2023-10-13T14:00:00Z",3.20568990238381,FALSE,FALSE,2.89908850626367,90,159,80.4079591836735,0.904357125780584
"108","2023-10-13T15:00:00Z",3.36569657738823,FALSE,FALSE,2.9877457872849,96,170,74.7177551020408,0.887705031807526
"108","2023-10-13T16:00:00Z",3.16514734946763,FALSE,FALSE,2.90986524684637,84,170,67.9525531914894,0.919345902596228
"108","2023-10-13T17:00:00Z",3.16808243483031,FALSE,FALSE,3.05368130421778,78,172,66.9132653061225,0.963889471639126
"108","2023-10-13T18:00:00Z",3.15244230433245,FALSE,FALSE,2.99215008296562,78,172,63.8063265306122,0.94915300395933
"108","2023-10-13T19:00:00Z",3.28967761168878,FALSE,FALSE,3.12399807105044,84,176,64.2291836734694,0.949636541875821
"108","2023-10-13T21:00:00Z",2.6706400111422,FALSE,FALSE,3.04443825897741,48,182,68.4055102040816,1.13996579332133
"108","2023-10-13T22:00:00Z",2.13085371713804,FALSE,FALSE,2.66526120678169,18,184,72.1524489795918,1.25079501485509
"108","2023-10-13T23:00:00Z",2.23051050481752,FALSE,FALSE,2.72041874679542,30,174,79.0102040816327,1.21963951342967
"108","2023-10-14T00:00:00Z",2.22208570236003,FALSE,FALSE,2.76273258676002,36,171,83.0924489795918,1.24330604522849
"108","2023-10-14T01:00:00Z",2.68631521033558,FALSE,FALSE,2.89470689249286,54,165,85.8910204081633,1.07757529025466
"108","2023-10-14T02:00:00Z",2.30237130103792,FALSE,FALSE,2.72070576490788,36,168,81.4608163265306,1.18169721959328
"108","2023-10-14T03:00:00Z",2.81784562346019,FALSE,FALSE,2.98513059165692,54,171,86.4079166666667,1.059366264356
"108","2023-10-14T04:00:00Z",2.59137508497196,FALSE,FALSE,2.96841668935083,42,178,87.9151020408163,1.14549866075561
"108","2023-10-14T05:00:00Z",2.61510861454647,FALSE,FALSE,3.08687363574672,48,171,90.1284444444444,1.18039978094067
"108","2023-10-14T07:00:00Z",2.37223935005756,FALSE,FALSE,2.73539642240745,48,165,90.160625,1.15308618514446
"108","2023-10-14T08:00:00Z",2.60745134188747,FALSE,FALSE,2.88017180827469,54,168,91.5881632653061,1.10459273467777
"108","2023-10-14T09:00:00Z",2.81494118464724,FALSE,FALSE,2.91049824818564,54,174,92.7041666666667,1.03394638014449
"108","2023-10-14T10:00:00Z",2.65078962751764,FALSE,FALSE,2.90636557536507,48,173,92.1183333333333,1.09641502486441
"108","2023-10-14T11:00:00Z",2.5054095933716,FALSE,FALSE,2.71072493438602,48,162,92.7277083333333,1.08194881250459
"108","2023-10-14T12:00:00Z",3.04545639232032,FALSE,FALSE,2.92636800480477,72,167,92.6254347826087,0.960896374081778
"108","2023-10-14T13:00:00Z",3.38636379203873,FALSE,FALSE,3.26785455232382,84,175,89.8363829787234,0.965003984511789
"108","2023-10-14T14:00:00Z",2.9976060434288,FALSE,FALSE,2.85248216101108,84,161,82.7191666666667,0.951586739446348
"108","2023-10-14T15:00:00Z",3.30643687748832,FALSE,FALSE,2.84775537686493,108,159,76.7481632653061,0.861276196214029
"108","2023-10-14T16:00:00Z",3.12622676313975,FALSE,FALSE,3.14081548303497,72,177,75.0346808510638,1.00466655844267
"108","2023-10-14T17:00:00Z",2.88772101995744,FALSE,FALSE,3.02601968601696,66,170,73.7277551020408,1.04789197609593
"108","2023-10-14T18:00:00Z",3.29979753028159,FALSE,FALSE,3.19084669567411,78,178,75.2826530612245,0.966982569806886
"108","2023-10-14T19:00:00Z",3.13367034113916,FALSE,FALSE,3.16605121498094,72,176,75.57375,1.0103332100434
"108","2023-10-14T20:00:00Z",2.86653320706074,FALSE,FALSE,3.40419864466756,48,197,74.3595744680851,1.18756644307572
"108","2023-10-14T21:00:00Z",2.72541488397774,FALSE,FALSE,3.27474507778833,36,205,77.5797959183674,1.20155837448456
"108","2023-10-14T22:00:00Z",2.34852947368305,FALSE,FALSE,3.00523432544518,36,186,82.239375,1.27962384935807
"108","2023-10-14T23:00:00Z",2.39818790700717,FALSE,FALSE,2.80610434633688,48,169,85.0880434782609,1.17009361032046
"108","2023-10-15T00:00:00Z",2.39835832064901,FALSE,FALSE,2.84517177401302,42,173,86.3691836734694,1.18629970739447
"108","2023-10-15T01:00:00Z",2.59370412614803,FALSE,FALSE,2.87929194580088,48,175,87.4010416666667,1.11010809474132
"108","2023-10-15T02:00:00Z",2.24217479591542,FALSE,FALSE,2.77667752861708,36,174,87.8779591836735,1.23838584470549
"108","2023-10-15T03:00:00Z",2.54410360353009,FALSE,FALSE,2.81950971493465,54,167,88.23,1.10825271070817
"108","2023-10-15T04:00:00Z",2.70280702824533,FALSE,FALSE,2.81834282969225,54,166,88.3658333333333,1.04274659649747
"108","2023-10-15T05:00:00Z",2.62946149244794,FALSE,FALSE,2.86498023440897,42,176,86.6459183673469,1.0895691922614
"108","2023-10-15T06:00:00Z",2.41720701768089,FALSE,FALSE,2.85325366982057,42,174,87.4069387755102,1.18039276278373
"108","2023-10-15T07:00:00Z",2.8393025136094,FALSE,FALSE,2.7489121392861,66,163,89.1448979591837,0.968164584826717
"108","2023-10-15T08:00:00Z",2.86596656056079,FALSE,FALSE,2.82302739812429,66,165,88.1555102040816,0.985017563349343
"108","2023-10-15T09:00:00Z",2.89392973023155,FALSE,FALSE,2.84442968933617,72,167,90.7014583333333,0.982895216708867
"108","2023-10-15T10:00:00Z",2.24371190775221,FALSE,FALSE,2.44293193181399,48,151,90.6255319148936,1.08879037606096
"108","2023-10-15T11:00:00Z",2.63189587124798,FALSE,FALSE,2.57191003643054,66,154,90.8333333333333,0.977208127619046
"108","2023-10-15T12:00:00Z",2.47817922520907,FALSE,FALSE,2.50510991958079,54,152,90.77125,1.01086712942219
"108","2023-10-15T13:00:00Z",2.89067759036351,FALSE,FALSE,2.74317823412042,78,155,89.8575510204082,0.948974124013415
"108","2023-10-15T14:00:00Z",2.68236465269712,FALSE,FALSE,2.52183143825619,84,146,85.4310638297872,0.940152352410581
"108","2023-10-15T15:00:00Z",3.12472265491623,FALSE,FALSE,2.78178529207818,96,161,81.4985714285714,0.890250303559421
"108","2023-10-15T16:00:00Z",3.17400887953438,FALSE,FALSE,2.77800708647869,102,155,74.5385714285714,0.875236079013813
"108","2023-10-15T17:00:00Z",3.00672635804713,FALSE,FALSE,2.80413692953035,84,160,73.1338775510204,0.932621261667336
"108","2023-10-15T18:00:00Z",2.86550866283888,FALSE,FALSE,2.7347632937822,78,157,67.3734693877551,0.954372718968801
"108","2023-10-15T19:00:00Z",3.0570069159211,FALSE,FALSE,2.89778202713329,84,162,68.8675510204082,0.947914776391722
"108","2023-10-15T20:00:00Z",3.1306746589781,FALSE,FALSE,3.01070680594597,78,173,68.4004081632653,0.96167987220004
"108","2023-10-15T21:00:00Z",2.85574694768032,FALSE,FALSE,2.99794176671994,60,171,71.6365306122449,1.04979251370823
"108","2023-10-15T22:00:00Z",2.27432376153602,FALSE,FALSE,2.5206366478083,48,152,73.9973469387755,1.10830159295611
"108","2023-10-15T23:00:00Z",1.91495170884948,FALSE,FALSE,2.35081353451712,24,160,77.405,1.22760982621829
"108","2023-10-16T00:00:00Z",2.36698588144402,FALSE,FALSE,2.39147581831936,48,150,83.3225,1.01034646512568
"108","2023-10-16T01:00:00Z",2.10167712232438,FALSE,FALSE,2.22161483955269,24,151,86.6340816326531,1.05706762278292
"108","2023-10-16T02:00:00Z",2.15428506180485,FALSE,FALSE,2.42833037086451,42,148,87.5245833333333,1.12720939949797
"108","2023-10-16T03:00:00Z",2.43429890744829,FALSE,FALSE,2.45309770233188,54,150,88.685,1.00772246778162
"108","2023-10-16T04:00:00Z",2.92943862980859,FALSE,FALSE,2.68926401385899,84,154,90.1351020408163,0.918013433186246
"108","2023-10-16T05:00:00Z",2.19579816030774,FALSE,FALSE,2.2581362747185,48,140,93.0971428571429,1.0283897288638
"108","2023-10-16T06:00:00Z",2.15199630046139,FALSE,FALSE,2.22162195190329,48,138,95.0595833333333,1.03235398287022
"108","2023-10-16T07:00:00Z",2.22390521114927,FALSE,FALSE,2.26425586516631,54,140,95.3714285714286,1.01814405299954
"108","2023-10-16T08:00:00Z",2.11651414068777,FALSE,FALSE,2.26495198536761,48,142,95.2589795918367,1.07013316935912
"108","2023-10-16T09:00:00Z",2.2659075767488,FALSE,FALSE,2.32137964402862,48,143,95.5648979591837,1.02448116942149
"108","2023-10-16T10:00:00Z",2.24801749885354,FALSE,FALSE,2.36803060237727,54,142,95.106875,1.05338619631961
"108","2023-10-16T11:00:00Z",2.18100104287765,FALSE,FALSE,2.25517782480738,66,129,96.0502040816327,1.03401042937231
"108","2023-10-16T12:00:00Z",2.35356618607287,FALSE,FALSE,2.52437253450157,66,140,96.4834693877551,1.07257342047121
"108","2023-10-16T13:00:00Z",2.76879713024593,FALSE,FALSE,2.87770597159152,72,158,94.5589361702128,1.03933435214733
"108","2023-10-16T14:00:00Z",3.1143849740332,FALSE,FALSE,2.99473194685949,72,168,89.1885714285714,0.961580527721735
"108","2023-10-16T15:00:00Z",3.23464915006313,FALSE,FALSE,3.01975217371019,84,167,84.3642857142857,0.933564053972053
"108","2023-10-16T16:00:00Z",2.92244783857352,FALSE,FALSE,2.62692234994093,96,149,80.0704166666667,0.898877412033868
"108","2023-10-16T17:00:00Z",2.52229806336397,FALSE,FALSE,2.28296506598601,84,137,75.6544897959184,0.905113118527014
"108","2023-10-16T18:00:00Z",2.48864874916106,FALSE,FALSE,2.61706605445472,48,160,76.7451020408163,1.05160121746267
"108","2023-10-16T19:00:00Z",2.10584796999387,FALSE,FALSE,2.46319633087974,30,159,84.01125,1.16969333303149
"108","2023-10-16T20:00:00Z",2.46256024411676,FALSE,FALSE,2.82763298684184,42,171,93.9925,1.14824926358544
"108","2023-10-16T21:00:00Z",2.7032691898978,FALSE,FALSE,2.80197132322356,60,164,96.035625,1.03651213637718
"108","2023-10-16T22:00:00Z",2.04421431158782,FALSE,FALSE,2.49438091335145,24,166,95.1585714285714,1.22021497414035
"108","2023-10-16T23:00:00Z",1.10095256025569,FALSE,FALSE,1.20118724712836,90,90,97.1640816326531,1.09104360214157
"108","2023-10-17T00:00:00Z",1.1568860376159,FALSE,FALSE,1.24185510403321,84,85,97.6985714285714,1.07344635828816
"108","2023-10-17T01:00:00Z",1.19424025647036,FALSE,FALSE,1.33927274157592,78,90,97.9426530612245,1.12144330616874
"108","2023-10-17T02:00:00Z",1.95999413012079,FALSE,FALSE,2.05371744351003,54,128,97.8942553191489,1.04781816024289
"108","2023-10-17T03:00:00Z",1.51688611938103,FALSE,FALSE,1.5224862277185,96,94,97.8795918367347,1.00369184493543
"108","2023-10-17T04:00:00Z",0.78920629581515,FALSE,FALSE,0.981638541089134,108,93,98.4036734693878,1.24383009397464
"108","2023-10-17T07:00:00Z",1.35657307572674,FALSE,FALSE,1.55339846437623,72,98,98.4157142857143,1.14509014823551
"108","2023-10-17T08:00:00Z",1.42182226498001,FALSE,FALSE,1.67090272124071,48,119,98.380625,1.1751839610306
"108","2023-10-17T09:00:00Z",1.08865315298892,FALSE,FALSE,1.39748591682977,96,101,98.5620408163265,1.2836833411936
"108","2023-10-19T19:00:00Z",2.43179431937715,FALSE,FALSE,3.1502022492973,24,207,75.6918367346939,1.29542298219701
"108","2023-10-19T20:00:00Z",3.06313441327978,FALSE,FALSE,3.20878261301851,66,187,74.0689795918367,1.04754874585565
"108","2023-10-19T21:00:00Z",2.87794091555674,FALSE,FALSE,3.20670458586064,54,184,74.7612244897959,1.11423572614947
"108","2023-10-19T22:00:00Z",2.58291291918317,FALSE,FALSE,3.17234193860716,36,198,79.074693877551,1.22820321004488
"108","2023-10-19T23:00:00Z",2.59555067304525,FALSE,FALSE,2.90231042274871,48,174,83.6775,1.1181867697245
"108","2023-10-20T00:00:00Z",2.56239918917986,FALSE,FALSE,2.97456150151428,42,177,86.2479591836735,1.1608501571788
"108","2023-10-20T01:00:00Z",2.70911689034876,FALSE,FALSE,2.94054202040997,54,173,89.5971428571429,1.08542456432414
"108","2023-10-20T02:00:00Z",2.71270062793275,FALSE,FALSE,3.07491912790833,42,185,92.0984782608696,1.13352689797238
"108","2023-10-20T03:00:00Z",3.01054857018529,FALSE,FALSE,3.13896008478336,66,174,93.5426530612245,1.04265385912381
"108","2023-10-20T04:00:00Z",3.06692023870616,FALSE,FALSE,3.16507310766969,72,173,93.6204081632653,1.03200372403716
"108","2023-10-20T05:00:00Z",2.69403195446092,FALSE,FALSE,3.08244008743121,54,178,92.9808163265306,1.14417354342332
"108","2023-10-20T06:00:00Z",2.99722935733135,FALSE,FALSE,3.14884639243824,66,179,93.1044897959184,1.05058573002965
"108","2023-10-20T07:00:00Z",2.48644711688056,FALSE,FALSE,2.95893270246973,30,192,93.44,1.19002438555055
"108","2023-10-20T08:00:00Z",3.04811217956246,FALSE,FALSE,3.08661445661279,72,168,93.5028571428571,1.01263151576523
"108","2023-10-20T09:00:00Z",2.33356734255954,FALSE,FALSE,2.74566168754458,54,159,94.2991489361702,1.17659415156755
"108","2023-10-20T10:00:00Z",3.0603850270014,FALSE,FALSE,2.93441063547938,78,164,95.7932653061224,0.958837077553782
"108","2023-10-20T11:00:00Z",3.26026595565797,FALSE,FALSE,3.16086598479821,78,171,95.6797959183673,0.969511698673767
"108","2023-10-20T14:00:00Z",3.35201597378463,FALSE,FALSE,3.21752187653191,84,175,93.1295918367347,0.959876653839192
"108","2023-10-20T15:00:00Z",3.21800748583607,FALSE,FALSE,3.18831217622057,84,172,93.0573469387755,0.990772144021975
"108","2023-10-20T16:00:00Z",3.42529337159413,FALSE,FALSE,3.34519271333664,84,184,93.11,0.976614949562638
"108","2023-10-20T17:00:00Z",3.60406888624161,FALSE,FALSE,3.2537114425524,102,176,90.7410204081633,0.902788360947626
"108","2023-10-20T18:00:00Z",3.3368476730057,FALSE,FALSE,3.09893021853447,84,175,87.7597959183673,0.928699935452277
"108","2023-10-20T19:00:00Z",3.12722396884143,FALSE,FALSE,2.90628926332911,84,161,86.0651063829787,0.929351172888915
"108","2023-10-20T20:00:00Z",3.08798711261739,FALSE,FALSE,2.98591747591227,84,164,96.2616666666667,0.966946223224807
"108","2023-10-20T21:00:00Z",1.31642302526508,FALSE,FALSE,1.57048872318051,108,105,98.0844897959184,1.19299700251313
"108","2023-10-20T22:00:00Z",1.96852756613699,FALSE,FALSE,2.16136060840548,132,117,98.7359183673469,1.09795800962387
"108","2023-10-22T09:00:00Z",2.5576907810478,FALSE,FALSE,2.43854501984286,72,146,98.6330612244898,0.953416667062417
"108","2023-10-22T10:00:00Z",2.47142490379979,FALSE,FALSE,2.27348334074655,78,138,98.09375,0.919907919213362
"108","2023-10-22T11:00:00Z",2.48238587647137,FALSE,FALSE,2.2750621325909,84,136,98.1089795918367,0.916482064353682
"108","2023-10-22T12:00:00Z",2.56248749355975,FALSE,FALSE,2.37667547994276,78,142,96.1220408163265,0.927487640784984
"108","2023-10-22T13:00:00Z",3.04950246048253,FALSE,FALSE,2.76508687138473,90,156,91.4863265306122,0.906733772874936
"108","2023-10-22T14:00:00Z",2.96251705339035,FALSE,FALSE,2.83061114586294,78,156,89.3991666666667,0.955475055451089
"108","2023-10-22T15:00:00Z",2.90907732931674,FALSE,FALSE,2.69920432135171,84,147,87.5036734693877,0.927855816739555
"108","2023-10-22T16:00:00Z",3.35515487135349,FALSE,FALSE,3.18996651752579,78,181,87.7641666666667,0.950765803618163
"108","2023-10-22T17:00:00Z",3.06787718478452,FALSE,FALSE,2.8279643763435,84,156,84.854693877551,0.921798431296113
"108","2023-10-22T18:00:00Z",2.99002843489183,FALSE,FALSE,2.60594194312415,96,157,84.9072916666667,0.87154420095621
"108","2023-10-22T19:00:00Z",3.09433485688362,FALSE,FALSE,2.75714553659343,90,159,84.0340425531915,0.891030112807577
"108","2023-10-22T20:00:00Z",2.88515711932171,FALSE,FALSE,2.69155809383513,84,149,83.6916326530612,0.932898272960575
"108","2023-10-22T21:00:00Z",3.09505567212254,FALSE,FALSE,2.89100660860248,84,158,84.48125,0.934072570856172
"108","2023-10-22T22:00:00Z",2.04135792797772,FALSE,FALSE,2.37647802453495,36,146,86.1373469387755,1.16416528035787
"108","2023-10-22T23:00:00Z",2.52502652500661,FALSE,FALSE,2.47308192776052,66,148,85.7016666666667,0.979428098385636
"108","2023-10-23T00:00:00Z",2.29282450797968,FALSE,FALSE,2.30817572867609,54,140,87.4757142857143,1.00669533173733
"108","2023-10-23T01:00:00Z",2.36320433916331,FALSE,FALSE,2.58973341140637,54,153,86.9470212765957,1.09585674352784
"108","2023-10-23T02:00:00Z",2.06368078656979,FALSE,FALSE,2.11164699696787,42,138,88.6354166666667,1.02324303773638
"108","2023-10-23T03:00:00Z",2.21910494087902,FALSE,FALSE,2.2909884193014,48,137,87.8708163265306,1.03239300544025
"108","2023-10-23T04:00:00Z",2.4301797211529,FALSE,FALSE,2.43594021750445,66,139,87.4089583333333,1.00237039931714
"108","2023-10-23T05:00:00Z",2.34674362933861,FALSE,FALSE,2.29587737588684,66,132,87.864081632653,0.978324750596593
"108","2023-10-23T08:00:00Z",1.85470512306414,FALSE,FALSE,1.97993818091767,48,121,91.3140816326531,1.06752181589202
"108","2023-10-23T09:00:00Z",2.14329397129171,FALSE,FALSE,2.13953858457729,72,120,92.9629166666667,0.998247843382793
"108","2023-10-23T10:00:00Z",1.77155520686561,FALSE,FALSE,1.91894329097929,42,120,94.5495918367347,1.08319700314305
"108","2023-10-23T12:00:00Z",2.15161566032745,FALSE,FALSE,2.20920744522276,72,122,96.1144897959184,1.02676676227879
"108","2023-10-23T13:00:00Z",2.40755133977452,FALSE,FALSE,2.4230501345598,66,135,95.2922448979592,1.00643757602558
"108","2023-10-23T14:00:00Z",2.62591385935113,FALSE,FALSE,2.52681265504256,72,144,91.0967346938776,0.962260298845807
"108","2023-10-23T15:00:00Z",2.59418723505869,FALSE,FALSE,2.43187050124456,84,138,83.0820408163265,0.937430601916265
"108","2023-10-23T16:00:00Z",2.34570914052603,FALSE,FALSE,2.1861715402012,78,127,80.5497916666667,0.931987475527743
"108","2023-10-23T17:00:00Z",2.5318505078056,FALSE,FALSE,2.35534588871801,84,139,79.1502040816327,0.930286318823554
"108","2023-10-23T18:00:00Z",2.5205944248368,FALSE,FALSE,2.32137026714289,78,137,76.9595918367347,0.920961438408796
"108","2023-10-23T19:00:00Z",3.08577551176563,FALSE,FALSE,2.89464085317673,84,156,76.6728571428571,0.938059441505019
"108","2023-10-23T20:00:00Z",2.61745602203648,FALSE,FALSE,2.49875090680863,72,152,79.2325,0.954648668696447
"108","2023-10-23T21:00:00Z",2.99587841988301,FALSE,FALSE,3.02454067544727,66,171,79.5495918367347,1.009567229222
"108","2023-10-23T22:00:00Z",2.64959239836993,FALSE,FALSE,3.00597641337572,54,176,81.5602083333333,1.1345052224731
"108","2023-10-23T23:00:00Z",2.87438743884544,FALSE,FALSE,3.08153976641777,60,170,82.644081632653,1.07206833872595
"108","2023-10-24T00:00:00Z",2.26476136429441,FALSE,FALSE,2.81353435444375,42,165,84.21875,1.24230941007787
"108","2023-10-24T01:00:00Z",2.11986264179131,FALSE,FALSE,2.65897454567586,30,165,87.9329787234043,1.25431454531837
"108","2023-10-24T02:00:00Z",1.92329385211685,FALSE,FALSE,2.3804956709103,30,150,90.5041666666667,1.23771813043037
"108","2023-10-24T03:00:00Z",1.86206894993214,FALSE,FALSE,2.02072866666825,12,141,92.2278723404255,1.08520614488625
"108","2023-10-24T04:00:00Z",1.83151641222711,FALSE,FALSE,2.00288931136142,18,138,92.8636734693877,1.09356885801854
"108","2023-10-24T05:00:00Z",2.05604713198114,FALSE,FALSE,2.23349568125475,42,137,95.2126530612245,1.08630568167113
"108","2023-10-24T06:00:00Z",2.06658092289441,FALSE,FALSE,2.23892606564304,42,140,95.3385714285714,1.08339627102879
"108","2023-10-24T07:00:00Z",1.8423369831303,FALSE,FALSE,2.02216380555992,24,135,94.7018367346939,1.0976079968411
"108","2023-10-24T08:00:00Z",1.94343203969518,FALSE,FALSE,1.97882186648488,18,137,95.0633333333333,1.01820996364516
"108","2023-10-24T09:00:00Z",1.93309703081425,FALSE,FALSE,2.04039325448616,30,131,95.758125,1.05550483082927
"108","2023-10-24T10:00:00Z",1.73318636310714,FALSE,FALSE,1.83070563235859,30,117,96.1927083333333,1.05626588768943
"108","2023-10-24T11:00:00Z",1.92940614335436,FALSE,FALSE,2.03470736571957,48,123,97.1957446808511,1.05457701206556
"108","2023-10-24T12:00:00Z",1.94687125224665,FALSE,FALSE,2.09513361282419,36,131,97.2414583333333,1.07615416808197
"108","2023-10-24T13:00:00Z",2.01464775842304,FALSE,FALSE,1.93140665839011,84,106,95.8483333333333,0.958682057602919
"108","2023-10-24T14:00:00Z",2.63696236187053,FALSE,FALSE,2.34843091005514,84,138,87.5465306122449,0.890581884676307
"108","2023-10-24T15:00:00Z",2.77158927855855,FALSE,FALSE,2.68256810148711,78,145,81.6459574468085,0.967880819225228
"108","2023-10-24T16:00:00Z",2.912885687697,FALSE,FALSE,2.74421709271978,78,157,80.3572916666667,0.942095704033419
"108","2023-10-24T17:00:00Z",2.39887250558436,FALSE,FALSE,2.18189109016375,84,128,75.0716666666667,0.909548583796974
"108","2023-10-24T18:00:00Z",2.89521536018124,FALSE,FALSE,2.93191815707921,60,170,77.464693877551,1.01267705242337
"108","2023-10-24T19:00:00Z",2.37579536023902,FALSE,FALSE,2.30978187306658,54,144,71.5002040816327,0.972214152667675
"108","2023-10-24T20:00:00Z",2.29219881135204,FALSE,FALSE,2.78360342540986,42,173,75.1877083333333,1.21438132313138
"108","2023-10-24T21:00:00Z",2.28099541920811,FALSE,FALSE,2.82933521066714,36,176,78.468125,1.24039495513296
"108","2023-10-24T22:00:00Z",2.09762147190329,FALSE,FALSE,2.74842141290087,30,170,80.5195918367347,1.31025613997319
"108","2023-10-24T23:00:00Z",2.09885610802095,FALSE,FALSE,2.77102759187848,24,176,82.9473469387755,1.32025610583249
"108","2023-10-25T00:00:00Z",2.32903340092492,FALSE,FALSE,2.82795548063665,48,164,84.0416326530612,1.21421851636545
"108","2023-10-25T01:00:00Z",2.24162423374326,FALSE,FALSE,2.88269956784239,48,161,86.3,1.28598697518032
"108","2023-10-25T02:00:00Z",2.16594579909833,FALSE,FALSE,2.72355348183534,36,165,88.9997959183673,1.25744304542114
"108","2023-10-25T03:00:00Z",2.32592301983329,FALSE,FALSE,2.95644649442158,48,166,90.6920408163265,1.27108527204545
"108","2023-10-25T04:00:00Z",2.16908669430727,FALSE,FALSE,2.76698167810937,42,164,91.9952083333333,1.27564365471019
"108","2023-10-25T10:00:00Z",1.95725131770508,FALSE,FALSE,2.4730068618151,48,143,94.8643333333333,1.26351012741417
"108","2023-10-25T11:00:00Z",2.15031425875456,FALSE,FALSE,2.48173001377356,36,154,95.1993617021277,1.15412433492905
"108","2023-10-25T12:00:00Z",2.30959183344477,FALSE,FALSE,2.68430499541868,42,159,93.7973469387755,1.16224215748764
"108","2023-10-25T13:00:00Z",2.79922304450382,FALSE,FALSE,3.08523542406756,60,167,88.8345833333333,1.10217563052909
"108","2023-10-25T14:00:00Z",2.67108204259572,FALSE,FALSE,3.02665671480332,54,175,85.2606382978723,1.13312008636847
"108","2023-10-25T15:00:00Z",2.99290375476094,FALSE,FALSE,3.15629059079159,60,178,77.56,1.05459141002137
"108","2023-10-25T16:00:00Z",2.73559013652694,FALSE,FALSE,2.93156778418005,42,180,69.9871428571429,1.07163998913299
"108","2023-10-25T17:00:00Z",3.10748715167923,FALSE,FALSE,3.31492757640868,66,189,66.7622448979592,1.06675503859038
"108","2023-10-25T18:00:00Z",2.94926593129209,FALSE,FALSE,3.21387016239012,48,201,65.7440816326531,1.0897186748372
"108","2023-10-25T19:00:00Z",3.13437611619909,FALSE,FALSE,3.44403017212877,48,211,69.8626530612245,1.09879288395841
"108","2023-10-25T20:00:00Z",3.0965827455823,FALSE,FALSE,3.41909140555547,42,212,71.0024489795918,1.10414986017515
"108","2023-10-25T21:00:00Z",3.21400954072579,FALSE,FALSE,3.73858133378879,54,220,73.3710204081633,1.16321413686424
"108","2023-10-25T22:00:00Z",2.92328879018953,FALSE,FALSE,3.52527520783912,42,213,73.7789583333333,1.20592779600491
"108","2023-10-25T23:00:00Z",2.81423009877338,FALSE,FALSE,3.36192462478813,42,202,73.6271428571429,1.19461611410292
"108","2023-10-26T01:00:00Z",3.25590544897004,FALSE,FALSE,3.44243103047904,60,195,76.6875510204082,1.05728839010605
"108","2023-10-26T02:00:00Z",2.70221606326834,FALSE,FALSE,3.28032223320002,42,203,77.1589795918367,1.2139378037863
"108","2023-10-26T03:00:00Z",2.65929461424065,FALSE,FALSE,3.27281626659427,30,208,78.9124489795918,1.2307084175887
"108","2023-10-26T11:00:00Z",1.81021336363722,FALSE,FALSE,2.32011442917569,0,201,78.7836170212766,1.28168009129815
"108","2023-10-26T12:00:00Z",3.11878345004462,FALSE,FALSE,3.52925388259237,60,197,79.7831914893617,1.13161235434345
"108","2023-10-26T13:00:00Z",3.19689625696568,FALSE,FALSE,3.53586800477054,54,207,79.5352083333333,1.10603151324235
"108","2023-10-26T14:00:00Z",3.32326065136266,FALSE,FALSE,3.47644500152788,66,194,80.2347826086957,1.04609459390506
"108","2023-10-26T15:00:00Z",3.5557064632811,FALSE,FALSE,3.52164311397162,72,203,70.6922448979592,0.99042008960491
"108","2023-10-26T16:00:00Z",3.01851453045368,FALSE,FALSE,3.2245339574423,60,195,63.0887755102041,1.06825192488229
"108","2023-10-26T17:00:00Z",3.08432495090046,FALSE,FALSE,3.47875832836454,30,230,61.3653333333333,1.12788321066784
"108","2023-10-26T18:00:00Z",3.30410714916782,FALSE,FALSE,3.68035662061223,36,242,64.941875,1.11387326574417
"108","2023-10-26T19:00:00Z",3.32275737499497,FALSE,FALSE,3.7698112285072,48,233,65.594693877551,1.13454303250562
"108","2023-10-26T20:00:00Z",3.4932538199377,FALSE,FALSE,3.8113009193339,48,238,67.5663829787234,1.0910460893454
"108","2023-10-26T21:00:00Z",3.45545198636514,FALSE,FALSE,4.07408543628025,36,264,70.0589795918367,1.17903112309364
"108","2023-10-26T22:00:00Z",3.46627756289059,FALSE,FALSE,3.94277578027476,48,234,75.518085106383,1.13746683834136
"108","2023-10-26T23:00:00Z",3.70503896565286,FALSE,FALSE,4.08651648090316,54,246,78.1397872340426,1.10296180925133
"108","2023-10-27T00:00:00Z",3.1631671861375,FALSE,FALSE,3.81942386275679,36,241,77.569375,1.20746822346138
"108","2023-10-27T01:00:00Z",3.13148979319611,FALSE,FALSE,3.71041470678145,36,240,78.6695833333333,1.18487204232413
"108","2023-10-27T03:00:00Z",3.43308393365077,FALSE,FALSE,3.91758814445962,48,236,78.25375,1.1411279829368
"108","2023-10-27T04:00:00Z",2.97667841228582,FALSE,FALSE,3.6635498026223,36,231,77.6775510204082,1.23075095633493
"108","2023-10-27T05:00:00Z",2.71518551128708,FALSE,FALSE,3.33426815319471,30,215,78.3516326530612,1.22800749316542
"108","2023-10-27T06:00:00Z",2.95164328844885,FALSE,FALSE,3.61844585687367,36,227,79.321875,1.22590892708287
"108","2023-10-27T11:00:00Z",3.63904433749324,FALSE,FALSE,3.84600229280747,72,208,85.0508333333333,1.05687151244131
"108","2023-10-27T12:00:00Z",3.40563394450485,FALSE,FALSE,3.5136435736636,66,201,86.3228571428571,1.03171498490994
"108","2023-10-27T14:00:00Z",3.93066819904873,FALSE,FALSE,3.79690367563578,78,215,82.2317021276596,0.965969011720367
"108","2023-10-27T15:00:00Z",3.5144303751547,FALSE,FALSE,3.4330672912241,72,205,70.6171428571429,0.976848855932444
"108","2023-10-27T16:00:00Z",3.15942479134964,FALSE,FALSE,3.36073642278094,54,207,58.0418367346939,1.06371781090738
"108","2023-10-27T17:00:00Z",3.59371578373238,FALSE,FALSE,3.86607726950651,54,235,59.9469387755102,1.07578826545133
"108","2023-10-27T18:00:00Z",3.44783547934449,FALSE,FALSE,3.52501778063,66,209,58.2759183673469,1.02238572627606
"108","2023-10-27T19:00:00Z",2.7580485567447,FALSE,FALSE,3.0199064811342,36,203,56.795625,1.09494318863572
"108","2023-10-27T20:00:00Z",3.08375315564611,FALSE,FALSE,3.49411573300702,42,224,60.5571428571429,1.13307244667413
"108","2023-10-27T21:00:00Z",3.15250180052688,FALSE,FALSE,3.5912055342064,18,257,65.1332653061225,1.13916050217836
"108","2023-10-27T22:00:00Z",3.00870526583625,FALSE,FALSE,3.75725606587635,18,265,72.1902127659574,1.24879499116775
"108","2023-10-27T23:00:00Z",3.19749133805941,FALSE,FALSE,3.7194761709743,36,238,75.3216666666667,1.16324823986285
"108","2023-10-28T00:00:00Z",2.46687667250521,FALSE,FALSE,3.36032934370288,18,238,74.4389795918367,1.36217970730184
"108","2023-10-28T01:00:00Z",2.71011669352619,FALSE,FALSE,3.40014319847614,30,221,75.5663265306122,1.25461136289749
"108","2023-10-28T02:00:00Z",2.60616991473228,FALSE,FALSE,3.33013693213904,42,205,76.620612244898,1.27778964576112
"108","2023-10-28T03:00:00Z",2.72780721999942,FALSE,FALSE,3.4053055435959,18,237,78.7085714285714,1.24836737678135
"108","2023-10-28T04:00:00Z",2.74697103220977,FALSE,FALSE,3.39689924058524,24,228,79.4497959183673,1.23659812963249
"108","2023-10-28T11:00:00Z",3.6909205504357,FALSE,FALSE,3.57659145930931,126,148,86.6284375,0.969024234045653
"108","2023-10-28T13:00:00Z",3.35756373299282,FALSE,FALSE,3.7803137692268,60,214,89.0415217391304,1.12590975774484
"108","2023-10-28T14:00:00Z",3.55827663519073,FALSE,FALSE,3.60195184851671,66,210,81.8424489795918,1.01227426021183
"108","2023-10-28T15:00:00Z",3.57769264031476,FALSE,FALSE,3.78424205020073,60,219,77.149387755102,1.05773257533598
"108","2023-10-28T17:00:00Z",3.52144796849248,FALSE,FALSE,3.6324301682927,66,216,67.5159183673469,1.0315160697512
"108","2023-10-28T18:00:00Z",3.74892109489597,FALSE,FALSE,3.64401396016973,78,213,67.9265306122449,0.972016713056707
"108","2023-10-28T19:00:00Z",3.39899479959676,FALSE,FALSE,3.6766421379843,66,216,68.511875,1.08168513185736
"108","2023-10-28T21:00:00Z",3.52585711764393,FALSE,FALSE,3.97747702244141,60,237,73.3926530612245,1.12808797683193
"108","2023-10-28T22:00:00Z",2.97033827849662,FALSE,FALSE,3.53047210438477,36,229,70.9045833333333,1.1885757692796
"108","2023-10-28T23:00:00Z",2.85449436304783,FALSE,FALSE,3.36169727608869,36,220,68.5773469387755,1.17768572942611
"108","2023-10-29T00:00:00Z",2.95544938427247,FALSE,FALSE,3.46643927280496,36,220,70.6667346938775,1.1728975266001
"108","2023-10-29T01:00:00Z",2.53993943891689,FALSE,FALSE,3.16789878353202,36,199,73.2826530612245,1.24723398321769
"108","2023-10-29T02:00:00Z",2.35517056257217,FALSE,FALSE,2.84116976228647,48,170,74.1185714285714,1.2063541415801
"108","2023-10-29T04:00:00Z",2.48291054845298,FALSE,FALSE,2.98457416770977,48,177,75.784375,1.20204659389335
"108","2023-10-29T08:00:00Z",2.58448488187144,FALSE,FALSE,2.67277281658914,30,149,82.0227777777778,1.03416074721001
"108","2023-10-29T10:00:00Z",2.8795770725147,FALSE,FALSE,2.75649846580295,66,164,79.1820408163265,0.95725809602857
"108","2023-10-29T11:00:00Z",2.40330630797564,FALSE,FALSE,2.48357192326804,54,153,80.648125,1.03339799634613
"108","2023-10-29T13:00:00Z",2.47220934478857,FALSE,FALSE,2.33732685343303,78,136,72.2248979591837,0.945440505821291
"108","2023-10-29T15:00:00Z",2.00003960802558,FALSE,FALSE,2.08346174239224,18,145,89.0902083333333,1.04171024115318
"108","2023-10-29T16:00:00Z",0.67691460002329,FALSE,FALSE,1.21318809750486,66,79,95.4504081632653,1.79223213306836
"108","2023-10-29T17:00:00Z",0.792769280104963,FALSE,FALSE,1.18389022006584,72,77,95.7047916666667,1.49336036319305
"108","2023-10-29T18:00:00Z",1.16031992155601,FALSE,FALSE,1.33266413695825,78,82,96.1475,1.14853163528479
"108","2023-10-29T19:00:00Z",1.57901900200431,FALSE,FALSE,1.74779142276271,54,117,96.3312244897959,1.10688435069126
"108","2023-10-29T20:00:00Z",1.33346454704662,FALSE,FALSE,1.41051073081971,78,88,96.9004166666667,1.0577789517867
"108","2023-10-29T22:00:00Z",1.18259611022731,FALSE,FALSE,1.32235828364412,48,101,97.545,1.11818250728894
"108","2023-10-30T00:00:00Z",0.560744481932622,FALSE,FALSE,0.93858747997129,114,83,97.9939583333333,1.67382383636914
"108","2023-10-30T01:00:00Z",0.520230453349986,FALSE,FALSE,0.921927629345785,96,75,98.2342857142857,1.77215236710789
"108","2023-10-30T02:00:00Z",0.702193030671528,FALSE,FALSE,1.04475876207059,108,80,98.2236734693877,1.48785122670821
"108","2023-10-30T03:00:00Z",0.58745767801746,FALSE,FALSE,1.09671028511305,102,98,98.4265306122449,1.86687539571226
"108","2023-10-30T04:00:00Z",0.909685411437882,FALSE,FALSE,1.09144487699501,138,97,98.6291836734694,1.19980474928122
"108","2023-10-30T05:00:00Z",1.261267344409,FALSE,FALSE,1.2378410471613,150,102,98.7614893617021,0.981426382478266
"108","2023-10-30T06:00:00Z",0.797508674486021,FALSE,FALSE,1.02008851191972,138,105,98.8865306122449,1.27909393910623
"108","2023-10-30T07:00:00Z",0.978315810962522,FALSE,FALSE,1.14977224420833,132,104,98.9822448979592,1.17525673338257
"108","2023-10-31T08:00:00Z",1.02211519875558,FALSE,FALSE,1.15511655924647,72,74,98.9978723404255,1.13012365010599
"108","2023-10-31T09:00:00Z",1.45147538765474,FALSE,FALSE,1.57972763018576,42,100,97.8354166666667,1.08835991545006
"108","2023-10-31T10:00:00Z",1.35320639449143,FALSE,FALSE,1.45261344788072,42,92,97.85,1.07346037810193
"108","2023-10-31T13:00:00Z",0.914419499062607,FALSE,FALSE,1.01720799665193,90,64,99.0289795918367,1.1124084708328
"108","2023-10-31T14:00:00Z",1.73943370351155,FALSE,FALSE,1.8587203167113,42,114,97.4763265306122,1.06857784401839
"108","2023-10-31T15:00:00Z",2.07348702818093,FALSE,FALSE,2.07687935948636,54,123,92.1829166666667,1.00163605137593
"108","2023-10-31T16:00:00Z",1.61929627975217,FALSE,FALSE,1.7145577488893,42,107,84.7116326530612,1.0588289310167
"108","2023-10-31T17:00:00Z",2.11926437686699,FALSE,FALSE,2.13192606511095,48,132,77.8364583333333,1.00597456758211
"108","2023-10-31T18:00:00Z",1.84003291312058,FALSE,FALSE,1.71003313568033,60,106,76.73,0.929349210813961
"108","2023-10-31T19:00:00Z",1.47709233448839,FALSE,FALSE,1.51667618893229,30,102,76.1860416666667,1.02679849696574
"108","2023-10-31T20:00:00Z",2.26410275888022,FALSE,FALSE,2.19934196457118,54,135,74.3751020408163,0.971396707126016
"108","2023-10-31T21:00:00Z",1.81043769146856,FALSE,FALSE,2.09762187707139,18,141,83.14375,1.15862693698664
"108","2023-10-31T22:00:00Z",1.79464880428103,FALSE,FALSE,2.00372252606572,18,141,87.4679166666667,1.11649840419249
"108","2023-10-31T23:00:00Z",1.63759385250463,FALSE,FALSE,1.87462902218544,12,135,88.265625,1.14474600604923
"108","2023-11-01T00:00:00Z",1.96844944184468,FALSE,FALSE,2.04035544764695,30,138,89.8960416666667,1.03652926220695
"108","2023-11-01T01:00:00Z",1.98272647022958,FALSE,FALSE,2.17005555139719,30,141,89.4735416666667,1.0944805468532
"108","2023-11-01T02:00:00Z",1.79758574077845,FALSE,FALSE,1.98177937544765,18,135,84.7114285714286,1.10246723173796
"108","2023-11-01T03:00:00Z",1.84081827745428,FALSE,FALSE,1.99931274857703,36,129,82.3889795918367,1.08610000947075
"108","2023-11-01T04:00:00Z",1.67146475235837,FALSE,FALSE,1.80120835553035,30,120,85.2967346938776,1.07762269769011
"110","2023-10-03T23:00:00Z",6.51573029092328,FALSE,FALSE,7.44243544960506,6,581,88.3677083333333,1.14222583153461
"110","2023-10-04T00:00:00Z",5.05324983204058,FALSE,FALSE,5.85562829860136,0,521,91.2348979591837,1.15878464220653
"110","2023-10-04T01:00:00Z",5.1731837882264,FALSE,FALSE,5.43241363603961,36,352,93.550612244898,1.05011031086952
"110","2023-10-04T02:00:00Z",5.46984143259637,FALSE,FALSE,5.68034117817504,54,342,94.8881632653061,1.03848370161596
"110","2023-10-04T03:00:00Z",5.52535421856414,FALSE,FALSE,5.76123121293077,60,342,95.4716666666667,1.04268993172856
"110","2023-10-04T04:00:00Z",4.72202553293641,FALSE,FALSE,5.22216109307576,48,330,95.7775,1.10591547136941
"110","2023-10-04T08:00:00Z",4.19540827725925,FALSE,FALSE,4.58590623773313,6,349,94.4285714285714,1.09307746342365
"110","2023-10-04T09:00:00Z",4.13647393504163,FALSE,FALSE,4.55407499546036,6,334,95.3610256410256,1.10095580607461
"110","2023-10-04T11:00:00Z",3.08006214222374,FALSE,FALSE,3.5006389048694,0,333,93.4604166666667,1.13654814196119
"110","2023-10-04T12:00:00Z",4.56040895413508,FALSE,FALSE,4.50033500523212,42,293,95.8375510204082,0.986827069785378
"110","2023-10-04T13:00:00Z",4.05203297170812,FALSE,FALSE,3.79440867952582,78,223,95.3175510204082,0.936420978313585
"110","2023-10-04T14:00:00Z",3.64219033994127,FALSE,FALSE,3.76071912883559,18,286,85.4116326530612,1.03254327144699
"110","2023-10-04T15:00:00Z",3.56860876413912,FALSE,FALSE,4.0252933797179,48,258,78.8522916666667,1.12797273272654
"110","2023-10-04T16:00:00Z",3.66517941817576,FALSE,FALSE,3.93573057746303,30,279,65.1357142857143,1.07381662080323
"110","2023-10-04T17:00:00Z",3.55373955158832,FALSE,FALSE,3.6070301121698,18,278,65.13875,1.01499562919789
"110","2023-10-04T18:00:00Z",4.15956091973237,FALSE,FALSE,4.21191588239896,18,326,64.5708163265306,1.01258665606224
"110","2023-10-04T20:00:00Z",4.43324996181145,FALSE,FALSE,4.79523108956072,12,369,73.595306122449,1.08165141394404
"110","2023-10-04T21:00:00Z",5.27427759521874,FALSE,FALSE,5.52477315411472,24,395,81.0295833333333,1.04749381396289
"110","2023-10-04T23:00:00Z",4.11413065153899,FALSE,FALSE,4.65334662838172,0,402,84.4329787234043,1.13106437848322
"110","2023-10-05T00:00:00Z",2.39887448594569,FALSE,FALSE,3.81903669732166,0,505,89.5555102040816,1.59201188711468
"110","2023-10-05T02:00:00Z",4.64797768814888,FALSE,FALSE,5.21385942298252,24,348,92.540625,1.121747945623
"110","2023-10-05T03:00:00Z",4.35585949760807,FALSE,FALSE,5.03083631768066,30,337,93.7572916666667,1.15495835447476
"110","2023-10-05T04:00:00Z",4.20488603982414,FALSE,FALSE,4.76914056379428,36,305,95.0265306122449,1.13419020601893
"110","2023-10-05T05:00:00Z",4.11456838645253,FALSE,FALSE,4.614898182678,18,332,95.3866666666667,1.12159958207836
"110","2023-10-05T06:00:00Z",3.66043025933838,FALSE,FALSE,4.14789739302312,0,330,95.6475,1.13317208610685
"110","2023-10-05T07:00:00Z",3.87696453712634,FALSE,FALSE,4.46810437028465,24,307,96.1897959183674,1.15247491368504
"110","2023-10-05T08:00:00Z",3.70968994878414,FALSE,FALSE,4.12602624251816,18,300,96.5314285714286,1.11222940447368
"110","2023-10-05T11:00:00Z",3.37117084919798,FALSE,FALSE,3.85347756214051,6,308,94.32875,1.1430680124258
"110","2023-10-05T12:00:00Z",3.97689525933457,FALSE,FALSE,3.9130100932032,78,229,96.9410204081633,0.983935919362872
"110","2023-10-05T13:00:00Z",3.62053497821889,FALSE,FALSE,3.61256204825571,66,221,95.8028571428571,0.997797858600692
"110","2023-10-05T14:00:00Z",3.31898755890625,FALSE,FALSE,3.52354030489609,24,248,86.8039583333333,1.0616310674142
"110","2023-10-05T15:00:00Z",3.02564753938039,FALSE,FALSE,3.41974678966836,36,232,76.1104081632653,1.13025286162997
"110","2023-10-05T16:00:00Z",3.25362746193717,FALSE,FALSE,3.50219835855615,36,243,60.4310204081633,1.07639808168787
"110","2023-10-05T17:00:00Z",2.32458225284617,FALSE,FALSE,2.53850048548773,18,201,56.64375,1.09202437658622
"110","2023-10-05T18:00:00Z",2.83924579140816,FALSE,FALSE,3.18812158914415,6,255,60.5234693877551,1.12287622254886
"110","2023-10-05T19:00:00Z",3.03732888444411,FALSE,FALSE,3.3214307739721,12,259,63.7408333333333,1.09353675559569
"110","2023-10-05T20:00:00Z",3.37714528025148,FALSE,FALSE,3.67434330501823,24,265,68.0027083333333,1.08800273606962
"110","2023-10-05T21:00:00Z",3.90304304147259,FALSE,FALSE,4.28436652098987,36,284,72.2976595744681,1.09769901983285
"110","2023-10-05T22:00:00Z",3.71270652928609,FALSE,FALSE,4.08850198482609,18,308,77.2231914893617,1.10121873425106
"110","2023-10-05T23:00:00Z",3.48570357715573,FALSE,FALSE,3.99109380437491,24,280,81.8360416666667,1.14498944503811
"110","2023-10-06T00:00:00Z",3.43410949373723,FALSE,FALSE,3.96015568921692,36,255,83.4071739130435,1.15318270906593
"110","2023-10-06T01:00:00Z",3.36879055808895,FALSE,FALSE,3.85686813319451,42,246,84.6833333333333,1.14488213698344
"110","2023-10-06T03:00:00Z",3.08202885786677,FALSE,FALSE,3.69799379542674,24,252,90.8463829787234,1.19985696629275
"110","2023-10-06T04:00:00Z",3.48838128794355,FALSE,FALSE,3.63825218111018,54,223,93.0697872340426,1.04296287612957
"110","2023-10-06T05:00:00Z",3.85811663468316,FALSE,FALSE,3.57687513633,96,200,94.2912244897959,0.927103940864595
"110","2023-10-06T06:00:00Z",3.64054382923352,FALSE,FALSE,3.98672936434094,48,243,94.2845833333333,1.09509170919123
"110","2023-10-06T07:00:00Z",3.928917313515,FALSE,FALSE,3.9893736906206,12,472,95.0279166666667,1.01538754121845
"110","2023-10-06T10:00:00Z",3.65397757923214,FALSE,FALSE,3.82628286048302,54,233,95.666875,1.04715553872859
"110","2023-10-06T11:00:00Z",3.29201408905852,FALSE,FALSE,3.4363523082865,60,206,96.459387755102,1.04384495792643
"110","2023-10-06T12:00:00Z",3.34088857525495,FALSE,FALSE,3.3921369923984,66,201,96.7014285714286,1.01533975647169
"110","2023-10-06T13:00:00Z",3.55547118087437,FALSE,FALSE,3.43042730570016,78,196,95.735,0.964830575523479
"110","2023-10-06T14:00:00Z",3.35024497179889,FALSE,FALSE,3.28225867557167,72,195,93.9513043478261,0.979707067154938
"110","2023-10-06T15:00:00Z",3.37978001361812,FALSE,FALSE,3.40335368688962,60,215,90.7085714285714,1.00697491350813
"110","2023-10-06T16:00:00Z",2.86366895879105,FALSE,FALSE,3.4442911373824,36,226,93.8095918367347,1.20275464341258
"110","2023-10-06T17:00:00Z",3.71940859354425,FALSE,FALSE,3.79845279012616,60,224,93.9397872340426,1.02125181856038
"110","2023-10-06T18:00:00Z",3.0398883601749,FALSE,FALSE,3.60493100192921,30,239,94.3823404255319,1.18587611609586
"110","2023-10-06T19:00:00Z",3.43577830629041,FALSE,FALSE,3.62117461093293,42,238,93.621875,1.05396049689908
"110","2023-10-06T20:00:00Z",3.35265970873506,FALSE,FALSE,3.57517521850349,42,231,92.326170212766,1.06636984636069
"110","2023-10-06T21:00:00Z",3.62499766751428,FALSE,FALSE,3.86437496352038,36,255,93.1033333333333,1.06603515862956
"110","2023-10-06T22:00:00Z",3.29968104004635,FALSE,FALSE,3.79492088409536,24,268,94.6691836734694,1.15008718662155
"110","2023-10-06T23:00:00Z",3.35918946933237,FALSE,FALSE,3.83268567281533,30,265,95.7514285714286,1.14095549173565
"110","2023-10-07T00:00:00Z",3.71787412161906,FALSE,FALSE,3.82353970020473,66,232,96.8610204081633,1.02842096723265
"110","2023-10-07T01:00:00Z",3.66907105126093,FALSE,FALSE,3.72121447036499,72,215,97.3114285714286,1.01421161334178
"110","2023-10-07T02:00:00Z",3.61981270683114,FALSE,FALSE,3.7660608814399,66,231,97.2875510204082,1.04040213857827
"110","2023-10-07T03:00:00Z",3.74108959823396,FALSE,FALSE,3.92729322497489,42,258,97.1127083333333,1.04977256541218
"110","2023-10-07T04:00:00Z",3.76550337645029,FALSE,FALSE,4.06824366949555,72,237,97.2732653061225,1.08039835920441
"110","2023-10-07T05:00:00Z",3.726777159259,FALSE,FALSE,3.76956168128978,78,214,97.7627083333333,1.01148030059283
"110","2023-10-07T06:00:00Z",3.48295007404186,FALSE,FALSE,3.48217767441206,66,217,98.1122448979592,0.999778234079334
"110","2023-10-07T07:00:00Z",3.39975003085023,FALSE,FALSE,3.59865383416575,54,228,98.1208163265306,1.05850541996047
"110","2023-10-07T08:00:00Z",3.37454390860014,FALSE,FALSE,3.44645194652021,66,209,98.2710204081633,1.02130896496466
"110","2023-10-07T09:00:00Z",3.27580888782702,FALSE,FALSE,3.18478023339403,90,180,98.5659183673469,0.972211854369388
"110","2023-10-07T10:00:00Z",3.19393086752783,FALSE,FALSE,3.06355826805791,90,176,98.6756666666667,0.959181145467047
"110","2023-10-07T11:00:00Z",3.0718112698156,FALSE,FALSE,2.86812701769332,96,163,98.820625,0.933692458868248
"110","2023-10-07T12:00:00Z",3.02880400308281,FALSE,FALSE,2.7078709334145,102,156,98.88875,0.894039670661536
"110","2023-10-07T14:00:00Z",3.06759243089728,FALSE,FALSE,2.66725893459512,120,148,99.0771428571429,0.869495865138425
"110","2023-10-07T15:00:00Z",3.04254891721827,FALSE,FALSE,2.68348074531374,114,150,99.03,0.881984421064686
"110","2023-10-07T16:00:00Z",3.77582527518905,FALSE,FALSE,3.77720744082973,72,219,97.7395833333333,1.00036605656775
"110","2023-10-07T17:00:00Z",3.04263116982451,FALSE,FALSE,3.58603464869965,30,254,95.4941666666667,1.17859656611172
"110","2023-10-07T18:00:00Z",2.96933475702692,FALSE,FALSE,3.57388053578634,30,248,93.6936734693878,1.20359637030778
"110","2023-10-07T19:00:00Z",3.25093794977344,FALSE,FALSE,3.52455981781887,24,255,90.6532653061224,1.08416705340823
"110","2023-10-07T20:00:00Z",3.07600362452922,FALSE,FALSE,3.55175364681512,6,288,92.8638775510204,1.15466497454427
"110","2023-10-07T21:00:00Z",3.35986526197486,FALSE,FALSE,3.83770498455341,24,274,96.6152083333333,1.14221990625234
"110","2023-10-07T22:00:00Z",3.38733294117101,FALSE,FALSE,3.2852584441986,84,196,98.1183673469388,0.969865821061827
"110","2023-10-07T23:00:00Z",1.25685622494103,FALSE,FALSE,1.37972490752322,84,103,98.7961224489796,1.09775874132935
"110","2023-10-08T00:00:00Z",2.38081828875651,FALSE,FALSE,2.15526155256291,96,129,98.5689795918367,0.905260835209979
"110","2023-10-08T14:00:00Z",1.77508741539497,FALSE,FALSE,1.71871508187959,72,101,94.6658333333333,0.96824250286128
"110","2023-10-08T15:00:00Z",2.83186694638295,FALSE,FALSE,2.41810524396876,90,329,91.8095918367347,0.85389083941861
"110","2023-10-08T16:00:00Z",1.97109163373671,FALSE,FALSE,1.89045058882452,72,122,88.5726530612245,0.959088129880946
"110","2023-10-08T17:00:00Z",2.2292792923305,FALSE,FALSE,2.08459390840304,66,126,84.0139583333333,0.93509768631269
"110","2023-10-08T18:00:00Z",2.53169153868809,FALSE,FALSE,2.30176424073043,90,135,80.1544897959184,0.909180366389817
"110","2023-10-08T19:00:00Z",2.6926044225634,FALSE,FALSE,2.51600997664881,66,161,78.7870833333333,0.934415005622523
"110","2023-10-08T20:00:00Z",2.44063431591386,FALSE,FALSE,2.43854839317663,54,153,82.785,0.999145335815519
"110","2023-10-08T21:00:00Z",2.46682897193882,FALSE,FALSE,2.46404615670167,60,157,82.7391666666667,0.998871905888571
"110","2023-10-08T22:00:00Z",2.29686270751253,FALSE,FALSE,2.57630179211654,18,186,89.7004081632653,1.12166120495144
"110","2023-10-08T23:00:00Z",2.79284792777182,FALSE,FALSE,2.62748620760969,60,166,90.7538775510204,0.94079100458074
"110","2023-10-09T00:00:00Z",2.18550923919799,FALSE,FALSE,2.46570214795349,36,163,92.5420833333333,1.12820486124246
"110","2023-10-09T01:00:00Z",1.93851589253893,FALSE,FALSE,2.12082962714826,36,143,93.2804166666667,1.09404809901793
"110","2023-10-09T02:00:00Z",1.67721287416216,FALSE,FALSE,2.00662934118611,18,141,92.5744897959184,1.19640707038366
"110","2023-10-09T03:00:00Z",1.48076795881997,FALSE,FALSE,1.82160779096098,18,126,93.4928571428571,1.23017774669613
"110","2023-10-09T05:00:00Z",1.85950141809396,FALSE,FALSE,2.02399292808403,36,132,94.4736734693878,1.08846000782225
"110","2023-10-09T08:00:00Z",1.7769664615336,FALSE,FALSE,2.0058765932564,36,129,95.7472916666667,1.12882073842026
"110","2023-10-09T09:00:00Z",1.89531589123811,FALSE,FALSE,2.02699708370164,42,126,96.0461224489796,1.0694771742654
"110","2023-10-09T11:00:00Z",1.18741973565267,FALSE,FALSE,1.16736670783042,54,76,97.0167346938776,0.983112098257974
"110","2023-10-09T12:00:00Z",1.44258751520357,FALSE,FALSE,1.44773826462727,48,94,97.2183673469388,1.00357049355371
"110","2023-10-09T13:00:00Z",0.946513269533552,FALSE,FALSE,0.727907641377024,162,50,97.6208510638298,0.769041137411356
"110","2023-10-09T14:00:00Z",1.66132129006852,FALSE,FALSE,1.46343197634484,72,94,90.7104081632653,0.88088438106062
"110","2023-10-09T16:00:00Z",1.78497968173846,FALSE,FALSE,1.74117964699565,48,114,71.7329166666667,0.975461886098251
"110","2023-10-09T17:00:00Z",1.70846704394317,FALSE,FALSE,1.54776574117038,60,100,70.566875,0.905938306891837
"110","2023-10-09T18:00:00Z",2.07971941577385,FALSE,FALSE,1.90734005237057,78,124,68.265306122449,0.917114125061363
"110","2023-10-09T19:00:00Z",2.36855393728265,FALSE,FALSE,2.5003927266339,36,162,72.16875,1.05566214358728
"110","2023-10-09T20:00:00Z",2.41644219130444,FALSE,FALSE,2.58015138017483,42,166,72.72,1.06774802619301
"110","2023-10-09T21:00:00Z",2.17196797495826,FALSE,FALSE,2.38428338233765,48,150,76.7836734693878,1.0977525496818
"110","2023-10-09T22:00:00Z",2.12181286032115,FALSE,FALSE,2.37984476215836,24,166,82.705,1.12160917047046
"110","2023-10-09T23:00:00Z",1.93865837279958,FALSE,FALSE,2.2027270711523,24,157,84.9648936170213,1.13621208463427
"110","2023-10-10T00:00:00Z",1.54322149533567,FALSE,FALSE,1.36871038649993,60,88,87.1808333333333,0.88691765286889
"110","2023-10-10T01:00:00Z",1.94660465406945,FALSE,FALSE,1.85537958279567,42,127,87.8960416666667,0.953136312972916
"110","2023-10-10T02:00:00Z",2.31764541909318,FALSE,FALSE,2.27703910436866,48,149,87.8532653061225,0.982479496479489
"110","2023-10-10T03:00:00Z",1.81276382754362,FALSE,FALSE,2.14289409677107,18,152,87.365306122449,1.18211432962825
"110","2023-10-10T04:00:00Z",1.81082556766699,FALSE,FALSE,2.09362567367311,18,142,89.7029166666667,1.15617192017588
"110","2023-10-10T05:00:00Z",1.56749503693938,FALSE,FALSE,1.59602009935804,42,106,90.0697916666667,1.01819786458422
"110","2023-10-10T06:00:00Z",1.73333749367096,FALSE,FALSE,2.11055283981063,18,144,90.0338775510204,1.21762371581819
"110","2023-10-10T07:00:00Z",1.79808634602418,FALSE,FALSE,1.93835870514824,36,122,91.8534693877551,1.07801202619341
"110","2023-10-10T08:00:00Z",1.78084785620373,FALSE,FALSE,1.86295251855934,36,121,93.374693877551,1.04610425425709
"110","2023-10-10T12:00:00Z",1.58450816597996,FALSE,FALSE,1.55546413081604,60,94,93.2217021276596,0.981669999696117
"110","2023-10-10T13:00:00Z",1.45247853197012,FALSE,FALSE,1.35323224104402,84,79,92.2842553191489,0.931671078958059
"110","2023-10-10T14:00:00Z",1.65128453013056,FALSE,FALSE,1.50655953324596,72,97,83.7014583333333,0.912356111715554
"110","2023-10-10T15:00:00Z",1.59548083702883,FALSE,FALSE,1.57018238417337,54,103,81.4961224489796,0.984143681159733
"110","2023-10-10T16:00:00Z",1.3733362531241,FALSE,FALSE,1.36273499905405,54,85,79.9158695652174,0.992280656652055
"110","2023-10-10T17:00:00Z",1.55488901645737,FALSE,FALSE,1.49561140032326,54,100,72.2777551020408,0.961876625594049
"110","2023-10-10T18:00:00Z",2.03957276234478,FALSE,FALSE,2.2661964264804,36,150,71.2314285714286,1.11111330192265
"110","2023-10-10T19:00:00Z",2.15599330943908,FALSE,FALSE,2.49165285873689,36,159,75.1771739130435,1.15568673048672
"110","2023-10-10T20:00:00Z",2.36572769364695,FALSE,FALSE,2.23736673474285,66,146,83.5444897959184,0.945741448075869
"110","2023-10-10T21:00:00Z",2.13592395492197,FALSE,FALSE,2.45331426824317,30,167,82.6912765957447,1.14859626092484
"110","2023-10-10T22:00:00Z",1.94401924830947,FALSE,FALSE,2.29941211778245,6,174,85.2820833333333,1.18281345196661
"110","2023-10-10T23:00:00Z",1.95094602008692,FALSE,FALSE,2.26453667337158,24,157,87.4940816326531,1.16073773956631
"110","2023-10-11T00:00:00Z",2.20971937535101,FALSE,FALSE,2.34687869334278,36,154,89.6995918367347,1.06207092154857
"110","2023-10-11T02:00:00Z",1.67515628336267,FALSE,FALSE,1.92501664533276,24,135,91.6455319148936,1.14915644853657
"110","2023-10-11T03:00:00Z",1.76996780853888,FALSE,FALSE,2.04075875245159,24,138,92.9304166666667,1.15299201635551
"110","2023-10-11T04:00:00Z",1.82607315760172,FALSE,FALSE,2.04410189078829,42,131,93.7338775510204,1.11939758945525
"110","2023-10-11T06:00:00Z",1.69085416777922,FALSE,FALSE,1.94500572077606,6,149,91.8712765957447,1.15030956414807
"110","2023-10-11T07:00:00Z",1.6234484717873,FALSE,FALSE,1.65242523105711,48,103,95.1254054054054,1.01784889374278
"110","2023-10-11T08:00:00Z",1.84319756795384,FALSE,FALSE,1.79580855834745,48,115,95.461914893617,0.974289782912965
"110","2023-10-11T09:00:00Z",1.83744314375759,FALSE,FALSE,1.8572732923576,54,118,95.8526530612245,1.01079225154116
"110","2023-10-11T10:00:00Z",1.8164751895654,FALSE,FALSE,2.03882442666653,36,129,95.6085416666667,1.12240697719319
"110","2023-10-11T12:00:00Z",1.6721907608213,FALSE,FALSE,2.07739756563659,24,142,93.1235416666667,1.24232092074009
"110","2023-10-11T13:00:00Z",1.7119127848717,FALSE,FALSE,1.5367907423111,84,94,94.14625,0.897703875975359
"110","2023-10-11T14:00:00Z",2.52467758623653,FALSE,FALSE,2.32714349944455,66,145,92.6797826086956,0.921758687973128
"110","2023-10-11T15:00:00Z",1.78274716064398,FALSE,FALSE,1.78213443403776,54,111,86.2875510204082,0.999656302015369
"110","2023-10-11T16:00:00Z",1.63407138135027,FALSE,FALSE,1.57732133155397,72,95,75.0708333333333,0.965270764518617
"110","2023-10-11T17:00:00Z",1.80578895404928,FALSE,FALSE,1.72158578247831,60,110,71.9489795918367,0.953370424942433
"110","2023-10-11T18:00:00Z",2.45088799811122,FALSE,FALSE,2.47227848838699,60,157,70.5783333333333,1.0087276490367
"110","2023-10-11T19:00:00Z",2.14367448863949,FALSE,FALSE,2.28511660678042,42,156,75.7248979591837,1.06598115473712
"110","2023-10-11T20:00:00Z",2.6771407198232,FALSE,FALSE,2.85683774613144,48,184,77.73875,1.067122742177
"110","2023-10-11T21:00:00Z",2.58193942018247,FALSE,FALSE,3.02036404120105,36,194,79.4538775510204,1.16980437944884
"110","2023-10-11T22:00:00Z",2.3795700979573,FALSE,FALSE,2.75575885095668,30,178,82.3063265306122,1.15809105742349
"110","2023-10-11T23:00:00Z",2.35901168269596,FALSE,FALSE,2.74519266187416,30,182,84.17,1.1637045640812
"110","2023-10-12T00:00:00Z",2.97695804843498,FALSE,FALSE,2.79982551293199,114,131,84.6328571428571,0.940498813681262
"110","2023-10-12T01:00:00Z",2.63338960246817,FALSE,FALSE,2.29533530777948,96,136,87.313125,0.871627694446789
"110","2023-10-12T02:00:00Z",2.65929854244852,FALSE,FALSE,2.58543077791065,48,161,87.9622916666667,0.972222838707738
"110","2023-10-12T03:00:00Z",2.02381481794773,FALSE,FALSE,2.35615995922324,24,156,87.5928571428571,1.16421716963834
"110","2023-10-12T04:00:00Z",2.24975868093296,FALSE,FALSE,2.11075097572577,48,143,90.1963265306122,0.938212170760671
"110","2023-10-12T05:00:00Z",2.47346944520338,FALSE,FALSE,2.35644169124087,54,149,90.2253333333333,0.952686800239454
"110","2023-10-12T07:00:00Z",2.75042129487826,FALSE,FALSE,2.58146255605351,114,125,90.9594444444444,0.93856986959075
"110","2023-10-12T08:00:00Z",2.47835030961787,FALSE,FALSE,2.33097838155168,54,142,91.4112765957447,0.940536280325555
"110","2023-10-12T09:00:00Z",1.84984899545863,FALSE,FALSE,2.21680133140816,18,155,92.4054166666667,1.19836880569732
"110","2023-10-12T11:00:00Z",1.70005858951384,FALSE,FALSE,2.01298014465817,6,153,91.4904081632653,1.18406515932714
"110","2023-10-12T13:00:00Z",2.00142448335122,FALSE,FALSE,2.14191678368668,42,131,91.4179166666667,1.07019615354171
"110","2023-10-12T14:00:00Z",1.82940632638291,FALSE,FALSE,1.80377543389564,66,110,83.7321276595745,0.985989502650325
"110","2023-10-12T15:00:00Z",2.26207911895075,FALSE,FALSE,2.2034633845902,54,137,65.3564583333333,0.974087672765516
"110","2023-10-12T16:00:00Z",1.90245826807831,FALSE,FALSE,1.79490154004539,60,115,65.075306122449,0.943464343035727
"110","2023-10-12T17:00:00Z",1.19988295013778,FALSE,FALSE,1.52058533217734,6,119,63.3616666666667,1.2672780557493
"110","2023-10-12T18:00:00Z",2.56417387447554,FALSE,FALSE,2.18136935055385,108,135,64.0604081632653,0.850710387570739
"110","2023-10-12T19:00:00Z",2.71194420938229,FALSE,FALSE,2.49758130387609,84,152,67.9406382978723,0.92095600463882
"110","2023-10-12T20:00:00Z",3.07199269932026,FALSE,FALSE,2.95391273422458,78,176,70.7651020408163,0.961562420014278
"110","2023-10-12T21:00:00Z",2.47944364614083,FALSE,FALSE,2.79324854889331,24,190,71.8683673469388,1.12656262756401
"110","2023-10-12T22:00:00Z",2.41076930524937,FALSE,FALSE,2.81540858922696,30,187,79.7589795918367,1.16784653890213
"110","2023-10-12T23:00:00Z",2.59159356919767,FALSE,FALSE,2.78593184168259,42,175,83.059375,1.07498794363234
"110","2023-10-13T00:00:00Z",2.54087472817101,FALSE,FALSE,2.77065939424138,54,166,85.4169387755102,1.09043525976418
"110","2023-10-13T01:00:00Z",2.66243789650771,FALSE,FALSE,2.71899373176972,42,174,83.4758333333333,1.02124212374538
"110","2023-10-13T02:00:00Z",2.22133192487824,FALSE,FALSE,3.00612731283986,48,380,83.3277551020408,1.35329946829294
"110","2023-10-13T03:00:00Z",1.88402075015741,FALSE,FALSE,2.22941275365869,24,153,87.0475510204082,1.18332706976419
"110","2023-10-13T04:00:00Z",2.05418541474505,FALSE,FALSE,2.33907774732031,24,158,89.7385416666667,1.1386887135554
"110","2023-10-13T05:00:00Z",1.92459208123307,FALSE,FALSE,1.87141966589607,66,114,90.4163265306122,0.972372111547435
"110","2023-10-13T06:00:00Z",1.7349884351684,FALSE,FALSE,2.12399525724236,12,146,90.1695918367347,1.22421291934214
"110","2023-10-13T07:00:00Z",1.73184481091204,FALSE,FALSE,1.84298257634565,30,123,91.1575510204082,1.06417305103399
"110","2023-10-13T08:00:00Z",1.82829010006243,FALSE,FALSE,2.00863468398342,36,124,92.9240816326531,1.09864112041893
"110","2023-10-13T09:00:00Z",1.85686333271112,FALSE,FALSE,2.33037332565613,90,335,92.9325531914894,1.25500530093061
"110","2023-10-13T10:00:00Z",1.61142851644431,FALSE,FALSE,1.62928465656311,42,104,91.8883673469388,1.01108093839508
"110","2023-10-13T11:00:00Z",1.60318371634152,FALSE,FALSE,1.69029360070844,30,111,92.3758333333333,1.05433555959869
"110","2023-10-13T12:00:00Z",1.39597576658821,FALSE,FALSE,1.44866880674206,42,93,93,1.03774638601544
"110","2023-10-13T13:00:00Z",1.35459248371126,FALSE,FALSE,1.30020530265068,78,77,90.4710416666667,0.959849783817216
"110","2023-10-13T14:00:00Z",1.39714243201563,FALSE,FALSE,1.23037289899047,84,76,82.3935416666667,0.880635267240026
"110","2023-10-13T15:00:00Z",2.05685345363811,FALSE,FALSE,2.04503220251938,66,118,60.3604081632653,0.994252749947829
"110","2023-10-13T16:00:00Z",1.12912167750172,FALSE,FALSE,1.15505432236682,24,82,62.1397916666667,1.02296709502778
"110","2023-10-13T17:00:00Z",1.39087082390677,FALSE,FALSE,1.31924900506173,54,87,62.6216326530612,0.948505772344939
"110","2023-10-13T18:00:00Z",1.66057934370126,FALSE,FALSE,1.60611320204004,54,105,64.524693877551,0.967200518380642
"110","2023-10-13T19:00:00Z",1.87424758467843,FALSE,FALSE,1.87886106171185,48,122,65.30125,1.00246150885888
"110","2023-10-13T20:00:00Z",2.31099909541562,FALSE,FALSE,2.34891397044669,66,138,71.6095918367347,1.01640626995757
"110","2023-10-13T21:00:00Z",2.1051546169875,FALSE,FALSE,2.29616624999378,66,134,68.4170212765957,1.09073520370661
"110","2023-10-13T22:00:00Z",1.8433913003057,FALSE,FALSE,2.26367534853924,30,147,75.1975,1.22799502642974
"110","2023-10-13T23:00:00Z",1.84958427407911,FALSE,FALSE,2.12754742589383,24,145,80.9591836734694,1.15028412368672
"110","2023-10-14T00:00:00Z",1.88838656327427,FALSE,FALSE,2.14290179590655,24,142,84.1518367346939,1.13477920124097
"110","2023-10-14T01:00:00Z",1.86404440650954,FALSE,FALSE,1.71258595985878,78,100,85.3602127659574,0.918747404234657
"110","2023-10-14T02:00:00Z",1.8672587509274,FALSE,FALSE,2.15016817511359,30,140,85.0330612244898,1.15151056276784
"110","2023-10-14T03:00:00Z",1.76848513909462,FALSE,FALSE,1.83473914047884,36,118,87.4383673469388,1.03746370264561
"110","2023-10-14T04:00:00Z",1.76087742113745,FALSE,FALSE,1.92385815007705,36,119,87.6210204081633,1.09255654424504
"110","2023-10-14T05:00:00Z",1.72820603237107,FALSE,FALSE,1.77113262372773,42,114,89.2606382978723,1.02483881583133
"110","2023-10-14T06:00:00Z",1.62523090574576,FALSE,FALSE,1.74373707130105,36,111,89.1929166666667,1.07291650997795
"110","2023-10-14T07:00:00Z",1.71782953023957,FALSE,FALSE,1.72206989491947,42,112,90.0510204081633,1.00246844323331
"110","2023-10-14T08:00:00Z",1.62582811870544,FALSE,FALSE,1.57358471247196,48,98,91.4282978723404,0.967866587105726
"110","2023-10-14T09:00:00Z",1.64926205735179,FALSE,FALSE,1.57505111952128,72,92,92.1548936170213,0.955003549921191
"110","2023-10-14T10:00:00Z",1.36246196568622,FALSE,FALSE,1.37844969421592,48,87,92.1742553191489,1.01173444025034
"110","2023-10-14T11:00:00Z",1.50508849752334,FALSE,FALSE,1.41067858869019,66,87,92.5359574468085,0.937272852069166
"110","2023-10-14T12:00:00Z",1.6575139989297,FALSE,FALSE,1.57567076070397,66,97,89.6351063829787,0.950622897738069
"110","2023-10-14T13:00:00Z",1.46179542093682,FALSE,FALSE,1.41271960675432,60,87,86.3842553191489,0.966427713837657
"110","2023-10-14T14:00:00Z",1.39036365376534,FALSE,FALSE,1.32450728711039,66,80,82.2275,0.95263371098878
"110","2023-10-14T15:00:00Z",1.7274940471093,FALSE,FALSE,1.73382956822579,54,110,68.129375,1.00366746335658
"110","2023-10-14T16:00:00Z",1.49051029983517,FALSE,FALSE,1.34080596278981,84,82,70.5615217391304,0.899561688998787
"110","2023-10-14T17:00:00Z",1.63437517954152,FALSE,FALSE,1.55150443518779,60,99,72.2771428571429,0.949295152428237
"110","2023-10-14T18:00:00Z",1.4243501494636,FALSE,FALSE,1.32574884511838,66,85,73.8381632653061,0.930774532945887
"110","2023-10-14T19:00:00Z",1.68548230194742,FALSE,FALSE,1.62723400297649,60,103,72.2679591836735,0.965441168439662
"110","2023-10-14T20:00:00Z",2.23205970078862,FALSE,FALSE,2.05821854121716,54,135,73.8816666666667,0.92211625902746
"110","2023-10-14T21:00:00Z",2.05470620788911,FALSE,FALSE,2.29234363526045,36,153,77.5908333333333,1.11565518537829
"110","2023-10-14T22:00:00Z",1.87762963191143,FALSE,FALSE,2.27182320519953,42,140,82.7725,1.20994213480046
"110","2023-10-14T23:00:00Z",2.09487721892851,FALSE,FALSE,2.1050135168516,42,135,86.8172916666667,1.0048386119394
"110","2023-10-15T00:00:00Z",1.9832490118054,FALSE,FALSE,1.99277862546517,30,138,88.7385106382979,1.00480505151045
"110","2023-10-15T01:00:00Z",2.34573144816284,FALSE,FALSE,2.28755481520469,66,135,88.5959183673469,0.975198937199857
"110","2023-10-15T02:00:00Z",2.01413250219363,FALSE,FALSE,1.9987134817912,60,124,89.1697959183673,0.992344584884242
"110","2023-10-15T03:00:00Z",2.02378082098331,FALSE,FALSE,1.97454268260627,60,123,89.4345833333333,0.975670221860726
"110","2023-10-15T04:00:00Z",2.16684993403916,FALSE,FALSE,2.2136540398509,42,138,88.7054166666667,1.02160006794956
"110","2023-10-15T05:00:00Z",2.06267142907055,FALSE,FALSE,2.1623244724252,48,131,87.5587755102041,1.04831261147567
"110","2023-10-15T06:00:00Z",1.8616409707168,FALSE,FALSE,2.46305440415632,78,345,89.5404081632653,1.3230555423412
"110","2023-10-15T07:00:00Z",1.82679247181671,FALSE,FALSE,1.73415201353799,72,103,89.8330612244898,0.949287913264394
"110","2023-10-15T08:00:00Z",1.814461493516,FALSE,FALSE,1.98680917338953,42,121,89.6616326530612,1.09498558139118
"110","2023-10-15T09:00:00Z",1.89297236590279,FALSE,FALSE,1.86699121760122,60,112,91.1158333333333,0.986274945810322
"110","2023-10-15T10:00:00Z",1.85796632518199,FALSE,FALSE,1.85761179241313,60,114,91.1761224489796,0.999809182349507
"110","2023-10-15T11:00:00Z",1.68734088552226,FALSE,FALSE,1.72970028498556,42,109,91.7335416666667,1.02510423342832
"110","2023-10-15T12:00:00Z",1.79704489048388,FALSE,FALSE,1.77836679369542,66,106,91.6425,0.989606215800522
"110","2023-10-15T13:00:00Z",1.3388856274902,FALSE,FALSE,1.25940465412197,66,77,89.4869387755102,0.940636472797739
"110","2023-10-15T14:00:00Z",1.31012232627706,FALSE,FALSE,1.20953234286347,78,73,84.274375,0.923220922660376
"110","2023-10-15T15:00:00Z",1.32467570233757,FALSE,FALSE,1.24214977299107,60,73,80.1145652173913,0.937701031882084
"110","2023-10-15T16:00:00Z",1.22382902950929,FALSE,FALSE,1.02958103479114,96,67,72.1116326530612,0.841278487407641
"110","2023-10-15T17:00:00Z",1.42981972294786,FALSE,FALSE,1.30932962422947,60,88,72.2663829787234,0.915730566039489
"110","2023-10-15T18:00:00Z",1.3130843171921,FALSE,FALSE,1.20782287340298,66,79,67.3314583333333,0.919836493048512
"110","2023-10-15T19:00:00Z",1.54465751283513,FALSE,FALSE,1.47370967312642,60,94,68.2614285714286,0.954068886391205
"110","2023-10-15T20:00:00Z",1.69122062129314,FALSE,FALSE,1.61814909094981,60,103,68.3914893617021,0.956793614373352
"110","2023-10-15T21:00:00Z",2.27009963317848,FALSE,FALSE,2.11894139826225,72,123,71.25375,0.933413391770568
"110","2023-10-15T22:00:00Z",1.71260142805084,FALSE,FALSE,2.03929599173051,36,128,75.2635416666667,1.19075924983403
"110","2023-10-15T23:00:00Z",2.08625426885155,FALSE,FALSE,2.0929912329287,54,128,79.870625,1.00322921523888
"110","2023-10-16T00:00:00Z",1.72310173128988,FALSE,FALSE,1.76949587150172,48,112,84.3579591836735,1.02692478300577
"110","2023-10-16T01:00:00Z",1.88389370019448,FALSE,FALSE,1.88052565466447,54,115,86.5795918367347,0.9982121891858
"110","2023-10-16T02:00:00Z",1.73200394188223,FALSE,FALSE,1.72017966120258,60,104,88.4508163265306,0.993173063643957
"110","2023-10-16T03:00:00Z",1.68269576531906,FALSE,FALSE,1.58644874167897,72,95,89.2133333333333,0.942801886339896
"110","2023-10-16T04:00:00Z",1.63140872676858,FALSE,FALSE,1.44844387696551,90,89,89.2836734693878,0.887848552725669
"110","2023-10-16T05:00:00Z",1.7084945426361,FALSE,FALSE,1.76027086112526,36,114,92.530612244898,1.0303052290757
"110","2023-10-16T06:00:00Z",0.695003935135962,FALSE,FALSE,0.837643823746383,30,55,94.66,1.20523608773887
"110","2023-10-16T07:00:00Z",1.36716547120534,FALSE,FALSE,1.51284637027889,48,92,94.8314285714286,1.10655688879058
"110","2023-10-16T08:00:00Z",1.73948951293578,FALSE,FALSE,1.74993256305567,66,105,95.076170212766,1.00600351427372
"110","2023-10-16T09:00:00Z",1.76997785959211,FALSE,FALSE,1.83455659100109,48,113,94.8087755102041,1.03648561537592
"110","2023-10-16T10:00:00Z",1.64259465290648,FALSE,FALSE,1.67942881601673,54,104,95.4385416666667,1.0224243778251
"110","2023-10-16T11:00:00Z",1.48205239875089,FALSE,FALSE,1.45155974086157,72,83,96.2397916666667,0.97942538474684
"110","2023-10-16T12:00:00Z",1.61713325852705,FALSE,FALSE,1.66789144160249,54,104,95.4908333333333,1.03138775534285
"110","2023-10-16T13:00:00Z",1.64267180214515,FALSE,FALSE,1.62306642160735,54,103,93.2675510204082,0.988064943641084
"110","2023-10-16T14:00:00Z",1.49084661776596,FALSE,FALSE,1.44938140777474,60,91,89.170625,0.972186803459801
"110","2023-10-16T15:00:00Z",1.35667129169835,FALSE,FALSE,1.28435682171221,66,82,83.9682978723404,0.94669713258573
"110","2023-10-16T16:00:00Z",1.46153433276704,FALSE,FALSE,1.34605839285627,72,85,78.3695833333333,0.920989923177413
"110","2023-10-16T17:00:00Z",1.32334649352938,FALSE,FALSE,1.14274092151939,90,74,73.0279591836735,0.86352359499717
"110","2023-10-16T18:00:00Z",1.43410961446011,FALSE,FALSE,1.42248208651677,36,98,76.6144897959184,0.99189216233815
"110","2023-10-16T19:00:00Z",1.53916962955725,FALSE,FALSE,1.81314030295508,18,133,82.4889583333333,1.17799901202354
"110","2023-10-16T20:00:00Z",1.61517068864897,FALSE,FALSE,1.97588690680947,30,130,90.6604081632653,1.22333009179496
"110","2023-10-16T21:00:00Z",1.90352260782867,FALSE,FALSE,2.17733930092518,42,135,93.8845833333333,1.14384735540853
"110","2023-10-16T22:00:00Z",1.65512681645605,FALSE,FALSE,1.93304203244546,36,127,94.2087755102041,1.16791173535843
"110","2023-10-16T23:00:00Z",1.67896673310599,FALSE,FALSE,1.7008961004211,60,107,96.0153191489362,1.01306122800572
"110","2023-10-19T22:00:00Z",2.31243632567759,FALSE,FALSE,2.77797393179575,36,179,93.4802040816326,1.20131910269216
"110","2023-10-19T23:00:00Z",2.16502998360468,FALSE,FALSE,2.64682986053602,42,160,94.316875,1.22253727688758
"110","2023-10-20T00:00:00Z",2.57752612823417,FALSE,FALSE,2.86141530222473,54,167,94.7989130434783,1.11014017312214
"110","2023-10-20T01:00:00Z",2.29150021252901,FALSE,FALSE,2.56144699391598,48,153,95.9589361702128,1.11780351575401
"110","2023-10-20T02:00:00Z",2.42559452371558,FALSE,FALSE,2.55651381745003,54,148,97.1852083333333,1.05397410509235
"110","2023-10-20T03:00:00Z",2.76767030507551,FALSE,FALSE,2.53568676643986,78,146,97.4852083333333,0.916180934481167
"110","2023-10-20T04:00:00Z",2.6332376938997,FALSE,FALSE,2.62146335054154,60,155,97.2361224489796,0.995528567973397
"110","2023-10-20T05:00:00Z",2.17009545498046,FALSE,FALSE,2.48632471336099,36,155,96.6945833333333,1.1457213587793
"110","2023-10-20T06:00:00Z",2.71373118640846,FALSE,FALSE,2.60520646340179,72,151,97.1165306122449,0.960009037169857
"110","2023-10-20T07:00:00Z",2.63502601221076,FALSE,FALSE,2.58612156658919,48,163,96.9491666666667,0.981440621308881
"110","2023-10-20T08:00:00Z",2.68283055686362,FALSE,FALSE,2.64734433300058,78,150,96.8321276595745,0.986772841925385
"110","2023-10-20T09:00:00Z",2.28431580566045,FALSE,FALSE,2.54896517057923,42,159,96.704693877551,1.11585498128717
"110","2023-10-20T10:00:00Z",2.10106949400462,FALSE,FALSE,2.34716440409198,42,145,97.9059574468085,1.11712840093561
"110","2023-10-20T11:00:00Z",2.57625123531967,FALSE,FALSE,2.45414243020705,84,133,98.0253191489362,0.952602136220822
"110","2023-10-20T12:00:00Z",2.6283043565575,FALSE,FALSE,2.46926297751009,84,138,97.1072916666667,0.939488979405823
"110","2023-10-20T13:00:00Z",2.5057567253834,FALSE,FALSE,2.50579989419909,72,139,96.2122448979592,1.00001722785586
"110","2023-10-20T14:00:00Z",2.48455875261934,FALSE,FALSE,2.54828900189538,66,148,95.8481632653061,1.02565053018322
"110","2023-10-20T15:00:00Z",2.40659212384899,FALSE,FALSE,2.55562176982097,54,152,95.6238775510204,1.06192559366214
"110","2023-10-20T16:00:00Z",2.44203556431539,FALSE,FALSE,2.49203807425371,54,149,95.1827083333333,1.02047575009512
"110","2023-10-20T17:00:00Z",3.07140981145899,FALSE,FALSE,2.65188910151353,108,145,92.9447916666667,0.863411027606839
"110","2023-10-20T18:00:00Z",2.82408421102465,FALSE,FALSE,2.68829440376907,78,162,90.2418367346939,0.951917224449082
"110","2023-10-20T19:00:00Z",2.8115524826011,FALSE,FALSE,2.83385087496811,72,164,88.9789361702128,1.00793098919725
"110","2023-10-20T20:00:00Z",2.36722280651186,FALSE,FALSE,2.67348606752476,48,165,96.4810204081633,1.12937660965855
"110","2023-10-22T08:00:00Z",1.27889087076615,FALSE,FALSE,1.2952388265684,66,78,97.3528571428571,1.01278291696027
"110","2023-10-22T09:00:00Z",1.20063744749598,FALSE,FALSE,1.2116157418446,60,73,96.5370833333333,1.00914372142191
"110","2023-10-22T10:00:00Z",1.40759466275871,FALSE,FALSE,1.36362528544993,66,85,95.6085416666667,0.968762756443958
"110","2023-10-22T11:00:00Z",1.46906854651389,FALSE,FALSE,1.46397134042064,54,90,96.4316666666667,0.996530314323763
"110","2023-10-22T12:00:00Z",1.23790518139554,FALSE,FALSE,1.26863780687262,54,77,95.5559183673469,1.02482631621465
"110","2023-10-22T13:00:00Z",1.31847763594616,FALSE,FALSE,1.2928030758309,54,81,93.3225531914894,0.980527117476031
"110","2023-10-22T14:00:00Z",1.28166793427702,FALSE,FALSE,1.25636047563512,48,82,91.0616326530612,0.980254278066044
"110","2023-10-22T17:00:00Z",1.01455203704629,FALSE,FALSE,0.952780673771382,84,52,86.4902083333333,0.939114642700098
"110","2023-10-22T20:00:00Z",1.31855330812076,FALSE,FALSE,1.12113970904257,114,62,83.5222916666667,0.850280153360238
"110","2023-10-22T21:00:00Z",0.569178385624485,FALSE,FALSE,0.454171831137577,138,34,83.4422448979592,0.797942863974488
"110","2023-10-22T22:00:00Z",0.754957381217601,FALSE,FALSE,0.786421628358428,24,51,86.0047826086956,1.04167685212916
"110","2023-10-23T01:00:00Z",0.869527049609144,FALSE,FALSE,0.743914083026046,36,56,87.6226530612245,0.855538747598984
"110","2023-10-23T02:00:00Z",0.971998804199088,FALSE,FALSE,1.16739708537961,42,68,89.720612244898,1.20102728556495
"110","2023-10-23T03:00:00Z",1.16783622230604,FALSE,FALSE,0.857027451654445,156,43,88.975,0.733859282050815
"110","2023-10-23T05:00:00Z",1.17709927658134,FALSE,FALSE,0.951723615758807,132,54,87.4202083333333,0.808533005408774
"110","2023-10-23T09:00:00Z",1.15191535332274,FALSE,FALSE,0.912516225635643,132,48,93.3784782608696,0.792172986498927
"110","2023-10-23T10:00:00Z",0.819397130549706,FALSE,FALSE,0.699498231982092,36,52,95.0108510638298,0.853674251352116
"110","2023-10-23T11:00:00Z",1.10843780609346,FALSE,FALSE,0.825666807528846,150,39,96.4211363636364,0.74489231871186
"110","2023-10-23T13:00:00Z",1.07489359686414,FALSE,FALSE,1.09236611120761,66,59,95.1671739130435,1.0162551106402
"110","2023-10-23T18:00:00Z",1.06660632741669,FALSE,FALSE,1.14502459484397,42,71,73.9282978723404,1.07352128466855
"110","2023-10-23T19:00:00Z",1.54685594987517,FALSE,FALSE,1.60958005689487,42,101,75.080625,1.04054941704479
"110","2023-10-23T20:00:00Z",1.67883108436057,FALSE,FALSE,1.6215582674546,66,100,77.1579591836735,0.96588530112439
"110","2023-10-23T21:00:00Z",1.41402962495844,FALSE,FALSE,1.58126649558427,24,106,79.3432653061224,1.11826970784345
"110","2023-10-23T22:00:00Z",1.99086574643789,FALSE,FALSE,2.12968320802353,48,122,81.8310204081633,1.06972718368077
"110","2023-10-23T23:00:00Z",1.71988405481778,FALSE,FALSE,1.97693323309356,30,121,85.605625,1.1494572715851
"110","2023-10-24T01:00:00Z",1.17137202760603,FALSE,FALSE,1.60864580196654,12,112,87.0489361702128,1.37330050919364
"110","2023-10-24T02:00:00Z",1.01241856136718,FALSE,FALSE,1.27145488198851,0,95,91.3244897959184,1.25585892091066
"110","2023-10-24T03:00:00Z",1.48578524292756,FALSE,FALSE,1.55289829612652,24,104,93.2002083333333,1.04517009003718
"110","2023-10-24T04:00:00Z",1.09180125416069,FALSE,FALSE,1.30599896874108,12,93,94.2085106382979,1.19618745972686
"110","2023-10-24T05:00:00Z",1.12979141748817,FALSE,FALSE,1.29554756250673,24,86,94.5552083333333,1.14671393538028
"110","2023-10-24T06:00:00Z",0.919941166212239,FALSE,FALSE,1.11063836266352,12,81,95.3463829787234,1.20729281768796
"110","2023-10-24T07:00:00Z",1.27072077737427,FALSE,FALSE,1.34311592286706,30,86,96.1930612244898,1.0569717177698
"110","2023-10-24T08:00:00Z",0.987913799704484,FALSE,FALSE,1.20204625300425,24,77,96.018125,1.21675216336063
"110","2023-10-24T09:00:00Z",1.21661016252444,FALSE,FALSE,1.25835651460363,36,81,96.5033333333333,1.03431366378903
"110","2023-10-24T10:00:00Z",0.907904163840184,FALSE,FALSE,0.821505032813921,90,52,96.9026530612245,0.904836727853721
"110","2023-10-24T11:00:00Z",1.0954802715991,FALSE,FALSE,0.978413600172956,126,59,97.5685714285714,0.89313666849038
"110","2023-10-24T12:00:00Z",0.828641612877508,FALSE,FALSE,0.877866169554317,24,59,97.1842857142857,1.05940391589299
"110","2023-10-24T13:00:00Z",0.933000372348458,FALSE,FALSE,0.865733376389657,96,45,96.653829787234,0.927902498270731
"110","2023-10-24T14:00:00Z",0.860954166317637,FALSE,FALSE,0.716405896696304,90,45,88.8889361702128,0.832106893402262
"110","2023-10-24T15:00:00Z",0.786191384728691,FALSE,FALSE,0.988466180656776,18,65,81.9908163265306,1.25728442190687
"110","2023-10-24T16:00:00Z",0.67320612819613,FALSE,FALSE,0.706630893303326,54,40,80.5704255319149,1.04965012008545
"110","2023-10-24T18:00:00Z",1.59961148445297,FALSE,FALSE,1.62415274609389,42,106,73.5091836734694,1.0153420139074
"110","2023-10-24T19:00:00Z",1.73399254765726,FALSE,FALSE,1.8013600408555,48,111,73.2981632653061,1.03885108577269
"110","2023-10-24T20:00:00Z",1.07694141343766,FALSE,FALSE,1.51038455660959,12,109,74.4181632653061,1.40247606579485
"110","2023-10-24T21:00:00Z",1.22737744979149,FALSE,FALSE,1.72491336431469,12,119,81.8397872340426,1.4053650444757
"110","2023-10-24T22:00:00Z",1.23636470521531,FALSE,FALSE,1.65089450865005,54,354,85.7587234042553,1.33528116880573
"110","2023-10-24T23:00:00Z",1.80280483609941,FALSE,FALSE,1.90847121118569,18,128,88.379375,1.05861220969148
"110","2023-10-25T00:00:00Z",1.6506506721576,FALSE,FALSE,1.71077862187008,42,106,91.1632653061225,1.03642681684665
"110","2023-10-25T01:00:00Z",1.7134810162801,FALSE,FALSE,1.76591091268477,54,106,92.0495918367347,1.03059846937697
"110","2023-10-25T02:00:00Z",2.02917989993498,FALSE,FALSE,2.17465356823861,48,121,92.6504166666667,1.07169086797494
"110","2023-10-25T03:00:00Z",1.48725981109981,FALSE,FALSE,1.40518644299447,66,84,93.6666666666667,0.944815715793028
"110","2023-10-25T04:00:00Z",1.79157690228016,FALSE,FALSE,1.8635104322266,48,110,94.78,1.04015095855215
"110","2023-10-25T05:00:00Z",1.52408381744801,FALSE,FALSE,1.73373488610751,36,105,95.1311111111111,1.13755875251701
"110","2023-10-25T06:00:00Z",1.40186209027435,FALSE,FALSE,1.63146452284054,24,104,95.4455102040816,1.16378389440666
"110","2023-10-25T07:00:00Z",1.10080134057144,FALSE,FALSE,1.22392138177815,36,78,96.3959183673469,1.11184583145837
"110","2023-10-25T08:00:00Z",1.06226977692887,FALSE,FALSE,1.10928429477649,36,71,96.2202083333333,1.04425854794019
"110","2023-10-25T09:00:00Z",0.964013170040417,FALSE,FALSE,0.98280194198478,54,59,97.1661224489796,1.01949016105618
"110","2023-10-25T10:00:00Z",1.11007163836475,FALSE,FALSE,1.33534242050383,36,82,97.3214285714286,1.20293355343347
"110","2023-10-25T11:00:00Z",1.08743850007713,FALSE,FALSE,1.0878899546319,42,74,97.8410204081633,1.00041515410273
"110","2023-10-25T12:00:00Z",1.00393550506971,FALSE,FALSE,1.06295315950647,54,63,97.5195918367347,1.05878630065252
"110","2023-10-25T13:00:00Z",1.75509057297182,FALSE,FALSE,1.8123508071934,60,105,95.19875,1.03262523034616
"110","2023-10-25T14:00:00Z",1.48189295449354,FALSE,FALSE,1.44510886628265,48,93,89.6997916666667,0.975177634727699
"110","2023-10-25T15:00:00Z",1.09750251482469,FALSE,FALSE,1.23091110464511,36,78,71.9987755102041,1.12155652312262
"110","2023-10-25T16:00:00Z",0.937965478324012,FALSE,FALSE,1.20632469899721,18,83,67.159387755102,1.28610777995019
"110","2023-10-25T17:00:00Z",1.27407089669326,FALSE,FALSE,1.35352231258455,36,94,60.5089583333333,1.06236027845663
"110","2023-10-25T18:00:00Z",2.01236812395606,FALSE,FALSE,2.34502639635484,30,161,64.350625,1.16530686828054
"110","2023-10-25T19:00:00Z",2.10219438707994,FALSE,FALSE,2.47825482996876,18,174,69.364693877551,1.17888947149706
"110","2023-10-25T20:00:00Z",2.53586096997197,FALSE,FALSE,2.94462083065526,30,193,72.84875,1.16119174730932
"110","2023-10-25T21:00:00Z",2.34347173706056,FALSE,FALSE,2.74685346841199,12,200,76.3414583333333,1.17212997493087
"110","2023-10-25T22:00:00Z",2.65832809209554,FALSE,FALSE,2.95320167240601,48,179,80.8134693877551,1.11092444953927
"110","2023-10-25T23:00:00Z",2.42488949717683,FALSE,FALSE,2.80958703232023,36,177,82.3497959183673,1.15864538800274
"110","2023-10-26T00:00:00Z",2.7229335735851,FALSE,FALSE,2.87714894292783,54,171,82.8402083333333,1.05663574419837
"110","2023-10-26T01:00:00Z",3.01810224608617,FALSE,FALSE,3.21049250548797,72,172,83.2541666666667,1.06374544124583
"110","2023-10-26T02:00:00Z",2.06474916487205,FALSE,FALSE,2.60362162326364,36,160,82.8038775510204,1.2609868876857
"110","2023-10-26T03:00:00Z",2.52165233955897,FALSE,FALSE,2.74837872704289,54,159,84.4938775510204,1.08991183436634
"110","2023-10-26T04:00:00Z",1.96832329085899,FALSE,FALSE,2.52951108343125,24,168,87.2751020408163,1.28510956263052
"110","2023-10-26T05:00:00Z",2.4405257321133,FALSE,FALSE,2.7324801201302,18,186,88.8308333333333,1.11962766225951
"110","2023-10-26T06:00:00Z",2.3231351191204,FALSE,FALSE,2.41464526100067,54,141,88.9504081632653,1.03939079613885
"110","2023-10-26T07:00:00Z",2.86655170661816,FALSE,FALSE,2.81409920605808,54,171,89.4348979591837,0.981701882286307
"110","2023-10-26T08:00:00Z",2.17351247540971,FALSE,FALSE,2.62387499676941,36,161,88.7467346938776,1.2072049396794
"110","2023-10-26T09:00:00Z",2.08215240941656,FALSE,FALSE,2.18731906255544,48,128,88.4104081632653,1.05050862399086
"110","2023-10-26T10:00:00Z",2.47976330958189,FALSE,FALSE,2.65364316198006,30,170,88.1820408163265,1.07011953589534
"110","2023-10-26T11:00:00Z",2.59039916826151,FALSE,FALSE,2.76673273351786,60,156,87.4112244897959,1.06807196644318
"110","2023-10-26T12:00:00Z",2.81307365818809,FALSE,FALSE,2.79427457919612,66,163,87.9495833333333,0.993317246088723
"110","2023-10-26T13:00:00Z",2.3863072972254,FALSE,FALSE,2.32981694911605,66,133,87.0954166666667,0.976327295241884
"110","2023-10-26T14:00:00Z",2.73408895875545,FALSE,FALSE,2.56379844683856,72,151,84.87,0.937715811560717
"110","2023-10-26T15:00:00Z",1.6012523500712,FALSE,FALSE,1.69533445879548,36,113,64.9942857142857,1.05875532905235
"110","2023-10-26T16:00:00Z",1.93889648620681,FALSE,FALSE,2.17852990487312,36,143,60.7783673469388,1.12359268293643
"110","2023-10-26T17:00:00Z",2.5806194128108,FALSE,FALSE,2.80681046443225,42,191,63.9418367346939,1.0876499070334
"110","2023-10-26T18:00:00Z",2.49897595412202,FALSE,FALSE,2.68883573797397,48,174,63.7735416666667,1.07597503430906
"110","2023-10-26T19:00:00Z",3.09892486421159,FALSE,FALSE,3.50474140879405,36,227,67.1360416666667,1.13095397996547
"110","2023-10-26T20:00:00Z",3.14419647363807,FALSE,FALSE,3.29083882172747,30,228,72.3027083333333,1.04663905367203
"110","2023-10-26T21:00:00Z",2.7435536359109,FALSE,FALSE,3.18786989968383,12,243,75.7563265306122,1.16194918078407
"110","2023-10-26T22:00:00Z",3.22499820128688,FALSE,FALSE,3.85645192343314,54,240,79.5544897959184,1.19579971297171
"110","2023-10-26T23:00:00Z",3.65048509518338,FALSE,FALSE,3.76016959647477,18,259,82.5134693877551,1.03004655502802
"110","2023-10-27T00:00:00Z",3.04614590963195,FALSE,FALSE,3.48540128158141,12,256,83.2348979591837,1.14420037154508
"110","2023-10-27T01:00:00Z",2.83420394737988,FALSE,FALSE,3.26345985140312,0,248,83.8335416666667,1.15145554518759
"110","2023-10-27T02:00:00Z",3.20773881540875,FALSE,FALSE,3.42423200427103,18,238,85.1557142857143,1.06749090288222
"110","2023-10-27T03:00:00Z",3.60919401296327,FALSE,FALSE,3.77530298144619,42,237,84.6236170212766,1.04602384019432
"110","2023-10-27T04:00:00Z",3.47282790063722,FALSE,FALSE,3.63690309341903,60,212,85.3754166666667,1.04724541424921
"110","2023-10-27T05:00:00Z",3.3033869461982,FALSE,FALSE,3.52144887157229,54,214,85.8487755102041,1.06601162047487
"110","2023-10-27T06:00:00Z",3.10097038442879,FALSE,FALSE,3.37626944948185,42,214,86.6912244897959,1.08877835997256
"110","2023-10-27T07:00:00Z",3.15866075288947,FALSE,FALSE,3.24200928920103,42,210,87.9273469387755,1.02638730235126
"110","2023-10-27T08:00:00Z",3.0635899932361,FALSE,FALSE,3.3057007095731,36,210,88.7325,1.07902843294029
"110","2023-10-27T09:00:00Z",2.8529370195079,FALSE,FALSE,3.19861762053689,36,203,89.0310204081633,1.12116657278632
"110","2023-10-27T10:00:00Z",2.23318806181187,FALSE,FALSE,2.47858861796685,0,203,89.275306122449,1.10988799391838
"110","2023-10-27T11:00:00Z",2.75559174592441,FALSE,FALSE,3.01885349693792,30,204,90.3124489795918,1.09553728392563
"110","2023-10-27T12:00:00Z",3.12362146653204,FALSE,FALSE,3.06023834033439,60,187,91.1381632653061,0.979708448390186
"110","2023-10-27T13:00:00Z",2.86515205568485,FALSE,FALSE,2.90123998700287,48,182,89.7744897959184,1.01259546809965
"110","2023-10-27T14:00:00Z",1.91997896660546,FALSE,FALSE,1.91141313898465,48,123,84.354693877551,0.995538582573141
"110","2023-10-27T15:00:00Z",1.69292281920839,FALSE,FALSE,2.02697843322951,24,141,69.5858333333333,1.19732477478053
"110","2023-10-27T16:00:00Z",1.79538737948974,FALSE,FALSE,2.06229260234414,36,135,61.7973469387755,1.14866163475554
"110","2023-10-27T17:00:00Z",2.31848157548854,FALSE,FALSE,2.43133521087433,36,166,57.8875,1.04867566625455
"110","2023-10-27T18:00:00Z",3.23210129202283,FALSE,FALSE,3.28338277029767,66,203,61.1072916666667,1.01586629676533
"110","2023-10-27T19:00:00Z",2.65474825260477,FALSE,FALSE,3.19289789446565,12,234,63.8897916666667,1.20271211830834
"110","2023-10-27T20:00:00Z",2.57560976914816,FALSE,FALSE,3.26854687783585,18,222,68.1202127659574,1.26903808060833
"110","2023-10-27T21:00:00Z",2.70720267142983,FALSE,FALSE,3.25691214389774,12,243,73.2565306122449,1.20305442155078
"110","2023-10-27T22:00:00Z",2.72287155924724,FALSE,FALSE,3.19005834621756,0,253,77.1627083333333,1.17157870902272
"110","2023-10-27T23:00:00Z",2.31441533383731,FALSE,FALSE,3.04329021985638,6,227,80.0157142857143,1.31492829975793
"110","2023-10-28T00:00:00Z",2.56170337539807,FALSE,FALSE,3.20881584506478,24,218,82.3660416666667,1.25261022641474
"110","2023-10-28T01:00:00Z",2.68475994475041,FALSE,FALSE,3.23794019456537,30,216,83.7981632653061,1.20604458543737
"110","2023-10-28T02:00:00Z",2.2490538757479,FALSE,FALSE,2.93853438371279,6,220,85.2234693877551,1.30656469166868
"110","2023-10-28T03:00:00Z",2.33632914485814,FALSE,FALSE,2.84302980414803,12,220,86.1908163265306,1.21687897033046
"110","2023-10-28T04:00:00Z",2.94639643110745,FALSE,FALSE,3.17210570241079,42,204,88.4441666666667,1.07660519437247
"110","2023-10-28T05:00:00Z",2.26504735618409,FALSE,FALSE,2.68785135089547,0,213,89.2910204081633,1.18666452759013
"110","2023-10-28T06:00:00Z",2.36326036161742,FALSE,FALSE,2.68746500669984,0,204,90.6454166666667,1.13718532682558
"110","2023-10-28T07:00:00Z",2.39549493437042,FALSE,FALSE,2.7365150375236,0,213,90.8264583333333,1.14235893312077
"110","2023-10-28T08:00:00Z",2.44007498555328,FALSE,FALSE,2.83327174182959,36,181,92.3,1.16114125943025
"110","2023-10-28T09:00:00Z",1.99003103078011,FALSE,FALSE,2.45866117428573,12,180,93.0712244897959,1.23548886236307
"110","2023-10-28T10:00:00Z",2.45417804171235,FALSE,FALSE,2.70654499470554,24,184,93.649387755102,1.10283155855192
"110","2023-10-28T11:00:00Z",2.12332164539151,FALSE,FALSE,2.42113303570884,0,195,94.1581632653061,1.14025731380062
"110","2023-10-28T12:00:00Z",2.38344810375635,FALSE,FALSE,2.63859134092866,48,158,94.5545833333333,1.10704795156655
"110","2023-10-28T13:00:00Z",2.8326443472049,FALSE,FALSE,2.68305138355105,78,155,94.3920408163265,0.947189641438233
"110","2023-10-28T14:00:00Z",2.34290997754345,FALSE,FALSE,2.25878261880255,54,143,86.5710638297872,0.964092790782722
"110","2023-10-28T15:00:00Z",2.14170964795275,FALSE,FALSE,2.26028709631439,42,147,76.3827659574468,1.05536579081809
"110","2023-10-28T16:00:00Z",2.25840063049342,FALSE,FALSE,2.40214477344537,42,156,69.2775510204082,1.06364864630796
"110","2023-10-28T17:00:00Z",2.61835875934483,FALSE,FALSE,2.66375637164224,60,166,62.8378723404255,1.01733819406351
"110","2023-10-28T18:00:00Z",2.78528420485847,FALSE,FALSE,2.77540751474773,66,177,69.519375,0.996453974034852
"110","2023-10-28T19:00:00Z",3.22221917896196,FALSE,FALSE,3.37282698284226,60,205,69.9118367346939,1.04674039707281
"110","2023-10-28T20:00:00Z",3.00886115648565,FALSE,FALSE,3.50240634403781,42,225,73.9529787234043,1.1640305623569
"110","2023-10-28T21:00:00Z",2.30538829248357,FALSE,FALSE,2.99647420177493,30,199,74.7429166666667,1.29976985288967
"110","2023-10-28T22:00:00Z",1.80908806274704,FALSE,FALSE,2.5763802379806,18,180,74.3242857142857,1.4241320204548
"110","2023-10-28T23:00:00Z",1.98054819133373,FALSE,FALSE,2.62493586296547,12,187,72.970612244898,1.32535823892162
"110","2023-10-29T00:00:00Z",2.02159928307346,FALSE,FALSE,2.56708187750462,24,172,74.4514583333333,1.26982725953575
"110","2023-10-29T01:00:00Z",2.24292411872756,FALSE,FALSE,2.66553707407222,30,175,77.3339583333333,1.18842053184769
"110","2023-10-29T02:00:00Z",1.83760671784008,FALSE,FALSE,2.38679050867484,12,169,78.8687755102041,1.29885817542084
"110","2023-10-29T03:00:00Z",2.15765782863169,FALSE,FALSE,2.57520539029117,30,160,81.3437777777778,1.19351889633227
"110","2023-10-29T04:00:00Z",1.45138448553113,FALSE,FALSE,1.93670381359202,24,127,79.9754166666667,1.33438370941611
"110","2023-10-29T05:00:00Z",2.39290782111871,FALSE,FALSE,2.58001463268119,42,156,82.4236170212766,1.07819223536785
"110","2023-10-29T06:00:00Z",1.44628540813867,FALSE,FALSE,1.63460544146987,18,114,84.8004255319149,1.13020945400643
"110","2023-10-29T07:00:00Z",1.63983587876632,FALSE,FALSE,1.70633116129534,36,110,84.479375,1.04054996197488
"110","2023-10-29T08:00:00Z",2.43301408409992,FALSE,FALSE,2.29449823559482,60,139,82.8472916666667,0.943068209341524
"110","2023-10-29T09:00:00Z",1.88890985355553,FALSE,FALSE,1.93061480072105,42,126,82.5257142857143,1.02207884462407
"110","2023-10-29T10:00:00Z",1.97838507276604,FALSE,FALSE,1.84040133203728,66,114,81.256170212766,0.930254356127019
"110","2023-10-29T11:00:00Z",1.7118278997005,FALSE,FALSE,1.79028532043143,30,119,82.9857142857143,1.04583254002617
"110","2023-10-29T12:00:00Z",1.28361596920044,FALSE,FALSE,1.26632256557995,48,81,82.02375,0.986527587662167
"110","2023-10-29T13:00:00Z",1.25034729861537,FALSE,FALSE,1.31451892875284,54,80,76.7104347826087,1.05132304457212
"110","2023-10-29T14:00:00Z",1.48176537710312,FALSE,FALSE,1.61991025743744,30,106,81.3963265306122,1.09322992861691
"110","2023-10-29T15:00:00Z",0.992511307745084,FALSE,FALSE,1.30628865741515,0,97,89.1389795918367,1.3161448612439
"110","2023-10-29T16:00:00Z",0.80830666673968,FALSE,FALSE,0.712917171833629,60,50,94.4563265306122,0.881988484283067
"110","2023-10-29T17:00:00Z",0.999840336467897,FALSE,FALSE,0.818830047092681,126,52,94.7663043478261,0.818960805267505
"110","2023-10-29T18:00:00Z",0.832824523881771,FALSE,FALSE,1.07190023135207,30,67,94.9477083333333,1.28706612331247
"110","2023-10-29T19:00:00Z",0.821086342289314,FALSE,FALSE,0.757115129567704,84,47,95.5110869565217,0.922089542321154
"110","2023-10-29T20:00:00Z",0.612711579983222,FALSE,FALSE,0.57284560354079,96,39,95.9273469387755,0.934935167304127
"110","2023-10-29T22:00:00Z",0.622493299508083,FALSE,FALSE,0.549957628993237,150,57,96.7275,0.88347558026381
"110","2023-10-31T12:00:00Z",0.516300021180931,FALSE,FALSE,0.454025418063712,174,61,97.6618367346939,0.879382915819414
"110","2023-10-31T19:00:00Z",0.830494305770985,FALSE,FALSE,0.851839651196973,36,53,74.3493617021277,1.02570197685603
"110","2023-10-31T20:00:00Z",1.15678676650461,FALSE,FALSE,1.22580596556535,54,73,77.3593617021277,1.05966458215051
"110","2023-10-31T21:00:00Z",1.31187439979619,FALSE,FALSE,1.35432397359992,18,97,83.9489583333333,1.03235795576949
"110","2023-10-31T22:00:00Z",0.613077697325104,FALSE,FALSE,0.811321708999692,0,62,85.07125,1.32335870728872
"110","2023-10-31T23:00:00Z",1.40044301342608,FALSE,FALSE,1.48427492513793,36,96,86.4066666666667,1.05986099463395
"110","2023-11-01T00:00:00Z",1.33170305834088,FALSE,FALSE,1.35629535476452,36,84,87.86,1.01846680179159
"110","2023-11-01T01:00:00Z",1.04325959877355,FALSE,FALSE,1.05413172085402,6,79,88.4036170212766,1.01042130078961
"110","2023-11-01T02:00:00Z",0.639877111292331,FALSE,FALSE,0.79131514431621,30,51,86.5721276595745,1.23666736995488
"110","2023-11-01T03:00:00Z",0.829395687068453,FALSE,FALSE,0.937009833465104,30,59,84.9753191489362,1.12975006751846
"110","2023-11-01T04:00:00Z",0.668240958562293,FALSE,FALSE,0.864773036524791,12,56,87.1125,1.29410360955026
"111","2023-10-03T18:00:00Z",7.17426005196634,FALSE,FALSE,7.19029376852602,72,433,73.5416326530612,1.00223489481055
"111","2023-10-03T19:00:00Z",5.22893984616412,FALSE,FALSE,5.39049076440024,42,364,74.1520833333333,1.03089553962925
"111","2023-10-03T20:00:00Z",5.03822199392884,FALSE,FALSE,5.03822012291605,66,313,76.6068085106383,0.999999628636295
"111","2023-10-03T22:00:00Z",5.94823892311199,FALSE,FALSE,5.93298657181794,72,344,84.1030434782609,0.997435820670418
"111","2023-10-03T23:00:00Z",5.31588253223974,FALSE,FALSE,5.75361532662068,54,356,87.2541666666667,1.08234433167516
"111","2023-10-04T00:00:00Z",5.51222964999089,FALSE,FALSE,5.81219624026427,60,338,88.7510204081633,1.05441837683121
"111","2023-10-04T01:00:00Z",5.26634263140536,FALSE,FALSE,5.6336324549246,66,324,91.6630612244898,1.06974286506331
"111","2023-10-04T02:00:00Z",5.29972468900098,FALSE,FALSE,5.40794294708521,66,319,92.7085714285714,1.02041959996692
"111","2023-10-04T03:00:00Z",5.02595669693914,FALSE,FALSE,5.11199228468813,66,298,93.7765306122449,1.01711825089965
"111","2023-10-04T04:00:00Z",4.78043710934352,FALSE,FALSE,4.95233781526308,54,305,94.5165306122449,1.035959202472
"111","2023-10-04T05:00:00Z",4.82327347879046,FALSE,FALSE,4.8953966135028,72,281,95.43875,1.01495315059979
"111","2023-10-04T06:00:00Z",4.60433814517612,FALSE,FALSE,4.44023275883823,78,258,95.299387755102,0.964358528595511
"111","2023-10-04T07:00:00Z",4.52825339978596,FALSE,FALSE,4.39817084626084,78,256,94.7195918367347,0.9712731285022
"111","2023-10-04T08:00:00Z",4.42646940642265,FALSE,FALSE,4.5931451926306,54,281,93.6079591836735,1.03765434049225
"111","2023-10-04T09:00:00Z",4.53932673247528,FALSE,FALSE,4.2491814749581,78,255,95.2481632653061,0.936081874115511
"111","2023-10-04T10:00:00Z",4.35048139508726,FALSE,FALSE,4.20576308813549,72,247,95.7655102040816,0.966735104966731
"111","2023-10-04T11:00:00Z",4.17046631503576,FALSE,FALSE,4.08627261715526,66,249,95.986875,0.979811922331811
"111","2023-10-04T12:00:00Z",4.68578504623549,FALSE,FALSE,4.29681067181754,84,249,96.2585714285714,0.91698842977647
"111","2023-10-04T13:00:00Z",4.52711674909296,FALSE,FALSE,4.3326615557111,60,269,95.4791836734694,0.957046569779581
"111","2023-10-04T14:00:00Z",3.94596783331274,FALSE,FALSE,3.80131729465338,48,258,91.4534693877551,0.96334219011159
"111","2023-10-04T15:00:00Z",3.12816624647808,FALSE,FALSE,3.46571614690424,24,238,84.8395744680851,1.10790663725312
"111","2023-10-04T16:00:00Z",3.32294319917083,FALSE,FALSE,3.70806736410638,36,250,74.5625531914894,1.11589850980048
"111","2023-10-04T17:00:00Z",3.81132858035802,FALSE,FALSE,3.51782515762755,78,214,71.35375,0.922991834332242
"111","2023-10-04T18:00:00Z",3.00991145724058,FALSE,FALSE,3.40048951030199,36,222,68.0142857142857,1.12976396768145
"111","2023-10-04T19:00:00Z",4.16475075859158,FALSE,FALSE,4.42214399655244,48,284,69.8822916666667,1.06180279514443
"111","2023-10-04T20:00:00Z",4.33788791310334,FALSE,FALSE,4.48078798151435,54,289,72.5289795918367,1.03294231461799
"111","2023-10-04T21:00:00Z",4.92859746132235,FALSE,FALSE,5.03151729221792,48,325,78.6375,1.02088217422974
"111","2023-10-04T22:00:00Z",5.24186213365383,FALSE,FALSE,5.37540361012011,48,341,82.2332653061224,1.02547596122548
"111","2023-10-04T23:00:00Z",4.85839518458865,FALSE,FALSE,5.00390493818468,48,314,86.3397959183673,1.02995016833081
"111","2023-10-05T00:00:00Z",5.0992347201454,FALSE,FALSE,5.16234615485439,54,327,89.1608163265306,1.0123766482958
"111","2023-10-05T01:00:00Z",4.64716019051124,FALSE,FALSE,4.71587939342119,66,290,90.1436734693877,1.01478735401682
"111","2023-10-05T02:00:00Z",4.91912404247045,FALSE,FALSE,4.60500670295463,66,291,91.5277551020408,0.936143643298317
"111","2023-10-05T03:00:00Z",5.19848341466878,FALSE,FALSE,5.23554660833857,60,322,93.0816326530612,1.00712961660418
"111","2023-10-05T04:00:00Z",4.93563295814421,FALSE,FALSE,4.80091564426859,78,273,93.6891836734694,0.972705159597955
"111","2023-10-05T05:00:00Z",4.62939816112207,FALSE,FALSE,4.44272232113607,78,257,93.9808163265306,0.95967600247615
"111","2023-10-05T06:00:00Z",4.32438508813739,FALSE,FALSE,4.47450407497421,30,305,93.298125,1.03471452791025
"111","2023-10-05T07:00:00Z",4.44376543844258,FALSE,FALSE,4.29535987331791,66,263,94.5510204081633,0.96660364567382
"111","2023-10-05T09:00:00Z",4.53949669304349,FALSE,FALSE,4.56376074848969,60,277,95.2691836734694,1.00534509816548
"111","2023-10-05T10:00:00Z",4.72058436807207,FALSE,FALSE,4.16363035623367,90,251,95.3427083333333,0.88201587591456
"111","2023-10-05T11:00:00Z",3.48603263444309,FALSE,FALSE,2.8967954215745,132,161,97.3240816326531,0.830971974545866
"111","2023-10-05T12:00:00Z",4.04425804606604,FALSE,FALSE,3.51408528989105,108,197,97.3412244897959,0.868907287780337
"111","2023-10-05T13:00:00Z",4.04981752999025,FALSE,FALSE,3.48472559719333,114,194,95.9304081632653,0.860464841042287
"111","2023-10-05T14:00:00Z",4.00846691583878,FALSE,FALSE,3.69371893626477,84,213,91.9672916666667,0.921479212331692
"111","2023-10-05T15:00:00Z",3.68424121167833,FALSE,FALSE,3.42373969807521,84,196,80.4591836734694,0.929293035217841
"111","2023-10-05T16:00:00Z",3.42429744056184,FALSE,FALSE,3.42706204370817,72,202,67.4827083333333,1.00080734900934
"111","2023-10-05T17:00:00Z",3.1879760070015,FALSE,FALSE,2.93466035391278,66,204,64.4771428571429,0.920540288718488
"111","2023-10-05T18:00:00Z",3.40393949576919,FALSE,FALSE,3.40860182292196,66,210,57.8526530612245,1.00136968567113
"111","2023-10-05T19:00:00Z",3.21350389627537,FALSE,FALSE,3.6001032935914,36,245,59.5740425531915,1.12030463002211
"111","2023-10-05T20:00:00Z",3.57091356511872,FALSE,FALSE,3.91807387665049,36,262,62.9655102040816,1.09721890636696
"111","2023-10-05T21:00:00Z",3.89637834242443,FALSE,FALSE,4.13696771038481,54,257,66.1308163265306,1.0617469215812
"111","2023-10-05T22:00:00Z",3.80552356735847,FALSE,FALSE,4.02240736213129,42,259,70.344693877551,1.05699184118399
"111","2023-10-05T23:00:00Z",4.00309399217745,FALSE,FALSE,3.53678418711993,90,213,78.9764583333333,0.883512651471898
"111","2023-10-06T00:00:00Z",4.16041226516617,FALSE,FALSE,3.65494148392173,12,406,73.5775,0.878504641120162
"111","2023-10-06T01:00:00Z",3.63520996038167,FALSE,FALSE,3.70827598252536,66,217,77.4389795918367,1.02009953288531
"111","2023-10-06T02:00:00Z",3.47035808333425,FALSE,FALSE,3.4682288904295,66,204,84.5132653061224,0.999386463052622
"111","2023-10-06T03:00:00Z",3.37168191605472,FALSE,FALSE,3.71862054170268,48,230,87.9441666666667,1.10289779234393
"111","2023-10-06T04:00:00Z",3.66211072607711,FALSE,FALSE,3.46966455461853,78,196,91.5235416666667,0.94744938483476
"111","2023-10-06T05:00:00Z",3.68985577377562,FALSE,FALSE,3.12868092097457,108,174,94.011914893617,0.847914149710292
"111","2023-10-06T06:00:00Z",3.69049510719893,FALSE,FALSE,3.32979806460028,96,185,93.8695652173913,0.90226323782545
"111","2023-10-06T07:00:00Z",3.62933686690499,FALSE,FALSE,3.24013600272091,90,187,94.850625,0.89276254080102
"111","2023-10-06T08:00:00Z",3.42765766454906,FALSE,FALSE,3.29774693678991,72,186,94.6385106382979,0.962099269975888
"111","2023-10-06T09:00:00Z",3.75020418241594,FALSE,FALSE,3.48504498841986,84,198,95.1348936170213,0.92929473140706
"111","2023-10-06T10:00:00Z",3.62334992340934,FALSE,FALSE,3.32361138273591,84,189,95.9128260869565,0.917275850522492
"111","2023-10-06T11:00:00Z",3.63776330819295,FALSE,FALSE,3.11112067460258,114,173,96.6804255319149,0.855228999532688
"111","2023-10-06T12:00:00Z",3.12374661142742,FALSE,FALSE,2.76319575495851,108,156,96.834375,0.88457743174497
"111","2023-10-06T13:00:00Z",3.27371000007336,FALSE,FALSE,2.89428760898226,102,168,96.08625,0.88410018264214
"111","2023-10-06T14:00:00Z",3.46739537998838,FALSE,FALSE,3.15487243517519,90,181,94.2118367346939,0.909868096780405
"111","2023-10-06T15:00:00Z",3.57042029143314,FALSE,FALSE,3.23708684737646,90,181,92.0957142857143,0.906640278497049
"111","2023-10-06T16:00:00Z",3.46712203694308,FALSE,FALSE,3.2993099787213,72,192,94.7473469387755,0.951599033309557
"111","2023-10-06T17:00:00Z",3.43490318670406,FALSE,FALSE,3.15752115589896,90,185,95.0331914893617,0.919246041088203
"111","2023-10-06T18:00:00Z",3.59451785305223,FALSE,FALSE,3.27164502347274,90,185,95.8823404255319,0.910176317720797
"111","2023-10-06T19:00:00Z",3.29880184618642,FALSE,FALSE,3.06354996884185,90,167,95.964347826087,0.928685659729295
"111","2023-10-06T20:00:00Z",3.53324457218199,FALSE,FALSE,3.1830887938174,96,172,95.2995744680851,0.900896818431012
"111","2023-10-06T21:00:00Z",3.54957462720759,FALSE,FALSE,3.15436398605752,96,182,95.2706666666667,0.888659717668488
"111","2023-10-06T22:00:00Z",3.45456126582726,FALSE,FALSE,3.12706427462233,96,173,96.1583333333333,0.905198673288978
"111","2023-10-06T23:00:00Z",3.43930162056748,FALSE,FALSE,3.14742010885251,90,179,96.635625,0.91513349397172
"111","2023-10-07T00:00:00Z",3.36791627798108,FALSE,FALSE,2.90365600130211,114,161,97.36875,0.862152073163387
"111","2023-10-07T01:00:00Z",3.01727408884005,FALSE,FALSE,2.55398544710632,120,144,97.7051020408163,0.846454571877549
"111","2023-10-07T02:00:00Z",3.40952071504375,FALSE,FALSE,2.98392580172754,108,167,97.2521276595745,0.875174562970577
"111","2023-10-07T03:00:00Z",3.39028334680321,FALSE,FALSE,2.98049746237202,108,167,97.1510204081633,0.879129310882646
"111","2023-10-07T04:00:00Z",3.44550630413889,FALSE,FALSE,3.0056507824251,108,170,97.3670833333333,0.87233936528126
"111","2023-10-07T05:00:00Z",3.02930692586205,FALSE,FALSE,2.64726040538201,108,158,97.935306122449,0.873883191822394
"111","2023-10-07T06:00:00Z",2.40820309677793,FALSE,FALSE,2.18742276623184,96,129,98.3748979591837,0.908321548609633
"111","2023-10-07T07:00:00Z",2.98579981656403,FALSE,FALSE,2.69815149650342,90,162,98.1883673469388,0.903661217183799
"111","2023-10-07T08:00:00Z",2.65345270565632,FALSE,FALSE,2.4066426582395,102,137,98.2669387755102,0.906985322598478
"111","2023-10-07T09:00:00Z",2.06646879426523,FALSE,FALSE,1.90729768441263,102,108,98.5410204081633,0.922974346240154
"111","2023-10-07T10:00:00Z",2.33461592415325,FALSE,FALSE,2.05222923533324,114,117,98.5955102040816,0.879043620880627
"111","2023-10-07T11:00:00Z",2.07195818713427,FALSE,FALSE,1.83759120556427,114,103,98.8110204081633,0.886886239777769
"111","2023-10-07T12:00:00Z",2.02472080142626,FALSE,FALSE,1.78227575608458,120,99,98.93,0.880257542091287
"111","2023-10-07T17:00:00Z",3.65713241588091,FALSE,FALSE,3.34354433537532,96,187,97.5087755102041,0.914253014426317
"111","2023-10-07T18:00:00Z",3.31244010822709,FALSE,FALSE,3.46518672616354,66,205,94.1375510204082,1.04611302029494
"111","2023-10-07T19:00:00Z",3.0361408402237,FALSE,FALSE,3.42730887986609,54,209,90.9461224489796,1.12883725104583
"111","2023-10-07T20:00:00Z",2.53507887229744,FALSE,FALSE,3.06826889068796,12,218,93.4497959183673,1.21032482429523
"111","2023-10-07T21:00:00Z",2.73980180571276,FALSE,FALSE,2.42676064559478,114,136,98.128125,0.885743136797245
"111","2023-10-07T22:00:00Z",2.39891118503143,FALSE,FALSE,2.10290666546425,108,118,98.6887755102041,0.876608804271632
"111","2023-10-08T00:00:00Z",3.27419979347811,FALSE,FALSE,3.11158737040695,84,181,98.2835416666667,0.950335216746679
"111","2023-10-08T13:00:00Z",1.61742092234421,FALSE,FALSE,1.58862545797344,78,92,98.9722448979592,0.982196678692
"111","2023-10-08T14:00:00Z",1.77168686280554,FALSE,FALSE,1.70855150448144,60,98,96.3079591836735,0.964364267947374
"111","2023-10-08T15:00:00Z",2.13650983345053,FALSE,FALSE,2.14817389893681,54,139,93.576875,1.00545940173252
"111","2023-10-08T16:00:00Z",2.14183608744172,FALSE,FALSE,2.26372607203077,42,148,91.0116326530612,1.05690910957366
"111","2023-10-08T17:00:00Z",1.93182268048343,FALSE,FALSE,2.19888746651815,30,148,87.2591836734694,1.13824497907224
"111","2023-10-08T18:00:00Z",2.95812660198921,FALSE,FALSE,2.76142891182635,78,169,81.2914583333333,0.933505993276084
"111","2023-10-08T19:00:00Z",2.4134260540819,FALSE,FALSE,2.47576972809595,42,161,80.965306122449,1.02583202162279
"111","2023-10-08T20:00:00Z",3.28522640218245,FALSE,FALSE,2.934327379567,84,178,79.7395918367347,0.8931887852897
"111","2023-10-08T21:00:00Z",3.58165710826152,FALSE,FALSE,3.27514874250622,90,183,78.7697959183674,0.914422750003538
"111","2023-10-08T22:00:00Z",3.235771056617,FALSE,FALSE,3.08366176839054,60,192,83.5069387755102,0.952991331721259
"111","2023-10-08T23:00:00Z",3.33897170205711,FALSE,FALSE,3.22344896233355,78,180,85.08,0.965401701472227
"111","2023-10-09T00:00:00Z",2.53297970697162,FALSE,FALSE,2.8305724802955,36,177,85.5932653061224,1.11748723154189
"111","2023-10-09T01:00:00Z",3.02205759889297,FALSE,FALSE,2.9715332311085,60,174,86.4104081632653,0.983281467632192
"111","2023-10-09T02:00:00Z",2.13590717404942,FALSE,FALSE,2.36719773784256,30,156,87.2408333333333,1.10828680506496
"111","2023-10-09T04:00:00Z",2.64480174570357,FALSE,FALSE,2.69600715523697,48,164,89.7789795918367,1.01936077424956
"111","2023-10-09T05:00:00Z",2.12079055838747,FALSE,FALSE,2.47014413622407,30,161,90.591875,1.16472799563114
"111","2023-10-09T06:00:00Z",2.39101718020179,FALSE,FALSE,2.45218426875712,36,160,92.4551020408163,1.02558203640769
"111","2023-10-09T07:00:00Z",2.10615550126719,FALSE,FALSE,2.34156307096267,42,144,92.605625,1.11177121990938
"111","2023-10-09T08:00:00Z",2.38821467488499,FALSE,FALSE,2.45505558114926,48,152,93.4777551020408,1.027987813226
"111","2023-10-09T09:00:00Z",2.28559104326379,FALSE,FALSE,2.29134948082253,42,147,94.3714285714286,1.00251945227722
"111","2023-10-09T10:00:00Z",1.71071433416431,FALSE,FALSE,1.83679052306275,42,117,94.9038775510204,1.07369797889724
"111","2023-10-09T11:00:00Z",2.16057604375877,FALSE,FALSE,2.20428074564265,42,140,95.5475,1.02022826366613
"111","2023-10-09T12:00:00Z",2.14070767362094,FALSE,FALSE,2.10067891416959,60,128,95.6867391304348,0.981301155713781
"111","2023-10-09T13:00:00Z",1.81461111140809,FALSE,FALSE,1.70438297103586,84,99,96.03,0.93925522682009
"111","2023-10-09T14:00:00Z",1.9497725649492,FALSE,FALSE,1.79010888282055,66,115,88.059387755102,0.918111637737191
"111","2023-10-09T15:00:00Z",2.14583491694607,FALSE,FALSE,1.90931285447418,96,112,82.455625,0.889776207571223
"111","2023-10-09T16:00:00Z",2.11948112547639,FALSE,FALSE,1.93276928143685,90,113,78.4751020408163,0.911906814457915
"111","2023-10-09T17:00:00Z",2.34024002662289,FALSE,FALSE,2.16189911630233,90,125,71.0702040816327,0.923793752652832
"111","2023-10-09T18:00:00Z",2.47677570118751,FALSE,FALSE,2.29688597103535,72,140,69.2,0.927369389942774
"111","2023-10-09T19:00:00Z",2.61476866805605,FALSE,FALSE,2.5540937295789,60,159,71.1539583333333,0.976795293894105
"111","2023-10-09T20:00:00Z",2.56827784786279,FALSE,FALSE,2.44989657124172,78,144,70.8826530612245,0.953906359189454
"111","2023-10-09T21:00:00Z",2.64269724498256,FALSE,FALSE,2.64928421355662,54,166,73.2634693877551,1.00249251728951
"111","2023-10-09T22:00:00Z",2.48259371408651,FALSE,FALSE,2.43819394597729,66,148,75.2551063829787,0.982115572170632
"111","2023-10-09T23:00:00Z",2.43700126139126,FALSE,FALSE,2.45747016493072,36,166,75.6512244897959,1.00839921745784
"111","2023-10-10T00:00:00Z",2.45276691076317,FALSE,FALSE,2.19685216321323,78,140,79.779387755102,0.895662834317054
"111","2023-10-10T01:00:00Z",2.40111560702595,FALSE,FALSE,2.28750987235304,66,139,79.4602040816327,0.952686270356792
"111","2023-10-10T02:00:00Z",2.48391738330738,FALSE,FALSE,2.37105482316881,54,151,78.5255102040816,0.954562675515279
"111","2023-10-10T03:00:00Z",2.50099824245933,FALSE,FALSE,2.54715431905743,54,152,79.8877551020408,1.01845506158881
"111","2023-10-10T04:00:00Z",2.24149569060159,FALSE,FALSE,2.3337391712643,36,154,86.5122916666667,1.04115264689086
"111","2023-10-10T05:00:00Z",2.29137361748653,FALSE,FALSE,2.30929134410897,42,151,88.3108163265306,1.00781964428922
"111","2023-10-10T06:00:00Z",2.14526610205218,FALSE,FALSE,2.28156626401829,30,153,88.8289361702128,1.06353531705727
"111","2023-10-10T07:00:00Z",2.20380297593083,FALSE,FALSE,2.11768188301352,60,132,89.8425,0.960921600588667
"111","2023-10-10T08:00:00Z",2.02970112427073,FALSE,FALSE,2.09384140043715,48,129,90.841875,1.03160084773046
"111","2023-10-10T09:00:00Z",2.10759652738906,FALSE,FALSE,2.18443515102216,30,146,92.934375,1.03645793805149
"111","2023-10-10T10:00:00Z",2.08129326073496,FALSE,FALSE,2.06816940395085,42,132,94.5974468085106,0.993694374054967
"111","2023-10-10T11:00:00Z",2.11903285923544,FALSE,FALSE,2.21757163836283,30,147,93.3927659574468,1.04650177022878
"111","2023-10-10T12:00:00Z",2.0919563705469,FALSE,FALSE,2.04551947186035,54,126,94.1041304347826,0.977802166746715
"111","2023-10-10T13:00:00Z",1.96268081410819,FALSE,FALSE,1.77565168100392,96,101,88.2010204081633,0.904707310653946
"111","2023-10-10T14:00:00Z",2.27536655625476,FALSE,FALSE,2.1442906284909,84,128,83.929387755102,0.942393489346348
"111","2023-10-10T15:00:00Z",2.09371490147048,FALSE,FALSE,1.88322585408854,90,111,82.9218367346939,0.899466232372846
"111","2023-10-10T16:00:00Z",2.5420320857139,FALSE,FALSE,2.24214588851886,96,129,81.899375,0.882028948855372
"111","2023-10-10T17:00:00Z",2.11386045853417,FALSE,FALSE,2.03969992002252,72,120,75.3804166666667,0.964917013224669
"111","2023-10-10T18:00:00Z",2.39985832254735,FALSE,FALSE,2.29780342450401,72,139,70.5848979591837,0.957474615445209
"111","2023-10-10T19:00:00Z",2.37451593304845,FALSE,FALSE,2.36210386527337,54,152,75.0783673469388,0.994772800804438
"111","2023-10-10T20:00:00Z",2.64402828572376,FALSE,FALSE,2.45419876416578,84,143,79.1559183673469,0.928204428605038
"111","2023-10-10T21:00:00Z",2.72340110884331,FALSE,FALSE,2.64838138398634,78,155,75.1130612244898,0.972453662953513
"111","2023-10-10T22:00:00Z",2.33538624331048,FALSE,FALSE,2.43396782027467,42,154,76.599387755102,1.04221210827398
"111","2023-10-10T23:00:00Z",2.51161957805053,FALSE,FALSE,2.70189584392878,48,163,82.410625,1.07575839412191
"111","2023-10-11T00:00:00Z",2.42402295898435,FALSE,FALSE,2.45385637587254,48,156,86.3541666666667,1.01230739864803
"111","2023-10-11T01:00:00Z",2.33960231875563,FALSE,FALSE,2.28620536432124,60,140,88.9555102040816,0.977176909936219
"111","2023-10-11T02:00:00Z",2.43647027471498,FALSE,FALSE,2.41094368095478,54,151,90.124693877551,0.989523125307499
"111","2023-10-11T03:00:00Z",2.32052076781443,FALSE,FALSE,2.26774444221946,60,142,91.7224489795918,0.977256688960952
"111","2023-10-11T04:00:00Z",2.30125671607231,FALSE,FALSE,2.21851953471367,60,138,92.1764583333333,0.964046957133989
"111","2023-10-11T05:00:00Z",1.85187984231872,FALSE,FALSE,1.95760316230799,36,127,92.3675510204082,1.05708972989138
"111","2023-10-11T06:00:00Z",2.25124918985667,FALSE,FALSE,2.26148432128208,42,148,93.5191836734694,1.00454642314655
"111","2023-10-11T07:00:00Z",2.22162549942,FALSE,FALSE,2.14395406302475,60,127,95.3914583333333,0.965038465566981
"111","2023-10-11T08:00:00Z",2.24570192012698,FALSE,FALSE,2.23589639957784,54,139,95.3787755102041,0.995633650013272
"111","2023-10-11T09:00:00Z",2.32118101840531,FALSE,FALSE,2.3296864999135,54,142,94.0672340425532,1.00366429048004
"111","2023-10-11T10:00:00Z",2.33229705287117,FALSE,FALSE,2.37936828957353,42,152,94.6564583333333,1.02018235054768
"111","2023-10-11T11:00:00Z",2.47251265350395,FALSE,FALSE,2.37850325983551,72,136,95.8119565217391,0.961978195122596
"111","2023-10-11T12:00:00Z",2.31891476528795,FALSE,FALSE,2.12763432949275,90,121,95.698085106383,0.917512951032743
"111","2023-10-11T13:00:00Z",2.34507814629546,FALSE,FALSE,2.05478284572815,84,130,94.5197916666667,0.876210820084656
"111","2023-10-11T14:00:00Z",2.5092163554966,FALSE,FALSE,2.41606529605973,60,154,90.3057446808511,0.962876433818544
"111","2023-10-11T15:00:00Z",2.18679442817169,FALSE,FALSE,1.99373023639733,90,119,84.9602083333333,0.911713607238438
"111","2023-10-11T16:00:00Z",2.15521816187179,FALSE,FALSE,1.91402609687941,102,114,77.2252083333333,0.888089257385014
"111","2023-10-11T17:00:00Z",2.61695704331778,FALSE,FALSE,2.40178132429862,84,146,72.8957142857143,0.91777636565774
"111","2023-10-11T18:00:00Z",2.82932293992092,FALSE,FALSE,2.52702636041077,90,156,70.0526530612245,0.893155858864735
"111","2023-10-11T19:00:00Z",2.25857091621235,FALSE,FALSE,2.1993198443312,66,133,75.6379591836735,0.973766122880693
"111","2023-10-11T20:00:00Z",3.18207832409686,FALSE,FALSE,2.97620980663335,78,174,74.2348979591837,0.93530375544042
"111","2023-10-11T21:00:00Z",3.2347466976934,FALSE,FALSE,2.98498209518394,90,167,72.5618367346939,0.922786967311053
"111","2023-10-11T22:00:00Z",3.32742421272659,FALSE,FALSE,3.05143422859084,84,179,74.7064583333333,0.917055966870665
"111","2023-10-11T23:00:00Z",3.2316927354775,FALSE,FALSE,3.03246476492157,90,167,74.5834693877551,0.938351821517928
"111","2023-10-12T00:00:00Z",2.38375889431953,FALSE,FALSE,2.52244011032917,36,163,82.273125,1.05817753479184
"111","2023-10-12T01:00:00Z",2.40219403031034,FALSE,FALSE,2.25644046872227,54,148,83.7758333333333,0.939324817334078
"111","2023-10-12T02:00:00Z",2.43123975952084,FALSE,FALSE,2.29109037536094,60,148,84.2081632653061,0.942354766282894
"111","2023-10-12T03:00:00Z",2.18138785047231,FALSE,FALSE,2.07764126652793,72,124,85.7157446808511,0.952440101872798
"111","2023-10-12T04:00:00Z",1.94580752649493,FALSE,FALSE,1.85783551857127,66,113,88.27625,0.95478894663229
"111","2023-10-12T05:00:00Z",2.00734035223054,FALSE,FALSE,1.91497902080905,54,125,89.449375,0.953988205677794
"111","2023-10-12T06:00:00Z",2.10649254654398,FALSE,FALSE,2.13522696283797,54,131,89.9279591836735,1.01364088201553
"111","2023-10-12T07:00:00Z",2.42588948161871,FALSE,FALSE,2.43061285767084,24,168,90.689375,1.00194706976056
"111","2023-10-12T08:00:00Z",2.63584227323124,FALSE,FALSE,2.54210383786701,66,156,91.0797959183674,0.96443700887712
"111","2023-10-12T09:00:00Z",2.17652612438849,FALSE,FALSE,2.28906106307012,30,151,91.3958695652174,1.05170392278808
"111","2023-10-12T10:00:00Z",2.17582733220252,FALSE,FALSE,2.42445013008159,42,142,92.1834693877551,1.11426586760789
"111","2023-10-12T11:00:00Z",2.15738845314447,FALSE,FALSE,2.25324535550077,24,151,93.0487755102041,1.04443191591972
"111","2023-10-12T12:00:00Z",2.26824341695199,FALSE,FALSE,2.1974787069329,78,127,95.1636734693878,0.968801977120172
"111","2023-10-12T13:00:00Z",1.92814981652861,FALSE,FALSE,1.78507870321898,78,108,93.889387755102,0.925798756879169
"111","2023-10-12T14:00:00Z",2.48921420785258,FALSE,FALSE,2.25024428667461,90,135,80.3630612244898,0.903997847825186
"111","2023-10-12T15:00:00Z",2.46815240450535,FALSE,FALSE,2.15808435077725,96,131,75.4677551020408,0.874372403761576
"111","2023-10-12T16:00:00Z",2.46420818337588,FALSE,FALSE,2.17026277792926,102,130,70.4764583333333,0.880714053532635
"111","2023-10-12T17:00:00Z",2.10157810832048,FALSE,FALSE,2.00155014189316,60,129,66.9016326530612,0.952403402932638
"111","2023-10-12T18:00:00Z",2.347120390592,FALSE,FALSE,2.08736303511389,84,130,64.4642857142857,0.889329343088109
"111","2023-10-12T19:00:00Z",2.50082225213215,FALSE,FALSE,2.27885339035772,84,140,68.97,0.9112416479879
"111","2023-10-12T20:00:00Z",2.98379229918505,FALSE,FALSE,2.58358111128981,102,158,70.5722448979592,0.865871633221739
"111","2023-10-12T21:00:00Z",3.0633151188931,FALSE,FALSE,3.0016631099248,54,188,72.335306122449,0.97987408850364
"111","2023-10-12T22:00:00Z",2.84897897918673,FALSE,FALSE,2.86743604033673,60,167,78.2545833333333,1.00647848274236
"111","2023-10-12T23:00:00Z",2.46033309383728,FALSE,FALSE,2.36880529703924,60,151,81.3489795918367,0.962798615753575
"111","2023-10-13T00:00:00Z",2.53723601443732,FALSE,FALSE,2.43838608180289,42,160,82.0704081632653,0.961040308401758
"111","2023-10-13T01:00:00Z",2.69365564591512,FALSE,FALSE,2.68974336243887,54,168,81.6948979591837,0.998547593311646
"111","2023-10-13T02:00:00Z",2.52022124231644,FALSE,FALSE,2.58271534076911,42,166,83.6047916666667,1.02479706836977
"111","2023-10-13T03:00:00Z",2.09289102278873,FALSE,FALSE,2.04475071448135,54,130,87.2814285714286,0.976998177266187
"111","2023-10-13T04:00:00Z",2.24468195795853,FALSE,FALSE,2.25164771268736,48,142,89.6735416666667,1.00310322569491
"111","2023-10-13T05:00:00Z",2.36599664560296,FALSE,FALSE,2.37774659302559,54,144,91.3732653061224,1.00496617247724
"111","2023-10-13T06:00:00Z",2.32239849185193,FALSE,FALSE,2.39541072503853,54,146,90.5385416666667,1.03143828823639
"111","2023-10-13T07:00:00Z",2.20013079656083,FALSE,FALSE,2.30883697697626,42,147,91.4904166666667,1.04940896267865
"111","2023-10-13T08:00:00Z",2.13796797197589,FALSE,FALSE,2.26271524582037,36,145,92.8975,1.0583485232144
"111","2023-10-13T09:00:00Z",1.99802300995567,FALSE,FALSE,2.11507848898576,42,129,93.5502040816327,1.05858565113957
"111","2023-10-13T10:00:00Z",2.18973850155752,FALSE,FALSE,2.3138499837655,42,145,91.260612244898,1.05667867744012
"111","2023-10-13T11:00:00Z",2.16011261882625,FALSE,FALSE,2.28067911831402,48,140,92.0508163265306,1.05581491373968
"111","2023-10-13T12:00:00Z",2.08858926451335,FALSE,FALSE,2.01314414655112,66,118,93.9458333333333,0.963877474980793
"111","2023-10-13T13:00:00Z",1.72103343397714,FALSE,FALSE,1.60765948156751,84,91,90.8677083333333,0.934124491615697
"111","2023-10-13T14:00:00Z",1.70127685706499,FALSE,FALSE,1.416382437039,114,88,81.5495833333333,0.832540824356193
"111","2023-10-13T15:00:00Z",2.00969387089785,FALSE,FALSE,1.72071650230077,102,103,76.3602083333333,0.856208264959293
"111","2023-10-13T16:00:00Z",2.01822519610968,FALSE,FALSE,1.85012368507955,84,108,71.335306122449,0.916708248735494
"111","2023-10-13T18:00:00Z",2.40518224878443,FALSE,FALSE,2.24511698324979,84,130,64.5522916666667,0.933449839148141
"111","2023-10-13T19:00:00Z",2.46550739067677,FALSE,FALSE,2.2744555850041,84,132,64.8079166666667,0.922510146838281
"111","2023-10-13T20:00:00Z",2.55186768237705,FALSE,FALSE,2.31885476600865,96,130,71.065306122449,0.908689263954569
"111","2023-10-13T21:00:00Z",2.60772650209016,FALSE,FALSE,2.50493175883904,78,148,69.3648979591837,0.960580703854974
"111","2023-10-13T22:00:00Z",2.17608103262817,FALSE,FALSE,2.32253460260816,36,152,74.2425,1.06730152406278
"111","2023-10-13T23:00:00Z",2.41253042909142,FALSE,FALSE,2.46597986928681,48,153,81.3487755102041,1.02215492892892
"111","2023-10-14T00:00:00Z",2.20549914521738,FALSE,FALSE,2.19328946576307,54,135,84.914693877551,0.994463983592655
"111","2023-10-14T01:00:00Z",1.89885125616787,FALSE,FALSE,1.9274159361574,60,113,87.2385416666667,1.01504313721085
"111","2023-10-14T02:00:00Z",2.13913124835355,FALSE,FALSE,2.22726608766949,36,144,83.9008163265306,1.0412012303517
"111","2023-10-14T03:00:00Z",1.82376081730423,FALSE,FALSE,1.80806712370167,66,108,87.6185416666667,0.991394872916635
"111","2023-10-14T04:00:00Z",2.15860104097445,FALSE,FALSE,2.10701216676716,60,131,88.793125,0.976100783225786
"111","2023-10-14T05:00:00Z",1.85577860383724,FALSE,FALSE,1.83439151367015,60,113,90.71375,0.988475408584374
"111","2023-10-14T06:00:00Z",2.05477370026102,FALSE,FALSE,1.98408793945742,54,125,90.5420408163265,0.965599247841928
"111","2023-10-14T07:00:00Z",1.83453135488079,FALSE,FALSE,1.81573467783631,54,112,91.39,0.989753962506843
"111","2023-10-14T08:00:00Z",1.98059276958266,FALSE,FALSE,1.88466498656416,84,107,92.6508695652174,0.951566124802773
"111","2023-10-14T09:00:00Z",1.93301441422087,FALSE,FALSE,1.857378912106,48,120,93.3148979591837,0.960871734034455
"111","2023-10-14T10:00:00Z",1.79203167522648,FALSE,FALSE,1.73456700536555,72,98,92.8908333333333,0.967933228717253
"111","2023-10-14T11:00:00Z",2.05928102197091,FALSE,FALSE,1.95449137860957,60,122,93.6208163265306,0.949113480752107
"111","2023-10-14T12:00:00Z",1.95581409208084,FALSE,FALSE,1.80869959027599,72,111,93.243125,0.924780937819952
"111","2023-10-14T13:00:00Z",2.00775694117208,FALSE,FALSE,1.91797006737086,84,111,90.6545833333333,0.955280008271918
"111","2023-10-14T14:00:00Z",1.94289201180638,FALSE,FALSE,1.67255689370189,96,103,83.729387755102,0.860859421696244
"111","2023-10-14T15:00:00Z",1.99988098008481,FALSE,FALSE,1.69990035191354,108,102,78.5289795918367,0.850000759465918
"111","2023-10-14T16:00:00Z",2.14322104321756,FALSE,FALSE,1.952534074117,90,117,76.1689583333333,0.911027857017358
"111","2023-10-14T17:00:00Z",2.18151652520778,FALSE,FALSE,1.92044787403882,102,115,75.1269387755102,0.880326988976579
"111","2023-10-14T18:00:00Z",2.12387696554574,FALSE,FALSE,1.81589124827121,102,110,76.155,0.854988908363911
"111","2023-10-14T19:00:00Z",2.24595088452116,FALSE,FALSE,1.97022124145103,90,119,76.0426530612245,0.877232558837135
"111","2023-10-14T20:00:00Z",2.26482189205542,FALSE,FALSE,2.09007895424024,72,131,74.2559183673469,0.922844732988431
"111","2023-10-14T21:00:00Z",2.37849408828235,FALSE,FALSE,2.28116134101449,60,143,78.1659183673469,0.959077994876097
"111","2023-10-14T22:00:00Z",2.18204546121249,FALSE,FALSE,2.29890064574424,48,143,83.06,1.05355304763761
"111","2023-10-14T23:00:00Z",2.34662995403065,FALSE,FALSE,2.28912422013426,66,135,85.9840816326531,0.975494332288048
"111","2023-10-15T00:00:00Z",2.34256962688172,FALSE,FALSE,2.24960520406307,72,132,87.0634693877551,0.960315193302326
"111","2023-10-15T01:00:00Z",1.94833091095214,FALSE,FALSE,1.98097184089943,48,125,87.5854166666667,1.01675327828749
"111","2023-10-15T02:00:00Z",2.384347544451,FALSE,FALSE,2.31101933867222,60,144,88.7141666666667,0.969246007802246
"111","2023-10-15T03:00:00Z",2.33408706637846,FALSE,FALSE,2.32138590385445,54,146,89.2761224489796,0.99455840242339
"111","2023-10-15T04:00:00Z",2.26245747777856,FALSE,FALSE,2.27976639686477,48,143,89.1097916666667,1.00765049476342
"111","2023-10-15T05:00:00Z",2.07392384433603,FALSE,FALSE,2.20484755533231,42,141,87.953125,1.06312850462366
"111","2023-10-15T06:00:00Z",2.19612870476427,FALSE,FALSE,2.33187488283002,42,147,88.4871428571429,1.06181157678567
"111","2023-10-15T07:00:00Z",1.52929229762256,FALSE,FALSE,1.64652279822381,54,97,90.1261224489796,1.07665669982351
"111","2023-10-15T08:00:00Z",2.06522468364077,FALSE,FALSE,2.14092650446301,60,129,89.0034042553192,1.03665548907191
"111","2023-10-15T10:00:00Z",2.04887729789611,FALSE,FALSE,2.14154218369171,54,128,91.16875,1.04522715239744
"111","2023-10-15T11:00:00Z",1.96177841715471,FALSE,FALSE,2.02459001724651,54,122,91.6277551020408,1.03201768331354
"111","2023-10-15T12:00:00Z",1.9578152270586,FALSE,FALSE,2.08113684542881,54,125,91.2165306122449,1.06298940608174
"111","2023-10-15T13:00:00Z",2.32822404175528,FALSE,FALSE,2.15152333702535,78,129,90.5361224489796,0.924104939404065
"111","2023-10-15T14:00:00Z",2.21308019214879,FALSE,FALSE,1.98704380503842,96,113,85.7128571428571,0.897863444843859
"111","2023-10-15T15:00:00Z",2.16553172980948,FALSE,FALSE,1.8343472155866,108,106,81.565306122449,0.847065499127081
"111","2023-10-15T16:00:00Z",1.99527682047863,FALSE,FALSE,1.74134225388521,108,105,76.03375,0.872732162280865
"111","2023-10-15T17:00:00Z",2.12007849756241,FALSE,FALSE,1.91001087679164,90,116,74.0852083333333,0.900915168465555
"111","2023-10-15T18:00:00Z",2.18246126182155,FALSE,FALSE,1.96148365079258,84,120,69.466875,0.898748438336756
"111","2023-10-15T19:00:00Z",2.2733078082047,FALSE,FALSE,1.99703147549059,96,119,69.8985416666667,0.878469456834225
"111","2023-10-15T20:00:00Z",2.4170455127507,FALSE,FALSE,2.1797776869138,90,129,69.7944680851064,0.901835598632614
"111","2023-10-15T21:00:00Z",2.28060634649149,FALSE,FALSE,2.11130181550544,84,125,72.3632653061224,0.92576336935723
"111","2023-10-15T22:00:00Z",2.09902449282318,FALSE,FALSE,2.10361301115278,60,126,75.254081632653,1.00218602419614
"111","2023-10-15T23:00:00Z",2.13173959896925,FALSE,FALSE,2.18129674911333,42,140,79.2795918367347,1.02324728131337
"111","2023-10-16T00:00:00Z",1.68406821872193,FALSE,FALSE,1.84788700141055,36,117,84.7726530612245,1.09727562153803
"111","2023-10-16T01:00:00Z",2.0811110602959,FALSE,FALSE,2.06842325668314,54,129,87.9765306122449,0.993903351024932
"111","2023-10-16T02:00:00Z",2.13650013632407,FALSE,FALSE,2.09026313712929,60,129,88.790612244898,0.978358532064346
"111","2023-10-16T04:00:00Z",2.05579651027621,FALSE,FALSE,1.87854927446479,84,112,90.8769387755102,0.913781721622046
"111","2023-10-16T05:00:00Z",1.94599910073184,FALSE,FALSE,1.98255168864278,48,124,93.3612765957447,1.01878345570519
"111","2023-10-16T06:00:00Z",1.90071736500539,FALSE,FALSE,1.96558773000179,54,119,95.2104081632653,1.03412941144788
"111","2023-10-16T07:00:00Z",1.86847123557353,FALSE,FALSE,1.90456672689402,54,117,95.6273469387755,1.01931819480722
"111","2023-10-16T08:00:00Z",1.92367248896595,FALSE,FALSE,1.98612629229099,60,118,95.4738775510204,1.03246592321888
"111","2023-10-16T09:00:00Z",1.86262001406281,FALSE,FALSE,1.9147984532316,60,114,95.845625,1.02801346424652
"111","2023-10-16T10:00:00Z",1.99210682412693,FALSE,FALSE,2.01919497536655,66,117,95.2816326530612,1.01359774029763
"111","2023-10-16T11:00:00Z",1.69763948987242,FALSE,FALSE,1.65539687416482,72,95,96.348085106383,0.975116851393009
"111","2023-10-16T12:00:00Z",1.87435538173802,FALSE,FALSE,1.79072648797704,72,104,96.521875,0.955382584020203
"111","2023-10-16T13:00:00Z",2.13131228491398,FALSE,FALSE,2.01189004084517,78,119,94.8047916666667,0.943967740009705
"111","2023-10-16T14:00:00Z",2.1137359553865,FALSE,FALSE,1.94814628410653,84,115,89.498125,0.921660190877678
"111","2023-10-16T15:00:00Z",2.01159617249851,FALSE,FALSE,1.69544826722164,108,101,84.5595918367347,0.842837290307527
"111","2023-10-16T16:00:00Z",1.94230128161389,FALSE,FALSE,1.71444286355858,90,106,80.6883673469388,0.88268636786051
"111","2023-10-16T17:00:00Z",1.86419768435336,FALSE,FALSE,1.73038546189754,78,103,76.65375,0.928219939559559
"111","2023-10-16T18:00:00Z",1.94191792793578,FALSE,FALSE,1.96484202795143,48,129,78.2344897959184,1.01180487583222
"111","2023-10-16T19:00:00Z",2.00843564707949,FALSE,FALSE,2.09895904971813,42,136,84.3391836734694,1.04507159727536
"111","2023-10-16T20:00:00Z",2.18282886171107,FALSE,FALSE,2.24479279203059,42,145,93.96,1.02838698507539
"111","2023-10-16T21:00:00Z",2.03682661767665,FALSE,FALSE,2.04609130140776,60,122,96.0472916666667,1.00454858732241
"111","2023-10-16T22:00:00Z",2.14995935485315,FALSE,FALSE,2.26324862177372,42,143,95.2355102040816,1.05269367844784
"111","2023-10-16T23:00:00Z",1.32765552562868,FALSE,FALSE,1.27959071490713,90,74,97.2479591836735,0.963797227674103
"111","2023-10-17T01:00:00Z",0.663910528065379,FALSE,FALSE,0.865019707329221,48,54,97.8979591836735,1.30291608697616
"111","2023-10-17T02:00:00Z",1.36770238955751,FALSE,FALSE,1.47691240032663,54,83,97.8071428571429,1.07984925054086
"111","2023-10-17T03:00:00Z",0.849192210834749,FALSE,FALSE,0.999425147129316,54,58,97.9802040816326,1.17691275823984
"111","2023-10-17T06:00:00Z",1.38218329533141,FALSE,FALSE,1.494001988748,60,89,98.3910204081633,1.08090004689992
"111","2023-10-17T07:00:00Z",1.19583027407746,FALSE,FALSE,1.17179380395746,72,71,98.3065306122449,0.979899764505842
"111","2023-10-17T08:00:00Z",1.13708433666357,FALSE,FALSE,0.989246481151386,126,55,98.2855102040816,0.86998514468507
"111","2023-10-17T09:00:00Z",1.0788354292189,FALSE,FALSE,0.902996001829096,144,51,98.5214285714286,0.837009962198669
"111","2023-10-17T10:00:00Z",1.05164703483826,FALSE,FALSE,1.02647349327674,96,58,98.4977083333333,0.976062746598818
"111","2023-10-17T11:00:00Z",0.798773501343084,FALSE,FALSE,0.807682491799373,138,63,98.685,1.01115333751221
"111","2023-10-17T14:00:00Z",1.30645943920824,FALSE,FALSE,1.74497490023545,66,314,98.8057446808511,1.33565179895134
"111","2023-10-17T15:00:00Z",2.12395920211347,FALSE,FALSE,2.12190811797713,54,131,95.7183673469388,0.999034310953664
"111","2023-10-17T16:00:00Z",2.14818276462551,FALSE,FALSE,2.13570233546866,60,130,91.4183333333333,0.994190238669461
"111","2023-10-17T17:00:00Z",2.36528396785842,FALSE,FALSE,2.68017322966566,114,335,85.6755102040816,1.13312958024754
"111","2023-10-17T18:00:00Z",2.32254959115896,FALSE,FALSE,2.32065824757971,60,140,82.6016326530612,0.99918566062639
"111","2023-10-17T19:00:00Z",2.56884271812434,FALSE,FALSE,2.56812103075903,54,159,84.2989583333333,0.999719061287709
"111","2023-10-17T20:00:00Z",2.40031015635217,FALSE,FALSE,2.48810861906136,24,171,85.0991836734694,1.03657796575865
"111","2023-10-17T21:00:00Z",2.53624064035854,FALSE,FALSE,2.53290800120404,30,174,89.1955319148936,0.998685992527102
"111","2023-10-17T22:00:00Z",2.27648864928445,FALSE,FALSE,2.47532185745576,36,160,89.7051020408163,1.08734205998954
"111","2023-10-17T23:00:00Z",2.47978527342884,FALSE,FALSE,2.4833803126974,30,168,91.0379166666667,1.0014497381314
"111","2023-10-18T00:00:00Z",2.24977308566429,FALSE,FALSE,2.25182468676149,54,138,91.79625,1.0009119146772
"111","2023-10-18T01:00:00Z",1.81108554567104,FALSE,FALSE,1.79895163048772,42,117,93.45625,0.993300197656411
"111","2023-10-18T02:00:00Z",2.06143404688003,FALSE,FALSE,2.15865291185953,30,144,94.3397959183673,1.04716079329661
"111","2023-10-18T03:00:00Z",1.66648664474919,FALSE,FALSE,1.37865125748925,132,76,96.9377551020408,0.827280111624742
"111","2023-10-18T04:00:00Z",2.21779823665959,FALSE,FALSE,2.06331251357004,78,123,95.7912244897959,0.930342751411766
"111","2023-10-18T05:00:00Z",2.06310168581994,FALSE,FALSE,1.98537378239425,60,122,94.811875,0.962324734665318
"111","2023-10-19T19:00:00Z",1.64739113202464,FALSE,FALSE,1.50328160860816,0,129,76.366170212766,0.912522581544205
"111","2023-10-19T20:00:00Z",2.11897287735403,FALSE,FALSE,2.08528998600768,78,120,74.3448979591837,0.984104142291613
"111","2023-10-19T21:00:00Z",2.61924830480905,FALSE,FALSE,2.53040181660681,72,148,75.1789795918367,0.966079394596111
"111","2023-10-19T22:00:00Z",2.94950779623956,FALSE,FALSE,2.79848037848643,66,168,79.395306122449,0.94879572179952
"111","2023-10-19T23:00:00Z",2.50843377267017,FALSE,FALSE,2.47385614439034,78,141,83.7,0.986215450989155
"111","2023-10-20T00:00:00Z",1.60653247342773,FALSE,FALSE,1.91575116719991,36,119,86.5625531914894,1.19247584402227
"111","2023-10-24T00:00:00Z",1.37415642141036,FALSE,FALSE,1.35242152038121,72,68,84.2760416666667,0.984183095395466
"111","2023-10-26T04:00:00Z",1.03502991994872,FALSE,FALSE,0.783363336594981,12,289,79.59875,0.756850909811179
"112","2023-10-03T18:00:00Z",5.60059039572412,FALSE,FALSE,5.09230336806119,102,299,71.1824489795918,0.909244027549132
"112","2023-10-03T19:00:00Z",5.38201294648506,FALSE,FALSE,5.48509354030552,66,347,72.7004081632653,1.01915279558883
"112","2023-10-03T20:00:00Z",4.91252516822991,FALSE,FALSE,5.14867485121523,60,320,77.5204166666667,1.04807093600508
"112","2023-10-03T21:00:00Z",4.6309782319646,FALSE,FALSE,5.02964690603901,36,337,80.8702040816327,1.08608735651631
"112","2023-10-03T22:00:00Z",4.57854009801305,FALSE,FALSE,5.1068138854014,48,319,84.9273469387755,1.11538039988284
"112","2023-10-03T23:00:00Z",4.2851399971459,FALSE,FALSE,4.75588850360976,42,303,87.9412244897959,1.10985603895728
"112","2023-10-04T00:00:00Z",4.20454438450301,FALSE,FALSE,4.90863886976526,30,331,89.2420408163265,1.16746035262641
"112","2023-10-04T01:00:00Z",4.59785419052111,FALSE,FALSE,4.42829676192949,78,250,92.1275,0.963122486802392
"112","2023-10-04T02:00:00Z",4.25565407987761,FALSE,FALSE,4.33621338733942,66,254,93.2204166666667,1.01892994730063
"112","2023-10-04T03:00:00Z",4.17796917576599,FALSE,FALSE,4.07106915239941,84,225,94.4855102040816,0.974413400657274
"112","2023-10-04T04:00:00Z",4.00020623345142,FALSE,FALSE,4.06998054482608,72,234,95.1717391304348,1.01744267852772
"112","2023-10-04T06:00:00Z",3.18328211744437,FALSE,FALSE,3.57646393102093,42,228,93.6768085106383,1.12351459879158
"112","2023-10-04T07:00:00Z",4.2546095902583,FALSE,FALSE,3.95543790979401,90,222,94.8282978723404,0.929682929980391
"112","2023-10-04T08:00:00Z",3.80897774555938,FALSE,FALSE,4.11575330120769,36,273,94.0626530612245,1.08054012812387
"112","2023-10-04T09:00:00Z",4.03481270095029,FALSE,FALSE,3.96646302449728,72,237,95.6670833333333,0.983060012565909
"112","2023-10-04T10:00:00Z",3.94792618628749,FALSE,FALSE,3.74471500534457,84,217,96.5112765957447,0.948527107307948
"112","2023-10-04T11:00:00Z",3.67577924413529,FALSE,FALSE,3.65814728639567,72,213,96.3414583333333,0.995203205478742
"112","2023-10-04T12:00:00Z",4.01112780209295,FALSE,FALSE,4.09237009474898,60,248,96.5791836734694,1.02025422690687
"112","2023-10-04T13:00:00Z",4.05867372627564,FALSE,FALSE,3.98091905259634,66,250,95.8177551020408,0.980842344341227
"112","2023-10-04T14:00:00Z",3.91981045643724,FALSE,FALSE,3.7967547252091,60,247,92.2563265306122,0.968606713871571
"112","2023-10-04T15:00:00Z",3.76407746458111,FALSE,FALSE,3.87077084069013,54,256,85.2736170212766,1.02834515950136
"112","2023-10-04T16:00:00Z",3.73335143180064,FALSE,FALSE,4.00493011211148,60,245,73.6685106382979,1.07274393672065
"112","2023-10-04T17:00:00Z",3.61380119102553,FALSE,FALSE,3.74836366290644,60,233,68.7652083333333,1.03723571518408
"112","2023-10-04T18:00:00Z",3.53025143233323,FALSE,FALSE,3.29387286075608,84,199,67.62125,0.93304200108463
"112","2023-10-04T19:00:00Z",3.7323032946546,FALSE,FALSE,3.95927329131307,60,244,69.1340425531915,1.06081231313209
"112","2023-10-04T20:00:00Z",4.01886385818869,FALSE,FALSE,4.53149887185455,60,269,72.3514583333333,1.12755719819205
"112","2023-10-04T21:00:00Z",3.99353690650847,FALSE,FALSE,4.19361311747755,42,278,79.6179591836735,1.05010000299309
"112","2023-10-04T22:00:00Z",3.77696399096087,FALSE,FALSE,4.41637899579446,24,310,83.166875,1.16929338123526
"112","2023-10-04T23:00:00Z",3.62869048262545,FALSE,FALSE,4.25924689837243,30,288,87.2914893617021,1.17376968875305
"112","2023-10-05T00:00:00Z",3.88651745383234,FALSE,FALSE,4.49438278013101,48,279,89.9945652173913,1.15640360130103
"112","2023-10-05T01:00:00Z",3.88381554560134,FALSE,FALSE,4.37905546956143,42,283,90.6220833333333,1.12751376015295
"112","2023-10-05T02:00:00Z",4.38150070153774,FALSE,FALSE,4.61951160488094,60,274,91.7408163265306,1.05432177684227
"112","2023-10-05T03:00:00Z",4.01654397721079,FALSE,FALSE,4.45092419636654,30,297,93.170625,1.10814775628509
"112","2023-10-05T04:00:00Z",4.09837020429955,FALSE,FALSE,3.99334159031987,72,236,94.2365306122449,0.97437307789582
"112","2023-10-05T05:00:00Z",3.92732810944096,FALSE,FALSE,3.76469161687891,78,224,94.7671428571429,0.958588514116994
"112","2023-10-05T06:00:00Z",3.79590333245009,FALSE,FALSE,3.97612111244971,42,261,94.0277083333333,1.04747691503601
"112","2023-10-05T07:00:00Z",3.84863032004504,FALSE,FALSE,3.63457095493128,84,215,95.1808333333333,0.944380377611521
"112","2023-10-05T08:00:00Z",3.63064133922146,FALSE,FALSE,3.4338256194675,72,211,94.7828571428571,0.945790371076377
"112","2023-10-05T09:00:00Z",3.85412582356654,FALSE,FALSE,3.72994949291651,60,237,95.5210204081633,0.967780934942306
"112","2023-10-05T10:00:00Z",3.46313365150816,FALSE,FALSE,2.9429143099996,108,188,95.138085106383,0.849783637058879
"112","2023-10-05T11:00:00Z",3.39629536762208,FALSE,FALSE,2.79288308689388,132,155,97.8810204081633,0.822332213363798
"112","2023-10-05T12:00:00Z",3.61680804904955,FALSE,FALSE,3.27706500865969,102,178,97.776875,0.906065504228475
"112","2023-10-05T13:00:00Z",3.64615336840615,FALSE,FALSE,3.37305851248044,90,187,96.7516326530612,0.925100557126293
"112","2023-10-05T14:00:00Z",3.72669196349019,FALSE,FALSE,3.77170274898037,72,216,92.8716666666667,1.01207794632107
"112","2023-10-05T15:00:00Z",3.63440185807144,FALSE,FALSE,3.62649534947897,72,208,80.8812244897959,0.997824536498377
"112","2023-10-05T16:00:00Z",3.59848445739556,FALSE,FALSE,3.43192085406449,84,199,66.2852083333333,0.953712846254275
"112","2023-10-05T17:00:00Z",3.05469375765559,FALSE,FALSE,3.23142749667544,48,213,62.3125,1.05785645077413
"112","2023-10-05T18:00:00Z",3.13879537158299,FALSE,FALSE,2.92995929677025,78,185,59.3533333333333,0.933466170906382
"112","2023-10-05T19:00:00Z",3.44611437265678,FALSE,FALSE,3.68847545305508,48,239,61.0775,1.07032879765144
"112","2023-10-05T20:00:00Z",3.27142038556859,FALSE,FALSE,3.66598793306125,24,258,62.9283673469388,1.12061046915072
"112","2023-10-05T21:00:00Z",3.11102701193605,FALSE,FALSE,3.77950720120139,30,258,65.815306122449,1.21487444072346
"112","2023-10-05T22:00:00Z",3.12079302608168,FALSE,FALSE,3.42278101226629,0,259,72.8497959183673,1.09676642560425
"112","2023-10-05T23:00:00Z",3.76511504333552,FALSE,FALSE,4.03451001088515,54,241,79.1830434782609,1.07155026193063
"112","2023-10-06T00:00:00Z",3.13685096874492,FALSE,FALSE,3.82530888931802,42,232,74.8367346938775,1.21947422030335
"112","2023-10-06T01:00:00Z",3.50095821647736,FALSE,FALSE,3.8651043209741,60,223,77.9251020408163,1.10401326779134
"112","2023-10-06T02:00:00Z",3.69024461152326,FALSE,FALSE,3.72387666761986,78,206,84.7991836734694,1.00911377419035
"112","2023-10-06T03:00:00Z",3.26768439794887,FALSE,FALSE,3.02606520771133,90,173,88.2210416666667,0.926057978429859
"112","2023-10-06T04:00:00Z",2.92736422568504,FALSE,FALSE,2.53355796836462,102,155,91.7989795918367,0.865474117000845
"112","2023-10-06T05:00:00Z",3.60984705967791,FALSE,FALSE,3.31012325606084,90,193,94.2841666666667,0.916970498012231
"112","2023-10-06T06:00:00Z",3.59933988098527,FALSE,FALSE,3.3008597160086,96,186,93.9077083333333,0.917073637153997
"112","2023-10-06T07:00:00Z",3.77638345814845,FALSE,FALSE,3.4047999396272,96,191,94.9129166666667,0.901603340169426
"112","2023-10-06T08:00:00Z",3.08161850793939,FALSE,FALSE,2.75161771289216,90,168,94.4020833333333,0.892913157745832
"112","2023-10-06T09:00:00Z",3.21926417613233,FALSE,FALSE,2.7428118063896,102,164,94.9585106382979,0.851999604979563
"112","2023-10-06T10:00:00Z",3.12509254050765,FALSE,FALSE,2.72750871043199,102,157,95.6877083333333,0.872776941827434
"112","2023-10-06T11:00:00Z",2.86430675052468,FALSE,FALSE,2.3696408817269,120,139,96.4570833333333,0.827299967537637
"112","2023-10-06T12:00:00Z",2.87387927966579,FALSE,FALSE,2.36393415383859,132,135,96.7252173913043,0.822558612870303
"112","2023-10-06T13:00:00Z",3.35617136674071,FALSE,FALSE,2.82838486800464,120,156,96.1755319148936,0.842741492890865
"112","2023-10-06T14:00:00Z",3.57860472693021,FALSE,FALSE,3.30797882568619,90,187,94.395306122449,0.924376699329919
"112","2023-10-06T15:00:00Z",3.63175253380181,FALSE,FALSE,3.49716439705528,84,197,92.165,0.962941269953314
"112","2023-10-06T16:00:00Z",3.52701086638401,FALSE,FALSE,3.45115517095247,78,198,94.075306122449,0.978492922674403
"112","2023-10-06T17:00:00Z",3.46103165255072,FALSE,FALSE,3.5764051914689,66,207,94.86375,1.03333501409418
"112","2023-10-06T18:00:00Z",3.32717718285183,FALSE,FALSE,3.24268220004469,78,183,95.460612244898,0.974604603793682
"112","2023-10-06T19:00:00Z",3.58923035063739,FALSE,FALSE,3.37696683223394,84,194,95.6791836734694,0.940860993119109
"112","2023-10-06T20:00:00Z",3.72126864055493,FALSE,FALSE,3.68879585826147,72,214,92.6059183673469,0.991273733387704
"112","2023-10-06T21:00:00Z",3.86025631308159,FALSE,FALSE,3.85625048129394,78,220,94.8359183673469,0.998962288650607
"112","2023-10-06T22:00:00Z",3.61094549583625,FALSE,FALSE,3.74652860950334,72,216,95.9131914893617,1.03754781505936
"112","2023-10-06T23:00:00Z",3.4342830367872,FALSE,FALSE,3.7177499238603,66,212,96.548125,1.08254033928965
"112","2023-10-07T00:00:00Z",3.6593649414826,FALSE,FALSE,3.61301293097737,84,202,97.2183673469388,0.987333318418234
"112","2023-10-07T01:00:00Z",3.77735681455595,FALSE,FALSE,3.65128145263933,90,198,97.7112765957447,0.966623390877242
"112","2023-10-07T02:00:00Z",3.97310235729585,FALSE,FALSE,3.96481219308914,84,217,97.421875,0.997913427981163
"112","2023-10-07T03:00:00Z",3.5067181977605,FALSE,FALSE,3.58299519190262,78,195,97.2572916666667,1.02175167488247
"112","2023-10-07T04:00:00Z",3.65316765837717,FALSE,FALSE,3.56250037826573,78,203,97.3768085106383,0.975181188330206
"112","2023-10-07T05:00:00Z",3.58235516075551,FALSE,FALSE,3.4315749497954,84,190,97.8716666666667,0.957910312017107
"112","2023-10-07T06:00:00Z",3.49549417423838,FALSE,FALSE,3.1799489455676,96,178,98.2513043478261,0.909728006129624
"112","2023-10-07T07:00:00Z",3.61150727481797,FALSE,FALSE,3.50712836358674,84,196,98.1391666666667,0.971098241457512
"112","2023-10-07T08:00:00Z",3.54273360552615,FALSE,FALSE,3.2907821635241,96,180,98.305,0.928882193792656
"112","2023-10-07T09:00:00Z",3.537421869333,FALSE,FALSE,3.09217893364044,108,171,98.5969387755102,0.874133492656756
"112","2023-10-07T10:00:00Z",3.41530600588695,FALSE,FALSE,2.97382085472092,108,166,98.676875,0.870733354374383
"112","2023-10-07T11:00:00Z",3.33543796687784,FALSE,FALSE,2.96556775513556,108,160,98.820612244898,0.889108951983148
"112","2023-10-07T12:00:00Z",3.09570512016841,FALSE,FALSE,2.60168797993609,120,145,98.9512244897959,0.840418540831354
"112","2023-10-07T17:00:00Z",3.52724556222601,FALSE,FALSE,3.49240583221017,84,197,97.3871428571429,0.990122680884784
"112","2023-10-07T18:00:00Z",2.74310460739047,FALSE,FALSE,3.11142110255956,54,189,93.8654166666667,1.13426994150233
"112","2023-10-07T19:00:00Z",3.13797119419117,FALSE,FALSE,3.48211811775019,48,222,90.215306122449,1.10967179182399
"112","2023-10-07T20:00:00Z",2.94296028061569,FALSE,FALSE,3.29515441179368,42,213,93.1464583333333,1.11967342321872
"112","2023-10-07T21:00:00Z",3.46492942292133,FALSE,FALSE,3.17047293455363,90,179,97.8714583333333,0.915018041516287
"112","2023-10-07T22:00:00Z",3.09147688854572,FALSE,FALSE,2.49893034578511,132,147,98.5459183673469,0.808328975398114
"112","2023-10-08T00:00:00Z",1.68428390131152,FALSE,FALSE,1.46064955764023,108,86,99.0258333333333,0.867222893066217
"112","2023-10-08T13:00:00Z",1.42900030691193,FALSE,FALSE,1.17671317861377,132,65,98.0554166666667,0.82345201251681
"112","2023-10-08T14:00:00Z",1.60128853383024,FALSE,FALSE,1.52221954098506,78,89,94.7310204081633,0.950621645521906
"112","2023-10-08T15:00:00Z",1.61425847648752,FALSE,FALSE,1.54421353432277,66,96,91.6377551020408,0.956608595720581
"112","2023-10-08T16:00:00Z",1.50700138474209,FALSE,FALSE,1.42950828990672,72,88,90.1095918367347,0.948577953796217
"112","2023-10-09T08:00:00Z",2.10521223909881,FALSE,FALSE,1.93196892018758,84,113,94.9057142857143,0.917707433153921
"112","2023-10-09T09:00:00Z",2.02621406619497,FALSE,FALSE,1.90727346352249,78,111,95.2812765957447,0.941299093389554
"112","2023-10-09T20:00:00Z",2.11458537993118,FALSE,FALSE,1.99099164810989,72,121,69.9139583333333,0.941551789303814
"112","2023-10-09T21:00:00Z",2.59217617934917,FALSE,FALSE,2.37236262073957,84,139,71.1342553191489,0.915201150153
"112","2023-10-09T22:00:00Z",1.80403376898732,FALSE,FALSE,1.64858423796491,90,96,75.65625,0.91383224987542
"112","2023-10-09T23:00:00Z",1.58649077996802,FALSE,FALSE,1.46326705347757,72,92,80.9863265306122,0.9223293774875
"112","2023-10-10T00:00:00Z",1.7401610545643,FALSE,FALSE,1.64231513742032,72,100,82.7685714285714,0.943771918761581
"112","2023-10-10T01:00:00Z",1.76672417781945,FALSE,FALSE,1.60669091659031,78,98,83.229387755102,0.909418083910157
"112","2023-10-10T02:00:00Z",1.89150603966359,FALSE,FALSE,1.5328057623089,180,275,82.2365306122449,0.810362605335115
"112","2023-10-10T03:00:00Z",1.78768997947741,FALSE,FALSE,1.69488881838827,54,109,84.55375,0.948088783763129
"112","2023-10-10T04:00:00Z",1.96248486326918,FALSE,FALSE,1.88563946311401,78,110,88.1642857142857,0.96084280618238
"112","2023-10-10T05:00:00Z",1.94179043096255,FALSE,FALSE,1.90163505188764,66,117,90.5163829787234,0.979320436214633
"112","2023-10-10T06:00:00Z",1.91381796609276,FALSE,FALSE,1.80008030764596,72,109,90.1355102040816,0.940570283871351
"112","2023-10-10T07:00:00Z",1.81076463124811,FALSE,FALSE,1.70964905106742,78,96,91.6351020408163,0.9441586286612
"112","2023-10-10T08:00:00Z",1.90734572641486,FALSE,FALSE,1.82979983591189,60,112,92.0685416666667,0.959343558208121
"112","2023-10-10T09:00:00Z",1.89921065024787,FALSE,FALSE,1.86689559357054,60,113,93.7829166666667,0.982985006600972
"112","2023-10-10T10:00:00Z",1.71676014296768,FALSE,FALSE,1.69494865580104,66,100,94.9657142857143,0.987294971137356
"112","2023-10-10T11:00:00Z",1.77318964787888,FALSE,FALSE,1.81659010283866,48,113,94.2883673469388,1.02447592394401
"112","2023-10-10T12:00:00Z",1.75590567276132,FALSE,FALSE,1.79465905223623,42,115,94.7739583333333,1.0220703082609
"112","2023-10-10T13:00:00Z",1.8053307474084,FALSE,FALSE,1.68859329840433,78,99,89.2766666666667,0.935337361770606
"112","2023-10-10T14:00:00Z",2.09589269297676,FALSE,FALSE,1.90258259577207,78,117,84.4451063829787,0.907767178227939
"112","2023-10-10T15:00:00Z",2.115769989905,FALSE,FALSE,1.89520269056567,84,114,83.27,0.895750813939262
"112","2023-10-10T16:00:00Z",1.63844964164039,FALSE,FALSE,1.4596896179082,96,89,81.469375,0.890896845902923
"112","2023-10-10T17:00:00Z",1.94335762400249,FALSE,FALSE,1.77941299409043,78,110,74.5995918367347,0.91563846618493
"112","2023-10-10T18:00:00Z",2.15059136927686,FALSE,FALSE,2.07008865015049,72,125,72.3708510638298,0.962567170929619
"112","2023-10-10T19:00:00Z",2.41615884762705,FALSE,FALSE,2.31556467164419,72,135,75.06,0.958366075110645
"112","2023-10-10T20:00:00Z",2.20565341312878,FALSE,FALSE,1.9280904655786,96,117,77.5047916666667,0.874158403175205
"112","2023-10-10T21:00:00Z",2.58014722902978,FALSE,FALSE,2.31897386249793,102,131,73.2927083333333,0.898775789383904
"112","2023-10-10T22:00:00Z",2.2150435452426,FALSE,FALSE,2.06218927171341,60,134,78.3742857142857,0.93099265526518
"112","2023-10-10T23:00:00Z",1.57664531566748,FALSE,FALSE,1.50139824449169,60,93,85.1712244897959,0.952273938578292
"112","2023-10-11T00:00:00Z",1.53839654795902,FALSE,FALSE,1.53556851745702,36,104,88.9508163265306,0.998161702516978
"112","2023-10-11T01:00:00Z",1.83744412898653,FALSE,FALSE,1.73862779272582,72,105,90.9797872340425,0.946220766823963
"112","2023-10-11T02:00:00Z",1.8077075027707,FALSE,FALSE,1.62103919227719,96,94,91.5618367346939,0.896737547303755
"112","2023-10-11T03:00:00Z",1.80827800074554,FALSE,FALSE,1.70764001077285,78,98,92.9427659574468,0.944345952375026
"112","2023-10-11T04:00:00Z",1.75872178703515,FALSE,FALSE,1.68965447856907,72,101,93.4920408163265,0.960728690020657
"112","2023-10-11T05:00:00Z",1.83725912325763,FALSE,FALSE,1.776755303418,66,107,93.7375510204082,0.96706843412901
"112","2023-10-11T06:00:00Z",1.80539760921501,FALSE,FALSE,1.726603031323,60,108,94.33,0.956356108211383
"112","2023-10-11T07:00:00Z",1.67122529595852,FALSE,FALSE,1.59544430217286,60,99,95.82875,0.954655429181857
"112","2023-10-11T08:00:00Z",1.65480991116463,FALSE,FALSE,1.61004456172569,60,97,95.79,0.972948343409768
"112","2023-10-11T09:00:00Z",1.79524909203057,FALSE,FALSE,1.692362153407,60,107,94.8968085106383,0.942689324239017
"112","2023-10-11T10:00:00Z",1.66777896431026,FALSE,FALSE,1.57632112492073,54,100,95.2533333333333,0.945161894143839
"112","2023-10-11T11:00:00Z",1.70046782165205,FALSE,FALSE,1.68571425875436,54,103,96.0748936170213,0.991323821180361
"112","2023-10-11T12:00:00Z",1.48328755048939,FALSE,FALSE,1.37297895208691,78,85,95.9065217391304,0.92563235741709
"112","2023-10-11T13:00:00Z",1.56622164127932,FALSE,FALSE,1.43898140682283,60,95,94.5804166666667,0.91875975206641
"112","2023-10-11T14:00:00Z",2.90198878689771,FALSE,FALSE,2.03951677976774,132,313,90.2463265306123,0.702799676200001
"112","2023-10-11T15:00:00Z",2.03243869906076,FALSE,FALSE,1.8127093267999,90,108,84.6951020408163,0.891888807095437
"112","2023-10-11T16:00:00Z",2.20436627940135,FALSE,FALSE,1.99848051627854,90,119,77.9475510204082,0.90660092878089
"112","2023-10-11T17:00:00Z",2.07514521320591,FALSE,FALSE,1.85553181710589,96,111,71.8355102040816,0.894169624996635
"112","2023-10-11T18:00:00Z",2.0789837542665,FALSE,FALSE,1.92765133330404,78,116,70.2310638297872,0.927208463918058
"112","2023-10-11T19:00:00Z",2.23281059682795,FALSE,FALSE,2.06433873468515,84,126,74.7859183673469,0.924547177274175
"112","2023-10-11T20:00:00Z",2.65432201149947,FALSE,FALSE,2.47732209874422,78,148,73.921875,0.933316337660456
"112","2023-10-11T21:00:00Z",2.47947424887553,FALSE,FALSE,2.44357161937571,78,133,72.5927083333333,0.985520063571503
"112","2023-10-11T22:00:00Z",2.55276296907919,FALSE,FALSE,2.50296729924464,66,144,76.6908163265306,0.980493422053787
"112","2023-10-11T23:00:00Z",2.61202749910576,FALSE,FALSE,2.57029931158707,78,141,75.2285416666667,0.984024598694701
"112","2023-10-12T00:00:00Z",1.71769826333715,FALSE,FALSE,1.64842388864537,60,105,85.7622916666667,0.959670230697451
"112","2023-10-12T01:00:00Z",1.676266553141,FALSE,FALSE,1.59878654923408,66,100,85.999387755102,0.953778231891739
"112","2023-10-12T02:00:00Z",1.71641841678838,FALSE,FALSE,1.5697053168197,78,100,85.54625,0.914523697407535
"112","2023-10-12T03:00:00Z",1.53797623888329,FALSE,FALSE,1.46664841734902,54,95,88.003125,0.95362228639757
"112","2023-10-12T04:00:00Z",1.80946966774871,FALSE,FALSE,1.70124889041707,84,96,90.1297959183673,0.940191991465497
"112","2023-10-12T05:00:00Z",1.55798649999518,FALSE,FALSE,1.54057240165589,54,97,90.3740816326531,0.988822689837591
"112","2023-10-12T06:00:00Z",1.74729081231251,FALSE,FALSE,1.59394889992054,78,99,91.1226086956522,0.912240188461233
"112","2023-10-12T07:00:00Z",1.77666937612101,FALSE,FALSE,1.69959826763367,48,110,91.928125,0.956620455373859
"112","2023-10-12T08:00:00Z",1.68866846119483,FALSE,FALSE,1.55761903508997,78,94,92.0008163265306,0.922394816320467
"112","2023-10-12T09:00:00Z",1.50919583063367,FALSE,FALSE,1.41555400057114,60,90,92.1478723404255,0.937952498832966
"112","2023-10-12T10:00:00Z",1.71257368695474,FALSE,FALSE,1.60258906762652,72,98,93.0697872340426,0.935778168165255
"112","2023-10-12T11:00:00Z",2.04967713637742,FALSE,FALSE,1.95552351564821,72,117,93.5822916666667,0.954064169884035
"112","2023-10-12T12:00:00Z",1.68004343248576,FALSE,FALSE,1.5718817155645,84,89,95.7491489361702,0.935619690045022
"112","2023-10-12T13:00:00Z",1.62157229152745,FALSE,FALSE,1.4536602145396,96,85,94.1765306122449,0.896451069209079
"112","2023-10-12T14:00:00Z",2.05283078682277,FALSE,FALSE,1.87107074561279,90,111,80.8570833333333,0.911458829253385
"112","2023-10-12T15:00:00Z",2.06821938469314,FALSE,FALSE,1.9059391125649,78,118,74.5212244897959,0.921536238694368
"112","2023-10-12T16:00:00Z",2.1218392052895,FALSE,FALSE,1.890136471613,96,112,69.5869387755102,0.890800993261462
"112","2023-10-12T17:00:00Z",1.66469426660087,FALSE,FALSE,1.51692129907259,72,97,62.0459574468085,0.911231166891675
"112","2023-10-12T18:00:00Z",1.89156812549975,FALSE,FALSE,1.67575807686419,90,104,63.9789795918367,0.885909449558659
"112","2023-10-12T19:00:00Z",2.16522373236932,FALSE,FALSE,2.01934246995939,72,130,67.0941666666667,0.932625317084301
"112","2023-10-12T20:00:00Z",2.26551597576826,FALSE,FALSE,2.10423783385443,78,127,69.3426530612245,0.928811739295226
"112","2023-10-12T21:00:00Z",2.62207242452413,FALSE,FALSE,2.53786537033819,54,157,73.5602127659574,0.967885305761067
"112","2023-10-12T22:00:00Z",2.59134543829027,FALSE,FALSE,2.42784908018609,78,144,78.9557142857143,0.93690676831876
"112","2023-10-12T23:00:00Z",1.76241381454633,FALSE,FALSE,1.72447300110597,60,108,83.2295744680851,0.978472244641295
"112","2023-10-13T00:00:00Z",2.08521534619982,FALSE,FALSE,1.92107866761748,78,119,83.09375,0.921285502295255
"112","2023-10-13T01:00:00Z",1.90092823004525,FALSE,FALSE,1.79892930546342,72,113,83.1458333333333,0.946342569398633
"112","2023-10-13T02:00:00Z",1.67967982891287,FALSE,FALSE,1.65164930593437,54,107,86.0073469387755,0.983311984524666
"112","2023-10-13T03:00:00Z",1.67822358217082,FALSE,FALSE,1.59739665462725,66,101,89.5712244897959,0.951837807308712
"112","2023-10-13T04:00:00Z",1.89676784000308,FALSE,FALSE,1.75410450094458,66,109,91.4963265306123,0.924786082909194
"112","2023-10-13T05:00:00Z",2.03527546727709,FALSE,FALSE,1.82944314637541,90,107,92.16625,0.898867586127271
"112","2023-10-13T06:00:00Z",1.79056522921497,FALSE,FALSE,1.65378087512158,84,98,91.58625,0.923608281976211
"112","2023-10-13T07:00:00Z",1.99696230589589,FALSE,FALSE,1.83977384508708,78,109,92.1254166666667,0.921286215395893
"112","2023-10-13T08:00:00Z",1.93589843800775,FALSE,FALSE,1.85280865429648,78,106,93.5997872340426,0.957079471691307
"112","2023-10-13T09:00:00Z",1.68004143102348,FALSE,FALSE,1.61278382879163,78,91,94.0568085106383,0.959966700231386
"112","2023-10-13T10:00:00Z",1.79189425361753,FALSE,FALSE,1.69672779520165,72,99,92.5016326530612,0.946890583401473
"112","2023-10-13T11:00:00Z",2.2349953847733,FALSE,FALSE,1.85952364160309,180,308,93.15375,0.832003347421543
"112","2023-10-13T12:00:00Z",1.74777813438782,FALSE,FALSE,1.61721949951813,90,91,94.2117021276596,0.92530022415264
"112","2023-10-13T13:00:00Z",1.39089688305109,FALSE,FALSE,1.34370873637882,60,84,91.4404081632653,0.966073583708982
"112","2023-10-13T14:00:00Z",1.55536681058846,FALSE,FALSE,1.44156749822503,84,87,82.8526530612245,0.926834421572637
"112","2023-10-13T15:00:00Z",1.75855889749536,FALSE,FALSE,1.589392523326,90,97,76.4710638297872,0.90380397585188
"112","2023-10-13T16:00:00Z",1.67441054892913,FALSE,FALSE,1.51028517788767,84,92,70.7165306122449,0.901980209604849
"112","2023-10-13T17:00:00Z",1.70283900090368,FALSE,FALSE,1.51941020442236,84,97,65.3155102040816,0.892280599408414
"112","2023-10-13T18:00:00Z",1.95942524301483,FALSE,FALSE,1.8813625771123,78,110,65.2951020408163,0.960160426543029
"112","2023-10-13T19:00:00Z",1.89668676938715,FALSE,FALSE,1.69733750298266,90,103,65.3273469387755,0.894896052620803
"112","2023-10-13T20:00:00Z",2.0798251961971,FALSE,FALSE,1.87373091105711,96,107,71.360612244898,0.90090788133694
"112","2023-10-13T21:00:00Z",1.78785013463056,FALSE,FALSE,1.61607018263376,84,99,70.3008333333333,0.903918148020668
"112","2023-10-13T22:00:00Z",1.66947102710713,FALSE,FALSE,1.61327001132144,54,105,75.62125,0.966336034065189
"112","2023-10-13T23:00:00Z",1.37033166229411,FALSE,FALSE,1.31260742162964,48,88,83.6657446808511,0.957875715600238
"112","2023-10-14T00:00:00Z",1.68879642690659,FALSE,FALSE,1.55549715110304,78,94,87.041875,0.921068475939568
"112","2023-10-14T01:00:00Z",1.78230097899588,FALSE,FALSE,1.66878007554076,78,100,89.4877551020408,0.936306547102345
"112","2023-10-14T02:00:00Z",1.5688950945951,FALSE,FALSE,1.45111370578298,72,92,86.1410416666667,0.924927173768422
"112","2023-10-14T03:00:00Z",1.72466987971558,FALSE,FALSE,1.59206532473152,84,92,89.8027083333333,0.923113080048728
"112","2023-10-14T04:00:00Z",1.70387552363135,FALSE,FALSE,1.58763572413707,84,91,90.560612244898,0.931779171728137
"112","2023-10-14T05:00:00Z",1.62578227957174,FALSE,FALSE,1.53735111002346,66,93,92.2929166666667,0.94560700368098
"112","2023-10-14T06:00:00Z",1.65686763246848,FALSE,FALSE,1.53512539841467,84,87,91.9179166666667,0.926522655359961
"112","2023-10-14T07:00:00Z",1.59276633465842,FALSE,FALSE,1.54754463900319,60,97,93.054375,0.971608079181978
"112","2023-10-14T08:00:00Z",1.61802852260983,FALSE,FALSE,1.50856028224358,90,84,93.365,0.932344678207725
"112","2023-10-14T09:00:00Z",1.57523158664775,FALSE,FALSE,1.5411734067892,66,91,94.1469387755102,0.978378937962363
"112","2023-10-14T10:00:00Z",1.58048101520398,FALSE,FALSE,1.47403929079273,84,83,93.6457142857143,0.932652323319737
"112","2023-10-14T11:00:00Z",1.52044478624596,FALSE,FALSE,1.44554984715493,78,85,94.1495833333333,0.950741427923902
"112","2023-10-14T12:00:00Z",1.55834965379291,FALSE,FALSE,1.44625509376991,72,86,93.7025,0.928068415358412
"112","2023-10-14T13:00:00Z",1.30307364730752,FALSE,FALSE,1.2086561441545,84,71,90.6802040816327,0.9275424659626
"112","2023-10-14T14:00:00Z",1.47089452304779,FALSE,FALSE,1.39494717828167,72,86,83.9339583333333,0.948366559548572
"112","2023-10-14T15:00:00Z",1.68009023916152,FALSE,FALSE,1.43070785889931,108,86,78.2675510204082,0.851566079934694
"112","2023-10-14T16:00:00Z",1.51817822764765,FALSE,FALSE,1.36084168528349,78,85,76.3420408163265,0.896364906636859
"112","2023-10-14T17:00:00Z",1.46689251444389,FALSE,FALSE,1.34660994569908,84,82,75.4812244897959,0.918001784343139
"112","2023-10-14T18:00:00Z",1.58204699077625,FALSE,FALSE,1.49731558999314,72,92,77.3675510204082,0.94644191905985
"112","2023-10-14T19:00:00Z",1.58832745056366,FALSE,FALSE,1.50649045286774,84,92,76.7736734693878,0.948475991101911
"112","2023-10-14T20:00:00Z",1.7769730939895,FALSE,FALSE,1.68983272662023,72,101,74.6708163265306,0.950961346762078
"112","2023-10-14T21:00:00Z",1.79962812166527,FALSE,FALSE,1.77990226452147,54,113,79.065306122449,0.989038925927901
"112","2023-10-14T22:00:00Z",1.67340412648129,FALSE,FALSE,1.50328323115516,84,91,84.2479591836735,0.898338427260933
"112","2023-10-14T23:00:00Z",0.914240670041523,FALSE,FALSE,0.885887083397392,66,261,87.3304081632653,0.968986736673131
"112","2023-10-15T00:00:00Z",1.38923562312071,FALSE,FALSE,1.31689698967576,72,81,88.2351020408163,0.947929183328564
"112","2023-10-15T01:00:00Z",1.39677352755885,FALSE,FALSE,1.22839937458079,96,74,89.193125,0.879454936927159
"112","2023-10-15T02:00:00Z",1.56430927618468,FALSE,FALSE,1.23948529776183,180,284,90.3118367346939,0.792353095792484
"112","2023-10-15T03:00:00Z",1.62307832130094,FALSE,FALSE,1.4612413072015,78,92,91.03,0.900290077209755
"112","2023-10-15T04:00:00Z",1.41672928544931,FALSE,FALSE,1.24170339127941,90,79,89.8275510204082,0.876457770748773
"112","2023-10-15T05:00:00Z",1.48285873327454,FALSE,FALSE,1.28620363148475,84,82,88.8652083333333,0.867381094788766
"112","2023-10-15T06:00:00Z",1.71915701105463,FALSE,FALSE,1.62518869636447,66,102,90.4542857142857,0.945340469726782
"112","2023-10-15T07:00:00Z",1.41229624104595,FALSE,FALSE,1.26332531592411,90,77,91.1740816326531,0.894518642199661
"112","2023-10-15T08:00:00Z",1.50046771615913,FALSE,FALSE,1.30648474380367,102,76,90.2251020408163,0.870718329847163
"112","2023-10-15T09:00:00Z",1.32893629247779,FALSE,FALSE,1.16204113310278,102,66,92.1144897959184,0.874414476962
"112","2023-10-15T10:00:00Z",1.34561478566172,FALSE,FALSE,1.1152589415908,180,262,92.1789795918367,0.828809963649711
"112","2023-10-15T11:00:00Z",1.35078663253285,FALSE,FALSE,1.17753493253076,96,68,92.356875,0.871740143239924
"112","2023-10-15T12:00:00Z",1.53899006617267,FALSE,FALSE,1.35896539084217,102,78,92.3730612244898,0.883024147271981
"112","2023-10-15T13:00:00Z",1.33504460709728,FALSE,FALSE,1.20718546294571,90,74,91.4622448979592,0.904228560250456
"112","2023-10-15T14:00:00Z",1.32925953020967,FALSE,FALSE,1.22116299396786,84,73,87.2416666666667,0.918679133919945
"112","2023-10-15T15:00:00Z",1.23941968643309,FALSE,FALSE,1.17376859251028,66,74,83.2877551020408,0.947030780096978
"112","2023-10-15T16:00:00Z",1.24019688333311,FALSE,FALSE,1.16700256343621,78,72,76.5304166666667,0.940981693406464
"112","2023-10-15T17:00:00Z",1.31866925731326,FALSE,FALSE,1.23563876007281,78,75,74.634693877551,0.937034630344215
"112","2023-10-15T18:00:00Z",1.51154503635062,FALSE,FALSE,1.40285866160934,78,87,70.8763265306122,0.928095840925993
"112","2023-10-15T19:00:00Z",1.36599398173805,FALSE,FALSE,1.27237048102063,72,81,70.5375,0.931461264127755
"112","2023-10-15T20:00:00Z",1.41162942346943,FALSE,FALSE,1.36005882803024,72,84,70.1373469387755,0.963467327485675
"112","2023-10-15T21:00:00Z",1.39028852118979,FALSE,FALSE,1.33018126055903,78,79,73.6885416666667,0.956766340428872
"112","2023-10-15T22:00:00Z",1.47615659801332,FALSE,FALSE,1.34409843212722,78,83,77.0160416666667,0.910539189362543
"112","2023-10-15T23:00:00Z",1.31785188483535,FALSE,FALSE,1.24441246438014,42,83,81.94,0.944273388155161
"112","2023-10-16T00:00:00Z",1.54864006236708,FALSE,FALSE,1.39429457211449,84,84,86.8347826086956,0.90033482020562
"112","2023-10-16T01:00:00Z",1.6426550946693,FALSE,FALSE,1.50632749382816,78,90,89.364375,0.9170077752271
"112","2023-10-19T20:00:00Z",2.6845793123876,FALSE,FALSE,2.46831286373533,78,144,75.7368085106383,0.919441214623706
"112","2023-10-19T21:00:00Z",2.56936641657721,FALSE,FALSE,2.5380602009004,72,146,75.8304166666667,0.98781558929282
"112","2023-10-19T22:00:00Z",2.24361319358709,FALSE,FALSE,2.45049511652626,54,144,80.2320833333333,1.09220926473891
"112","2023-10-19T23:00:00Z",2.71110214752763,FALSE,FALSE,2.64982267288065,72,146,84.8914583333333,0.977396840357761
"112","2023-10-20T00:00:00Z",2.49774654020028,FALSE,FALSE,2.30013652186034,78,141,87.6855102040816,0.920884679386206
"112","2023-10-20T01:00:00Z",2.22731268589818,FALSE,FALSE,2.05332941144502,90,114,90.4223913043478,0.921886461853917
"112","2023-10-20T02:00:00Z",1.29360508100731,FALSE,FALSE,1.05977502211336,0,228,94.3575,0.81924154262608
"112","2023-10-20T03:00:00Z",1.41923710896567,FALSE,FALSE,1.08863140343544,0,207,95.5002222222222,0.767053930987487
"112","2023-10-20T04:00:00Z",1.03119459386292,FALSE,FALSE,0.68001616970724,0,199,95.685306122449,0.659445049221849
"112","2023-10-20T05:00:00Z",1.8315636385456,FALSE,FALSE,1.60302687262933,180,249,95.945,0.875223136610342
"112","2023-10-20T06:00:00Z",1.42494682450499,FALSE,FALSE,1.21055849277366,0,242,96.419387755102,0.849546433561965
"112","2023-10-20T07:00:00Z",0.740834533135049,FALSE,FALSE,0.371320492193024,0,179,96.7344897959184,0.501219200219619
"112","2023-10-20T08:00:00Z",1.0657766812767,FALSE,FALSE,0.784963529562705,0,231,96.9220408163265,0.736517830942216
"112","2023-10-20T09:00:00Z",0.904904581508467,FALSE,FALSE,0.607767775902177,0,248,96.934693877551,0.671637417161745
"112","2023-10-20T10:00:00Z",1.75687286481297,FALSE,FALSE,1.96531690419564,150,345,97.254081632653,1.11864491936635
"112","2023-10-20T11:00:00Z",0.696628655496464,FALSE,FALSE,0.386253866795009,0,207,97.6342857142857,0.554461639996332
"112","2023-10-20T12:00:00Z",1.15253921835655,FALSE,FALSE,0.924325379313535,0,264,97.7554166666667,0.801990391816399
"112","2023-10-20T13:00:00Z",0.781809319091254,FALSE,FALSE,0.426142328819333,0,221,98.090612244898,0.545071948380795
"112","2023-10-20T14:00:00Z",2.01475682472088,FALSE,FALSE,2.50514616862836,132,383,98.2197916666667,1.24339877542066
"112","2023-10-20T15:00:00Z",1.44966133586388,FALSE,FALSE,1.28739502776094,0,291,98.043125,0.888066057851887
"112","2023-10-20T16:00:00Z",1.46227017684811,FALSE,FALSE,1.36156181417105,0,256,98.509375,0.931128758370677
"112","2023-10-20T17:00:00Z",0.997885837754463,FALSE,FALSE,1.60286378594228,114,307,98.8236734693878,1.60625967951323
"112","2023-10-20T18:00:00Z",0.590423280578486,FALSE,FALSE,0.8465934805969,0,252,98.7018367346939,1.43387550668297
"112","2023-10-20T19:00:00Z",1.01545764324489,FALSE,FALSE,1.7094314527925,102,316,97.3904081632653,1.68340990307584
"112","2023-10-20T20:00:00Z",1.524167260981,FALSE,FALSE,2.30703334361844,102,332,95.5147916666667,1.51363528313394
"112","2023-10-20T21:00:00Z",1.5189810900878,FALSE,FALSE,1.19774205025824,0,238,96.9329166666667,0.788516761712288
"112","2023-10-20T22:00:00Z",1.55769293466775,FALSE,FALSE,1.39128356303479,0,220,97.8785714285714,0.89316933528465
"112","2023-10-20T23:00:00Z",1.46410424265512,FALSE,FALSE,1.17597958815358,0,252,98.3065306122449,0.803207554416324
"112","2023-10-21T00:00:00Z",1.13730068557419,FALSE,FALSE,0.964539670093072,0,273,98.4928571428571,0.848095567273931
"112","2023-10-21T03:00:00Z",1.27400835513128,FALSE,FALSE,1.44587549741302,0,336,99.0547916666667,1.13490268065317
"112","2023-10-21T04:00:00Z",1.67610382609776,FALSE,FALSE,2.54916507939399,114,370,98.800625,1.52088733388841
"112","2023-10-21T05:00:00Z",1.17729664330614,FALSE,FALSE,1.24581905033992,0,287,98.7810416666667,1.05820317880237
"112","2023-10-21T06:00:00Z",1.4149113711244,FALSE,FALSE,1.81722271366004,162,357,98.5916666666667,1.28433677949448
"112","2023-10-21T07:00:00Z",1.58919880493424,FALSE,FALSE,1.6399580081659,180,287,98.6577551020408,1.03194012169784
"112","2023-10-21T08:00:00Z",2.52940915959685,FALSE,FALSE,2.98883676102685,138,424,98.8038775510204,1.1816343550773
"112","2023-10-21T09:00:00Z",1.36244480729891,FALSE,FALSE,1.25878497791918,0,311,99.0430612244898,0.923916309252017
"112","2023-10-27T22:00:00Z",0.739602879976528,FALSE,FALSE,0.727544906691976,0,252,95.8287755102041,0.983696692358831
"112","2023-10-27T23:00:00Z",1.30909132736081,FALSE,FALSE,1.78056178778914,156,350,96.1287755102041,1.36015093108808
"112","2023-10-28T00:00:00Z",1.57139299824109,FALSE,FALSE,1.78839228601171,168,321,97.2622448979592,1.13809358194514
"112","2023-10-28T01:00:00Z",0.694836164895336,FALSE,FALSE,0.578637035634821,0,262,97.2957142857143,0.832767585898442
"112","2023-10-28T03:00:00Z",0.81964302567184,FALSE,FALSE,1.04241089545551,174,298,97.6025531914894,1.27178645191433
"112","2023-10-28T04:00:00Z",1.59258678251366,FALSE,FALSE,1.50006145980085,0,288,98.1325531914894,0.941902492392424
"112","2023-10-28T06:00:00Z",0.807910125751772,FALSE,FALSE,1.1784008992986,0,334,98.0629166666667,1.45857919307804
"112","2023-10-28T07:00:00Z",0.644721037284061,FALSE,FALSE,0.61386765031006,0,227,98.3520408163265,0.952144594034075
"112","2023-10-28T08:00:00Z",1.74052652887155,FALSE,FALSE,1.99438023857026,162,331,98.8840816326531,1.14584880235253
"112","2023-10-28T18:00:00Z",0.969029423583151,FALSE,FALSE,1.19802579637345,0,345,94.0553191489362,1.23631519045474
"112","2023-10-28T19:00:00Z",0.864690374279329,FALSE,FALSE,1.18076511431978,180,259,93.9965306122449,1.3655351666241
"112","2023-10-28T20:00:00Z",0.941585615699006,FALSE,FALSE,1.54246437082055,114,309,92.5597916666667,1.63815626014578
"112","2023-10-28T21:00:00Z",1.23501590328031,FALSE,FALSE,1.54194596800065,0,398,92.0473469387755,1.24852316792448
"112","2023-10-29T02:00:00Z",1.40802894265066,FALSE,FALSE,1.26220843761278,0,304,98.5016326530612,0.896436429237477
"112","2023-10-29T03:00:00Z",0.852437742995202,FALSE,FALSE,0.923667022881353,0,275,98.6885416666667,1.08355950973718
"113","2023-10-03T23:00:00Z",2.60960648415337,FALSE,FALSE,3.25495453642135,0,263,91.7020408163265,1.24729707570348
"113","2023-10-04T00:00:00Z",2.67871382803161,FALSE,FALSE,3.25135360039553,0,252,95.2258333333333,1.21377415025505
"113","2023-10-04T01:00:00Z",3.46148417840579,FALSE,FALSE,3.34736771474306,72,198,96.1269387755102,0.967032504619078
"113","2023-10-04T02:00:00Z",3.07843730613679,FALSE,FALSE,2.73489167758663,108,153,97.4173469387755,0.888402590539912
"113","2023-10-04T05:00:00Z",1.93913650128825,FALSE,FALSE,1.67727746356537,180,86,98.4875757575758,0.864961008392696
"113","2023-10-04T06:00:00Z",3.0656929620775,FALSE,FALSE,2.76040928184737,96,163,97.8971428571429,0.900419355752033
"113","2023-10-04T07:00:00Z",3.20982700554637,FALSE,FALSE,2.93658798953811,90,172,96.4059183673469,0.914874223583976
"113","2023-10-04T08:00:00Z",2.95877687068221,FALSE,FALSE,3.48380462758767,36,221,97.0963265306122,1.17744756696858
"113","2023-10-04T09:00:00Z",2.72032744251456,FALSE,FALSE,2.96181954498417,18,207,97.6979591836735,1.08877317439638
"113","2023-10-04T10:00:00Z",2.89329742444009,FALSE,FALSE,2.94076528866052,54,182,98.5136734693878,1.01640614747017
"113","2023-10-04T11:00:00Z",2.5253863289517,FALSE,FALSE,2.77721316063797,30,185,98.7814583333333,1.0997181416559
"113","2023-10-04T14:00:00Z",2.97398528388039,FALSE,FALSE,2.98715060795048,24,209,93.7822916666667,1.00442682892261
"113","2023-10-04T15:00:00Z",2.78356435667629,FALSE,FALSE,2.66275041498157,48,185,87.2122448979592,0.956597395923341
"113","2023-10-04T16:00:00Z",2.79734909438243,FALSE,FALSE,2.64629780598525,66,170,77.6364583333333,0.946001988561059
"113","2023-10-04T17:00:00Z",2.80349228304156,FALSE,FALSE,3.21036475586379,24,239,69.825625,1.14513058419437
"113","2023-10-04T18:00:00Z",3.29117115393393,FALSE,FALSE,3.54847969631926,30,255,73.3391666666667,1.0781814528478
"113","2023-10-04T19:00:00Z",3.05174410907563,FALSE,FALSE,3.31294853877562,18,246,73.5093617021277,1.08559185186045
"113","2023-10-04T20:00:00Z",2.32230401691923,FALSE,FALSE,2.92570545684852,24,267,77.9816326530612,1.25982878879474
"113","2023-10-04T21:00:00Z",3.00656279819256,FALSE,FALSE,3.53217646865245,0,271,85.4957142857143,1.17482211606419
"113","2023-10-04T22:00:00Z",3.15987453163677,FALSE,FALSE,3.81541386079659,18,280,89.5458333333333,1.20745739193013
"113","2023-10-04T23:00:00Z",3.29454178332383,FALSE,FALSE,3.92272820605626,12,302,89.6634693877551,1.1906748992871
"113","2023-10-05T00:00:00Z",3.67861550327668,FALSE,FALSE,4.17804870599285,48,255,94.3914285714286,1.13576662259791
"113","2023-10-05T01:00:00Z",3.77297910739193,FALSE,FALSE,4.1321344410924,24,278,95.6351020408163,1.09519144513597
"113","2023-10-05T02:00:00Z",4.21623359800755,FALSE,FALSE,4.27747854494891,60,247,96.5710416666667,1.01452598522299
"113","2023-10-05T03:00:00Z",3.62974444817797,FALSE,FALSE,3.72740621931077,54,224,97.4122448979592,1.02690596336109
"113","2023-10-05T04:00:00Z",3.07789962595814,FALSE,FALSE,3.20889497649403,60,190,98.3883333333333,1.04255998130384
"113","2023-10-05T05:00:00Z",2.91854951741485,FALSE,FALSE,3.39656006599664,18,232,98.7330612244898,1.1637836006309
"113","2023-10-05T06:00:00Z",2.28439540652899,FALSE,FALSE,2.84649476473258,0,237,98.9942857142857,1.24606044846573
"113","2023-10-05T13:00:00Z",2.85340938388207,FALSE,FALSE,2.63346445743979,90,154,98.7254166666667,0.922918552211723
"113","2023-10-05T14:00:00Z",2.54043710146937,FALSE,FALSE,3.00961165543779,12,223,94.5929166666667,1.18468260981429
"113","2023-10-05T15:00:00Z",3.16188405810562,FALSE,FALSE,2.92251758076088,78,183,84.8773469387755,0.924296250923208
"113","2023-10-05T16:00:00Z",2.67996176860829,FALSE,FALSE,2.69908162223462,48,176,74.0983333333333,1.00713437551621
"113","2023-10-05T17:00:00Z",2.73939776428464,FALSE,FALSE,3.05386602690017,18,232,63.29625,1.11479467009701
"113","2023-10-05T18:00:00Z",3.21266810635465,FALSE,FALSE,3.27371420403978,54,206,69.5216326530612,1.0190016819865
"113","2023-10-05T19:00:00Z",2.87513157820854,FALSE,FALSE,3.17905296696092,36,218,71.8440425531915,1.10570694957263
"113","2023-10-05T20:00:00Z",2.84313265866076,FALSE,FALSE,3.16302759650072,36,208,73.0816326530612,1.11251495313295
"113","2023-10-05T21:00:00Z",2.93381442279485,FALSE,FALSE,3.25221889192321,36,216,78.2220833333333,1.10852917848329
"113","2023-10-05T22:00:00Z",2.83599296423474,FALSE,FALSE,3.31896101459646,12,251,81.9765306122449,1.17029945294383
"113","2023-10-05T23:00:00Z",3.10643022569722,FALSE,FALSE,3.24089333268237,42,209,86.4630612244898,1.04328541033139
"113","2023-10-06T00:00:00Z",3.06574065938692,FALSE,FALSE,3.07436859129486,42,204,87.8497959183673,1.00281430586163
"113","2023-10-06T01:00:00Z",2.98163428373321,FALSE,FALSE,2.95168916686759,54,185,88.9126530612245,0.989956810924468
"113","2023-10-06T02:00:00Z",3.52061329724346,FALSE,FALSE,3.38102512030847,66,207,91.8097916666667,0.960351176016895
"113","2023-10-06T03:00:00Z",2.7022663927482,FALSE,FALSE,2.78545409483377,36,184,94.4824489795918,1.03078441944466
"113","2023-10-06T05:00:00Z",2.77585631219676,FALSE,FALSE,2.28219010669671,138,126,96.8765306122449,0.822157147208615
"113","2023-10-06T07:00:00Z",3.13010892487093,FALSE,FALSE,2.82084871550217,90,170,97.0570833333333,0.901198259615993
"113","2023-10-06T08:00:00Z",3.04057108168997,FALSE,FALSE,2.95466039330896,66,180,96.620612244898,0.971745212963988
"113","2023-10-06T09:00:00Z",3.18190916808876,FALSE,FALSE,3.03600352529219,60,188,96.8602040816327,0.954145252083293
"113","2023-10-06T10:00:00Z",2.88037932116354,FALSE,FALSE,2.78465255919002,66,170,97.3397959183673,0.966765918200367
"113","2023-10-06T11:00:00Z",2.7181049312507,FALSE,FALSE,2.52579227616919,78,153,97.9340816326531,0.929247523570394
"113","2023-10-06T12:00:00Z",2.63276252997261,FALSE,FALSE,2.38467894025644,84,149,98.1795918367347,0.905770616646255
"113","2023-10-06T13:00:00Z",2.51402940405088,FALSE,FALSE,2.24851733445104,90,134,97.0308163265306,0.894387842412658
"113","2023-10-06T14:00:00Z",2.4185463506972,FALSE,FALSE,2.20238477755731,66,141,94.8285714285714,0.910623348989125
"113","2023-10-06T15:00:00Z",2.43937652093215,FALSE,FALSE,2.26986936040779,66,144,90.4523404255319,0.930512096402575
"113","2023-10-06T16:00:00Z",2.54449462397815,FALSE,FALSE,2.50008157010111,60,155,93.9795833333333,0.98254543222119
"113","2023-10-06T17:00:00Z",2.59621428117313,FALSE,FALSE,2.44357971109689,72,151,94.619387755102,0.941208793440858
"113","2023-10-06T18:00:00Z",2.7389408045442,FALSE,FALSE,2.80635588746998,60,171,95.1261224489796,1.02461355967019
"113","2023-10-06T19:00:00Z",2.61758282469297,FALSE,FALSE,2.56397964718903,60,163,94.4614285714286,0.979521879117531
"113","2023-10-06T20:00:00Z",2.68734495748001,FALSE,FALSE,2.60978870360261,66,161,93.339387755102,0.971140194093232
"113","2023-10-06T21:00:00Z",2.89874070227717,FALSE,FALSE,2.74504344294543,72,169,94.4104081632653,0.946977920718812
"113","2023-10-06T22:00:00Z",3.1674628245408,FALSE,FALSE,3.1092756751253,54,201,96.2979591836735,0.981629729332676
"113","2023-10-06T23:00:00Z",3.18453008024633,FALSE,FALSE,3.13647464159181,54,197,97.9232653061224,0.984909723744608
"113","2023-10-07T00:00:00Z",3.05735485440263,FALSE,FALSE,2.8375522599941,84,171,98.7504081632653,0.928106940516893
"113","2023-10-07T03:00:00Z",3.21292183388777,FALSE,FALSE,2.91014380964573,66,192,99.0387755102041,0.905762405717893
"113","2023-10-07T16:00:00Z",2.64695516888713,FALSE,FALSE,2.41568607647168,90,146,99.1036734693878,0.912628254859077
"113","2023-10-07T17:00:00Z",2.89471421014804,FALSE,FALSE,2.82693618325451,60,180,96.8227659574468,0.976585589466509
"113","2023-10-07T18:00:00Z",3.13664723784514,FALSE,FALSE,2.99778268549807,66,195,94.4134782608696,0.955728348833236
"113","2023-10-07T19:00:00Z",3.11382222755686,FALSE,FALSE,3.20139645945399,54,201,91.6558333333333,1.02812435184068
"113","2023-10-07T20:00:00Z",2.8256206952688,FALSE,FALSE,3.1733889577116,30,222,94.279375,1.12307676788505
"113","2023-10-07T21:00:00Z",3.14113893670819,FALSE,FALSE,2.98392043100475,78,186,98.3247916666667,0.94994856678699
"113","2023-10-08T14:00:00Z",1.83613098757457,FALSE,FALSE,1.88383522813684,42,122,98.1122448979592,1.0259808482538
"113","2023-10-08T15:00:00Z",1.89719649886999,FALSE,FALSE,2.00475643191599,42,130,94.1728888888889,1.05669414481318
"113","2023-10-08T16:00:00Z",2.10748207168928,FALSE,FALSE,2.17284183136476,42,146,92.5760416666667,1.03101319842929
"113","2023-10-08T17:00:00Z",2.29334458354644,FALSE,FALSE,2.41749201253216,42,157,88.4539583333333,1.05413378777721
"113","2023-10-08T18:00:00Z",2.13304487785037,FALSE,FALSE,2.14378412971103,42,142,86.4030612244898,1.00503470506982
"113","2023-10-08T19:00:00Z",2.26849977165325,FALSE,FALSE,2.33784751973825,30,162,85.5875510204082,1.03056987219111
"113","2023-10-08T20:00:00Z",2.00367125192937,FALSE,FALSE,1.89064412758699,84,111,86.0015217391304,0.943589985516064
"113","2023-10-08T21:00:00Z",2.29032398928569,FALSE,FALSE,2.21038093136734,60,136,86.8708333333333,0.965095306038654
"113","2023-10-08T22:00:00Z",2.08136000729366,FALSE,FALSE,2.17005404231298,18,154,93.3473469387755,1.04261350016744
"113","2023-10-08T23:00:00Z",2.17788201941059,FALSE,FALSE,2.20494566303571,54,133,94.3310416666667,1.01242658848547
"113","2023-10-09T00:00:00Z",1.9810258890684,FALSE,FALSE,2.0642011695555,24,144,96.0231914893617,1.04198596340718
"113","2023-10-09T01:00:00Z",1.96701841637353,FALSE,FALSE,2.04005811313074,48,127,96.3429787234043,1.03713218755311
"113","2023-10-09T02:00:00Z",1.89093358146775,FALSE,FALSE,1.97045327228427,30,133,95.9785416666667,1.04205313798214
"113","2023-10-09T03:00:00Z",1.87272097547678,FALSE,FALSE,1.93240143574262,42,125,96.4983333333333,1.03186831409876
"113","2023-10-09T04:00:00Z",1.5845870383727,FALSE,FALSE,1.63885833085282,48,100,97.7325531914894,1.03424948656393
"113","2023-10-09T05:00:00Z",1.77498494702315,FALSE,FALSE,1.85078394977389,30,122,97.3022916666667,1.04270402567518
"113","2023-10-09T06:00:00Z",1.61916701765486,FALSE,FALSE,1.66045184124109,36,109,97.7671428571429,1.02549756951326
"113","2023-10-09T08:00:00Z",1.64637406518131,FALSE,FALSE,1.76650265018543,42,110,97.7865306122449,1.07296554746864
"113","2023-10-09T09:00:00Z",1.67564934995071,FALSE,FALSE,1.76905234697985,24,119,97.9791836734694,1.05574137395267
"113","2023-10-09T10:00:00Z",1.35478034190128,FALSE,FALSE,1.44365440355738,24,98,98.5016326530612,1.06560034782567
"113","2023-10-09T11:00:00Z",1.19148960195498,FALSE,FALSE,1.28921951246157,30,85,99.1122448979592,1.08202330120736
"113","2023-10-09T14:00:00Z",1.81011996937632,FALSE,FALSE,1.93605412602017,24,133,93.9276595744681,1.06957227077454
"113","2023-10-09T15:00:00Z",0.922749920454286,FALSE,FALSE,1.3375185982979,30,85,86.2329787234043,1.44949196813738
"113","2023-10-09T19:00:00Z",1.47924219927646,FALSE,FALSE,1.81399874004329,18,123,76.348125,1.22630272509165
"113","2023-10-09T20:00:00Z",1.22316957102936,FALSE,FALSE,1.36263157828567,36,87,76.9902083333333,1.11401690375518
"113","2023-10-09T22:00:00Z",0.583759844295812,FALSE,FALSE,1.06284586780697,6,80,87.4472340425532,1.82069026876811
"113","2023-10-10T00:00:00Z",1.35067561498156,FALSE,FALSE,1.54987524265306,18,104,91.4289361702128,1.14748147183675
"113","2023-10-10T01:00:00Z",0.664381502981046,FALSE,FALSE,1.02352560685198,6,81,91.5616666666667,1.54056908908432
"113","2023-10-10T02:00:00Z",1.1882702788552,FALSE,FALSE,1.31193565644016,18,92,91.1983673469388,1.10407175857677
"113","2023-10-10T03:00:00Z",0.546526205364999,FALSE,FALSE,0.881290495522328,0,73,91.1131914893617,1.61253108610548
"113","2023-10-10T04:00:00Z",1.33223282917527,FALSE,FALSE,1.41228099808054,18,100,92.8004166666667,1.06008572011757
"113","2023-10-10T05:00:00Z",1.0485253304813,FALSE,FALSE,1.28987753577857,12,92,93.1579166666667,1.23018252233019
"113","2023-10-10T06:00:00Z",1.34191204979946,FALSE,FALSE,1.56853171396974,12,111,93.116170212766,1.16887817961255
"113","2023-10-10T07:00:00Z",1.03372610422552,FALSE,FALSE,1.11668882131456,0,84,94.7091836734694,1.08025599503573
"113","2023-10-10T08:00:00Z",0.718034738970429,FALSE,FALSE,0.910312140264784,0,69,96.4389795918367,1.26778286740006
"113","2023-10-10T09:00:00Z",0.806774413259623,FALSE,FALSE,0.993604826420378,6,70,97.0695918367347,1.23157701842068
"113","2023-10-10T15:00:00Z",0.715573267422468,FALSE,FALSE,0.823508982068709,0,62,83.6940425531915,1.15083810360193
"113","2023-10-10T17:00:00Z",0.585053325484962,FALSE,FALSE,0.882117465820468,0,67,74.5129166666667,1.50775566498877
"113","2023-10-10T18:00:00Z",1.70942670074886,FALSE,FALSE,1.86056708295797,18,126,75.880612244898,1.08841583095836
"113","2023-10-10T19:00:00Z",1.04715546384876,FALSE,FALSE,1.42786684809426,18,95,80.5097826086957,1.36356720409615
"113","2023-10-10T20:00:00Z",1.16202212889755,FALSE,FALSE,1.29811016633063,12,91,88.4312244897959,1.11711312035185
"113","2023-10-10T22:00:00Z",0.62901069439918,FALSE,FALSE,1.06701189997786,0,92,88.8729166666667,1.69633347966691
"113","2023-10-10T23:00:00Z",0.568007740415672,FALSE,FALSE,1.0684603006158,0,84,91.6070833333333,1.88106644433032
"113","2023-10-11T00:00:00Z",0.674743927204353,FALSE,FALSE,0.997455124616875,0,81,93.4264583333333,1.47827210353652
"113","2023-10-11T01:00:00Z",0.903339805685601,FALSE,FALSE,1.21048602096383,0,84,94.088085106383,1.34001182428257
"113","2023-10-11T02:00:00Z",0.784479045489881,FALSE,FALSE,1.09961434015033,0,86,95.1089795918367,1.40171282645753
"113","2023-10-11T03:00:00Z",0.656536274237828,FALSE,FALSE,0.949826526605212,0,81,96.0551020408163,1.44672360671597
"113","2023-10-11T04:00:00Z",0.979302470419259,FALSE,FALSE,1.14925698835821,12,81,96.7536734693877,1.17354650179345
"113","2023-10-11T05:00:00Z",0.989558635229791,FALSE,FALSE,1.04776949521359,0,86,97.5918367346939,1.05882507403948
"113","2023-10-11T06:00:00Z",0.939465876288552,FALSE,FALSE,1.1339480838226,12,83,97.8183673469388,1.20701359404598
"113","2023-10-11T07:00:00Z",0.518899810565368,FALSE,FALSE,0.790210592893797,12,56,98.3740425531915,1.52285774017304
"113","2023-10-11T08:00:00Z",0.986244631657339,FALSE,FALSE,1.10215207664863,18,78,98.2765306122449,1.11752403133137
"113","2023-10-11T09:00:00Z",0.54745765645928,FALSE,FALSE,0.814123245537467,6,56,98.4071428571429,1.48709810874299
"113","2023-10-11T11:00:00Z",0.94224389285352,FALSE,FALSE,1.05684224951032,30,66,98.0732653061225,1.12162281711346
"113","2023-10-11T12:00:00Z",1.06502908785857,FALSE,FALSE,1.11744285104357,66,57,98.3127083333333,1.049213456968
"113","2023-10-11T13:00:00Z",1.28134469915402,FALSE,FALSE,1.25200776608035,66,74,96.7573469387755,0.977104573739572
"113","2023-10-11T14:00:00Z",1.16493232617304,FALSE,FALSE,1.29955379273642,36,88,94.5355102040816,1.11556161979437
"113","2023-10-11T15:00:00Z",1.46022709004595,FALSE,FALSE,1.33325923938054,96,80,87.9748936170213,0.913049243141065
"113","2023-10-11T16:00:00Z",0.807406090183628,FALSE,FALSE,0.749704174906572,54,48,79.486511627907,0.92853420852457
"113","2023-10-11T18:00:00Z",1.08009004881228,FALSE,FALSE,0.893932679848676,54,72,74.698085106383,0.827646436361195
"113","2023-10-11T19:00:00Z",0.873699499295543,FALSE,FALSE,0.765101918273482,18,65,78.2968085106383,0.875703738974759
"113","2023-10-11T20:00:00Z",1.2123678046615,FALSE,FALSE,1.52216443358449,18,107,81.4625531914894,1.25553023408559
"113","2023-10-11T21:00:00Z",1.10191813818013,FALSE,FALSE,1.50976992043996,6,102,83.3495744680851,1.37012893075107
"113","2023-10-11T22:00:00Z",0.67415834919811,FALSE,FALSE,1.15116855130042,6,91,86.780625,1.70756403546689
"113","2023-10-11T23:00:00Z",1.41418786024016,FALSE,FALSE,1.66645316850893,12,117,89.1432653061224,1.17838175207212
"113","2023-10-12T00:00:00Z",0.843933034665632,FALSE,FALSE,1.04885663265956,6,96,90.2717021276596,1.24281973755787
"113","2023-10-12T01:00:00Z",1.2540989884909,FALSE,FALSE,1.59966407107052,48,88,91.1661224489796,1.27554848999237
"113","2023-10-12T02:00:00Z",1.45335580308294,FALSE,FALSE,1.66165357477893,24,114,91.2820408163265,1.14332193895956
"113","2023-10-12T03:00:00Z",1.47319347912553,FALSE,FALSE,1.70002545330772,18,116,92.0126530612245,1.15397296919671
"113","2023-10-12T05:00:00Z",1.76373086191501,FALSE,FALSE,1.8263230703006,36,118,93.4404081632653,1.03548852590674
"113","2023-10-12T06:00:00Z",1.40566399732616,FALSE,FALSE,1.57597767939035,18,109,93.39,1.12116244165615
"113","2023-10-12T07:00:00Z",1.64914121540182,FALSE,FALSE,1.75770785587177,12,126,93.8010204081633,1.06583222798388
"113","2023-10-12T08:00:00Z",1.68960278992177,FALSE,FALSE,1.81701149574173,54,107,93.9216666666667,1.07540749019825
"113","2023-10-12T09:00:00Z",1.11792811096968,FALSE,FALSE,1.43481979835995,30,95,95.193125,1.28346338577657
"113","2023-10-12T10:00:00Z",1.12846766589676,FALSE,FALSE,1.3910666361041,12,99,96.3175,1.23270402701229
"113","2023-10-12T11:00:00Z",1.31913342696432,FALSE,FALSE,1.40342443569563,12,102,96.9939583333333,1.06389877400445
"113","2023-10-12T12:00:00Z",1.28818024513379,FALSE,FALSE,1.40112393067881,36,92,97.4476595744681,1.08767692717822
"113","2023-10-12T13:00:00Z",1.27637887494318,FALSE,FALSE,1.29054947459076,60,77,97.3638775510204,1.01110218911153
"113","2023-10-12T14:00:00Z",1.09771195752772,FALSE,FALSE,1.33969047264511,12,101,87.4727083333333,1.22043898989893
"113","2023-10-12T15:00:00Z",0.643254491703283,FALSE,FALSE,1.21722802461789,18,86,80.558085106383,1.89229619119296
"113","2023-10-12T16:00:00Z",0.63479221698366,FALSE,FALSE,0.837400429694518,24,61,74.7908510638298,1.31917249028917
"113","2023-10-12T17:00:00Z",0.596025836796443,FALSE,FALSE,1.04587412683622,6,80,65.9354166666667,1.75474629163334
"113","2023-10-12T18:00:00Z",1.46421344838834,FALSE,FALSE,1.50646858873583,72,84,67.6372916666667,1.02885859325633
"113","2023-10-12T20:00:00Z",2.19760786874593,FALSE,FALSE,1.91337731514314,108,105,74.8486956521739,0.870663662227883
"113","2023-10-12T21:00:00Z",1.38125709068588,FALSE,FALSE,1.75349028955638,0,130,76.0345833333333,1.26948871530184
"113","2023-10-12T22:00:00Z",1.20645753514913,FALSE,FALSE,1.55703920607975,6,114,85.300625,1.29058765909012
"113","2023-10-13T00:00:00Z",1.96701480578154,FALSE,FALSE,2.08313660674023,60,115,89.2552083333333,1.0590345332518
"113","2023-10-13T01:00:00Z",2.14266770699231,FALSE,FALSE,2.16048128529844,48,133,87.5648979591837,1.00831373817228
"113","2023-10-13T02:00:00Z",1.32683558977621,FALSE,FALSE,1.66020732598046,12,117,87.7657142857143,1.25125323647708
"113","2023-10-13T03:00:00Z",0.808791474451145,FALSE,FALSE,1.12114604463583,6,85,91.1322916666667,1.38619913791333
"113","2023-10-13T04:00:00Z",0.836652445078527,FALSE,FALSE,1.02128885412978,6,94,93.1658333333333,1.22068471817342
"113","2023-10-13T05:00:00Z",0.990800792570427,FALSE,FALSE,1.33946280668616,12,92,93.9163265306122,1.35189920792372
"113","2023-10-13T06:00:00Z",1.82343773952218,FALSE,FALSE,1.9516298257107,24,133,93.7532653061224,1.07030242020883
"113","2023-10-13T07:00:00Z",1.5133541033647,FALSE,FALSE,1.58425612723167,36,105,94.5930612244898,1.04685091460705
"113","2023-10-13T08:00:00Z",0.580900386633961,FALSE,FALSE,0.899754747730692,24,56,95.6973469387755,1.5488967961346
"113","2023-10-13T09:00:00Z",0.563902506505996,FALSE,FALSE,0.878893033139882,0,68,96.1783673469388,1.55859039993563
"113","2023-10-13T10:00:00Z",0.737663031551409,FALSE,FALSE,0.884592345776935,0,66,94.9614583333333,1.19918215762624
"113","2023-10-13T23:00:00Z",1.73834952466411,FALSE,FALSE,1.88918894271021,30,126,85.2808510638298,1.08677162786077
"113","2023-10-14T00:00:00Z",1.72251567468186,FALSE,FALSE,1.8324238467495,24,125,88.8824489795918,1.06380677614905
"113","2023-10-14T01:00:00Z",1.87297428917399,FALSE,FALSE,1.93162077461489,42,122,89.3974468085106,1.03131195434976
"113","2023-10-14T02:00:00Z",1.70516020748263,FALSE,FALSE,1.84114767313202,0,138,88.8204255319149,1.07975055074159
"113","2023-10-14T03:00:00Z",1.6378393679855,FALSE,FALSE,1.73773169293387,30,116,90.8477083333333,1.06099030643721
"113","2023-10-14T04:00:00Z",1.67224860159093,FALSE,FALSE,1.78335917773661,42,111,91.2254166666667,1.06644381465768
"113","2023-10-14T05:00:00Z",1.63388527483531,FALSE,FALSE,1.78063820159065,48,105,91.8270212765957,1.08981837893737
"113","2023-10-14T06:00:00Z",1.61496793814171,FALSE,FALSE,1.70346039096333,24,116,92.0736734693878,1.05479517625808
"113","2023-10-14T07:00:00Z",1.56126002687081,FALSE,FALSE,1.68778650267438,36,109,92.5185416666667,1.08104125746252
"113","2023-10-14T08:00:00Z",1.59454637705569,FALSE,FALSE,1.65957431277815,30,109,94.2324489795918,1.0407814640315
"113","2023-10-14T09:00:00Z",1.57198888746294,FALSE,FALSE,1.58094072722531,42,100,94.845306122449,1.00569459481156
"113","2023-10-14T10:00:00Z",1.50222330600174,FALSE,FALSE,1.5654222723111,36,102,94.6763265306122,1.04207028745784
"113","2023-10-14T11:00:00Z",1.66599335195522,FALSE,FALSE,1.71102233653496,48,105,94.7565957446809,1.02702830988305
"113","2023-10-14T12:00:00Z",1.66665087697099,FALSE,FALSE,1.66835994824976,42,108,92.4528571428571,1.00102545248221
"113","2023-10-14T13:00:00Z",1.66705482329188,FALSE,FALSE,1.64877760657181,36,109,89.3723404255319,0.989036223365482
"113","2023-10-14T14:00:00Z",1.72686254602767,FALSE,FALSE,1.7537234745556,60,106,84.0021276595745,1.01555475772506
"113","2023-10-14T15:00:00Z",1.66894649197943,FALSE,FALSE,1.66850135816802,60,104,80.3427659574468,0.99973328455193
"113","2023-10-14T16:00:00Z",1.57728013560474,FALSE,FALSE,1.5969834079001,54,103,77.0206382978723,1.01249192952513
"113","2023-10-14T17:00:00Z",1.55129105479037,FALSE,FALSE,1.62964086892585,42,106,75.8051020408163,1.0505061986231
"113","2023-10-14T18:00:00Z",1.58788649772785,FALSE,FALSE,1.58683875370331,42,104,75.934693877551,0.999340164409711
"113","2023-10-14T20:00:00Z",1.87439498956825,FALSE,FALSE,1.90207147940258,42,124,76.5234693877551,1.01476555901416
"113","2023-10-14T21:00:00Z",1.86039697739197,FALSE,FALSE,1.97948314665371,30,132,81.4739130434783,1.06401116036464
"113","2023-10-14T22:00:00Z",1.78866754494017,FALSE,FALSE,1.91741724278572,30,129,87.526170212766,1.0719807871562
"113","2023-10-14T23:00:00Z",1.76979865705709,FALSE,FALSE,1.8557781345315,42,118,90.1054166666667,1.04858150226952
"113","2023-10-15T00:00:00Z",1.86281196950094,FALSE,FALSE,1.8678988593387,42,122,92.1904081632653,1.0027307586171
"113","2023-10-15T01:00:00Z",1.83954820897407,FALSE,FALSE,1.83482420081525,48,117,91.4093617021277,0.997431973711929
"113","2023-10-15T03:00:00Z",1.7771954528826,FALSE,FALSE,1.77766754939696,42,116,92.236170212766,1.00026564130219
"113","2023-10-15T04:00:00Z",1.85095334771495,FALSE,FALSE,1.91038643062113,6,373,91.5604166666667,1.03210944402221
"113","2023-10-15T05:00:00Z",1.7515364532102,FALSE,FALSE,1.86207523737969,36,121,91.2397872340426,1.06310961097435
"113","2023-10-15T06:00:00Z",1.53405059741313,FALSE,FALSE,1.59807192483204,6,118,93.2375510204082,1.04173351747776
"113","2023-10-15T07:00:00Z",1.7220613626069,FALSE,FALSE,1.73252289785213,54,106,93.0887234042553,1.00607500723981
"113","2023-10-15T08:00:00Z",1.72508163092728,FALSE,FALSE,1.72187458481938,54,105,92.5820833333333,0.998140930811387
"113","2023-10-15T09:00:00Z",1.5770096201336,FALSE,FALSE,1.64513471678007,60,99,94.2869565217391,1.04319890999822
"113","2023-10-15T10:00:00Z",1.58015952209789,FALSE,FALSE,1.62602295777043,42,104,94.404347826087,1.02902456051504
"113","2023-10-15T11:00:00Z",1.51551020826633,FALSE,FALSE,1.57331360497479,36,103,94.98125,1.03814121237401
"113","2023-10-15T12:00:00Z",1.52266810887473,FALSE,FALSE,1.58753116805123,30,105,94.6672340425532,1.0425982909857
"113","2023-10-15T13:00:00Z",1.58830125154167,FALSE,FALSE,1.60419078566958,48,103,92.8370212765957,1.01000410602994
"113","2023-10-15T14:00:00Z",1.56682518487601,FALSE,FALSE,1.54947720093855,48,100,87.4183673469388,0.988927939054776
"113","2023-10-15T15:00:00Z",1.49246909088786,FALSE,FALSE,1.44176555323794,54,91,83.4091489361702,0.966027076902636
"113","2023-10-15T16:00:00Z",1.45646103421726,FALSE,FALSE,1.3794990480214,48,94,76.9720408163265,0.94715822504842
"113","2023-10-15T17:00:00Z",1.46161280200843,FALSE,FALSE,1.45729110002206,66,93,75.2797916666667,0.997043196405758
"113","2023-10-15T18:00:00Z",1.43952304942105,FALSE,FALSE,1.41859696924816,48,98,72.3328571428572,0.98546318505889
"113","2023-10-15T19:00:00Z",1.49389420170958,FALSE,FALSE,1.44615349151488,60,94,71.513125,0.968042776965015
"113","2023-10-15T20:00:00Z",1.59803497988418,FALSE,FALSE,1.59125215911263,54,105,73.2979166666667,0.995755524217597
"113","2023-10-15T21:00:00Z",1.8773462001369,FALSE,FALSE,1.78905777985428,60,115,74.943125,0.952971689357998
"113","2023-10-15T22:00:00Z",1.78431957277724,FALSE,FALSE,1.8323623962158,30,125,80.6142857142857,1.02692501061555
"113","2023-10-15T23:00:00Z",1.66483618408627,FALSE,FALSE,1.7595043943168,12,126,85.44375,1.0568633785927
"113","2023-10-16T00:00:00Z",1.74831052372138,FALSE,FALSE,1.83201052179735,36,118,88.4695833333333,1.04787478936969
"113","2023-10-16T01:00:00Z",1.72459044913057,FALSE,FALSE,1.71550427188673,48,109,90.949347826087,0.994731399997937
"113","2023-10-16T02:00:00Z",1.63194913813893,FALSE,FALSE,1.74335327329359,24,119,91.678085106383,1.06826446520368
"113","2023-10-16T03:00:00Z",1.66929139448116,FALSE,FALSE,1.76406036865849,42,111,92.3163829787234,1.05677197791269
"113","2023-10-16T04:00:00Z",1.57470613355793,FALSE,FALSE,1.5262345783856,72,89,92.6722222222222,0.969218666175625
"113","2023-10-16T05:00:00Z",1.52862447021414,FALSE,FALSE,1.60952060445068,30,108,94.930625,1.05292086827919
"113","2023-10-16T06:00:00Z",1.34089077332412,FALSE,FALSE,1.37053566355416,42,89,96.8289583333333,1.02210835574366
"113","2023-10-16T07:00:00Z",1.38876463427048,FALSE,FALSE,1.39073709544519,54,86,97.2320408163265,1.00142029911047
"113","2023-10-16T08:00:00Z",1.37806160330176,FALSE,FALSE,1.45647600403772,48,89,97.2851020408163,1.05690195601422
"113","2023-10-16T09:00:00Z",1.39753528140361,FALSE,FALSE,1.42541537981424,42,94,97.2983673469388,1.01994947732742
"113","2023-10-16T10:00:00Z",1.33235570569835,FALSE,FALSE,1.3982622285972,42,88,97.36875,1.04946616178921
"113","2023-10-16T11:00:00Z",1.02072741914804,FALSE,FALSE,1.06788859348425,42,71,98.2273469387755,1.04620349512661
"113","2023-10-16T12:00:00Z",1.28487055419095,FALSE,FALSE,1.30678014014612,42,84,98.1236734693878,1.01705197919254
"113","2023-10-16T13:00:00Z",1.76802448939064,FALSE,FALSE,1.77613897022388,60,107,95.9612765957447,1.004589574908
"114","2023-10-03T18:00:00Z",3.36591031537413,FALSE,FALSE,3.8692822673039,60,233,74.6255102040816,1.14955001909307
"114","2023-10-03T19:00:00Z",3.18384587226068,FALSE,FALSE,3.76001219789515,30,259,76.5297959183673,1.18096552055309
"114","2023-10-03T20:00:00Z",3.52897068199595,FALSE,FALSE,4.00496842292122,48,254,79.8235416666667,1.13488288337268
"114","2023-10-03T21:00:00Z",3.74215800260315,FALSE,FALSE,4.31125032495121,54,267,83.3869387755102,1.15207597379699
"114","2023-10-03T23:00:00Z",3.76662382213636,FALSE,FALSE,4.27082117804145,60,252,89.9524444444444,1.13385922770995
"114","2023-10-04T00:00:00Z",3.74255735532392,FALSE,FALSE,4.41427569075982,48,271,91.3066666666667,1.17948110654346
"114","2023-10-04T01:00:00Z",3.70391321245231,FALSE,FALSE,4.01827019980178,60,245,93.9110416666667,1.08487158562264
"114","2023-10-04T02:00:00Z",3.62260545985003,FALSE,FALSE,4.04845779766904,48,251,94.8769387755102,1.1175541588889
"114","2023-10-04T03:00:00Z",3.59843560912044,FALSE,FALSE,3.93029602666019,60,235,96.1936734693878,1.09222352532824
"114","2023-10-04T04:00:00Z",3.52934032255688,FALSE,FALSE,4.07892780737866,42,259,96.8455102040816,1.15571960610011
"114","2023-10-04T11:00:00Z",3.55965132908002,FALSE,FALSE,3.98148256941047,30,268,97.955625,1.11850352782711
"114","2023-10-04T12:00:00Z",4.54465734405668,FALSE,FALSE,4.63841383789111,72,266,98.2273469387755,1.02063004683005
"114","2023-10-04T13:00:00Z",4.36401374648916,FALSE,FALSE,4.0946937834736,54,271,98.0204255319149,0.938286179040517
"114","2023-10-04T14:00:00Z",4.25018180966114,FALSE,FALSE,4.24676051665501,60,271,94.708125,0.99919502431676
"114","2023-10-04T15:00:00Z",3.55020320354793,FALSE,FALSE,3.66574789235644,18,271,87.1302083333333,1.03254593672076
"114","2023-10-04T16:00:00Z",3.56468706682109,FALSE,FALSE,3.91887668610239,18,295,76.5597916666667,1.0993606486746
"114","2023-10-04T17:00:00Z",4.08898259850008,FALSE,FALSE,4.5072666381908,54,284,74.3147826086957,1.10229538268129
"114","2023-10-04T18:00:00Z",3.98430286322583,FALSE,FALSE,4.70537862357051,30,323,72.4671428571429,1.18097915371847
"114","2023-10-04T19:00:00Z",3.93846445101315,FALSE,FALSE,4.6150119092086,36,303,73.9625531914894,1.17177950102391
"114","2023-10-04T20:00:00Z",4.80215884656656,FALSE,FALSE,5.40083063489523,30,366,77.2595918367347,1.12466721894398
"114","2023-10-04T21:00:00Z",4.22068014136466,FALSE,FALSE,4.74482854101643,24,331,82.2067346938776,1.1241857667713
"114","2023-10-04T22:00:00Z",4.00112331805919,FALSE,FALSE,4.63961094036896,30,326,85.4297959183673,1.15957709162023
"114","2023-10-04T23:00:00Z",3.91981872157467,FALSE,FALSE,4.73116137324909,24,327,89.1410638297872,1.20698473814842
"114","2023-10-05T00:00:00Z",4.30653180429199,FALSE,FALSE,4.93509726695002,36,317,91.7452083333333,1.14595630340674
"114","2023-10-05T01:00:00Z",4.03400864346068,FALSE,FALSE,4.57873010012532,18,319,92.3657142857143,1.13503229784786
"114","2023-10-05T02:00:00Z",4.36291038447901,FALSE,FALSE,4.86473975607532,24,328,93.4765306122449,1.11502170051018
"114","2023-10-05T03:00:00Z",4.22693626594648,FALSE,FALSE,4.89320710942182,0,373,94.7516326530612,1.15762500344352
"114","2023-10-05T04:00:00Z",4.60013050326716,FALSE,FALSE,4.89855766073896,60,287,95.8975510204082,1.06487362853289
"114","2023-10-05T09:00:00Z",4.48797841863621,FALSE,FALSE,5.14327818093539,42,312,97.0723404255319,1.1460122356155
"114","2023-10-05T10:00:00Z",4.76710705389602,FALSE,FALSE,5.0317530016183,54,302,96.8522448979592,1.05551499992139
"114","2023-10-05T11:00:00Z",4.21181511297978,FALSE,FALSE,4.07265211543234,84,233,98.9771428571429,0.966958901610241
"114","2023-10-05T13:00:00Z",4.23008453796524,FALSE,FALSE,4.40811979456164,78,248,98.290612244898,1.04208787200315
"114","2023-10-05T14:00:00Z",4.71875639695996,FALSE,FALSE,4.71414684884531,72,276,94.155625,0.99902314344567
"114","2023-10-05T15:00:00Z",3.75051565042887,FALSE,FALSE,3.86553016070501,60,238,83.2112244897959,1.03066631924679
"114","2023-10-05T16:00:00Z",3.47917783506025,FALSE,FALSE,3.97392126363283,42,256,67.540612244898,1.14220124754388
"114","2023-10-05T17:00:00Z",3.93928529024085,FALSE,FALSE,4.0461526948737,48,267,66.9316666666667,1.02712862784973
"114","2023-10-05T18:00:00Z",4.01037298672857,FALSE,FALSE,4.18059568161091,60,254,64.0673469387755,1.04244560180453
"114","2023-10-05T19:00:00Z",3.6844823025025,FALSE,FALSE,4.32315916032903,30,293,64.9240816326531,1.17334236003597
"114","2023-10-05T20:00:00Z",4.04559628025397,FALSE,FALSE,4.60019215998862,24,321,66.3518367346939,1.13708631344199
"114","2023-10-05T21:00:00Z",4.02336056757808,FALSE,FALSE,4.73237583967098,24,331,69.5829166666667,1.17622464111381
"114","2023-10-05T22:00:00Z",3.50152491109597,FALSE,FALSE,4.14306324245807,18,307,73.95375,1.18321684056256
"114","2023-10-05T23:00:00Z",3.7986412485791,FALSE,FALSE,4.31826987089021,30,288,82.0344680851064,1.13679328694319
"114","2023-10-06T00:00:00Z",3.70688128208518,FALSE,FALSE,4.32317220089175,42,275,78.2955102040816,1.16625590945818
"114","2023-10-06T01:00:00Z",3.49632650759119,FALSE,FALSE,4.31738358035821,18,309,80.7691836734694,1.23483420984406
"114","2023-10-06T02:00:00Z",3.0740288045076,FALSE,FALSE,3.89116734491711,6,279,86.7712765957447,1.26582006623077
"114","2023-10-06T03:00:00Z",3.53738724597195,FALSE,FALSE,4.3093838984943,30,286,89.500612244898,1.2182392254061
"114","2023-10-06T04:00:00Z",4.36743394545504,FALSE,FALSE,4.49903039709008,60,276,93.0083333333333,1.03013129752586
"114","2023-10-06T05:00:00Z",4.19044350302746,FALSE,FALSE,4.03580994325454,78,237,95.7169387755102,0.963098521752838
"114","2023-10-06T06:00:00Z",4.10755813093884,FALSE,FALSE,4.19231994923749,66,245,95.20375,1.02063557364172
"114","2023-10-06T08:00:00Z",3.55539401109514,FALSE,FALSE,4.06332047411838,42,257,95.9202040816326,1.14286080851747
"114","2023-10-06T09:00:00Z",4.23834880507538,FALSE,FALSE,4.42002248054534,66,250,96.3360869565217,1.04286425771574
"114","2023-10-06T10:00:00Z",3.82382781666637,FALSE,FALSE,4.10643200393976,60,240,97.0314893617021,1.07390609640989
"114","2023-10-06T11:00:00Z",4.1310815763606,FALSE,FALSE,3.97437601846543,84,218,97.9875,0.962066699725348
"114","2023-10-06T12:00:00Z",3.91024601238657,FALSE,FALSE,3.71539254411174,90,205,98.1097872340426,0.950168488719741
"114","2023-10-06T13:00:00Z",4.44229908915555,FALSE,FALSE,3.99193458017839,96,217,97.53875,0.898619048393977
"114","2023-10-06T14:00:00Z",3.91402658660802,FALSE,FALSE,3.74152000103512,84,217,95.9433333333333,0.955926056771526
"114","2023-10-06T15:00:00Z",4.04429770018852,FALSE,FALSE,3.95312618214417,72,237,93.7944897959184,0.977456773758246
"114","2023-10-06T16:00:00Z",3.47260817554275,FALSE,FALSE,3.67967920628751,60,219,95.4683333333333,1.05962982872734
"114","2023-10-06T17:00:00Z",3.79061877194213,FALSE,FALSE,3.70253554099931,78,214,96.361914893617,0.976762835768449
"114","2023-10-06T18:00:00Z",3.51353944228908,FALSE,FALSE,3.99109678734649,60,234,96.8275,1.13591916439289
"114","2023-10-06T19:00:00Z",4.056691722288,FALSE,FALSE,4.09112205160537,78,226,97.0391666666667,1.00848729252169
"114","2023-10-06T20:00:00Z",4.12808089546174,FALSE,FALSE,4.218608446787,72,238,96.4577777777778,1.02192969411641
"114","2023-10-06T21:00:00Z",4.03602054588003,FALSE,FALSE,4.27111656461706,66,249,96.59,1.05824946034455
"114","2023-10-06T22:00:00Z",3.9524997827594,FALSE,FALSE,4.38987989623354,60,252,97.5241304347826,1.11065911132544
"114","2023-10-06T23:00:00Z",3.69806771265887,FALSE,FALSE,4.24074493344917,48,261,98.083125,1.1467461558188
"114","2023-10-07T00:00:00Z",4.19594682677812,FALSE,FALSE,4.30929882288785,72,242,98.8448979591837,1.02701464074481
"114","2023-10-07T02:00:00Z",4.28165441227362,FALSE,FALSE,4.32858416360192,78,239,98.9360416666667,1.0109606583833
"114","2023-10-07T03:00:00Z",3.86584785113894,FALSE,FALSE,4.14134150327407,66,240,98.7702040816327,1.07126344924671
"114","2023-10-07T04:00:00Z",4.09588817565053,FALSE,FALSE,4.27869528345583,72,243,98.8993617021277,1.04463186004248
"114","2023-10-07T17:00:00Z",3.48462118178824,FALSE,FALSE,3.6130429839724,72,207,98.81125,1.03685387750477
"114","2023-10-07T18:00:00Z",2.81047105984783,FALSE,FALSE,3.18957870800543,54,198,95.3093617021277,1.13489114105239
"114","2023-10-07T19:00:00Z",3.1724867569329,FALSE,FALSE,3.66851785446751,36,240,92.114693877551,1.15635403251113
"114","2023-10-07T20:00:00Z",2.90900541730556,FALSE,FALSE,3.41471532413111,18,252,94.6155319148936,1.17384288933156
"114","2023-10-12T17:00:00Z",1.6294026416915,FALSE,FALSE,1.62281569985547,36,109,92.5193617021277,0.99595744988532
"114","2023-10-12T18:00:00Z",1.83871503835886,FALSE,FALSE,1.74331959997155,60,115,80.0832653061225,0.948118421616624
"114","2023-10-12T19:00:00Z",2.85558047191946,FALSE,FALSE,2.74471178249379,72,159,79.5404081632653,0.961174727689903
"114","2023-10-12T20:00:00Z",3.19143153328996,FALSE,FALSE,3.11011558581794,78,181,79.6030612244898,0.974520541448624
"114","2023-10-12T21:00:00Z",3.11134708515847,FALSE,FALSE,3.44348569929282,36,223,80.6738775510204,1.10675074334159
"114","2023-10-12T22:00:00Z",2.84465850300255,FALSE,FALSE,3.29850860728144,48,202,84.47,1.15954467075744
"114","2023-10-12T23:00:00Z",3.2521552825038,FALSE,FALSE,3.16266348783604,72,186,86.6314583333333,0.97248231191505
"114","2023-10-13T00:00:00Z",3.08654663088657,FALSE,FALSE,3.09564116508472,156,422,95.2959183673469,1.00294650795395
"114","2023-10-13T01:00:00Z",1.67450160624456,FALSE,FALSE,1.71674258973739,0,474,96.6512244897959,1.02522600356745
"114","2023-10-13T02:00:00Z",1.13157487362635,FALSE,FALSE,0.951597419354757,0,434,97.1018367346939,0.840949584100593
"114","2023-10-13T03:00:00Z",1.42000039815885,FALSE,FALSE,1.14444424936629,0,512,97.0214285714286,0.805946428501115
"114","2023-10-13T04:00:00Z",0.629637622237345,FALSE,FALSE,0.464623888205789,0,447,97.2525,0.737922690443436
"114","2023-10-13T05:00:00Z",1.28957549801674,FALSE,FALSE,1.34695128605374,0,528,97.8204081632653,1.04449199610666
"114","2023-10-13T06:00:00Z",0.605086443412727,FALSE,FALSE,0.639448390392258,0,378,98.528085106383,1.05678849254286
"114","2023-10-13T07:00:00Z",1.21933469081782,FALSE,FALSE,1.24734976409405,0,400,98.258125,1.02297570428135
"114","2023-10-13T08:00:00Z",0.600209251434501,FALSE,FALSE,0.397998178383491,0,306,98.029387755102,0.663099039930282
"114","2023-10-13T10:00:00Z",0.531122985051,FALSE,FALSE,0.496495691207713,0,248,98.4426530612245,0.934803623985578
"114","2023-10-13T11:00:00Z",0.656260107403017,FALSE,FALSE,0.613491822990923,0,292,98.1147916666667,0.934830284623975
"114","2023-10-13T18:00:00Z",2.07908267147564,FALSE,FALSE,2.16522540941273,60,126,76.943829787234,1.04143305079636
"114","2023-10-13T19:00:00Z",2.28044669821034,FALSE,FALSE,2.1890812267234,156,233,95.6129166666667,0.959935274278221
"114","2023-10-13T20:00:00Z",2.13711040241454,FALSE,FALSE,2.21257324637141,162,331,95.8677551020408,1.03531069048731
"114","2023-10-13T21:00:00Z",2.04422076466679,FALSE,FALSE,1.47949980059876,180,244,98.054693877551,0.723747564926002
"114","2023-10-13T22:00:00Z",1.00868319031362,FALSE,FALSE,0.987079127801708,0,274,97.0638775510204,0.978581914798054
"114","2023-10-13T23:00:00Z",1.18193958584226,FALSE,FALSE,1.0572326279856,0,332,97.04375,0.89448956668306
"114","2023-10-14T00:00:00Z",1.22269035206304,FALSE,FALSE,1.24883623421071,0,378,97.4297916666667,1.02138389503406
"114","2023-10-14T01:00:00Z",1.45384725354711,FALSE,FALSE,0.451123661986493,0,861,97.9873913043478,0.310296464010121
"114","2023-10-14T03:00:00Z",0.829274350550051,FALSE,FALSE,0.676296628474229,0,457,98.3627083333333,0.815528212135883
"114","2023-10-14T04:00:00Z",0.511520937400984,FALSE,FALSE,0.405567940195587,0,409,98.5279591836735,0.7928667441381
"114","2023-10-26T17:00:00Z",2.88629189235997,FALSE,FALSE,3.21258999289842,48,199,99.1758333333333,1.11305097083291
"114","2023-10-26T18:00:00Z",2.55269315073733,FALSE,FALSE,2.86392933601775,42,182,80.3689795918367,1.12192463680585
"114","2023-10-26T19:00:00Z",3.06139624196471,FALSE,FALSE,3.30476059324305,54,200,77.559387755102,1.07949456131891
"114","2023-10-26T20:00:00Z",3.18275528552595,FALSE,FALSE,3.35365750531695,48,215,78.0376595744681,1.05369631167316
"114","2023-10-26T21:00:00Z",2.29510449330348,FALSE,FALSE,2.98047807841394,12,254,80.3528571428571,1.2986241311061
"114","2023-10-26T22:00:00Z",3.36882942379215,FALSE,FALSE,3.57677688153193,60,216,83.1727083333333,1.06172691804197
"114","2023-10-26T23:00:00Z",2.38181678560933,FALSE,FALSE,2.62773655011334,150,427,93.5818367346939,1.10324881661336
"114","2023-10-27T00:00:00Z",2.60876720255274,FALSE,FALSE,4.02438502726245,96,668,95.2342857142857,1.54263861617261
"114","2023-10-27T01:00:00Z",2.46245873345938,FALSE,FALSE,2.94339429323919,156,582,96.6368085106383,1.19530705357412
"114","2023-10-27T02:00:00Z",1.91748890256461,FALSE,FALSE,2.09128545257654,180,500,97.0308333333333,1.09063757802169
"114","2023-10-27T03:00:00Z",2.86364341101448,FALSE,FALSE,2.84561767682664,174,525,98.2516326530612,0.993705314663654
"114","2023-10-27T04:00:00Z",2.95396655733381,FALSE,FALSE,2.99198645244134,168,516,98.4246808510638,1.01287079402207
"114","2023-10-27T05:00:00Z",2.82891466778214,FALSE,FALSE,3.40963772628806,156,682,98.3879166666667,1.20528122149446
"114","2023-10-27T06:00:00Z",2.54720096391161,FALSE,FALSE,2.72185991229644,180,609,98.3240425531915,1.06856897074843
"114","2023-10-27T07:00:00Z",2.67322926499416,FALSE,FALSE,3.01470215221956,156,586,98.594693877551,1.12773797283195
"114","2023-10-27T08:00:00Z",2.30763895716174,FALSE,FALSE,2.54391591222057,174,517,98.7969387755102,1.10238904761317
"114","2023-10-27T09:00:00Z",1.79261504048131,FALSE,FALSE,1.87628685559536,0,453,98.9877551020408,1.04667584128469
"114","2023-10-27T10:00:00Z",1.56585303533327,FALSE,FALSE,2.69580585165118,120,561,98.9297916666667,1.72162124466388
"114","2023-10-27T16:00:00Z",2.94169111853065,FALSE,FALSE,2.90521866161177,78,168,72.3889130434783,0.987601534134864
"114","2023-10-27T17:00:00Z",2.37195696774217,FALSE,FALSE,2.57569656776319,54,159,67.2979591836735,1.08589515020374
"114","2023-10-27T18:00:00Z",2.68955598404999,FALSE,FALSE,2.90119245329868,48,189,63.6102127659574,1.07868825579529
"114","2023-10-27T19:00:00Z",2.72130800723951,FALSE,FALSE,3.07917776749389,48,188,63.9608333333333,1.13150652528208
"114","2023-10-27T20:00:00Z",2.9073072383984,FALSE,FALSE,3.29465383839037,42,210,67.3491666666667,1.13323208324049
"114","2023-10-27T21:00:00Z",3.11964909400996,FALSE,FALSE,3.62976520961831,30,246,71.8467346938776,1.16351714575457
"114","2023-10-27T22:00:00Z",3.07555176100031,FALSE,FALSE,3.40766403535947,0,262,78.3538775510204,1.10798461549909
"114","2023-10-27T23:00:00Z",3.44933315468552,FALSE,FALSE,3.59763606325655,60,218,80.0542857142857,1.04299466068378
"114","2023-10-28T00:00:00Z",2.66146055248883,FALSE,FALSE,3.76593244457064,108,504,88.2329787234043,1.41498713593518
"114","2023-10-28T01:00:00Z",1.90064831932669,FALSE,FALSE,3.04676820244832,108,701,90.121914893617,1.60301522983886
"114","2023-10-28T02:00:00Z",1.96878936025228,FALSE,FALSE,2.27044584524809,180,532,91.7859183673469,1.15321927834736
"114","2023-10-28T03:00:00Z",1.77848608627906,FALSE,FALSE,2.74816427323843,126,589,93.2102083333333,1.54522674899759
"114","2023-10-28T04:00:00Z",2.59842597804762,FALSE,FALSE,3.41288744592646,132,594,94.034081632653,1.31344416764598
"114","2023-10-28T05:00:00Z",1.44172210305412,FALSE,FALSE,1.97117960025577,144,474,94.5144680851064,1.36723963382406
"114","2023-10-28T06:00:00Z",1.48390985950265,FALSE,FALSE,2.29154807713059,132,492,95.4357142857143,1.54426366430278
"114","2023-10-28T07:00:00Z",1.1651207695397,FALSE,FALSE,1.56969023310274,0,489,96.273125,1.34723392985507
"114","2023-10-28T08:00:00Z",0.989922260157123,FALSE,FALSE,1.58351747293025,156,618,97.0860416666667,1.59963821066001
"114","2023-10-28T09:00:00Z",2.09636943759822,FALSE,FALSE,2.37835350515535,156,435,97.7495833333333,1.1345106747407
"114","2023-10-28T10:00:00Z",2.79694672265994,FALSE,FALSE,3.97856661240149,108,527,97.9126530612245,1.42246778609276
"114","2023-10-28T11:00:00Z",0.892209949103708,FALSE,FALSE,1.70427861596782,0,532,97.9429166666667,1.91017665481078
"114","2023-10-28T12:00:00Z",0.92446133446048,FALSE,FALSE,1.89398154412926,156,606,98.3218367346939,2.04874068122557
"114","2023-10-28T15:00:00Z",3.17983924398891,FALSE,FALSE,3.68432143355204,162,683,97.7897959183673,1.15865021809413
"114","2023-10-28T16:00:00Z",3.13608594149173,FALSE,FALSE,3.07011963000615,78,178,79.6104081632653,0.978965400592878
"114","2023-10-28T17:00:00Z",2.6866536715342,FALSE,FALSE,2.69525349827799,72,159,73.4389795918367,1.00320094355105
"114","2023-10-28T18:00:00Z",1.98840507531179,FALSE,FALSE,2.28143915609104,48,144,72.1414583333333,1.14737142065145
"114","2023-10-28T20:00:00Z",2.6521104724035,FALSE,FALSE,3.34083540146859,30,227,79.1422916666667,1.25968938180804
"114","2023-10-28T21:00:00Z",2.62395251642622,FALSE,FALSE,2.95390754546983,54,175,77.3385714285714,1.12574733230805
"114","2023-10-28T22:00:00Z",2.07239051802893,FALSE,FALSE,2.38918336097403,48,147,74.9524489795918,1.15286348793297
"114","2023-10-28T23:00:00Z",2.55338627590234,FALSE,FALSE,2.96713233603298,36,194,73.3210204081633,1.16203817809917
"114","2023-10-29T00:00:00Z",1.01071513567643,FALSE,FALSE,0.73198608905671,6,329,87.5273913043478,0.724225910168865
"114","2023-10-29T01:00:00Z",1.21527455487603,FALSE,FALSE,1.04933492443076,0,321,91.7433333333333,0.863455027689448
"114","2023-10-29T02:00:00Z",1.41328550153789,FALSE,FALSE,1.57981308591799,0,505,93.2577551020408,1.11783010877766
"114","2023-10-29T03:00:00Z",1.84294145206301,FALSE,FALSE,1.92239314908406,0,471,94.550625,1.04311135165586
"114","2023-10-29T04:00:00Z",1.17077199699567,FALSE,FALSE,0.852358001273198,0,419,95.8912765957447,0.72803073823122
"114","2023-10-29T05:00:00Z",0.861615291526951,FALSE,FALSE,0.552802371443782,0,351,96.260625,0.641588394356498
"114","2023-10-29T06:00:00Z",1.01883382963004,FALSE,FALSE,0.738520671201401,0,399,96.4451020408163,0.724868619124643
"114","2023-10-29T07:00:00Z",0.68832214273808,FALSE,FALSE,0.937857972986227,0,433,97.6304081632653,1.36252768108769
"114","2023-10-29T09:00:00Z",1.26206628475695,FALSE,FALSE,1.1940303699216,180,300,97.739387755102,0.946091646962546
"13","2023-10-02T05:00:00Z",3.63196804095456,FALSE,FALSE,3.70996014983663,54,223,96.9412244897959,1.0214737872147
"13","2023-10-02T06:00:00Z",3.59267087841939,FALSE,FALSE,3.60578945249264,72,198,97.3797916666667,1.00365148228635
"13","2023-10-02T07:00:00Z",2.96951901849548,FALSE,FALSE,3.20101362654593,54,187,97.5622448979592,1.07795693733854
"13","2023-10-02T08:00:00Z",3.89475969984546,FALSE,FALSE,3.52425540295395,96,202,97.379387755102,0.904871076665856
"13","2023-10-02T09:00:00Z",4.01231207436124,FALSE,FALSE,3.98672441402021,78,220,95.8506382978723,0.993622714318625
"13","2023-10-02T10:00:00Z",3.37375819211081,FALSE,FALSE,3.64890684789519,60,215,96.5458333333333,1.08155553543458
"13","2023-10-02T11:00:00Z",3.0240878194122,FALSE,FALSE,3.15484833516935,60,179,97.59,1.04323965558069
"13","2023-10-02T12:00:00Z",3.1313467274809,FALSE,FALSE,3.2035256997268,66,182,97.9554166666667,1.02305045672919
"13","2023-10-02T13:00:00Z",4.0987594025543,FALSE,FALSE,3.77054486685547,96,201,97.0402083333333,0.919923444275776
"13","2023-10-02T14:00:00Z",3.87782340435033,FALSE,FALSE,3.39545278472199,102,193,90.0791666666667,0.87560789408636
"13","2023-10-02T15:00:00Z",3.12657402199142,FALSE,FALSE,3.44152571769359,42,221,83.8052083333333,1.10073380431325
"13","2023-10-02T16:00:00Z",4.13215777774998,FALSE,FALSE,3.59657797107549,108,199,81.1144897959184,0.870387377374993
"13","2023-10-02T17:00:00Z",3.4411313648956,FALSE,FALSE,2.8291204948547,108,180,76.9977551020408,0.822148356123724
"13","2023-10-02T18:00:00Z",5.11657202713907,FALSE,FALSE,4.28474514347152,114,427,77.1157142857143,0.837424963578072
"13","2023-10-02T19:00:00Z",4.40476784971358,FALSE,FALSE,4.34349773989763,72,258,76.6379591836735,0.986090047896636
"13","2023-10-02T20:00:00Z",3.83602297319365,FALSE,FALSE,4.02988017399862,54,254,79.0110204081633,1.05053598535766
"13","2023-10-02T21:00:00Z",4.00232003231566,FALSE,FALSE,4.20003530637454,54,260,80.1465306122449,1.04940016601933
"13","2023-10-02T22:00:00Z",3.1773542749993,FALSE,FALSE,3.72609883705131,30,250,82.2185714285714,1.17270487158758
"13","2023-10-02T23:00:00Z",2.56249468377418,FALSE,FALSE,3.22274615462043,18,229,85.4108163265306,1.25765964512122
"13","2023-10-03T00:00:00Z",2.91668268428189,FALSE,FALSE,3.58082183536043,36,225,87.0927659574468,1.22770360130624
"13","2023-10-03T01:00:00Z",2.86967774905018,FALSE,FALSE,3.32590810633138,30,216,88.123829787234,1.15898313231588
"13","2023-10-03T02:00:00Z",3.16144292999073,FALSE,FALSE,3.59254404748331,54,202,86.9630612244898,1.13636213812465
"13","2023-10-03T03:00:00Z",3.27155728596538,FALSE,FALSE,3.66339651243584,54,210,86.7108333333333,1.11977147034882
"13","2023-10-03T04:00:00Z",3.6300144329294,FALSE,FALSE,3.8573979964431,66,215,87.2570833333333,1.06263985108462
"13","2023-10-03T05:00:00Z",3.10662666406052,FALSE,FALSE,3.54102934591783,42,220,88.9502040816326,1.13983098995536
"13","2023-10-03T06:00:00Z",3.55179915100042,FALSE,FALSE,3.71645613265292,66,210,88.6614285714286,1.04635875359284
"13","2023-10-03T07:00:00Z",3.62985843763278,FALSE,FALSE,3.60499694920234,60,203,89.4810416666667,0.993150838012666
"13","2023-10-03T08:00:00Z",3.56346758600904,FALSE,FALSE,3.74744189236751,60,208,90.4395744680851,1.05162788826277
"13","2023-10-03T09:00:00Z",3.02766702817737,FALSE,FALSE,3.4379095229144,42,205,91.230625,1.13549789026305
"13","2023-10-03T10:00:00Z",3.09154421120455,FALSE,FALSE,3.29831872268515,48,198,93.3786956521739,1.06688389275858
"13","2023-10-03T11:00:00Z",2.13999420108338,FALSE,FALSE,2.66815403222127,18,182,93.7091666666667,1.24680432819421
"13","2023-10-03T12:00:00Z",2.53695762615526,FALSE,FALSE,2.07767287406646,132,109,96.1308163265306,0.818962387328146
"13","2023-10-03T13:00:00Z",3.89055425540223,FALSE,FALSE,3.63736093217832,60,236,94.4975,0.934921014692872
"13","2023-10-03T14:00:00Z",2.6506325760107,FALSE,FALSE,2.51390907220603,72,152,90.1345833333333,0.948418537883344
"13","2023-10-03T15:00:00Z",2.91584499380213,FALSE,FALSE,2.8485814869294,60,184,82.680625,0.976931727504134
"13","2023-10-03T16:00:00Z",3.71237242191793,FALSE,FALSE,3.27240378678946,90,205,77.3844897959184,0.881485857256431
"13","2023-10-03T17:00:00Z",3.20042760334609,FALSE,FALSE,3.00123828287618,78,190,77.2344897959184,0.937761654017215
"13","2023-10-03T18:00:00Z",3.63375440029431,FALSE,FALSE,3.3982690219136,84,198,73.8108333333333,0.935195020785763
"13","2023-10-03T19:00:00Z",4.17189090248848,FALSE,FALSE,4.0266340214219,78,235,76.9721276595745,0.965182003925381
"13","2023-10-03T20:00:00Z",4.133883519308,FALSE,FALSE,3.96026114931052,72,243,79.1595744680851,0.958000178479498
"13","2023-10-03T21:00:00Z",4.46432748336544,FALSE,FALSE,4.36312665119679,78,253,83.5873469387755,0.977331225689483
"13","2023-10-03T22:00:00Z",4.25779898313725,FALSE,FALSE,4.53638921089178,54,278,87.4295918367347,1.06543057313365
"13","2023-10-03T23:00:00Z",4.31125126571472,FALSE,FALSE,4.31590551810019,72,252,89.6355102040816,1.00107955952892
"13","2023-10-04T00:00:00Z",4.02395657498469,FALSE,FALSE,4.27463494346038,60,250,90.9565306122449,1.06229648948849
"13","2023-10-04T01:00:00Z",4.31232191241294,FALSE,FALSE,4.26037449131954,78,240,93.0642857142857,0.987953723736654
"13","2023-10-04T02:00:00Z",4.23993032110244,FALSE,FALSE,4.1700154517862,78,237,93.8285714285714,0.983510373043567
"13","2023-10-04T03:00:00Z",4.05765996491811,FALSE,FALSE,4.01839070685907,84,222,95.0072916666667,0.990322191016852
"13","2023-10-04T04:00:00Z",3.84232483862926,FALSE,FALSE,3.87252414283336,60,233,95.6314285714286,1.00785964369813
"13","2023-10-04T05:00:00Z",3.6600043822385,FALSE,FALSE,3.61359801286803,78,202,96.3963265306122,0.987320679287797
"13","2023-10-04T06:00:00Z",3.57167715989665,FALSE,FALSE,3.65754289649052,72,207,96.2477083333333,1.02404073289657
"13","2023-10-04T07:00:00Z",3.99388090631065,FALSE,FALSE,4.12553185419018,78,229,95.7340816326531,1.03296316314077
"13","2023-10-04T08:00:00Z",3.29862261406332,FALSE,FALSE,3.82430977365489,30,256,95.2012244897959,1.15936565685034
"13","2023-10-04T09:00:00Z",3.58079907349584,FALSE,FALSE,3.90252240821096,54,235,95.9161224489796,1.08984679902775
"13","2023-10-04T10:00:00Z",3.64219371201019,FALSE,FALSE,3.6336193481998,72,212,96.5477551020408,0.997645824333254
"13","2023-10-04T11:00:00Z",3.12574485340309,FALSE,FALSE,3.59862291546207,24,244,96.6402083333333,1.15128492063072
"13","2023-10-04T12:00:00Z",3.95388170613171,FALSE,FALSE,3.89238190946354,72,230,96.6247916666667,0.984445716579534
"13","2023-10-04T13:00:00Z",4.70881705598509,FALSE,FALSE,4.21786313223174,96,232,96.1178723404255,0.895737311958355
"13","2023-10-04T14:00:00Z",3.26218536468799,FALSE,FALSE,3.04677502584722,60,212,92.7371428571429,0.933967474327941
"13","2023-10-04T15:00:00Z",3.3999837056593,FALSE,FALSE,3.2563237765417,48,224,84.2491836734694,0.957746877175181
"13","2023-10-04T16:00:00Z",4.1027728197103,FALSE,FALSE,4.06633554074708,72,242,75.1295833333333,0.991118865078717
"13","2023-10-04T17:00:00Z",3.99096590224135,FALSE,FALSE,3.74362252592356,78,233,72.2977551020408,0.93802418202098
"13","2023-10-04T18:00:00Z",3.73983248413402,FALSE,FALSE,3.78496276394273,60,243,69.73,1.01206746024058
"13","2023-10-04T19:00:00Z",4.46989609793164,FALSE,FALSE,4.42390272160722,72,269,72.4284782608696,0.989710414891814
"13","2023-10-04T20:00:00Z",4.67355718278585,FALSE,FALSE,4.62522080445824,60,306,75.5720833333333,0.989657475786187
"13","2023-10-04T21:00:00Z",4.83797687650335,FALSE,FALSE,4.92928640811284,60,306,81.2489795918367,1.01887349483892
"13","2023-10-04T22:00:00Z",4.22005247775754,FALSE,FALSE,4.55891540442334,48,286,84.7559183673469,1.08029827317358
"13","2023-10-04T23:00:00Z",3.64260108474133,FALSE,FALSE,4.57606508930089,30,304,88.0932608695652,1.25626303370682
"13","2023-10-05T00:00:00Z",4.27522647258618,FALSE,FALSE,4.6401663838668,42,295,90.42,1.08536153900167
"13","2023-10-05T01:00:00Z",4.02067907232803,FALSE,FALSE,4.47032744587207,36,292,91.1124489795918,1.11183393786356
"13","2023-10-05T02:00:00Z",4.32367301713235,FALSE,FALSE,4.67569376144448,42,299,91.9824489795918,1.08141705973538
"13","2023-10-05T03:00:00Z",4.20511703995994,FALSE,FALSE,4.59070159131646,12,328,93.2379591836735,1.0916941306728
"13","2023-10-05T04:00:00Z",4.46392114229777,FALSE,FALSE,4.52663778853787,72,252,94.23625,1.01404967611229
"13","2023-10-05T05:00:00Z",3.82433555304932,FALSE,FALSE,4.20051901288904,54,255,94.5354166666667,1.0983657042175
"13","2023-10-05T06:00:00Z",3.49003624303349,FALSE,FALSE,4.00232494024403,18,289,94.5730612244898,1.14678606797655
"13","2023-10-05T07:00:00Z",3.68991003960494,FALSE,FALSE,4.04771387408397,36,262,95.1538775510204,1.09696817283853
"13","2023-10-05T09:00:00Z",2.86765316569159,FALSE,FALSE,2.85170246815192,0,278,93.0063265306122,0.99443771731864
"13","2023-10-05T10:00:00Z",4.02523364040187,FALSE,FALSE,4.2959472251927,48,260,94.3722448979592,1.06725412956744
"13","2023-10-05T11:00:00Z",2.82174247192882,FALSE,FALSE,3.16247955200472,18,215,96.1989583333333,1.12075413807802
"13","2023-10-05T12:00:00Z",3.48896413503849,FALSE,FALSE,3.38583855485309,78,192,96.8266666666667,0.970442350166417
"13","2023-10-05T13:00:00Z",3.80503686866273,FALSE,FALSE,3.69677574183126,84,206,95.9985714285714,0.971547942748444
"13","2023-10-05T14:00:00Z",4.5356767836929,FALSE,FALSE,4.29212369094558,84,246,92.606875,0.946302811165257
"13","2023-10-05T15:00:00Z",4.00811643693592,FALSE,FALSE,3.69987017485463,90,213,79.1152083333333,0.923094484171988
"13","2023-10-05T16:00:00Z",4.41381012438958,FALSE,FALSE,4.03133690518374,84,239,65.2716326530612,0.913346245437159
"13","2023-10-05T17:00:00Z",2.7631272819134,FALSE,FALSE,3.0815969222252,24,222,62.8367346938776,1.11525695627429
"13","2023-10-05T18:00:00Z",4.11284486095502,FALSE,FALSE,3.73057893343079,90,224,59.3020833333333,0.907055592795819
"13","2023-10-05T19:00:00Z",4.2685631120845,FALSE,FALSE,4.18181469803714,72,250,61.1964583333333,0.979677373446401
"13","2023-10-05T20:00:00Z",3.97979528370758,FALSE,FALSE,4.06353121733317,36,281,63.7695833333333,1.02104026153516
"13","2023-10-05T21:00:00Z",4.36890284263019,FALSE,FALSE,4.54244195271062,54,294,67.2969387755102,1.03972143953102
"13","2023-10-05T22:00:00Z",3.6155208590805,FALSE,FALSE,4.21949986202037,48,261,71.9889583333333,1.16705172684123
"13","2023-10-05T23:00:00Z",3.94587968240782,FALSE,FALSE,4.32426741424699,60,254,79.2508333333333,1.09589439169323
"13","2023-10-06T00:00:00Z",3.85984684177821,FALSE,FALSE,4.26465473337864,54,251,76.2965306122449,1.10487667210493
"13","2023-10-06T01:00:00Z",3.24298627640906,FALSE,FALSE,3.92029232537097,30,261,78.6283673469388,1.20885257945399
"13","2023-10-06T02:00:00Z",3.40523226469859,FALSE,FALSE,4.09857995715068,36,261,84.8193617021277,1.20361245241327
"13","2023-10-06T03:00:00Z",3.02991229645952,FALSE,FALSE,3.68196344965272,24,244,87.6704081632653,1.21520462950533
"13","2023-10-06T04:00:00Z",3.76500120177414,FALSE,FALSE,4.05244655779463,60,236,91.1439583333333,1.07634668373679
"13","2023-10-06T05:00:00Z",4.59628839249032,FALSE,FALSE,4.34697805289382,90,229,93.1736170212766,0.945758334049745
"13","2023-10-06T06:00:00Z",4.24235202149085,FALSE,FALSE,4.46749019577505,60,266,93.01625,1.05306918736203
"13","2023-10-06T07:00:00Z",4.2548029443962,FALSE,FALSE,4.36496049461702,72,242,94.098125,1.02589016498776
"13","2023-10-06T08:00:00Z",2.13755443271552,FALSE,FALSE,2.83746557702285,24,194,93.9851020408163,1.32743547186219
"13","2023-10-06T09:00:00Z",3.84863188412293,FALSE,FALSE,4.11736419190977,66,228,94.1091489361702,1.06982541221868
"13","2023-10-06T10:00:00Z",3.55636555767167,FALSE,FALSE,3.96253818697834,66,221,94.924347826087,1.11421003345128
"13","2023-10-06T11:00:00Z",3.99159434667309,FALSE,FALSE,4.11980644732738,66,242,95.8322448979592,1.03212052366021
"13","2023-10-06T12:00:00Z",4.19082157235878,FALSE,FALSE,4.26554922399352,72,246,95.95,1.01783126538424
"13","2023-10-06T13:00:00Z",4.51173023755434,FALSE,FALSE,4.50954406459221,78,249,95.1297916666667,0.999515446880239
"13","2023-10-06T14:00:00Z",4.53011502946883,FALSE,FALSE,4.62128814759574,72,261,93.4327083333333,1.02012600508681
"13","2023-10-06T15:00:00Z",4.47143503893103,FALSE,FALSE,4.54560773599677,72,263,91.1627083333333,1.01658811912058
"13","2023-10-06T16:00:00Z",3.77571352834433,FALSE,FALSE,4.36276433217382,48,271,93.1652083333333,1.15548075864932
"13","2023-10-06T17:00:00Z",4.3133783399244,FALSE,FALSE,4.54974334923524,72,256,93.7810416666667,1.05479811662313
"13","2023-10-06T18:00:00Z",3.76822706054089,FALSE,FALSE,4.28491582394578,54,255,94.57,1.13711720528081
"13","2023-10-06T19:00:00Z",4.28201530590526,FALSE,FALSE,4.61300974697614,60,269,94.560625,1.07729875243893
"13","2023-10-06T20:00:00Z",4.50120337239125,FALSE,FALSE,4.77103778441673,66,274,93.9325,1.05994717183421
"13","2023-10-06T21:00:00Z",4.41848157146757,FALSE,FALSE,4.69298711480655,66,265,94.1220454545455,1.06212666928648
"13","2023-10-06T22:00:00Z",4.27297908913295,FALSE,FALSE,4.61362191138156,66,268,95.1,1.07972021747425
"13","2023-10-06T23:00:00Z",4.0931653325019,FALSE,FALSE,4.42353576370015,60,268,95.7344897959184,1.08071270138417
"13","2023-10-07T00:00:00Z",4.22723050411172,FALSE,FALSE,4.35348002243886,72,252,96.4185714285714,1.0298657757613
"13","2023-10-07T01:00:00Z",4.14710089571366,FALSE,FALSE,4.2891730905365,78,239,96.8126530612245,1.03425819588081
"13","2023-10-07T02:00:00Z",4.69910876640381,FALSE,FALSE,4.79161160099521,72,274,96.700612244898,1.01968518695561
"13","2023-10-07T03:00:00Z",4.44829124034355,FALSE,FALSE,4.55685485039013,72,261,96.4902040816327,1.0244056884275
"13","2023-10-07T04:00:00Z",4.38530934279712,FALSE,FALSE,4.46466915430593,72,259,96.5822448979592,1.01809674194117
"13","2023-10-07T05:00:00Z",3.99850228125657,FALSE,FALSE,4.14994779886135,66,246,96.9339583333333,1.03787556113565
"13","2023-10-07T06:00:00Z",3.26451902271608,FALSE,FALSE,3.67044392700051,54,223,97.4366666666667,1.12434447508494
"13","2023-10-07T07:00:00Z",3.78023782081217,FALSE,FALSE,4.12990656823598,54,253,97.5054166666667,1.09249914000085
"13","2023-10-07T08:00:00Z",3.79875050190909,FALSE,FALSE,3.98437169810385,66,237,97.4952083333333,1.04886375035725
"13","2023-10-07T09:00:00Z",3.51709401981661,FALSE,FALSE,3.97326233216022,60,227,97.7529166666667,1.12970034630106
"13","2023-10-07T10:00:00Z",3.92574065254509,FALSE,FALSE,4.12629497158736,66,240,97.8244897959184,1.05108700161134
"13","2023-10-07T11:00:00Z",3.47339702184222,FALSE,FALSE,3.90306556889548,60,219,98.0087755102041,1.12370268770063
"13","2023-10-07T12:00:00Z",3.41530245170374,FALSE,FALSE,3.75336783773327,60,214,98.1412244897959,1.09898548980951
"13","2023-10-07T13:00:00Z",4.0770254529753,FALSE,FALSE,4.20098725327041,72,229,98.415306122449,1.03040496109845
"13","2023-10-07T14:00:00Z",4.10512136836497,FALSE,FALSE,4.1425103709827,84,222,98.5308163265306,1.00910789213344
"13","2023-10-07T15:00:00Z",4.89901119195896,FALSE,FALSE,5.18162540846664,72,283,98.6559574468085,1.05768801201588
"13","2023-10-07T16:00:00Z",4.60223263842767,FALSE,FALSE,4.8417029391157,66,277,98.2255102040816,1.05203350623532
"13","2023-10-07T17:00:00Z",4.39064335141536,FALSE,FALSE,4.99524311117926,54,309,96.7393617021277,1.13770186083755
"13","2023-10-07T18:00:00Z",3.43765831224115,FALSE,FALSE,4.46111940876892,30,306,93.3791666666667,1.29772042581525
"13","2023-10-07T19:00:00Z",4.39862304756585,FALSE,FALSE,4.91688087606896,30,341,89.1954166666667,1.1178227420033
"13","2023-10-07T20:00:00Z",3.53582619639564,FALSE,FALSE,3.86090301002141,6,324,92.8948936170213,1.0919380070087
"13","2023-10-07T21:00:00Z",3.6684685777363,FALSE,FALSE,4.02397063989284,54,249,97.0189795918367,1.09690748458745
"13","2023-10-07T22:00:00Z",3.78237093287368,FALSE,FALSE,4.15566041891911,54,241,97.8959183673469,1.09869192965742
"13","2023-10-07T23:00:00Z",3.84640351533444,FALSE,FALSE,3.96101286127281,78,221,98.4340816326531,1.02979649573464
"13","2023-10-08T00:00:00Z",3.18692209282771,FALSE,FALSE,3.14666198803549,78,174,98.6548979591837,0.987367088488661
"13","2023-10-08T13:00:00Z",0.704701249631663,FALSE,FALSE,1.10475789780078,60,66,98.7363265306122,1.56769680538841
"13","2023-10-08T14:00:00Z",0.704162352899392,FALSE,FALSE,0.572980829680015,18,63,95.664375,0.813705571337014
"13","2023-10-08T15:00:00Z",1.02845080061546,FALSE,FALSE,1.2254120257641,30,78,92.4532653061224,1.19151254005615
"13","2023-10-08T16:00:00Z",0.753949350560773,FALSE,FALSE,0.94642692135411,12,72,90.8728888888889,1.25529244192621
"13","2023-10-08T18:00:00Z",1.93018685092693,FALSE,FALSE,1.62841186637979,96,106,83.2726530612245,0.843655040753066
"13","2023-10-08T19:00:00Z",2.76584327518753,FALSE,FALSE,2.52662537224663,90,135,82.28875,0.913509957311415
"13","2023-10-08T21:00:00Z",2.65660054649403,FALSE,FALSE,2.80718949591954,48,169,82.754375,1.05668482964977
"13","2023-10-08T22:00:00Z",2.62773819292812,FALSE,FALSE,3.00341055659104,24,200,87.775625,1.1429641524692
"13","2023-10-08T23:00:00Z",1.8915234269883,FALSE,FALSE,2.4562060244795,24,164,88.2022448979592,1.29853322958325
"13","2023-10-09T00:00:00Z",2.35141331804235,FALSE,FALSE,2.56641425574487,36,162,88.6114583333333,1.09143477076226
"13","2023-10-09T01:00:00Z",3.3701532526263,FALSE,FALSE,2.80362923666704,84,354,88.465306122449,0.831899627852893
"13","2023-10-09T02:00:00Z",0.585024292768649,FALSE,FALSE,1.36912348432893,0,103,89.0910416666667,2.34028484159094
"13","2023-10-09T03:00:00Z",1.68689066599208,FALSE,FALSE,2.10820679989862,18,138,90.1971428571429,1.24975900477744
"13","2023-10-09T04:00:00Z",1.26762306063708,FALSE,FALSE,1.95358124682179,6,138,91.289375,1.54113735185597
"13","2023-10-09T05:00:00Z",1.65219528418587,FALSE,FALSE,2.2752338050356,18,155,92.3704166666667,1.37709738480262
"13","2023-10-09T06:00:00Z",1.86902667197769,FALSE,FALSE,2.11977825144985,36,132,93.6783673469388,1.13416158433246
"13","2023-10-09T07:00:00Z",1.48076257202685,FALSE,FALSE,1.93270206018722,18,131,93.5857142857143,1.30520726056829
"13","2023-10-09T08:00:00Z",1.05592119133637,FALSE,FALSE,1.59737546366941,6,113,94.24375,1.51277905659585
"13","2023-10-09T09:00:00Z",1.60663902676352,FALSE,FALSE,1.9307344073195,24,133,95.1272916666667,1.20172258681457
"13","2023-10-09T10:00:00Z",1.17313064289289,FALSE,FALSE,1.51928632213715,6,108,95.4579591836735,1.29507001742846
"13","2023-10-09T11:00:00Z",0.998111214460414,FALSE,FALSE,1.53919701708919,24,94,96.1536170212766,1.54210973165078
"13","2023-10-09T13:00:00Z",1.07934518130599,FALSE,FALSE,1.28817483714321,54,79,96.6808333333333,1.19347810084679
"13","2023-10-09T14:00:00Z",2.12624281657066,FALSE,FALSE,2.27981357584713,48,134,89.4795833333333,1.07222635066872
"13","2023-10-09T15:00:00Z",1.60836633961027,FALSE,FALSE,1.98187675238011,48,113,83.6004166666667,1.2322296877093
"13","2023-10-09T16:00:00Z",2.52978741685616,FALSE,FALSE,2.93952892856452,54,160,78.9604166666667,1.1619667759347
"13","2023-10-09T18:00:00Z",1.90736627937919,FALSE,FALSE,2.25981988450823,54,125,72.2547916666667,1.18478548611216
"13","2023-10-09T19:00:00Z",1.79288117835152,FALSE,FALSE,2.33384157913435,18,158,70.4032653061224,1.30172685580883
"13","2023-10-09T20:00:00Z",1.23033530738594,FALSE,FALSE,2.18180084568422,18,145,71.0318367346939,1.77333840017957
"13","2023-10-09T21:00:00Z",1.95663459129548,FALSE,FALSE,2.72036488821851,24,175,73.0679166666667,1.39032852650191
"13","2023-10-09T22:00:00Z",2.20252558844569,FALSE,FALSE,2.67481097131206,30,167,76.5627659574468,1.21442901065211
"13","2023-10-09T23:00:00Z",2.04422606348391,FALSE,FALSE,2.28875255911526,24,157,79.1175510204082,1.11961812834663
"13","2023-10-10T00:00:00Z",2.56264662813793,FALSE,FALSE,2.55177630702369,72,149,79.8383673469388,0.995758166188466
"13","2023-10-10T01:00:00Z",2.28919745238073,FALSE,FALSE,2.44074398473302,42,148,80.7718367346939,1.06620072558384
"13","2023-10-10T02:00:00Z",2.11447588688265,FALSE,FALSE,2.32610319895115,30,156,79.4518367346939,1.10008499665631
"13","2023-10-10T03:00:00Z",1.54400420931958,FALSE,FALSE,1.8426124198479,18,126,80.9285714285714,1.19339857283156
"13","2023-10-10T04:00:00Z",1.57221002276126,FALSE,FALSE,1.82599022251075,6,136,86.0773469387755,1.16141622052745
"13","2023-10-10T05:00:00Z",1.96898463568073,FALSE,FALSE,2.0081979114507,42,125,87.6757142857143,1.01991548083178
"13","2023-10-10T09:00:00Z",2.6171061156358,FALSE,FALSE,1.94440052503829,132,325,90.6314285714286,0.742958229099515
"13","2023-10-10T10:00:00Z",0.744379972583599,FALSE,FALSE,1.15760307331925,48,310,93.6063829787234,1.55512388290276
"13","2023-10-10T11:00:00Z",0.625936373373536,FALSE,FALSE,1.09807077006039,0,84,93.160625,1.75428496692443
"13","2023-10-10T12:00:00Z",0.802231898831327,FALSE,FALSE,0.988042000667982,6,68,93.6197872340425,1.23161644669994
"13","2023-10-10T13:00:00Z",2.77140676801597,FALSE,FALSE,2.44206042428518,108,133,89.5325,0.881162755488769
"13","2023-10-10T14:00:00Z",1.75064645247422,FALSE,FALSE,2.25369607674366,30,143,84.6820408163265,1.28735078036943
"13","2023-10-10T15:00:00Z",2.56111522890805,FALSE,FALSE,2.3415830439572,84,125,81.8816326530612,0.914282581871785
"13","2023-10-10T16:00:00Z",2.29308195665319,FALSE,FALSE,2.31664270688793,72,131,80.2348979591837,1.01027470918184
"13","2023-10-10T17:00:00Z",0.751493151918395,FALSE,FALSE,1.09762535543612,0,80,75.3404166666667,1.46059262500813
"13","2023-10-10T18:00:00Z",1.95174652760246,FALSE,FALSE,2.38576690160202,30,158,72.3297916666667,1.22237537910864
"13","2023-10-10T19:00:00Z",1.92890552267367,FALSE,FALSE,2.51747560242839,24,162,75.8058333333333,1.30513162663296
"13","2023-10-10T20:00:00Z",2.92734035862752,FALSE,FALSE,2.92818385235212,66,167,78.0775,1.00028814337291
"13","2023-10-10T21:00:00Z",2.57423510562647,FALSE,FALSE,2.88642795559217,48,177,73.6355102040816,1.12127596631844
"13","2023-10-10T22:00:00Z",2.01439524432622,FALSE,FALSE,2.53052904617507,36,165,78.011875,1.25622270669205
"13","2023-10-10T23:00:00Z",1.38138156111552,FALSE,FALSE,1.75886386862273,18,123,82.4229166666667,1.2732643305318
"13","2023-10-11T00:00:00Z",1.49458293870917,FALSE,FALSE,1.70949973436335,12,130,86.648125,1.14379716915529
"13","2023-10-11T01:00:00Z",1.8363199900418,FALSE,FALSE,1.9539967827264,30,131,88.9179591836735,1.0640829448695
"13","2023-10-11T02:00:00Z",1.47520085946657,FALSE,FALSE,1.65366214161849,12,122,89.8975510204082,1.12097422598876
"13","2023-10-11T03:00:00Z",1.6039413416557,FALSE,FALSE,1.82705412550414,36,111,91.2595918367347,1.13910283253758
"13","2023-10-11T04:00:00Z",1.80971100409151,FALSE,FALSE,1.983265061824,36,131,91.9889795918367,1.09590153197947
"13","2023-10-11T05:00:00Z",0.784882852918854,FALSE,FALSE,1.18378449937945,0,95,92.7540816326531,1.50823080791884
"13","2023-10-11T06:00:00Z",0.683162548954734,FALSE,FALSE,1.0917015109398,0,84,93.3958695652174,1.59801135558462
"13","2023-10-11T07:00:00Z",1.56968935445281,FALSE,FALSE,1.723613374824,42,101,94.9922448979592,1.09806017982765
"13","2023-10-11T08:00:00Z",2.0111389903596,FALSE,FALSE,1.78122603949785,126,86,94.7702777777778,0.885680227988301
"13","2023-10-11T09:00:00Z",1.51412541128288,FALSE,FALSE,1.82278077454946,24,122,94.1991666666667,1.20385059319827
"13","2023-10-11T10:00:00Z",1.77463758588261,FALSE,FALSE,1.9091395549153,30,132,94.375,1.07579123202544
"13","2023-10-11T11:00:00Z",1.91966645567582,FALSE,FALSE,1.99186723341298,36,130,94.9424489795918,1.03761110557706
"13","2023-10-11T12:00:00Z",2.28841116414638,FALSE,FALSE,2.23834344487727,72,129,95.1927083333333,0.978121187287695
"13","2023-10-11T13:00:00Z",2.56384543946064,FALSE,FALSE,2.47249565804811,60,153,93.8738775510204,0.964370012323459
"13","2023-10-11T14:00:00Z",2.94364480244423,FALSE,FALSE,2.99126109774576,54,173,90.3785416666667,1.01617596500162
"13","2023-10-11T15:00:00Z",3.12072877561519,FALSE,FALSE,2.68444836349375,102,152,83.3679591836735,0.860199189519303
"13","2023-10-11T16:00:00Z",2.49580850996799,FALSE,FALSE,2.55936467236761,66,133,76.2704166666667,1.02546515974514
"13","2023-10-11T17:00:00Z",1.78869378259419,FALSE,FALSE,1.94025730756108,60,116,71.4561224489796,1.08473419343308
"13","2023-10-11T18:00:00Z",1.71529543980489,FALSE,FALSE,2.04182482089576,48,119,69.2991836734694,1.19036334704418
"13","2023-10-11T19:00:00Z",2.32748159484467,FALSE,FALSE,2.48582418737224,66,131,74.5773469387755,1.06803172702989
"13","2023-10-11T20:00:00Z",2.42611369584991,FALSE,FALSE,2.67540155485705,48,151,73.8857142857143,1.10275192767494
"13","2023-10-11T21:00:00Z",2.37381486083938,FALSE,FALSE,2.7425182241056,48,162,73.8918367346939,1.15532102749405
"13","2023-10-11T22:00:00Z",1.90329884551295,FALSE,FALSE,2.6136759781879,18,169,76.7636734693878,1.37323467848976
"13","2023-10-11T23:00:00Z",2.04791314376748,FALSE,FALSE,2.65331902036858,36,166,75.3965306122449,1.29562087554522
"13","2023-10-12T00:00:00Z",1.78387631719919,FALSE,FALSE,2.02355062153843,12,150,82.7622916666667,1.13435589789967
"13","2023-10-12T01:00:00Z",2.12223890587422,FALSE,FALSE,2.36031288004492,48,140,83.8061224489796,1.11218057190061
"13","2023-10-12T02:00:00Z",2.15575065982059,FALSE,FALSE,2.35208444372792,36,154,83.6922222222222,1.09107443990006
"13","2023-10-12T03:00:00Z",1.6306976392029,FALSE,FALSE,1.87073779647914,24,128,85.5745833333333,1.147200898257
"13","2023-10-12T04:00:00Z",1.93328000724426,FALSE,FALSE,2.11422584807107,42,132,88.0428571428571,1.09359525787717
"13","2023-10-12T05:00:00Z",1.9760915453286,FALSE,FALSE,2.13994575215453,24,145,88.87125,1.08291832795564
"13","2023-10-12T06:00:00Z",0.907059544923544,FALSE,FALSE,1.32679593931571,54,307,89.3544897959184,1.46274403564933
"13","2023-10-12T07:00:00Z",0.904018878398758,FALSE,FALSE,1.41744173838291,0,114,90.1775510204082,1.56793378130947
"13","2023-10-12T08:00:00Z",2.1861738922335,FALSE,FALSE,2.33809668462286,42,147,90.5840425531915,1.06949254719813
"13","2023-10-12T09:00:00Z",1.87488114258751,FALSE,FALSE,2.19731875377059,24,147,90.8726666666667,1.17197762773275
"13","2023-10-12T10:00:00Z",1.68049442782829,FALSE,FALSE,1.88044040596392,24,131,91.7442857142857,1.11898044695931
"13","2023-10-12T11:00:00Z",0.615018783609624,FALSE,FALSE,0.95222936526615,6,83,92.6691666666667,1.54829314265394
"13","2023-10-12T12:00:00Z",1.49526784603706,FALSE,FALSE,1.61113421261827,42,100,94.9142857142857,1.07748870337063
"13","2023-10-12T13:00:00Z",2.63402083691103,FALSE,FALSE,2.50733733497831,78,137,93.5302040816326,0.951904897578077
"13","2023-10-12T14:00:00Z",2.46941448565034,FALSE,FALSE,2.4021214259591,78,140,79.7087755102041,0.972749386511547
"13","2023-10-12T15:00:00Z",2.36348165172473,FALSE,FALSE,2.30205859984218,78,128,74.035,0.974011623133302
"13","2023-10-12T16:00:00Z",1.99430046914117,FALSE,FALSE,2.21673083795982,48,137,67.4071428571429,1.11153302737497
"13","2023-10-12T17:00:00Z",2.32957426531056,FALSE,FALSE,2.108011759397,84,124,65.2026530612245,0.904891417623886
"13","2023-10-12T18:00:00Z",2.10974850483124,FALSE,FALSE,1.99360390961574,72,117,61.7457142857143,0.944948606457341
"13","2023-10-12T19:00:00Z",3.07091455282171,FALSE,FALSE,2.97529262847488,78,163,66.9961224489796,0.968862069360095
"13","2023-10-12T20:00:00Z",2.83128156070046,FALSE,FALSE,2.94867042453008,66,160,68.6095744680851,1.04146138817807
"13","2023-10-12T21:00:00Z",2.02383904849069,FALSE,FALSE,2.89011918560522,24,194,72.2944680851064,1.42803805854056
"13","2023-10-12T22:00:00Z",1.88166528930851,FALSE,FALSE,2.46700133073069,24,161,78.0528571428571,1.31107341180603
"13","2023-10-12T23:00:00Z",1.78258410286815,FALSE,FALSE,2.21402260022127,18,155,80.9255319148936,1.24202981315661
"13","2023-10-13T00:00:00Z",2.56283705608613,FALSE,FALSE,2.72393176296966,36,176,82.4510416666667,1.06285795911253
"13","2023-10-13T01:00:00Z",1.5182775788019,FALSE,FALSE,1.91569527657295,18,128,80.9730612244898,1.26175562579582
"13","2023-10-13T02:00:00Z",1.02968504405866,FALSE,FALSE,1.4220508313119,0,119,83.351875,1.38105417721391
"13","2023-10-13T03:00:00Z",1.70910657815971,FALSE,FALSE,1.92960539083833,24,130,87.2591836734694,1.1290140799271
"13","2023-10-13T04:00:00Z",0.74355033008713,FALSE,FALSE,1.10472937966655,0,96,89.6566666666667,1.48574929626768
"13","2023-10-13T05:00:00Z",0.865355186690534,FALSE,FALSE,1.18110826570549,12,87,90.7672916666667,1.36488263301746
"13","2023-10-13T07:00:00Z",0.976200279085308,FALSE,FALSE,1.36319585480278,0,104,91.1391666666667,1.39643051124722
"13","2023-10-13T12:00:00Z",1.63526708571523,FALSE,FALSE,1.7544425514423,54,104,93.3558333333333,1.07287828805956
"13","2023-10-13T13:00:00Z",1.11628673672549,FALSE,FALSE,1.311996722856,24,89,90.9214583333333,1.17532232507267
"13","2023-10-13T14:00:00Z",1.76944636780661,FALSE,FALSE,1.83367386741517,54,108,81.4851020408163,1.0362980764928
"13","2023-10-13T15:00:00Z",1.84982776915305,FALSE,FALSE,1.73338623285082,72,98,75.1720408163265,0.937052768779909
"13","2023-10-13T16:00:00Z",0.700119384089773,FALSE,FALSE,1.2600643908554,12,98,66.6441666666667,1.7997850359387
"13","2023-10-13T17:00:00Z",2.0149248248077,FALSE,FALSE,2.11042207611725,60,121,65.5904166666667,1.04739494502911
"13","2023-10-13T18:00:00Z",0.701668128165548,FALSE,FALSE,1.17654689491955,0,88,63.429387755102,1.67678543130573
"13","2023-10-13T19:00:00Z",1.75843303727282,FALSE,FALSE,1.91476899661726,42,116,63.2204081632653,1.08890640475392
"13","2023-10-13T20:00:00Z",1.72449991827353,FALSE,FALSE,1.95035517815253,42,121,69.9608163265306,1.13096855354166
"13","2023-10-13T21:00:00Z",1.51919746155302,FALSE,FALSE,1.79705445873244,18,125,68.7195833333333,1.18289722317952
"13","2023-10-13T22:00:00Z",1.24606758242599,FALSE,FALSE,1.59411950807844,0,126,73.8338775510204,1.27932026365281
"13","2023-10-13T23:00:00Z",1.56315903000754,FALSE,FALSE,1.80443155620435,18,120,80.1763265306122,1.15434931543443
"13","2023-10-14T00:00:00Z",1.54656847800515,FALSE,FALSE,1.81459977795032,24,120,84.0287755102041,1.17330710133889
"13","2023-10-14T01:00:00Z",1.0256789264108,FALSE,FALSE,1.35640944539826,18,91,86.6148979591837,1.32245034042456
"13","2023-10-14T02:00:00Z",1.33050918217859,FALSE,FALSE,1.61678349653497,6,123,83.3581632653061,1.21516147215732
"13","2023-10-14T03:00:00Z",1.31042913752296,FALSE,FALSE,1.61817914822943,24,104,87.3438775510204,1.23484673981548
"13","2023-10-14T04:00:00Z",1.51111236293684,FALSE,FALSE,1.70089359927993,24,111,88.3581632653061,1.1255904200097
"13","2023-10-14T05:00:00Z",1.12147763304021,FALSE,FALSE,1.44644990108449,24,94,90.4383333333333,1.28977151079091
"13","2023-10-14T06:00:00Z",1.32190544857384,FALSE,FALSE,1.53202877238243,24,100,89.9867346938776,1.15895488140645
"13","2023-10-14T07:00:00Z",1.37100723008241,FALSE,FALSE,1.62425089076208,24,105,91.049375,1.18471358510957
"13","2023-10-14T08:00:00Z",1.54725663059925,FALSE,FALSE,1.70931473772264,54,100,92.2165306122449,1.10473899669806
"13","2023-10-14T09:00:00Z",1.27331110873303,FALSE,FALSE,1.55154859199758,42,94,92.93625,1.21851492644355
"13","2023-10-14T10:00:00Z",1.54342538956151,FALSE,FALSE,1.70260154764785,48,104,92.4204081632653,1.10313174784015
"13","2023-10-14T11:00:00Z",1.28893835568621,FALSE,FALSE,1.49430496182193,30,91,93.106170212766,1.15933004493949
"13","2023-10-14T12:00:00Z",1.78655012888212,FALSE,FALSE,1.83925260275423,66,103,92.5214583333333,1.02949957743704
"13","2023-10-14T13:00:00Z",2.20554502719798,FALSE,FALSE,2.18754138035343,72,120,89.3839583333333,0.991837098484714
"13","2023-10-14T14:00:00Z",2.30498546861596,FALSE,FALSE,2.07110798228855,90,117,81.9602040816327,0.898534073419626
"13","2023-10-14T15:00:00Z",1.88358388739579,FALSE,FALSE,1.63646862017035,96,96,76.8385714285714,0.86880580744025
"13","2023-10-14T16:00:00Z",1.64263683039732,FALSE,FALSE,1.74346485885685,48,109,74.0428571428571,1.0613818140405
"13","2023-10-14T17:00:00Z",1.93986549681732,FALSE,FALSE,2.02527438092507,54,120,73.5591836734694,1.04402825053999
"13","2023-10-14T18:00:00Z",2.17646151576759,FALSE,FALSE,2.11964935407326,60,127,75.1108163265306,0.97389700608867
"13","2023-10-14T19:00:00Z",2.00856451387279,FALSE,FALSE,2.10466309546458,60,119,74.0266666666667,1.04784440874468
"13","2023-10-14T20:00:00Z",1.98589478701483,FALSE,FALSE,2.13406665207537,48,131,72.8964583333333,1.07461214261168
"13","2023-10-14T21:00:00Z",2.03178821868063,FALSE,FALSE,2.26957423579027,24,153,76.9245833333333,1.11703287523935
"13","2023-10-14T22:00:00Z",1.9456921405322,FALSE,FALSE,2.14835290889119,30,140,82.0177551020408,1.10415870226189
"13","2023-10-14T23:00:00Z",1.78498192027592,FALSE,FALSE,1.95510449799625,48,119,85.0853191489362,1.09530773157301
"13","2023-10-15T00:00:00Z",1.87332491307817,FALSE,FALSE,2.06509115445503,48,122,86.3745833333333,1.10236678113769
"13","2023-10-15T01:00:00Z",1.95165837763741,FALSE,FALSE,2.0363368657438,42,130,87.4985714285714,1.0433879663965
"13","2023-10-15T02:00:00Z",1.73343687342949,FALSE,FALSE,1.991337989828,42,122,87.8497916666667,1.14878021827716
"13","2023-10-15T03:00:00Z",1.36462537719159,FALSE,FALSE,1.60970426929247,24,107,88.5614583333333,1.17959426535453
"13","2023-10-15T04:00:00Z",1.71085819126055,FALSE,FALSE,1.46580973287707,48,290,87.5263265306122,0.856768690920589
"13","2023-10-15T05:00:00Z",0.508862591253584,FALSE,FALSE,0.762090952862027,0,69,86.9091304347826,1.49763603369745
"13","2023-10-15T06:00:00Z",1.31872630769275,FALSE,FALSE,1.5672860473822,6,115,87.8779166666667,1.18848470546124
"13","2023-10-15T08:00:00Z",0.639056938484169,FALSE,FALSE,0.962865633879517,12,71,88.4991666666667,1.50669772268402
"13","2023-10-15T13:00:00Z",1.02691834716705,FALSE,FALSE,1.2032021627108,18,80,90.2226530612245,1.17166293311446
"13","2023-10-15T14:00:00Z",1.13211651468998,FALSE,FALSE,1.31982523536187,30,87,85.1104081632653,1.16580335878528
"13","2023-10-15T15:00:00Z",1.08335648907603,FALSE,FALSE,1.20961385182642,42,71,80.813829787234,1.11654276687637
"13","2023-10-15T16:00:00Z",0.883299447729346,FALSE,FALSE,0.946160603508528,36,68,74.2389795918367,1.07116630259509
"13","2023-10-15T17:00:00Z",0.869715722075812,FALSE,FALSE,1.07012401599031,24,251,72.4825,1.23042965514774
"13","2023-10-15T18:00:00Z",1.3469407695177,FALSE,FALSE,1.55029892048648,36,101,68.1966666666667,1.15097779766633
"13","2023-10-15T19:00:00Z",0.960426116404907,FALSE,FALSE,1.23088589670574,30,77,67.8952173913043,1.28160394191822
"13","2023-10-15T20:00:00Z",1.08951982653873,FALSE,FALSE,1.30884677397213,24,86,68.028125,1.20130606354376
"13","2023-10-15T21:00:00Z",1.04233973560657,FALSE,FALSE,1.27243394728697,24,88,71.6679166666667,1.22074780785988
"13","2023-10-15T22:00:00Z",1.05826172770601,FALSE,FALSE,1.31816448745731,18,91,74.926875,1.24559402740066
"13","2023-10-15T23:00:00Z",0.834401773581471,FALSE,FALSE,1.09951365400825,0,85,78.3810416666667,1.31772688987566
"13","2023-10-16T00:00:00Z",0.628840082606725,FALSE,FALSE,0.852721449142247,0,68,84.036170212766,1.35602273571282
"13","2023-10-16T02:00:00Z",1.24828810872326,FALSE,FALSE,1.39705724170553,30,93,87.886875,1.11917852292484
"13","2023-10-16T03:00:00Z",1.09771084848147,FALSE,FALSE,1.3276394102675,30,89,88.7441666666667,1.20946186521168
"13","2023-10-16T04:00:00Z",1.16144233110578,FALSE,FALSE,1.29882768335628,42,78,89.3759183673469,1.11828856979898
"13","2023-10-16T05:00:00Z",0.695454077013425,FALSE,FALSE,0.904239020141819,24,61,93.2329166666667,1.30021384593071
"13","2023-10-16T06:00:00Z",0.772037822791814,FALSE,FALSE,1.01493139490423,30,65,95.0541666666667,1.31461356547802
"13","2023-10-16T07:00:00Z",0.511081808528869,FALSE,FALSE,0.808625444053864,24,54,95.5487234042553,1.58218396851468
"13","2023-10-16T08:00:00Z",0.549046282228397,FALSE,FALSE,0.905157331121576,0,67,95.4748936170213,1.648599326541
"13","2023-10-16T10:00:00Z",0.944079037621787,FALSE,FALSE,1.17460142736647,18,79,95.4502173913043,1.24417700272785
"13","2023-10-16T12:00:00Z",0.589255089057151,FALSE,FALSE,0.886374959924402,24,58,96.3485106382979,1.50422962208551
"13","2023-10-16T13:00:00Z",1.02909161773488,FALSE,FALSE,1.33104294888024,42,79,94.6859183673469,1.29341540242062
"13","2023-10-16T14:00:00Z",1.01765199195156,FALSE,FALSE,1.30134062005897,36,79,90.43,1.27876782077867
"13","2023-10-16T15:00:00Z",1.06918913625898,FALSE,FALSE,0.993456204996225,36,81,85.8236734693878,0.929167881813932
"13","2023-10-16T16:00:00Z",0.568657284465678,FALSE,FALSE,0.920438163433735,0,72,81.00625,1.61861667576913
"13","2023-10-16T17:00:00Z",1.35154181081692,FALSE,FALSE,1.3053156770242,54,81,76.2724489795918,0.965797481496497
"13","2023-10-16T18:00:00Z",1.08925586216863,FALSE,FALSE,1.27287582353215,12,95,79.0497916666667,1.16857376465979
"13","2023-10-16T19:00:00Z",1.30358516403902,FALSE,FALSE,1.48898817701832,12,104,85.0620833333333,1.14222547025992
"13","2023-10-16T20:00:00Z",1.65873820047095,FALSE,FALSE,1.86561708794003,42,118,94.7551063829787,1.12472063850121
"13","2023-10-16T21:00:00Z",1.41713743306548,FALSE,FALSE,1.65231222723545,42,99,96.3414285714286,1.16595059073505
"13","2023-10-16T22:00:00Z",1.42136905558921,FALSE,FALSE,1.74980106684752,30,112,96.2059574468085,1.23106737125507
"13","2023-10-16T23:00:00Z",1.36110831673469,FALSE,FALSE,1.37283351489535,96,75,97.2526530612245,1.00861444898727
"13","2023-10-17T00:00:00Z",1.2325262762549,FALSE,FALSE,1.34435200219638,84,72,97.63,1.09072887783072
"13","2023-10-17T01:00:00Z",1.04583668104287,FALSE,FALSE,1.19818892453535,72,71,97.864693877551,1.14567498563978
"13","2023-10-17T02:00:00Z",0.87167590768552,FALSE,FALSE,1.14498399583101,42,70,97.8973469387755,1.31354323979331
"13","2023-10-17T03:00:00Z",0.53067327327,FALSE,FALSE,0.748184345372186,72,49,97.9983673469388,1.40987757073554
"13","2023-10-17T06:00:00Z",1.09522171994435,FALSE,FALSE,1.26497933484111,66,72,98.4010204081633,1.15499840060274
"13","2023-10-17T07:00:00Z",1.05899041532884,FALSE,FALSE,1.17148804443218,66,73,98.4142857142857,1.10623101727357
"13","2023-10-17T08:00:00Z",1.28103861895122,FALSE,FALSE,1.36213297639079,72,77,98.4548979591837,1.06330360087501
"13","2023-10-17T09:00:00Z",1.08539259231288,FALSE,FALSE,1.13060720956682,78,69,98.5538775510204,1.04165738514724
"13","2023-10-17T10:00:00Z",1.16651945110176,FALSE,FALSE,1.23494863084968,72,69,98.5922448979592,1.05866098476394
"13","2023-10-17T11:00:00Z",1.13883786901891,FALSE,FALSE,1.20519747088307,90,69,98.6640816326531,1.05826957784722
"13","2023-10-27T16:00:00Z",2.46099771403747,FALSE,FALSE,2.22854513186083,90,134,62.674693877551,0.90554538882717
"13","2023-10-27T17:00:00Z",2.05697562169698,FALSE,FALSE,2.15524953956831,42,147,59.4522916666667,1.04777592735409
"13","2023-10-27T18:00:00Z",2.71120717519581,FALSE,FALSE,2.52585491902981,72,157,57.0114583333333,0.931634786945924
"13","2023-10-27T19:00:00Z",2.58970556271835,FALSE,FALSE,2.60398983054675,48,172,55.7016666666667,1.00551578837148
"13","2023-10-27T20:00:00Z",3.02430012520908,FALSE,FALSE,3.02175472025322,72,173,59.0238775510204,0.999158349088887
"13","2023-10-27T21:00:00Z",2.97814392237419,FALSE,FALSE,3.41472826477264,48,206,66.1283333333333,1.14659611952212
"13","2023-10-27T22:00:00Z",2.38916498369099,FALSE,FALSE,2.83774067578626,6,215,73.0416326530612,1.18775417150232
"13","2023-10-27T23:00:00Z",3.25906453318925,FALSE,FALSE,3.41066913748798,60,196,75.1217391304348,1.04651782827705
"13","2023-10-28T00:00:00Z",3.07614510621138,FALSE,FALSE,3.39354137302137,54,198,74.8428571428571,1.10317987476244
"13","2023-10-28T01:00:00Z",3.25662686756764,FALSE,FALSE,3.42001915059312,60,202,75.7461224489796,1.05017224559948
"13","2023-10-28T02:00:00Z",2.40997798000478,FALSE,FALSE,3.15267260433652,12,221,78.0704081632653,1.30817485906251
"13","2023-10-28T03:00:00Z",2.84394596715336,FALSE,FALSE,3.33459319415158,42,200,79.0941666666667,1.17252339976393
"13","2023-10-28T04:00:00Z",2.87755053789715,FALSE,FALSE,3.25782175672773,36,202,79.7814285714286,1.13215101310036
"13","2023-10-28T05:00:00Z",2.42542949207102,FALSE,FALSE,2.97724893405719,36,189,80.5353191489362,1.22751411401161
"13","2023-10-28T06:00:00Z",1.86121605900636,FALSE,FALSE,2.14858658710208,0,176,83.1044897959184,1.15439933838156
"13","2023-10-28T07:00:00Z",2.31056619510563,FALSE,FALSE,2.87285744991279,24,187,86.3579591836735,1.24335647946302
"13","2023-10-28T08:00:00Z",2.47007016582374,FALSE,FALSE,2.87885925894999,54,168,87.8927659574468,1.16549695582835
"13","2023-10-28T09:00:00Z",2.76820660756352,FALSE,FALSE,2.86735236889851,48,176,88.206875,1.03581588204583
"13","2023-10-28T10:00:00Z",2.68812920642477,FALSE,FALSE,2.9982579133294,48,177,88.0232653061225,1.1153697174092
"13","2023-10-28T11:00:00Z",2.58106611892434,FALSE,FALSE,2.78520294878982,36,180,89.9734693877551,1.07909012030678
"13","2023-10-28T12:00:00Z",2.30802774103214,FALSE,FALSE,2.77161464580773,42,170,91.015306122449,1.20085846306521
"13","2023-10-28T13:00:00Z",3.35348679735706,FALSE,FALSE,3.0356757993669,84,179,88.5429166666667,0.905229685639249
"13","2023-10-28T14:00:00Z",2.37958393075084,FALSE,FALSE,2.33659383646049,54,152,80.2751020408163,0.981933776852839
"13","2023-10-28T15:00:00Z",2.71138999054752,FALSE,FALSE,2.41931432352947,96,142,76.386170212766,0.892278252838476
"13","2023-10-28T16:00:00Z",2.34735786586255,FALSE,FALSE,2.09665838185109,84,130,72.5967346938776,0.893199291144583
"13","2023-10-28T17:00:00Z",2.226005106285,FALSE,FALSE,2.08147181743448,66,136,66.3677083333333,0.935070549280214
"13","2023-10-28T18:00:00Z",2.47974325291554,FALSE,FALSE,2.23761527413494,102,132,67.0525641025641,0.902357641866383
"13","2023-10-28T19:00:00Z",2.6308784429032,FALSE,FALSE,2.4259129450896,84,151,67.1414285714286,0.922092372467266
"13","2023-10-28T20:00:00Z",3.25460596597337,FALSE,FALSE,3.06222901080089,78,182,73.9439583333333,0.940890861387288
"13","2023-10-28T21:00:00Z",2.68280212612925,FALSE,FALSE,2.579099648282,78,154,72.7369387755102,0.961345461583905
"13","2023-10-28T22:00:00Z",2.4936153142358,FALSE,FALSE,2.55357787222181,48,168,70.9502083333333,1.0240464347663
"13","2023-10-28T23:00:00Z",2.11415486687124,FALSE,FALSE,2.56892289663847,30,173,68.9777551020408,1.21510629939814
"13","2023-10-29T00:00:00Z",2.36950085215812,FALSE,FALSE,2.68233647495723,30,173,71.2885416666667,1.13202595918638
"13","2023-10-29T01:00:00Z",2.12480064532728,FALSE,FALSE,2.39734898808286,36,157,73.489387755102,1.12827007717404
"13","2023-10-29T02:00:00Z",2.13591547272514,FALSE,FALSE,2.38884427980374,36,154,75.5573469387755,1.11841704894618
"13","2023-10-29T03:00:00Z",2.19647874295041,FALSE,FALSE,2.53604049356297,36,163,77.3855319148936,1.15459368851275
"13","2023-10-29T04:00:00Z",2.07408717076909,FALSE,FALSE,2.26736789141542,36,147,77.3967346938775,1.0931883304474
"13","2023-10-29T05:00:00Z",2.01131971949346,FALSE,FALSE,2.21001278134631,30,150,79.6677551020408,1.09878740805211
"13","2023-10-29T06:00:00Z",1.73323044506111,FALSE,FALSE,2.13830783439573,12,157,83.5625,1.23371236669013
"13","2023-10-29T07:00:00Z",1.63111419268854,FALSE,FALSE,2.21801802046512,30,145,82.5532653061225,1.35981774323795
"13","2023-10-29T08:00:00Z",1.53090276868794,FALSE,FALSE,1.93094690238705,18,131,81.7967346938776,1.26131256790525
"13","2023-10-29T09:00:00Z",2.0651766495702,FALSE,FALSE,2.2713542712286,24,152,81.0097959183673,1.09983534420715
"13","2023-10-29T10:00:00Z",1.79195177373451,FALSE,FALSE,2.37230352274796,24,156,79.8679591836735,1.32386571866494
"13","2023-10-29T11:00:00Z",1.72134448407446,FALSE,FALSE,1.90469908676335,24,128,81.3551020408163,1.10651825034748
"13","2023-10-29T12:00:00Z",1.92284923699792,FALSE,FALSE,2.15810813395304,30,140,79.5925,1.12234911215526
"13","2023-10-29T13:00:00Z",2.07218510384322,FALSE,FALSE,2.20688727918997,48,135,74.2767346938776,1.06500489512106
"13","2023-10-29T14:00:00Z",1.71530008258077,FALSE,FALSE,1.97484056319558,18,135,81.1189795918367,1.15130908186299
"13","2023-10-29T15:00:00Z",1.77828996669133,FALSE,FALSE,1.95904314530179,12,140,92.7802040816326,1.10164437858623
"13","2023-10-29T16:00:00Z",1.58705492343701,FALSE,FALSE,1.68368121846683,66,101,96.0222448979592,1.06088402713912
"13","2023-10-29T17:00:00Z",1.1716241025841,FALSE,FALSE,1.49043947961672,36,102,96.5316326530612,1.27211404778158
"13","2023-10-29T18:00:00Z",1.68666060152597,FALSE,FALSE,1.87666819664874,48,114,96.9114285714286,1.11265312947422
"13","2023-10-29T19:00:00Z",1.96463281246889,FALSE,FALSE,2.11891813122595,48,130,97.3075,1.07853137633549
"13","2023-10-29T20:00:00Z",1.91180173856047,FALSE,FALSE,2.02226989745493,54,121,97.5518367346939,1.05778222535651
"13","2023-10-29T21:00:00Z",1.62836043426043,FALSE,FALSE,1.78405823453067,60,108,97.7957142857143,1.09561630029469
"13","2023-10-29T22:00:00Z",1.46275319639151,FALSE,FALSE,1.71192869802505,12,130,97.9691836734694,1.17034691993717
"13","2023-10-29T23:00:00Z",1.40749555938369,FALSE,FALSE,1.61437882276296,42,100,98.0928571428571,1.14698679651243
"13","2023-10-30T00:00:00Z",1.54472643288753,FALSE,FALSE,1.70806965458347,54,101,98.2571428571429,1.10574249149774
"13","2023-10-30T01:00:00Z",0.958009138542878,FALSE,FALSE,1.27667723206556,42,78,98.3802083333333,1.33263575544527
"13","2023-10-30T02:00:00Z",1.51133108996004,FALSE,FALSE,1.69840228037381,48,107,98.4518367346939,1.12377909225616
"13","2023-10-30T03:00:00Z",1.03617976584574,FALSE,FALSE,1.1505664897335,42,84,98.5542857142857,1.1103927403894
"13","2023-10-30T04:00:00Z",0.773232413646958,FALSE,FALSE,1.05122095786301,60,71,98.6632653061225,1.35951486165061
"13","2023-10-30T05:00:00Z",1.11605423332685,FALSE,FALSE,1.44184476592655,66,90,98.7491836734694,1.2919128146923
"13","2023-10-30T06:00:00Z",1.15788405474696,FALSE,FALSE,1.38259234756169,60,91,98.8308333333333,1.19406804324967
"13","2023-10-30T08:00:00Z",1.08681403119164,FALSE,FALSE,1.40432023305127,66,89,98.9795918367347,1.29214400324912
"13","2023-10-31T15:00:00Z",1.31199372200062,FALSE,FALSE,1.49769717836994,24,101,95.6208163265306,1.14154294586574
"13","2023-10-31T16:00:00Z",1.25883648880678,FALSE,FALSE,1.40487267845353,36,89,94.0273469387755,1.11600886290258
"13","2023-10-31T17:00:00Z",1.59562387727076,FALSE,FALSE,1.61640189928885,48,102,88.4371428571429,1.01302187960087
"13","2023-10-31T18:00:00Z",1.19599767548703,FALSE,FALSE,1.18269053448552,36,79,85.2225,0.988873606300201
"13","2023-10-31T19:00:00Z",0.933906073414469,FALSE,FALSE,0.924532235483104,24,63,80.966875,0.989962761568631
"13","2023-10-31T20:00:00Z",1.80208380551466,FALSE,FALSE,1.62247607094992,72,100,78.9877551020408,0.900333306356168
"13","2023-10-31T21:00:00Z",1.85358128292562,FALSE,FALSE,1.92253182006428,30,128,87.8565306122449,1.03719855059706
"13","2023-10-31T22:00:00Z",1.60608457517536,FALSE,FALSE,1.79282600531812,12,123,89.8579591836735,1.11627123068682
"13","2023-10-31T23:00:00Z",1.76261922815823,FALSE,FALSE,1.85832847696871,42,115,90.0851020408163,1.05429944668792
"13","2023-11-01T00:00:00Z",1.61715376626829,FALSE,FALSE,1.72911837815367,24,115,90.9657142857143,1.06923560036208
"13","2023-11-01T01:00:00Z",1.61598425665625,FALSE,FALSE,1.72559271159631,42,106,90.2055319148936,1.06782767498419
"13","2023-11-01T02:00:00Z",1.37097432353143,FALSE,FALSE,1.53520263252549,30,98,85.9575510204082,1.11978948560541
"13","2023-11-01T03:00:00Z",1.38513241898384,FALSE,FALSE,1.54294278701028,18,100,83.4660416666667,1.11393161106013
"13","2023-11-01T04:00:00Z",1.59655043205739,FALSE,FALSE,1.71834309770626,30,112,85.9875510204082,1.07628488471355
"22","2023-10-02T05:00:00Z",2.02113284033399,FALSE,FALSE,1.88457814332084,102,99,97.5085416666667,0.932436555238703
"22","2023-10-02T06:00:00Z",2.13806660578625,FALSE,FALSE,1.86540208344586,120,101,97.9491836734694,0.872471455471748
"22","2023-10-02T07:00:00Z",1.52615239045524,FALSE,FALSE,1.13717817214678,150,62,98.2022916666667,0.745127537236023
"22","2023-10-02T09:00:00Z",2.21018445498608,FALSE,FALSE,2.01205340897318,78,124,95.0702127659575,0.910355425056979
"22","2023-10-02T11:00:00Z",1.9809084895169,FALSE,FALSE,1.81122126592174,108,98,97.9989795918367,0.91433868626786
"22","2023-10-02T12:00:00Z",1.5747808528881,FALSE,FALSE,1.12647659001206,168,65,98.4157142857143,0.715322762494941
"22","2023-10-02T13:00:00Z",2.183900226879,FALSE,FALSE,1.91864301908498,18,344,96.3485106382979,0.878539685774428
"22","2023-10-02T14:00:00Z",1.73283596070621,FALSE,FALSE,1.59614906222647,78,95,89.9854347826087,0.921119539541397
"22","2023-10-02T15:00:00Z",1.65042474746697,FALSE,FALSE,1.58815793406141,66,98,85.6265306122449,0.962272249309683
"22","2023-10-02T16:00:00Z",1.47463243861931,FALSE,FALSE,1.37761659550053,84,81,80.594375,0.934210152592588
"22","2023-10-02T17:00:00Z",1.62805438533193,FALSE,FALSE,1.52937259774901,48,105,75.7226530612245,0.93938667622409
"22","2023-10-02T18:00:00Z",1.77459805825682,FALSE,FALSE,1.69057444821148,54,111,74.5602040816326,0.952652033143845
"22","2023-10-02T19:00:00Z",1.79911047841884,FALSE,FALSE,1.77009542810979,54,118,75.6152083333333,0.983872557768353
"22","2023-10-02T20:00:00Z",2.0866030504318,FALSE,FALSE,2.04396908402751,66,126,79.65,0.979567763789349
"22","2023-10-02T21:00:00Z",2.19626332138748,FALSE,FALSE,2.11909227504324,66,130,79.6636170212766,0.96486257108028
"22","2023-10-02T22:00:00Z",1.85104278235399,FALSE,FALSE,2.27732896347984,42,143,82.9257142857143,1.23029515319129
"22","2023-10-02T23:00:00Z",1.56680861103038,FALSE,FALSE,1.95420364039253,0,149,86.8835416666667,1.2472510213659
"22","2023-10-03T00:00:00Z",1.49606577537442,FALSE,FALSE,1.83974485438601,6,143,88.1932653061225,1.22972190438991
"22","2023-10-03T01:00:00Z",1.55620074381481,FALSE,FALSE,1.92799694340367,12,140,89.0816326530612,1.23891275021335
"22","2023-10-03T02:00:00Z",2.50744969786304,FALSE,FALSE,2.03852001669288,126,121,88.7232653061224,0.812985408413258
"22","2023-10-03T03:00:00Z",2.25223396383344,FALSE,FALSE,2.47473944883052,60,138,88.3795833333333,1.09879323754552
"22","2023-10-03T05:00:00Z",1.92827519654223,FALSE,FALSE,2.14422499598492,48,128,89.4542553191489,1.11199117212622
"22","2023-10-03T06:00:00Z",2.54421238309894,FALSE,FALSE,2.48563519870615,72,135,88.87625,0.976976299312938
"22","2023-10-03T07:00:00Z",2.52048538605347,FALSE,FALSE,2.49471450890359,84,130,89.6117391304348,0.98977543083865
"22","2023-10-03T08:00:00Z",2.56466800027913,FALSE,FALSE,2.37986134315,84,137,91.118085106383,0.927941294113305
"22","2023-10-03T09:00:00Z",2.06173872329115,FALSE,FALSE,2.31823050916788,54,129,91.9854166666667,1.12440557233522
"22","2023-10-03T10:00:00Z",1.87343707103534,FALSE,FALSE,1.9712780274524,54,115,94.3978723404255,1.05222537651771
"22","2023-10-03T11:00:00Z",1.55087628797806,FALSE,FALSE,1.71896493637061,24,118,94.4776086956522,1.10838301526403
"22","2023-10-03T13:00:00Z",2.13430790202324,FALSE,FALSE,2.03148548155422,72,122,94.4621276595745,0.951823998603224
"22","2023-10-03T14:00:00Z",1.67320352391436,FALSE,FALSE,1.5392397465441,90,94,89.969375,0.919935754703135
"22","2023-10-03T15:00:00Z",1.54531119315507,FALSE,FALSE,1.41454791245426,84,86,84.9075510204082,0.915380616357391
"22","2023-10-03T16:00:00Z",1.45537662530417,FALSE,FALSE,1.41372381869499,48,97,79.2242857142857,0.971380049751396
"22","2023-10-03T17:00:00Z",1.73498354171296,FALSE,FALSE,1.55150865605001,96,93,77.8585714285714,0.894249783210165
"22","2023-10-03T18:00:00Z",1.73084154732707,FALSE,FALSE,1.62820246288928,84,98,74.7291836734694,0.940699895610723
"22","2023-10-03T19:00:00Z",1.9013907364259,FALSE,FALSE,1.73807985719761,84,109,77.6095918367347,0.914109774440537
"22","2023-10-03T20:00:00Z",2.05902006985092,FALSE,FALSE,1.88373637669998,78,118,80.40375,0.914870332874594
"22","2023-10-03T21:00:00Z",1.97203061414145,FALSE,FALSE,1.93125003195566,66,119,82.7912244897959,0.979320512626246
"22","2023-10-03T22:00:00Z",2.07073034315178,FALSE,FALSE,2.3170715508498,36,152,87.2795918367347,1.11896344133494
"22","2023-10-04T00:00:00Z",2.1887915010899,FALSE,FALSE,2.41336833007788,60,136,91.2591836734694,1.10260311632065
"22","2023-10-04T01:00:00Z",2.53162413573308,FALSE,FALSE,2.56095365767246,78,138,93.553125,1.01158525925133
"22","2023-10-04T02:00:00Z",2.41128349735916,FALSE,FALSE,2.33620038879907,78,132,94.4055102040816,0.968861766506374
"22","2023-10-04T03:00:00Z",2.14891134167413,FALSE,FALSE,2.11216810985006,84,119,95.784693877551,0.982901466844396
"22","2023-10-04T04:00:00Z",1.91660051749566,FALSE,FALSE,2.16178773693468,42,132,96.3665306122449,1.12792818179941
"22","2023-10-04T07:00:00Z",2.61782249240842,FALSE,FALSE,2.42972372745781,90,133,95.776875,0.928146860416973
"22","2023-10-04T08:00:00Z",1.78966968593147,FALSE,FALSE,2.27106238997321,36,146,95.2842553191489,1.26898410797588
"22","2023-10-04T09:00:00Z",2.23411351087028,FALSE,FALSE,2.31165907917565,60,132,96.7064583333333,1.03470977097988
"22","2023-10-04T10:00:00Z",2.33091835775406,FALSE,FALSE,2.24374732306942,96,121,97.5775510204082,0.962602278885204
"22","2023-10-04T11:00:00Z",2.12605219680643,FALSE,FALSE,2.22400567980876,60,125,97.3779591836735,1.04607294362267
"22","2023-10-04T12:00:00Z",2.58721225240353,FALSE,FALSE,2.27572013068061,114,119,97.4383673469388,0.879603182369924
"22","2023-10-04T13:00:00Z",1.93037871467849,FALSE,FALSE,1.69089860412682,108,94,96.8470833333333,0.87594138459429
"22","2023-10-04T14:00:00Z",1.93397386317073,FALSE,FALSE,1.84573332030565,42,131,93.3357142857143,0.954373456360772
"22","2023-10-04T15:00:00Z",1.83095287005978,FALSE,FALSE,1.82124808762138,48,122,86.8353191489362,0.994699600084149
"22","2023-10-04T16:00:00Z",1.9273823519266,FALSE,FALSE,1.94841966437113,54,125,77.6648936170213,1.01091496579467
"22","2023-10-04T17:00:00Z",2.12933119786182,FALSE,FALSE,2.08487989195227,60,138,74.2277551020408,0.979124287497322
"22","2023-10-04T18:00:00Z",2.34774737050049,FALSE,FALSE,2.36310446541291,60,150,69.7077551020408,1.00654120417954
"22","2023-10-04T19:00:00Z",2.3124764132899,FALSE,FALSE,2.15936992832227,66,142,73.6158695652174,0.933791114976256
"22","2023-10-04T20:00:00Z",2.8246394973597,FALSE,FALSE,2.50272551549445,96,146,76.2367391304348,0.886033604583469
"22","2023-10-04T21:00:00Z",2.20286392757495,FALSE,FALSE,2.17565219505225,12,167,80.6955102040816,0.987647111479708
"22","2023-10-04T22:00:00Z",2.08731717560793,FALSE,FALSE,2.4948058320603,12,180,84.6322448979592,1.19522124438692
"22","2023-10-04T23:00:00Z",1.99484684690901,FALSE,FALSE,2.54084376860701,24,174,88.76875,1.27370367932958
"22","2023-10-05T00:00:00Z",2.33287456025176,FALSE,FALSE,2.77427428621879,30,183,91.1747916666667,1.18920851274549
"22","2023-10-05T01:00:00Z",1.98525332872192,FALSE,FALSE,2.54741818719904,30,168,91.8573469387755,1.28317033919245
"22","2023-10-05T02:00:00Z",2.16472440436506,FALSE,FALSE,2.5697290999498,24,171,93.0102083333333,1.18709295962483
"22","2023-10-05T03:00:00Z",2.06620013975548,FALSE,FALSE,2.69108083610683,12,196,94.2557142857143,1.30242989743738
"22","2023-10-05T04:00:00Z",2.42494855912044,FALSE,FALSE,2.52195369947797,72,139,95.1789795918367,1.04000296830738
"22","2023-10-05T05:00:00Z",2.48314904422526,FALSE,FALSE,2.57211707312655,60,151,95.56,1.03582871076877
"22","2023-10-05T06:00:00Z",1.63102812909904,FALSE,FALSE,1.94188679526297,0,164,94.9030612244898,1.19059062233074
"22","2023-10-05T07:00:00Z",2.02383647547388,FALSE,FALSE,2.32447568494953,42,139,96.0224489795918,1.14854916052704
"22","2023-10-05T08:00:00Z",1.86318813350835,FALSE,FALSE,2.30315981545313,30,143,95.66375,1.23613916063126
"22","2023-10-05T09:00:00Z",1.73746581263237,FALSE,FALSE,2.10648720901449,0,161,96.4816326530612,1.21239059422012
"22","2023-10-05T12:00:00Z",1.14798164213414,FALSE,FALSE,0.790869731985104,180,53,98.3442857142857,0.688921933032698
"22","2023-10-05T13:00:00Z",2.12817807762755,FALSE,FALSE,1.94293449344973,102,108,97.4230612244898,0.912956727575954
"22","2023-10-05T14:00:00Z",2.83271242873535,FALSE,FALSE,2.71675445992696,72,160,93.6470833333333,0.959064687388632
"22","2023-10-05T15:00:00Z",2.77078649416327,FALSE,FALSE,2.48337636423054,96,145,82.9852083333333,0.896271282345946
"22","2023-10-05T16:00:00Z",1.81260460295998,FALSE,FALSE,1.85928010384789,36,126,71.6951063829787,1.02575051437676
"22","2023-10-05T17:00:00Z",1.73945369274688,FALSE,FALSE,1.7189712863735,48,114,67.2922916666667,0.988224805029998
"22","2023-10-05T18:00:00Z",1.81565229024283,FALSE,FALSE,1.81079749471767,54,116,63.1941666666667,0.997326142482651
"22","2023-10-05T19:00:00Z",2.51847588683529,FALSE,FALSE,2.3141416920163,60,159,65.5004166666667,0.918865931618764
"22","2023-10-05T20:00:00Z",2.13144650759323,FALSE,FALSE,2.15107405251901,42,147,66.8458333333333,1.00920855618748
"22","2023-10-05T21:00:00Z",2.43212794640181,FALSE,FALSE,2.35753036816635,72,140,68.8114583333333,0.969328267311834
"22","2023-10-05T22:00:00Z",2.1666858485656,FALSE,FALSE,2.71727983602335,36,171,73.1977083333333,1.25411805214968
"22","2023-10-05T23:00:00Z",2.28665188886448,FALSE,FALSE,2.79200658406985,48,163,80.3863043478261,1.22100202381759
"22","2023-10-06T00:00:00Z",2.08862518868494,FALSE,FALSE,2.6417793704749,42,163,76.7777083333333,1.26484128640536
"22","2023-10-06T01:00:00Z",1.90714527845725,FALSE,FALSE,2.51802533587913,36,159,78.9283333333333,1.32031123392762
"22","2023-10-06T02:00:00Z",1.91074859041348,FALSE,FALSE,2.46482095044976,36,150,86.106875,1.28997658970738
"22","2023-10-06T03:00:00Z",1.87762602811856,FALSE,FALSE,2.2929372360945,30,147,89.3489583333333,1.22118952430165
"22","2023-10-06T04:00:00Z",2.73580226905405,FALSE,FALSE,2.83361201881762,66,159,92.48,1.03575176132791
"22","2023-10-06T05:00:00Z",2.91421153785581,FALSE,FALSE,2.7686728504054,90,148,95.0404166666667,0.950058983172685
"22","2023-10-06T06:00:00Z",2.71439940892986,FALSE,FALSE,2.71476425442152,78,146,94.5487755102041,1.00013441112994
"22","2023-10-06T07:00:00Z",2.65006113290559,FALSE,FALSE,2.61681910873123,72,142,95.5308510638298,0.987456129309022
"22","2023-10-06T08:00:00Z",2.48089662434244,FALSE,FALSE,2.56228565220156,66,147,95.0377083333333,1.03280629553869
"22","2023-10-06T09:00:00Z",2.80028955851005,FALSE,FALSE,2.71357454785954,84,148,95.5027659574468,0.969033555695344
"22","2023-10-06T10:00:00Z",2.83130728744883,FALSE,FALSE,2.68486618698094,90,145,96.1947916666667,0.94827792055032
"22","2023-10-06T11:00:00Z",2.90756167845174,FALSE,FALSE,2.54703359990706,108,133,96.8765957446809,0.876003291274407
"22","2023-10-06T12:00:00Z",2.69132392729838,FALSE,FALSE,2.32322045946258,114,126,97.0851111111111,0.863225877754035
"22","2023-10-06T13:00:00Z",2.9277018056763,FALSE,FALSE,2.60940274105981,102,138,96.4246808510638,0.891280230794214
"22","2023-10-06T14:00:00Z",2.87563715892081,FALSE,FALSE,2.57467308187813,102,145,94.6936734693878,0.895340037560363
"22","2023-10-06T15:00:00Z",2.76262251590076,FALSE,FALSE,2.41221135919563,102,140,92.3375,0.873159957725574
"22","2023-10-06T16:00:00Z",2.84328415911794,FALSE,FALSE,2.57550027118779,96,143,93.8851020408163,0.905818809185356
"22","2023-10-06T17:00:00Z",2.70020916799684,FALSE,FALSE,2.76112129829965,102,363,94.6917391304348,1.02255830067712
"22","2023-10-06T18:00:00Z",2.62335240004853,FALSE,FALSE,2.51822406049423,90,139,95.3522916666667,0.959925955981987
"22","2023-10-06T19:00:00Z",2.85505428792935,FALSE,FALSE,2.61026399382987,96,144,95.4506382978723,0.914260721719232
"22","2023-10-06T20:00:00Z",2.93538306389843,FALSE,FALSE,2.61599773896498,96,145,94.9016666666667,0.891194669322212
"22","2023-10-06T21:00:00Z",2.89077034941151,FALSE,FALSE,2.75376343027532,90,151,95.1825531914894,0.952605394903099
"22","2023-10-06T22:00:00Z",2.5932255856386,FALSE,FALSE,2.68990563956957,72,146,96.2963829787234,1.03728177543303
"22","2023-10-06T23:00:00Z",2.32566583821102,FALSE,FALSE,2.59121265125242,54,146,96.915,1.11418098364711
"22","2023-10-07T00:00:00Z",2.51827951081181,FALSE,FALSE,2.38313399211968,96,129,97.5177551020408,0.946334186450746
"22","2023-10-07T01:00:00Z",2.50388780617781,FALSE,FALSE,2.16415116741744,126,115,97.9181632653061,0.864316349190191
"22","2023-10-07T02:00:00Z",2.81612581253421,FALSE,FALSE,2.66498742642735,90,144,97.718125,0.946331095921156
"22","2023-10-07T03:00:00Z",2.65580094690749,FALSE,FALSE,2.60277521476714,84,140,97.5348979591837,0.980033996071095
"22","2023-10-07T04:00:00Z",2.48404032447769,FALSE,FALSE,2.39802625310134,78,135,97.6177551020408,0.965373319213555
"22","2023-10-07T05:00:00Z",2.28184208573003,FALSE,FALSE,2.05002235442186,108,111,98.0342857142857,0.898406759714926
"22","2023-10-07T06:00:00Z",1.509810460146,FALSE,FALSE,1.19492104610148,144,66,98.3914285714286,0.791437784836864
"22","2023-10-07T07:00:00Z",2.39617756755363,FALSE,FALSE,2.30335142290755,96,124,98.3440816326531,0.961260740479743
"22","2023-10-07T08:00:00Z",1.95429107230961,FALSE,FALSE,1.69539081768928,126,92,98.4165306122449,0.867522162748073
"22","2023-10-07T09:00:00Z",1.51910332091382,FALSE,FALSE,1.19626876679513,156,68,98.7040816326531,0.787483478132028
"22","2023-10-07T10:00:00Z",1.34810119773929,FALSE,FALSE,0.992425781512928,168,59,98.7736734693878,0.736165640366751
"22","2023-10-07T11:00:00Z",0.803568916289493,FALSE,FALSE,0.583646647497482,180,50,98.8975,0.726318098754354
"22","2023-10-07T16:00:00Z",0.591913908592344,FALSE,FALSE,0.346965263671487,180,46,99.0116666666667,0.586175216758497
"22","2023-10-07T17:00:00Z",2.84078969964548,FALSE,FALSE,2.68611120527335,84,151,97.0161224489796,0.945550881717352
"22","2023-10-07T18:00:00Z",2.71062573738076,FALSE,FALSE,2.64657486548512,72,152,94.1357142857143,0.976370447969871
"22","2023-10-07T19:00:00Z",2.83343009528844,FALSE,FALSE,2.97306979757162,66,176,90.0571428571429,1.04928291773119
"22","2023-10-07T20:00:00Z",2.09311494618502,FALSE,FALSE,2.41047998494268,30,165,94.0570833333333,1.15162332070491
"22","2023-10-07T21:00:00Z",1.86754290210286,FALSE,FALSE,1.46608572161892,150,84,98.0644897959184,0.785034560634782
"22","2023-10-08T14:00:00Z",1.10989509340047,FALSE,FALSE,1.06552522653226,66,65,93.776875,0.96002336875617
"22","2023-10-08T15:00:00Z",0.903591267770961,FALSE,FALSE,0.935734383721848,30,65,91.6782978723404,1.03557262790972
"22","2023-10-08T16:00:00Z",1.1304293016992,FALSE,FALSE,1.15122913324241,30,79,89.9710869565217,1.01839994019258
"22","2023-10-08T17:00:00Z",0.894677900500039,FALSE,FALSE,0.922469654606113,48,57,85.08625,1.03106341856722
"22","2023-10-08T19:00:00Z",1.35647144894748,FALSE,FALSE,1.28157670484522,66,83,79.2332653061224,0.944787084047825
"22","2023-10-08T20:00:00Z",1.56319189294951,FALSE,FALSE,1.46053946613505,66,94,78.0485106382979,0.934331525593595
"22","2023-10-08T21:00:00Z",1.83661233042187,FALSE,FALSE,1.67657638333442,78,108,79.2627083333333,0.912863512655017
"22","2023-10-08T22:00:00Z",1.92926819798694,FALSE,FALSE,2.14909390460885,42,135,83.9610416666667,1.11394253367742
"22","2023-10-08T23:00:00Z",1.96152643109902,FALSE,FALSE,1.82595616664075,78,112,85.7416326530612,0.930885323639348
"22","2023-10-09T00:00:00Z",1.94841011384597,FALSE,FALSE,2.00412115631828,54,121,86.4573469387755,1.02859307805703
"22","2023-10-09T01:00:00Z",1.73465544998009,FALSE,FALSE,1.6934617458357,48,111,87.6459183673469,0.976252515077348
"22","2023-10-09T02:00:00Z",1.67727707995786,FALSE,FALSE,1.72168453292242,36,111,87.5871428571429,1.02647591950978
"22","2023-10-09T03:00:00Z",1.87278819719586,FALSE,FALSE,1.88128794982212,36,117,89.2695833333333,1.00453855520821
"22","2023-10-09T04:00:00Z",1.79094694405433,FALSE,FALSE,1.78107708096633,30,120,90.4869387755102,0.994489025417107
"22","2023-10-09T05:00:00Z",1.72380717375588,FALSE,FALSE,1.73455740513773,36,115,91.4408333333333,1.00623633057428
"22","2023-10-09T06:00:00Z",1.75973592379647,FALSE,FALSE,1.75846659569561,42,116,93.2045833333333,0.999278682622947
"22","2023-10-09T07:00:00Z",1.72373595102815,FALSE,FALSE,1.69117612196113,54,107,93.0970833333333,0.981110895176494
"22","2023-10-09T08:00:00Z",1.66066099259454,FALSE,FALSE,1.6385640562538,54,100,94.2057142857143,0.986693890902909
"22","2023-10-09T10:00:00Z",1.53877569356205,FALSE,FALSE,1.56750699934249,48,99,95.6420833333333,1.01867153601441
"22","2023-10-09T11:00:00Z",1.46103767712009,FALSE,FALSE,1.56328662287467,48,96,96.2475,1.06998378437175
"22","2023-10-09T12:00:00Z",1.33898095806839,FALSE,FALSE,1.36215053066819,54,84,96.17375,1.01730388506288
"22","2023-10-09T13:00:00Z",1.39609993762308,FALSE,FALSE,1.22485258315945,108,69,96.3170833333333,0.877338756453787
"22","2023-10-09T16:00:00Z",1.27514123159408,FALSE,FALSE,1.24850666141291,54,77,79.6313043478261,0.979112454745213
"22","2023-10-09T17:00:00Z",1.56694680952032,FALSE,FALSE,1.44236124135622,72,91,72.7178260869565,0.920491514193615
"22","2023-10-09T18:00:00Z",1.23772461384472,FALSE,FALSE,1.25468450886445,54,82,71.4948936170213,1.01370247858854
"22","2023-10-09T19:00:00Z",1.50290229799729,FALSE,FALSE,1.70955369912463,24,119,69.6902127659575,1.13750155376216
"22","2023-10-09T20:00:00Z",1.82016822140031,FALSE,FALSE,1.83780675390903,48,114,70.8234693877551,1.00969060568212
"22","2023-10-09T21:00:00Z",1.86649864446242,FALSE,FALSE,1.88209626354877,30,128,73.9834693877551,1.00835661956286
"22","2023-10-09T22:00:00Z",1.32123676276391,FALSE,FALSE,1.680262031716,30,113,75.3225531914894,1.27173424103114
"22","2023-10-09T23:00:00Z",1.53001354421062,FALSE,FALSE,1.62690345697214,24,111,77.5677083333333,1.06332617977673
"22","2023-10-10T00:00:00Z",1.88298086213079,FALSE,FALSE,1.78807225374978,66,110,82.5216326530612,0.949596615510153
"22","2023-10-10T01:00:00Z",1.85482847475014,FALSE,FALSE,1.92886298902273,36,121,80.7944897959184,1.03991448011524
"22","2023-10-10T02:00:00Z",1.73900461740063,FALSE,FALSE,1.76907258769517,36,118,80.6228571428571,1.01729033378846
"22","2023-10-10T03:00:00Z",1.52122400711381,FALSE,FALSE,1.58395016881861,12,115,81.3871428571429,1.04123400722804
"22","2023-10-10T04:00:00Z",1.42514591521703,FALSE,FALSE,1.54051964441574,12,112,88.11125,1.0809557308952
"22","2023-10-10T08:00:00Z",1.43087466649615,FALSE,FALSE,1.52566814215326,12,110,91.984375,1.06624862252208
"22","2023-10-10T09:00:00Z",1.34324606929142,FALSE,FALSE,1.4749199465513,12,109,93.6602040816327,1.09802662391511
"22","2023-10-10T10:00:00Z",1.50367050809191,FALSE,FALSE,1.48790236054745,42,97,95.161914893617,0.989513562007364
"22","2023-10-10T11:00:00Z",1.38988797205291,FALSE,FALSE,1.49461754333169,18,105,94.3354166666667,1.07535108827806
"22","2023-10-10T12:00:00Z",1.46252867111334,FALSE,FALSE,1.43141082406001,60,87,94.7326086956522,0.978723256734766
"22","2023-10-10T13:00:00Z",1.95921555360457,FALSE,FALSE,1.66328123461733,108,98,89.6540816326531,0.848952649215764
"22","2023-10-10T14:00:00Z",2.11999555480547,FALSE,FALSE,1.89016466758775,96,107,85.3639583333333,0.891588976827451
"22","2023-10-10T15:00:00Z",1.79053932526306,FALSE,FALSE,1.5215019347542,96,97,84.2935416666667,0.849745053508202
"22","2023-10-10T16:00:00Z",1.48802336645232,FALSE,FALSE,1.29406190851769,96,79,81.5779591836735,0.869651604734498
"22","2023-10-10T17:00:00Z",1.62254466720614,FALSE,FALSE,1.52271617237817,72,94,76.8533333333333,0.938474116093292
"22","2023-10-10T18:00:00Z",1.65001383867381,FALSE,FALSE,1.73220264817079,36,117,73.170612244898,1.04981098192669
"22","2023-10-10T19:00:00Z",1.55859018544355,FALSE,FALSE,1.73745589137804,18,122,76.4438775510204,1.1147612166463
"22","2023-10-10T20:00:00Z",1.5641337966419,FALSE,FALSE,1.5676285957883,36,105,81.2279166666667,1.00223433516615
"22","2023-10-10T21:00:00Z",1.51298630428131,FALSE,FALSE,1.78741117921163,60,106,75.3639583333333,1.18137961603075
"22","2023-10-10T22:00:00Z",1.60638751322398,FALSE,FALSE,1.7589855998934,18,123,80.719387755102,1.09499456725928
"22","2023-10-10T23:00:00Z",1.56546694444109,FALSE,FALSE,1.66067874621558,30,111,84.7795833333333,1.06082006529271
"22","2023-10-11T00:00:00Z",1.48004073209271,FALSE,FALSE,1.58914071319385,18,112,88.2136734693878,1.07371417470848
"22","2023-10-11T01:00:00Z",1.55866005096405,FALSE,FALSE,1.68033664248296,24,115,90.3825,1.07806486824606
"22","2023-10-11T02:00:00Z",1.48684638442246,FALSE,FALSE,1.56711252393937,36,103,91.2091666666667,1.05398415085637
"22","2023-10-11T03:00:00Z",1.65900675671524,FALSE,FALSE,1.69425916455276,60,98,92.2395833333333,1.02124910443844
"22","2023-10-11T04:00:00Z",1.59088153250691,FALSE,FALSE,1.6491068270607,48,102,93.2231914893617,1.03659939056684
"22","2023-10-11T05:00:00Z",1.37125655968145,FALSE,FALSE,1.50576231907517,18,107,93.7971428571429,1.09808941911276
"22","2023-10-11T11:00:00Z",1.42813833572699,FALSE,FALSE,1.58847425612399,18,112,93.0310416666667,1.11226918036296
"22","2023-10-11T12:00:00Z",1.71106894227346,FALSE,FALSE,1.49467930652505,108,86,95.5975,0.873535407953293
"22","2023-10-11T13:00:00Z",1.87197175312367,FALSE,FALSE,1.60904098616341,120,87,94.5590909090909,0.859543411100345
"22","2023-10-11T14:00:00Z",2.07669225384683,FALSE,FALSE,1.99414549931438,72,115,90.6375510204082,0.960250848733345
"22","2023-10-11T15:00:00Z",1.69673163203062,FALSE,FALSE,1.46829953617217,96,90,85.2885714285714,0.865369342124503
"22","2023-10-11T16:00:00Z",1.34022810025107,FALSE,FALSE,1.21953311554358,84,74,79.0464444444444,0.909944445512757
"22","2023-10-11T17:00:00Z",1.38292518683205,FALSE,FALSE,1.28690295925789,84,78,73.6444897959184,0.93056585526935
"22","2023-10-11T18:00:00Z",1.49890641089299,FALSE,FALSE,1.45502361108293,66,86,70.143829787234,0.970723455786735
"22","2023-10-11T19:00:00Z",1.52169262567254,FALSE,FALSE,1.35410851178888,84,85,76.6210416666667,0.889869930985838
"22","2023-10-11T20:00:00Z",1.77899961232893,FALSE,FALSE,1.70150345679085,72,103,74.5635416666667,0.956438351643802
"22","2023-10-11T21:00:00Z",1.77643625735735,FALSE,FALSE,1.80730953136312,60,108,73.9757142857143,1.01737933116255
"22","2023-10-11T22:00:00Z",1.85513224587548,FALSE,FALSE,1.93682874532887,60,114,75.423829787234,1.04403810005191
"22","2023-10-11T23:00:00Z",1.72348609234154,FALSE,FALSE,1.74102687441282,54,108,76.1924489795918,1.01017750137308
"22","2023-10-12T00:00:00Z",1.45366808949753,FALSE,FALSE,1.55864719368058,12,112,84.7218367346939,1.07221669440328
"22","2023-10-12T01:00:00Z",1.74488932607207,FALSE,FALSE,1.77886531327946,48,109,84.4145833333333,1.01947171473842
"22","2023-10-12T02:00:00Z",1.87263688778928,FALSE,FALSE,1.87384241674863,60,115,85.1289583333333,1.00064376012628
"22","2023-10-12T03:00:00Z",1.5358273853939,FALSE,FALSE,1.62750765482526,42,103,87.5722448979592,1.05969438382416
"22","2023-10-12T04:00:00Z",1.83876752776701,FALSE,FALSE,1.75000978251845,72,102,89.4035416666667,0.951729762513077
"22","2023-10-12T05:00:00Z",1.72261929695935,FALSE,FALSE,1.68848950483665,66,103,90.1568085106383,0.980187269361868
"22","2023-10-12T06:00:00Z",1.64923219078602,FALSE,FALSE,1.7326001689946,42,109,90.5587755102041,1.05054957008136
"22","2023-10-12T09:00:00Z",1.42185426596957,FALSE,FALSE,1.60851819836979,18,109,91.8948936170213,1.13128204265923
"22","2023-10-12T11:00:00Z",1.38272624188586,FALSE,FALSE,1.5179992317131,12,109,93.715,1.09783063756912
"22","2023-10-12T12:00:00Z",1.71450089748776,FALSE,FALSE,1.63757863762575,84,93,96.1683333333333,0.955134313446714
"22","2023-10-12T13:00:00Z",1.81593754247461,FALSE,FALSE,1.6010374239714,96,90,94.5444897959184,0.881658860243419
"22","2023-10-12T14:00:00Z",1.54661682405037,FALSE,FALSE,1.39723427835357,84,88,81.0061224489796,0.903413344938544
"22","2023-10-12T15:00:00Z",1.51958010057235,FALSE,FALSE,1.55735500959588,48,97,74.1187755102041,1.02485878106018
"22","2023-10-12T16:00:00Z",1.17450728827485,FALSE,FALSE,1.09021936744954,78,68,70.9166666666667,0.928235506355088
"22","2023-10-12T17:00:00Z",1.49622629965771,FALSE,FALSE,1.33489883824317,78,90,67.9042857142857,0.892177098175958
"22","2023-10-12T18:00:00Z",1.18316313784929,FALSE,FALSE,1.09403551849996,72,72,65.2925531914894,0.924670050563486
"22","2023-10-12T19:00:00Z",1.52592635166855,FALSE,FALSE,1.3858122339007,90,84,68.8002083333333,0.90817766688763
"22","2023-10-12T20:00:00Z",1.80011448470363,FALSE,FALSE,1.6623481911658,78,99,71.0483333333333,0.923468037889538
"22","2023-10-12T22:00:00Z",1.61195396579521,FALSE,FALSE,1.69423580249,42,110,79.4826530612245,1.05104478070762
"22","2023-10-12T23:00:00Z",1.54245175452112,FALSE,FALSE,1.64227724117976,30,112,82.7763265306123,1.06471870926662
"22","2023-10-13T00:00:00Z",1.85002462725662,FALSE,FALSE,1.97300468801223,42,130,83.5473469387755,1.06647482360166
"22","2023-10-13T01:00:00Z",1.63893197605911,FALSE,FALSE,1.78474431403561,18,124,83.6125531914894,1.08896790111272
"22","2023-10-13T03:00:00Z",1.59386735217594,FALSE,FALSE,1.65256978616902,54,100,89.2004166666667,1.0368301878528
"22","2023-10-13T04:00:00Z",1.35993716330173,FALSE,FALSE,1.48435389880652,24,102,91.215306122449,1.09148712077455
"22","2023-10-13T05:00:00Z",1.55851565052984,FALSE,FALSE,1.62902771881067,42,103,92.5163265306122,1.04524309284726
"22","2023-10-13T06:00:00Z",1.46834303958907,FALSE,FALSE,1.57146921761681,30,106,91.58,1.0702330281462
"22","2023-10-13T07:00:00Z",1.48302942270048,FALSE,FALSE,1.56504846243511,30,105,92.3897916666667,1.05530506575203
"22","2023-10-13T08:00:00Z",1.38104968392456,FALSE,FALSE,1.46005797878319,24,97,93.8139583333333,1.05720887219213
"22","2023-10-13T09:00:00Z",1.19728407361875,FALSE,FALSE,1.3169322419499,36,85,94.5463265306122,1.09993298246215
"22","2023-10-13T10:00:00Z",1.29034823868415,FALSE,FALSE,1.39259948059524,24,95,92.1579166666667,1.07924313673289
"22","2023-10-13T11:00:00Z",1.30645426710149,FALSE,FALSE,1.39799959349788,24,94,93.1120408163265,1.07007158895772
"22","2023-10-13T12:00:00Z",1.50883951968711,FALSE,FALSE,1.51329202353554,72,86,94.4155102040816,1.00295094593583
"22","2023-10-13T13:00:00Z",1.37396252901219,FALSE,FALSE,1.2511646434826,84,73,91.646875,0.910625011281876
"22","2023-10-13T14:00:00Z",1.54817037431654,FALSE,FALSE,1.39167247053036,90,85,83.6983333333333,0.898914288516036
"22","2023-10-13T15:00:00Z",1.55976490158441,FALSE,FALSE,1.59110455533299,42,100,77.02125,1.02009254966357
"22","2023-10-13T16:00:00Z",1.06887772806364,FALSE,FALSE,1.04375811030905,54,67,72.123125,0.976499072723597
"22","2023-10-13T18:00:00Z",1.49240029317073,FALSE,FALSE,1.59623206386057,36,106,67.2669387755102,1.06957367347418
"22","2023-10-13T19:00:00Z",1.6483021859572,FALSE,FALSE,1.54778445218814,78,92,67.4397959183674,0.939017411597566
"22","2023-10-13T20:00:00Z",1.86670512522077,FALSE,FALSE,1.75809936455114,78,103,73.6264583333333,0.941819541178584
"22","2023-10-13T21:00:00Z",1.71821233043341,FALSE,FALSE,1.82368218603865,54,107,70.9339583333333,1.06138348196968
"22","2023-10-13T22:00:00Z",1.4264394715635,FALSE,FALSE,1.46731640071348,18,104,76.346875,1.02865661667731
"22","2023-10-13T23:00:00Z",1.45950165273321,FALSE,FALSE,1.5296227515577,36,100,82.9220408163265,1.04804454910563
"22","2023-10-14T00:00:00Z",1.33366222625715,FALSE,FALSE,1.44587747703361,24,98,86.5563265306122,1.08414068312588
"22","2023-10-14T01:00:00Z",1.62682910296134,FALSE,FALSE,1.62428168487997,60,96,88.6383673469388,0.99843412066041
"22","2023-10-14T02:00:00Z",1.52317381461936,FALSE,FALSE,1.57404417209838,36,102,85.9517021276596,1.03339760504729
"22","2023-10-14T03:00:00Z",1.41612246105776,FALSE,FALSE,1.37681987005686,66,81,89.3965957446809,0.972246333151478
"22","2023-10-14T05:00:00Z",1.51098202500871,FALSE,FALSE,1.38419542114291,84,80,91.7327659574468,0.91608993239673
"22","2023-10-14T06:00:00Z",1.3765512688381,FALSE,FALSE,1.4121310455723,54,82,91.43,1.02584704074569
"22","2023-10-14T07:00:00Z",1.36975384216403,FALSE,FALSE,1.41460087622799,66,81,92.4033333333333,1.03274094416345
"22","2023-10-14T08:00:00Z",1.37484441427056,FALSE,FALSE,1.26055314368105,90,71,93.6775510204082,0.916869669467178
"22","2023-10-14T09:00:00Z",1.44480756680625,FALSE,FALSE,1.30514396095497,96,71,94.0412765957447,0.903334112403626
"22","2023-10-14T10:00:00Z",1.2457362958857,FALSE,FALSE,1.29457141959351,54,78,93.6483673469388,1.03920181491789
"22","2023-10-14T11:00:00Z",1.34637658747949,FALSE,FALSE,1.35376080229974,72,75,94.1639130434783,1.00548450922938
"22","2023-10-14T12:00:00Z",1.34558755555898,FALSE,FALSE,1.18980180819944,96,68,93.670612244898,0.884224741291676
"22","2023-10-14T13:00:00Z",1.43898730764759,FALSE,FALSE,1.25253007029416,108,75,90.8004081632653,0.870424682439874
"22","2023-10-14T14:00:00Z",1.48973229143647,FALSE,FALSE,1.27299814693019,102,78,83.1402083333333,0.854514703244233
"22","2023-10-14T15:00:00Z",1.46111947574374,FALSE,FALSE,1.29035643629587,96,79,79.35,0.883128626862665
"22","2023-10-14T16:00:00Z",1.48837694395717,FALSE,FALSE,1.39162641433029,72,87,76.2495744680851,0.934995949769521
"22","2023-10-14T17:00:00Z",1.43060188583995,FALSE,FALSE,1.39823305722765,60,82,75.1417391304348,0.977373978789845
"22","2023-10-14T18:00:00Z",1.59456224126294,FALSE,FALSE,1.51851748539311,66,93,77.2220833333333,0.952309948208983
"22","2023-10-14T19:00:00Z",1.4882863166356,FALSE,FALSE,1.4844558075892,60,91,76.711914893617,0.99742622840539
"22","2023-10-14T20:00:00Z",1.4221967574976,FALSE,FALSE,1.46848640476046,54,91,74.4128888888889,1.03254799099972
"22","2023-10-14T21:00:00Z",1.49770838485638,FALSE,FALSE,1.58922567014703,24,108,78.5591666666667,1.06110487610005
"22","2023-10-14T22:00:00Z",1.33519806115647,FALSE,FALSE,1.40668967840466,30,95,84.3135416666667,1.05354382943476
"22","2023-10-15T00:00:00Z",1.54313415628176,FALSE,FALSE,1.52234295046657,66,89,87.8426530612245,0.986526637537926
"22","2023-10-15T01:00:00Z",1.5717043026083,FALSE,FALSE,1.50950082204837,48,97,88.5410416666667,0.960422911321993
"22","2023-10-15T02:00:00Z",1.49116054384505,FALSE,FALSE,1.4836663169383,60,92,89.5336734693878,0.994974232025058
"22","2023-10-15T03:00:00Z",1.45010348494168,FALSE,FALSE,1.46088160358002,36,96,90.0589795918367,1.00743265480723
"22","2023-10-15T04:00:00Z",1.5095190927243,FALSE,FALSE,1.5433131188813,36,102,89.6959183673469,1.02238727971039
"22","2023-10-15T06:00:00Z",1.43538274301031,FALSE,FALSE,1.47256920971352,36,98,89.784375,1.02590700416617
"22","2023-10-15T07:00:00Z",1.38513153833253,FALSE,FALSE,1.30337715783206,66,79,90.9744680851064,0.940977172031703
"22","2023-10-15T08:00:00Z",1.42418597672115,FALSE,FALSE,1.49302651040182,42,93,90.3677551020408,1.04833675854551
"22","2023-10-15T09:00:00Z",1.47345316958314,FALSE,FALSE,1.4300281675805,66,86,92.355,0.970528413865418
"22","2023-10-15T10:00:00Z",1.24862566177417,FALSE,FALSE,1.31185151212703,42,81,92.1948936170213,1.05063635346323
"22","2023-10-15T11:00:00Z",1.39268167287017,FALSE,FALSE,1.40323422931979,54,86,92.5002040816326,1.00757714893158
"22","2023-10-15T12:00:00Z",1.35773521437215,FALSE,FALSE,1.3813393357584,48,85,92.433829787234,1.01738492243288
"22","2023-10-15T13:00:00Z",1.48188373252272,FALSE,FALSE,1.33817594239803,84,80,91.7785714285714,0.903023572652328
"22","2023-10-15T14:00:00Z",1.49717557709415,FALSE,FALSE,1.3566299627718,84,84,87.050625,0.906126164176997
"22","2023-10-15T15:00:00Z",1.36813953581224,FALSE,FALSE,1.22236533925594,78,80,83.3770833333333,0.893450782803558
"22","2023-10-15T16:00:00Z",1.30923072330861,FALSE,FALSE,1.20936402363823,84,75,76.5971428571429,0.923721084532753
"22","2023-10-15T17:00:00Z",1.33726026280766,FALSE,FALSE,1.36648819556783,42,86,75.3078260869565,1.02185657764092
"22","2023-10-15T18:00:00Z",1.55862485550568,FALSE,FALSE,1.55755290435158,54,100,71.6855319148936,0.99931224556678
"22","2023-10-15T19:00:00Z",1.51261877044217,FALSE,FALSE,1.50025930751564,60,94,71.0212244897959,0.99182909589115
"22","2023-10-15T20:00:00Z",1.45998368565676,FALSE,FALSE,1.49839698278247,60,91,70.8973469387755,1.02631077148539
"22","2023-10-15T21:00:00Z",1.38886791079417,FALSE,FALSE,1.41243396243802,48,91,74.19125,1.01696781346929
"22","2023-10-15T22:00:00Z",1.34364039650982,FALSE,FALSE,1.41147799514559,30,94,77.85,1.05048791239976
"22","2023-10-15T23:00:00Z",1.16931912638982,FALSE,FALSE,1.25855889383254,18,91,81.70125,1.076317718088
"22","2023-10-16T00:00:00Z",1.2527291742263,FALSE,FALSE,1.29617896064854,18,92,86.490625,1.03468410197206
"22","2023-10-16T01:00:00Z",1.07778494358371,FALSE,FALSE,1.16566885902727,18,82,89.205306122449,1.08154123507361
"22","2023-10-16T02:00:00Z",1.10708589871561,FALSE,FALSE,1.16567776735661,36,76,89.4234042553192,1.05292441057101
"22","2023-10-16T03:00:00Z",1.218044820115,FALSE,FALSE,1.23528445081072,54,75,90.154693877551,1.01415352736699
"22","2023-10-16T04:00:00Z",1.44565642362058,FALSE,FALSE,1.26015836020857,102,76,91.2340816326531,0.871685927319132
"22","2023-10-16T05:00:00Z",1.12127489732788,FALSE,FALSE,1.18077905222765,36,78,94.2519565217391,1.05306830202083
"22","2023-10-16T06:00:00Z",0.939769472899373,FALSE,FALSE,1.01028178998065,60,58,95.7912765957447,1.0750315041238
"22","2023-10-16T07:00:00Z",1.10734888505933,FALSE,FALSE,1.13712556397539,60,66,96.2133333333333,1.02689006086322
"22","2023-10-16T08:00:00Z",1.03500828646421,FALSE,FALSE,1.07690496790754,60,63,95.9453191489362,1.04047956136318
"22","2023-10-16T09:00:00Z",1.09753661607603,FALSE,FALSE,1.1478846103016,54,69,96.35,1.04587363509163
"22","2023-10-16T10:00:00Z",1.11851745189586,FALSE,FALSE,1.12571024404591,60,67,96.2153191489362,1.00643064812074
"22","2023-10-16T11:00:00Z",0.951472940705602,FALSE,FALSE,0.8367319696496,120,46,97.0654545454545,0.879407005551928
"22","2023-10-16T12:00:00Z",1.19234327133102,FALSE,FALSE,1.08178314375444,108,60,97.0148888888889,0.907274918024942
"22","2023-10-16T13:00:00Z",1.3637739050374,FALSE,FALSE,1.30374607999545,78,75,95.2918367346939,0.955984034582112
"22","2023-10-16T15:00:00Z",1.21992899073816,FALSE,FALSE,1.1487085796767,66,72,86.1524489795918,0.941619215870622
"22","2023-10-16T16:00:00Z",1.32379654111244,FALSE,FALSE,1.33310706373482,54,79,82.6136170212766,1.00703319757472
"22","2023-10-16T17:00:00Z",1.43619496612616,FALSE,FALSE,1.32498635821095,78,84,78.3564583333333,0.922567192798922
"22","2023-10-16T18:00:00Z",1.17939057116978,FALSE,FALSE,1.2011775632196,18,85,81.6295744680851,1.01847309329276
"22","2023-10-16T19:00:00Z",1.24384688608396,FALSE,FALSE,1.25722949294536,18,92,87.119387755102,1.0107590468016
"22","2023-10-16T20:00:00Z",1.3607702633704,FALSE,FALSE,1.4587881221921,48,91,94.8189583333333,1.07203115871957
"22","2023-10-19T20:00:00Z",1.60323729064241,FALSE,FALSE,1.4413454913977,96,84,76.0157142857143,0.899021935062501
"22","2023-10-19T21:00:00Z",1.64753136347021,FALSE,FALSE,1.59174120766129,72,94,75.535306122449,0.966137120636409
"22","2023-10-19T22:00:00Z",1.57417963336785,FALSE,FALSE,1.70516089369425,36,110,80.7191836734694,1.08320604431031
"22","2023-10-19T23:00:00Z",1.62766699645826,FALSE,FALSE,1.71159699871268,42,107,85.8995918367347,1.05156460285614
"22","2023-10-20T00:00:00Z",1.55566920067626,FALSE,FALSE,1.66319387446909,30,109,88.7829166666667,1.06911795499075
"22","2023-10-20T01:00:00Z",1.5661001758768,FALSE,FALSE,1.6630434947419,48,101,91.3117021276596,1.06190109697857
"22","2023-10-20T02:00:00Z",1.68737643385175,FALSE,FALSE,1.69488797529203,72,97,93.3454166666667,1.00445160978284
"22","2023-10-20T03:00:00Z",1.84756928095348,FALSE,FALSE,1.7315283854568,90,95,94.4426530612245,0.937192668933748
"22","2023-10-20T04:00:00Z",1.78465101564603,FALSE,FALSE,1.76564859136113,78,98,94.5367346938775,0.98935230242871
"22","2023-10-20T05:00:00Z",1.79929651246019,FALSE,FALSE,1.77034127809491,66,104,93.8428571428571,0.983907469299938
"22","2023-10-20T06:00:00Z",1.81704365228323,FALSE,FALSE,1.73516200994152,72,99,93.9523404255319,0.954936887598259
"22","2023-10-20T07:00:00Z",1.81335581797853,FALSE,FALSE,1.82881103143022,48,112,94.2433333333333,1.00852298997167
"22","2023-10-20T08:00:00Z",1.91367871058356,FALSE,FALSE,1.8570532133498,72,109,94.4536734693878,0.970410133675734
"22","2023-10-20T09:00:00Z",1.79927110386165,FALSE,FALSE,1.77950619370848,66,103,94.971875,0.989015046086858
"22","2023-10-20T10:00:00Z",1.85857966560597,FALSE,FALSE,1.79546228495662,90,97,96.429387755102,0.966039991818823
"22","2023-10-20T11:00:00Z",1.94697892623015,FALSE,FALSE,1.76317389712809,96,99,96.455,0.905594751629926
"22","2023-10-20T12:00:00Z",2.0046820461476,FALSE,FALSE,1.84914441127247,96,102,95.864081632653,0.922412815950527
"22","2023-10-20T13:00:00Z",1.94847687624584,FALSE,FALSE,1.76495590080523,96,99,94.709387755102,0.90581311090835
"22","2023-10-20T15:00:00Z",2.03084125496478,FALSE,FALSE,1.83804288446396,102,100,93.7557142857143,0.905064775481841
"22","2023-10-20T17:00:00Z",2.00993508729716,FALSE,FALSE,1.80201835994233,96,103,92.240612244898,0.896555501384664
"22","2023-10-20T18:00:00Z",1.85607625187294,FALSE,FALSE,1.68407719640825,96,99,89.3129166666667,0.907331902290586
"22","2023-10-20T20:00:00Z",1.82489325919642,FALSE,FALSE,1.76698898626155,90,98,96.2304081632653,0.96826977542765
"22","2023-10-20T22:00:00Z",2.24719156990882,FALSE,FALSE,2.14982855533268,138,115,98.8136734693878,0.956673469285001
"22","2023-10-22T07:00:00Z",0.86157885682386,FALSE,FALSE,0.786131723133633,108,43,95.3478260869565,0.912431539965643
"22","2023-10-22T08:00:00Z",0.845492236458698,FALSE,FALSE,0.77871709768662,72,48,94.9580434782609,0.921022173956603
"22","2023-10-22T09:00:00Z",0.633250746156039,FALSE,FALSE,0.625930676121465,42,44,93.7904166666667,0.988440487312478
"22","2023-10-22T10:00:00Z",0.822200468795188,FALSE,FALSE,0.795159725447214,66,51,93.1291836734694,0.967111739321192
"22","2023-10-22T11:00:00Z",1.09371472017357,FALSE,FALSE,1.02797105002546,78,63,93.4420833333333,0.939889562666141
"22","2023-10-22T12:00:00Z",0.957900717669386,FALSE,FALSE,0.914315721008202,72,57,92.1491666666667,0.9544994634024
"22","2023-10-22T13:00:00Z",0.735849951861632,FALSE,FALSE,0.720012446273638,78,43,89.8938775510204,0.978477262181066
"22","2023-10-22T14:00:00Z",0.772604067946357,FALSE,FALSE,0.762678772809567,60,46,87.714375,0.987153452138595
"22","2023-10-22T15:00:00Z",0.980208314007895,FALSE,FALSE,0.914216666815445,72,58,86.2981632653061,0.932675895266974
"22","2023-10-22T16:00:00Z",0.803257948522177,FALSE,FALSE,0.719462993467443,48,49,87.7220408163265,0.895681138034303
"22","2023-10-22T17:00:00Z",1.05874797770087,FALSE,FALSE,0.92878162752259,78,59,84.3971428571429,0.877245243518186
"22","2023-10-22T18:00:00Z",1.24245107038297,FALSE,FALSE,1.13386666676055,72,74,83.9512244897959,0.912604684231996
"22","2023-10-22T19:00:00Z",1.0583283426421,FALSE,FALSE,0.969285510727721,84,56,82.2887234042553,0.91586464396098
"22","2023-10-22T20:00:00Z",1.41312026812345,FALSE,FALSE,1.26216981900145,78,80,83.8952083333333,0.893179333332712
"22","2023-10-22T21:00:00Z",1.34161522274716,FALSE,FALSE,1.21906834931011,90,75,85.7579591836735,0.908657213067312
"22","2023-10-22T22:00:00Z",1.26562198576413,FALSE,FALSE,1.32864502587094,30,87,87.4102040816327,1.04979610090192
"22","2023-10-22T23:00:00Z",1.4182934401224,FALSE,FALSE,1.27932150071756,72,83,87.4997916666667,0.902014678011314
"22","2023-10-23T00:00:00Z",1.38683572669887,FALSE,FALSE,1.40504074081738,42,90,88.7964583333333,1.01312701552753
"22","2023-10-23T01:00:00Z",1.51901818016465,FALSE,FALSE,1.47702103193087,60,89,87.9048979591837,0.972352438711938
"22","2023-10-23T02:00:00Z",1.24813554243262,FALSE,FALSE,1.3490942828067,18,95,90.1155102040816,1.0808876415596
"22","2023-10-23T03:00:00Z",1.59463525086672,FALSE,FALSE,1.48254956054675,48,94,89.8560416666667,0.929710765982978
"22","2023-10-23T04:00:00Z",1.54849792446985,FALSE,FALSE,1.45457919244634,66,87,88.8536734693878,0.939348493440401
"22","2023-10-23T05:00:00Z",1.5514078595778,FALSE,FALSE,1.45066661421769,66,85,89.8497959183673,0.93506462872534
"22","2023-10-23T06:00:00Z",1.51589272283704,FALSE,FALSE,1.48451152183055,60,87,90.38,0.979298534432064
"22","2023-10-23T07:00:00Z",1.36297419578557,FALSE,FALSE,1.30899492199247,60,78,91.8022916666667,0.960395967906059
"22","2023-10-23T08:00:00Z",1.03132154878902,FALSE,FALSE,1.19492757869827,12,84,92.4836956521739,1.15863726507156
"22","2023-10-23T09:00:00Z",1.43117612292677,FALSE,FALSE,1.40289082193354,60,85,94.1559183673469,0.98023632413921
"22","2023-10-23T10:00:00Z",1.2688539523935,FALSE,FALSE,1.29717028060506,54,78,95.3102173913043,1.02231645979282
"22","2023-10-23T11:00:00Z",1.01929799387438,FALSE,FALSE,1.09997876787687,42,67,96.5459574468085,1.07915327459423
"22","2023-10-23T12:00:00Z",1.30831638402523,FALSE,FALSE,1.23961371310391,84,67,96.8229166666667,0.947487724100837
"22","2023-10-23T13:00:00Z",1.37929483804505,FALSE,FALSE,1.26513906323995,96,68,95.8808163265306,0.917236132800369
"22","2023-10-23T14:00:00Z",1.39378957799786,FALSE,FALSE,1.21941043518851,102,75,90.366170212766,0.874888472720652
"22","2023-10-23T15:00:00Z",1.40651274242795,FALSE,FALSE,1.22073407633647,96,74,85.605625,0.867915404896519
"22","2023-10-23T16:00:00Z",0.976705505278246,FALSE,FALSE,0.852218109334163,90,54,82.5653191489362,0.872543570941972
"22","2023-10-23T18:00:00Z",1.27055403437221,FALSE,FALSE,1.14127146618526,78,72,77.789375,0.898247091670662
"22","2023-10-23T19:00:00Z",1.39054645325587,FALSE,FALSE,1.25778412950345,84,76,79.28,0.904525071103113
"22","2023-10-23T20:00:00Z",1.68926347027343,FALSE,FALSE,1.46690709291454,102,88,80.5370833333333,0.86837081291831
"22","2023-10-23T21:00:00Z",1.43004366524817,FALSE,FALSE,1.33801904877501,78,80,81.1389583333333,0.93564908631151
"22","2023-10-23T22:00:00Z",1.54697550173546,FALSE,FALSE,1.63844353201888,36,106,84.079387755102,1.05912700632997
"22","2023-10-23T23:00:00Z",1.5795485575311,FALSE,FALSE,1.68184015624957,48,100,86.0065306122449,1.06476002160919
"22","2023-10-24T00:00:00Z",1.48534640001501,FALSE,FALSE,1.57977544720946,30,103,87.0867346938775,1.06357375437372
"22","2023-10-24T01:00:00Z",1.35277855339822,FALSE,FALSE,1.46401614402341,30,96,89.5304081632653,1.0822289726177
"22","2023-10-24T02:00:00Z",1.22447756504824,FALSE,FALSE,1.34872491309331,36,86,92.429375,1.10146968110451
"22","2023-10-24T03:00:00Z",1.15251328804761,FALSE,FALSE,1.25632244943531,12,91,93.9145833333333,1.09007198655692
"22","2023-10-24T04:00:00Z",1.07690428047102,FALSE,FALSE,1.20981592466987,6,90,94.3222448979592,1.12342010948338
"22","2023-10-24T05:00:00Z",1.20842413707324,FALSE,FALSE,1.26474397977886,72,71,96.4342553191489,1.04660602265197
"22","2023-10-24T06:00:00Z",1.03101818599309,FALSE,FALSE,1.10810284703643,48,67,96.3660869565217,1.07476556872669
"22","2023-10-24T07:00:00Z",0.987159488007802,FALSE,FALSE,1.13637215381633,12,80,96.0321739130435,1.15115355484214
"22","2023-10-24T08:00:00Z",1.01876118049029,FALSE,FALSE,1.17629547924173,24,76,96.19625,1.15463319742476
"22","2023-10-24T09:00:00Z",1.0368625047445,FALSE,FALSE,1.09349998600751,30,72,96.79875,1.05462390722381
"22","2023-10-24T10:00:00Z",0.855490888235746,FALSE,FALSE,0.865986943292813,48,53,97.1377083333333,1.01226904365833
"22","2023-10-24T11:00:00Z",1.13620950985923,FALSE,FALSE,0.878360218917513,150,48,97.7202083333333,0.773061844048761
"22","2023-10-24T12:00:00Z",1.23282615804553,FALSE,FALSE,1.10224376954249,90,64,97.5726086956522,0.894078830457284
"22","2023-10-24T13:00:00Z",1.18889983716051,FALSE,FALSE,1.0091344506689,120,56,96.4951063829787,0.848796861709602
"22","2023-10-24T14:00:00Z",1.16942305950645,FALSE,FALSE,1.09521903075782,78,65,88.8564583333333,0.936546463535668
"22","2023-10-24T15:00:00Z",1.48407507025189,FALSE,FALSE,1.39339256155553,78,80,83.3748979591837,0.938896279228673
"22","2023-10-24T16:00:00Z",0.960483612411781,FALSE,FALSE,0.867470874164607,96,51,80.80875,0.90316051513506
"22","2023-10-24T17:00:00Z",0.883887006596809,FALSE,FALSE,0.861016358247001,54,54,77.0791489361702,0.9741249184804
"22","2023-10-24T18:00:00Z",1.24059294745919,FALSE,FALSE,1.11043593086867,78,70,78.4958333333333,0.895084832734953
"22","2023-10-24T19:00:00Z",1.35833599604304,FALSE,FALSE,1.24508649830695,84,74,75.3108510638298,0.916626300071563
"22","2023-10-24T20:00:00Z",1.67682357777683,FALSE,FALSE,1.37200792145895,72,282,76.2595918367347,0.818218409880656
"22","2023-10-24T21:00:00Z",1.47071532923998,FALSE,FALSE,1.44821037012714,66,87,79.809387755102,0.984697950265827
"22","2023-10-24T22:00:00Z",1.30085664110246,FALSE,FALSE,1.47455770661024,36,93,81.2820408163265,1.13352821519255
"22","2023-10-24T23:00:00Z",1.46792016728152,FALSE,FALSE,1.62244483545156,54,92,83.5165306122449,1.10526776020539
"22","2023-10-25T00:00:00Z",1.65231646922272,FALSE,FALSE,1.48834477902648,96,84,84.5517021276596,0.90076253959184
"22","2023-10-25T01:00:00Z",1.46872202489952,FALSE,FALSE,1.44725417703862,66,86,87.189387755102,0.985383314543565
"22","2023-10-25T02:00:00Z",1.45357569630424,FALSE,FALSE,1.39048540386571,66,81,89.4648936170213,0.95659648644447
"22","2023-10-25T03:00:00Z",1.37614607240386,FALSE,FALSE,1.30213457062693,78,72,90.9871428571429,0.946218280703554
"22","2023-10-25T04:00:00Z",1.33228800982506,FALSE,FALSE,1.42597645380325,48,86,92.4938775510204,1.07032146449362
"22","2023-10-25T05:00:00Z",1.35748177194587,FALSE,FALSE,1.40248041510469,54,84,92.83,1.03314861686453
"22","2023-10-25T06:00:00Z",1.33451507199469,FALSE,FALSE,1.37877424713827,60,79,93.5382142857143,1.0331649870971
"22","2023-10-25T07:00:00Z",1.35552504255242,FALSE,FALSE,1.41654449971415,60,82,93.958125,1.04501536692146
"22","2023-10-25T08:00:00Z",1.27632602824092,FALSE,FALSE,1.32195441700318,78,72,94.095,1.03574979100375
"22","2023-10-25T09:00:00Z",1.28969530981326,FALSE,FALSE,1.22073537092606,90,66,95.1372340425532,0.946530053755731
"22","2023-10-25T10:00:00Z",1.20307227441828,FALSE,FALSE,1.27984717541642,54,76,95.3344680851064,1.06381570137609
"22","2023-10-25T11:00:00Z",1.30097210360477,FALSE,FALSE,1.32003857193939,72,72,95.5993333333333,1.01465555508976
"22","2023-10-25T12:00:00Z",1.45447973845087,FALSE,FALSE,1.37129724654361,96,75,93.9710638297872,0.942809452955425
"22","2023-10-25T13:00:00Z",2.23856713038888,FALSE,FALSE,1.47590014171084,132,287,89.1455319148936,0.659305732526524
"22","2023-10-25T14:00:00Z",1.3014839889484,FALSE,FALSE,1.10600221486358,108,64,84.9522916666667,0.8498008613669
"22","2023-10-25T15:00:00Z",1.08283569582642,FALSE,FALSE,0.958330477074424,96,57,78.1678723404255,0.885019288492354
"22","2023-10-25T16:00:00Z",1.10479756897609,FALSE,FALSE,0.991326229708946,96,57,73.7322916666667,0.897292189579754
"22","2023-10-25T17:00:00Z",0.963850943550622,FALSE,FALSE,0.860852018544768,90,52,65.2020833333333,0.893138118819049
"22","2023-10-25T18:00:00Z",1.37705506121565,FALSE,FALSE,1.30965615054231,54,85,65.3954166666667,0.95105576198686
"22","2023-10-25T19:00:00Z",1.3312654832873,FALSE,FALSE,1.21902590772428,84,71,69.0269565217391,0.915689562320912
"22","2023-10-25T20:00:00Z",1.65648748723675,FALSE,FALSE,1.53354585860647,78,96,72.3739583333333,0.925781734195066
"22","2023-10-25T21:00:00Z",1.62629800919575,FALSE,FALSE,1.50364925682731,84,92,73.84125,0.924584085035502
"22","2023-10-25T22:00:00Z",1.62110478440762,FALSE,FALSE,1.44029750981974,102,84,74.3769387755102,0.888466633170815
"22","2023-10-25T23:00:00Z",1.69520981593134,FALSE,FALSE,1.60129356490225,84,95,75.4593617021277,0.944599040103188
"22","2023-10-26T00:00:00Z",1.71044587243677,FALSE,FALSE,1.50981934705786,108,84,76.78125,0.882705130508993
"22","2023-10-26T01:00:00Z",1.69345083250418,FALSE,FALSE,1.52858130483025,90,91,78.1093333333333,0.902642861245558
"22","2023-10-26T02:00:00Z",1.72008395001247,FALSE,FALSE,1.64641458811945,90,90,77.4620833333333,0.957171066044485
"22","2023-10-26T03:00:00Z",1.7227214739493,FALSE,FALSE,1.66585515276818,66,102,79.8091836734694,0.96699041485171
"22","2023-10-26T04:00:00Z",1.59675742059912,FALSE,FALSE,1.66715342255257,72,92,82.0176595744681,1.04408684816197
"22","2023-10-26T05:00:00Z",1.66628381536896,FALSE,FALSE,1.6393077883097,60,99,85.0372916666667,0.983810664899673
"22","2023-10-26T07:00:00Z",1.72012466959746,FALSE,FALSE,1.42586469670419,126,81,82.6739130434783,0.82893101988815
"22","2023-10-26T09:00:00Z",1.5681720503124,FALSE,FALSE,1.47640763922832,78,86,82.528125,0.941483199457738
"22","2023-10-26T10:00:00Z",1.52020459947016,FALSE,FALSE,1.46633958209539,84,80,82.5972340425532,0.964567257990439
"22","2023-10-26T11:00:00Z",1.581027537192,FALSE,FALSE,1.45882803746844,84,84,80.691914893617,0.922708810030848
"22","2023-10-26T12:00:00Z",1.62864870504301,FALSE,FALSE,1.51021977579464,96,81,80.778125,0.927283932451689
"22","2023-10-26T13:00:00Z",1.58505624011278,FALSE,FALSE,1.44453096587688,90,85,80.0012765957447,0.911343666754749
"22","2023-10-26T14:00:00Z",1.45633725033637,FALSE,FALSE,1.27273489313065,96,75,80.779387755102,0.873928681585733
"22","2023-10-26T15:00:00Z",1.0683969001062,FALSE,FALSE,0.979880991040536,78,58,70.1236170212766,0.917150724551086
"22","2023-10-26T17:00:00Z",1.4716654028139,FALSE,FALSE,1.32200208506154,78,85,63.14125,0.898303434010069
"22","2023-10-26T18:00:00Z",1.11058502454878,FALSE,FALSE,1.06263236599767,60,69,64.5891666666667,0.956822163552409
"22","2023-10-26T19:00:00Z",1.53192353697778,FALSE,FALSE,1.43929336360502,72,92,66.6841666666667,0.939533422434715
"22","2023-10-26T20:00:00Z",1.50888958047636,FALSE,FALSE,1.38116798764835,72,89,68.2051063829787,0.915353916893184
"22","2023-10-26T21:00:00Z",1.63168014528832,FALSE,FALSE,1.57672958280657,54,104,71.3922916666667,0.966322711813078
"22","2023-10-26T22:00:00Z",1.70192725784938,FALSE,FALSE,1.67990285123663,72,94,76.3477083333333,0.987059137509445
"22","2023-10-26T23:00:00Z",1.85194176165282,FALSE,FALSE,1.6988971724335,84,102,78.1232653061224,0.917359934103578
"22","2023-10-27T00:00:00Z",1.67324384690068,FALSE,FALSE,1.67333891502041,48,107,78.4427659574468,1.0000568166558
"22","2023-10-27T01:00:00Z",1.69499853468549,FALSE,FALSE,1.64290209546255,78,95,78.6926530612245,0.969264611056078
"22","2023-10-27T02:00:00Z",1.69553932809212,FALSE,FALSE,1.69683934537771,66,101,80.8083673469388,1.00076672788655
"22","2023-10-27T03:00:00Z",1.70542687796648,FALSE,FALSE,1.50692109932002,78,97,78.4765217391304,0.883603465378034
"22","2023-10-27T04:00:00Z",1.7977972007831,FALSE,FALSE,1.64151092378282,84,97,78.0810638297872,0.913067905027214
"22","2023-10-27T05:00:00Z",1.69193509341138,FALSE,FALSE,1.55148225103933,84,94,79.0023404255319,0.916986861423354
"22","2023-10-27T06:00:00Z",1.82397169912697,FALSE,FALSE,1.7084007489981,84,97,79.8223404255319,0.936637750364113
"22","2023-10-27T07:00:00Z",1.77633391284129,FALSE,FALSE,1.68360595706158,84,96,80.9391489361702,0.947798127869216
"22","2023-10-27T08:00:00Z",1.83342313072457,FALSE,FALSE,1.7390571367431,66,110,81.639375,0.948530160659542
"22","2023-10-27T09:00:00Z",1.8070300928921,FALSE,FALSE,1.8470042715286,42,118,83.1161224489796,1.02212147921262
"22","2023-10-27T10:00:00Z",1.79403119655703,FALSE,FALSE,1.71836159314291,84,94,85.1822448979592,0.957821467341628
"22","2023-10-27T11:00:00Z",1.80196631893421,FALSE,FALSE,1.66710463234471,84,93,86.19625,0.925158597487397
"22","2023-10-27T12:00:00Z",1.54429762175609,FALSE,FALSE,1.52952269471757,78,85,86.3455102040816,0.990432590952433
"22","2023-10-27T13:00:00Z",1.65584460383018,FALSE,FALSE,1.58068962230118,78,90,86.4763265306122,0.954612297944412
"22","2023-10-27T14:00:00Z",1.43145027792577,FALSE,FALSE,1.30935169326072,84,79,81.8987755102041,0.91470288102359
"22","2023-10-27T15:00:00Z",1.316567429149,FALSE,FALSE,1.19215164363905,78,75,71.0325531914894,0.905499875847324
"22","2023-10-27T16:00:00Z",1.06629565754814,FALSE,FALSE,1.0027949330448,72,62,64.4944680851064,0.940447357115423
"22","2023-10-27T17:00:00Z",1.19885159788284,FALSE,FALSE,1.08703626832646,72,73,60.978125,0.906731300392941
"22","2023-10-27T18:00:00Z",1.39572309654432,FALSE,FALSE,1.27452189861278,66,86,59.480625,0.913162432984287
"22","2023-10-27T19:00:00Z",1.50935749306368,FALSE,FALSE,1.34486649774762,84,86,60.0963829787234,0.891019194543381
"22","2023-10-27T20:00:00Z",1.71416256719959,FALSE,FALSE,1.55819425888968,72,101,63.2189795918367,0.909011950619883
"22","2023-10-27T21:00:00Z",1.72286750238551,FALSE,FALSE,1.69498240190601,6,126,68.1766666666667,0.983814715617487
"22","2023-10-27T22:00:00Z",1.48768168138308,FALSE,FALSE,1.64239083236019,24,114,73.5297959183673,1.10399345028789
"22","2023-10-27T23:00:00Z",1.92098372069131,FALSE,FALSE,1.82026554989021,66,113,76.4314893617021,0.947569482387467
"22","2023-10-28T00:00:00Z",1.90112525773764,FALSE,FALSE,1.82572966821167,42,330,75.6148979591837,0.960341598104012
"22","2023-10-28T01:00:00Z",1.79676814846062,FALSE,FALSE,1.71529953085675,78,102,76.6875,0.954658246989929
"22","2023-10-28T02:00:00Z",1.88415958496401,FALSE,FALSE,1.82533308564559,78,103,78.0352083333333,0.968778388100528
"22","2023-10-28T03:00:00Z",1.7740364171997,FALSE,FALSE,1.77005356034153,72,103,79.540625,0.997754918208243
"22","2023-10-28T04:00:00Z",1.70581677473928,FALSE,FALSE,1.70271451092086,66,101,80.2876595744681,0.998181361641905
"22","2023-10-28T05:00:00Z",1.68897365432732,FALSE,FALSE,1.73451538684994,66,101,81.139387755102,1.0269641461878
"22","2023-10-28T06:00:00Z",1.29116696977329,FALSE,FALSE,1.40479663467126,30,94,83.6073469387755,1.088005399424
"22","2023-10-28T07:00:00Z",1.61428317874385,FALSE,FALSE,1.73421613207404,42,109,87.5291836734694,1.07429486654473
"22","2023-10-28T08:00:00Z",1.73766581997224,FALSE,FALSE,1.75479638778873,66,101,88.7365957446809,1.00985837876281
"22","2023-10-28T09:00:00Z",1.54635342706345,FALSE,FALSE,1.59404338668907,42,102,89.0528571428571,1.03084027156468
"22","2023-10-28T10:00:00Z",1.59881044444991,FALSE,FALSE,1.60933921501337,42,105,88.6157446808511,1.00658537764749
"22","2023-10-28T11:00:00Z",1.4249074317232,FALSE,FALSE,1.39417359692222,0,103,90.7136734693878,0.978430995504166
"22","2023-10-28T12:00:00Z",1.68857860037681,FALSE,FALSE,1.72201321551736,66,100,92.1854347826087,1.01980044940348
"22","2023-10-28T13:00:00Z",1.57642726480475,FALSE,FALSE,1.4113090286754,96,83,89.1541304347826,0.895257941919826
"22","2023-10-28T14:00:00Z",1.3182954001546,FALSE,FALSE,1.18245240131226,90,75,82.3795833333333,0.896955569422137
"22","2023-10-28T15:00:00Z",1.30449638827391,FALSE,FALSE,1.14859461544344,102,68,77.4882978723404,0.880488919531036
"22","2023-10-28T16:00:00Z",1.198365729998,FALSE,FALSE,1.05631706209587,84,69,73.7942553191489,0.881464677813868
"22","2023-10-28T17:00:00Z",1.31853205032826,FALSE,FALSE,1.16899363067792,90,77,68.8858333333333,0.886587193983559
"22","2023-10-28T18:00:00Z",1.19062588558713,FALSE,FALSE,1.04712514765799,84,69,69.3157446808511,0.879474535480662
"22","2023-10-28T19:00:00Z",1.64386760404803,FALSE,FALSE,1.47343777479337,90,92,70.0008163265306,0.896323871317268
"22","2023-10-28T20:00:00Z",2.51784004847632,FALSE,FALSE,1.92253486350416,126,307,76.941914893617,0.763565129829274
"22","2023-10-28T21:00:00Z",1.59009412552255,FALSE,FALSE,1.44502687892267,90,84,74.2828571428571,0.908768138771525
"22","2023-10-28T22:00:00Z",1.24962645513404,FALSE,FALSE,1.28863860280002,48,81,72.5963829787234,1.03121904750471
"22","2023-10-28T23:00:00Z",1.52161701861669,FALSE,FALSE,1.63932894734068,42,104,71.1358333333333,1.07735976088846
"22","2023-10-29T00:00:00Z",1.32939151398768,FALSE,FALSE,1.49932653344808,36,97,73.6147916666667,1.12782917422924
"22","2023-10-29T01:00:00Z",1.38554666526757,FALSE,FALSE,1.52973477091911,36,98,75.8524489795918,1.10406586026007
"22","2023-10-29T02:00:00Z",1.39131993943599,FALSE,FALSE,1.56923837894383,18,109,79.0765306122449,1.12787744534155
"22","2023-10-29T03:00:00Z",1.42646295192215,FALSE,FALSE,1.59306845527804,42,97,80.4948979591837,1.11679623584432
"22","2023-10-29T04:00:00Z",1.39881542599474,FALSE,FALSE,1.4976767310453,48,91,79.3435416666667,1.07067501774243
"22","2023-10-29T05:00:00Z",1.24498340282434,FALSE,FALSE,1.39876784737523,18,99,82.5834693877551,1.12352328890652
"22","2023-10-29T06:00:00Z",1.31334667725024,FALSE,FALSE,1.44221077789188,30,97,85.6595918367347,1.09811887666358
"22","2023-10-29T07:00:00Z",1.6805623964332,FALSE,FALSE,1.80077681589871,54,108,84.9795918367347,1.07153225594042
"22","2023-10-29T08:00:00Z",1.22152294981492,FALSE,FALSE,1.42353743727026,18,96,84.4052083333333,1.16537919937235
"22","2023-10-29T09:00:00Z",1.44500897138133,FALSE,FALSE,1.56987336143031,30,103,83.3140816326531,1.08641080610705
"22","2023-10-29T10:00:00Z",1.35768507084004,FALSE,FALSE,1.49905029504745,36,93,82.7135416666667,1.10412224988225
"22","2023-10-29T11:00:00Z",1.27857503615059,FALSE,FALSE,1.37913367002629,36,87,83.8024489795918,1.07864898893885
"22","2023-10-29T12:00:00Z",1.47231637822731,FALSE,FALSE,1.51176569046323,48,91,81.8044897959184,1.0267940456408
"22","2023-10-29T13:00:00Z",1.55814303425728,FALSE,FALSE,1.53623122911691,48,92,77.2681632653061,0.985937231269134
"22","2023-10-29T14:00:00Z",1.25459100664812,FALSE,FALSE,1.28745016263375,12,91,83.120612244898,1.02619112986742
"22","2023-10-29T15:00:00Z",1.14575802596168,FALSE,FALSE,1.23107737366113,18,88,92.6665306122449,1.07446541570402
"22","2023-10-30T04:00:00Z",0.692047969369407,FALSE,FALSE,0.391173575148241,0,128,98.9689583333333,0.565240550455885
"22","2023-10-31T15:00:00Z",0.588954688254005,FALSE,FALSE,0.518853141977209,18,40,93.7057142857143,0.880972937859418
"22","2023-10-31T18:00:00Z",0.867873205402236,FALSE,FALSE,0.857122718374281,12,63,79.9165957446808,0.987612836804919
"22","2023-10-31T19:00:00Z",0.97897540759842,FALSE,FALSE,0.941864452977547,48,59,78.1329166666667,0.962092046099593
"22","2023-10-31T20:00:00Z",0.968917854655266,FALSE,FALSE,0.939501486443929,24,62,78.8978260869565,0.969639977145635
"22","2023-10-31T21:00:00Z",1.25714191108936,FALSE,FALSE,1.18935884357215,42,77,86.0516666666667,0.946081610262698
"22","2023-10-31T22:00:00Z",1.28564235926006,FALSE,FALSE,1.23829899908784,54,76,88.8360416666667,0.963175326457453
"22","2023-10-31T23:00:00Z",1.20442114925263,FALSE,FALSE,1.13353387678259,60,70,90.05375,0.941144115151058
"22","2023-11-01T00:00:00Z",1.23309918068167,FALSE,FALSE,1.16883460747474,54,73,90.4234042553192,0.947883694828667
"22","2023-11-01T01:00:00Z",1.19346872067951,FALSE,FALSE,1.06138026491989,84,63,90.3017021276596,0.889323906466174
"22","2023-11-01T02:00:00Z",1.15142137987534,FALSE,FALSE,1.05306435934374,36,71,87.0495833333333,0.914577736482329
"22","2023-11-01T03:00:00Z",1.16432005389588,FALSE,FALSE,1.07021427060578,42,70,85.3927083333333,0.919175330721808
"22","2023-11-01T04:00:00Z",1.2551452482237,FALSE,FALSE,1.20196885000915,36,78,87.9440425531915,0.957633271296846
"24","2023-10-03T22:00:00Z",3.16229934771931,FALSE,FALSE,3.7682566457993,0,320,79.3869387755102,1.19161920850947
"24","2023-10-03T23:00:00Z",3.98441002239668,FALSE,FALSE,4.6859577678777,18,332,87.5391666666667,1.1760731806058
"24","2023-10-04T00:00:00Z",3.67623069837454,FALSE,FALSE,4.39990348438588,0,371,90.4079591836735,1.19685184238609
"24","2023-10-04T01:00:00Z",4.01893743761959,FALSE,FALSE,4.12237747944526,60,251,92.53,1.02573815677184
"24","2023-10-04T02:00:00Z",3.80667622885119,FALSE,FALSE,3.80612314967773,72,226,94.0222916666667,0.999854708112743
"24","2023-10-04T03:00:00Z",3.94123629590533,FALSE,FALSE,4.00475738278922,66,238,94.924693877551,1.01611704605225
"24","2023-10-04T04:00:00Z",3.40795357526503,FALSE,FALSE,3.7725393422702,24,269,95.3465306122449,1.1069808490501
"24","2023-10-04T05:00:00Z",3.53238298831207,FALSE,FALSE,3.51754311692658,78,200,96.1336734693878,0.995798906450803
"24","2023-10-04T06:00:00Z",3.68087304251451,FALSE,FALSE,3.65756252849323,78,211,94.4732653061224,0.993667123600286
"24","2023-10-04T07:00:00Z",3.68925518261434,FALSE,FALSE,3.79555486021651,60,234,92.871875,1.02881331660198
"24","2023-10-04T08:00:00Z",3.38777544559105,FALSE,FALSE,3.68348471378799,24,260,93.5324489795918,1.08728715139068
"24","2023-10-04T10:00:00Z",2.95786893578192,FALSE,FALSE,3.05213769747301,48,198,95.28,1.03187049992334
"24","2023-10-04T11:00:00Z",2.84317487150029,FALSE,FALSE,2.95556705134981,18,209,95.6938775510204,1.03953051955268
"24","2023-10-04T12:00:00Z",3.6336538135333,FALSE,FALSE,3.40798493684048,78,200,96.1569387755102,0.937894778018663
"24","2023-10-04T13:00:00Z",3.73388834528017,FALSE,FALSE,3.86936146609456,60,235,95.729387755102,1.03628204924382
"24","2023-10-04T14:00:00Z",2.9180109270832,FALSE,FALSE,3.08251271022577,6,267,89.0297826086957,1.05637462890072
"24","2023-10-04T15:00:00Z",3.1556396198021,FALSE,FALSE,3.37338284769258,48,219,81.2527083333333,1.06900129739914
"24","2023-10-04T16:00:00Z",3.46505802014683,FALSE,FALSE,3.79089122124545,18,292,66.6816326530612,1.09403398130829
"24","2023-10-04T17:00:00Z",2.97968430313071,FALSE,FALSE,3.22278478004563,6,264,65.68625,1.08158598434724
"24","2023-10-04T18:00:00Z",2.90183183763819,FALSE,FALSE,3.20392862611324,0,266,64.3370212765957,1.10410554621281
"24","2023-10-04T19:00:00Z",3.90745444436917,FALSE,FALSE,4.34149596905608,42,295,63.3055102040816,1.11108038004445
"24","2023-10-04T20:00:00Z",4.19667093642746,FALSE,FALSE,4.55631742485685,24,329,73.4804081632653,1.08569804349148
"24","2023-10-04T21:00:00Z",4.28289295595279,FALSE,FALSE,4.60761602364522,24,331,76.8316326530612,1.07581862797694
"24","2023-10-04T22:00:00Z",4.09277724550057,FALSE,FALSE,4.76927690467994,12,354,83.2526530612245,1.16529110151868
"24","2023-10-04T23:00:00Z",4.07941592058098,FALSE,FALSE,4.62131837992236,18,330,87.4952083333333,1.1328382469185
"24","2023-10-05T00:00:00Z",3.9239663341967,FALSE,FALSE,4.54300381798642,12,320,90.145,1.15775810266131
"24","2023-10-05T01:00:00Z",4.43835695339653,FALSE,FALSE,4.49863558961516,18,315,91.3808163265306,1.01358129525218
"24","2023-10-05T02:00:00Z",4.24167197519131,FALSE,FALSE,4.29432956355498,60,262,92.495918367347,1.01241434714227
"24","2023-10-05T03:00:00Z",4.04917986229146,FALSE,FALSE,4.01635038060168,66,244,93.8942553191489,0.99189231330633
"24","2023-10-05T04:00:00Z",3.85587338245741,FALSE,FALSE,3.93710332976532,54,244,95.1471428571429,1.02106654945608
"24","2023-10-05T05:00:00Z",3.89366658791644,FALSE,FALSE,3.95147901476715,54,245,95.4004166666667,1.01484781132265
"24","2023-10-05T06:00:00Z",3.47805138480832,FALSE,FALSE,3.58470802361933,42,233,95.8835416666667,1.03066563055304
"24","2023-10-05T07:00:00Z",3.43872086996025,FALSE,FALSE,3.40342321345538,72,201,96.294375,0.98973523649063
"24","2023-10-05T08:00:00Z",3.28047308541596,FALSE,FALSE,3.19109746759282,66,196,96.6744897959184,0.972755265629071
"24","2023-10-05T09:00:00Z",3.35346510227897,FALSE,FALSE,3.00576104573387,96,167,97.1491836734694,0.896314991824783
"24","2023-10-05T10:00:00Z",3.21510737323986,FALSE,FALSE,3.03328235537955,90,170,96.7814285714286,0.943446673235959
"24","2023-10-05T11:00:00Z",3.80676048496939,FALSE,FALSE,3.57970171524499,84,201,97.51,0.940353807227716
"24","2023-10-05T12:00:00Z",3.31008910406375,FALSE,FALSE,3.03214642474128,96,169,97.6520408163265,0.916031662416204
"24","2023-10-05T13:00:00Z",3.11994061041176,FALSE,FALSE,3.26004392968803,66,192,96.1326530612245,1.04490576481126
"24","2023-10-05T14:00:00Z",2.5270219410052,FALSE,FALSE,2.78737598626459,6,225,87.8846666666667,1.10302801136575
"24","2023-10-05T15:00:00Z",3.31959424890865,FALSE,FALSE,3.30893817520328,60,206,78.7487755102041,0.996789946931356
"24","2023-10-05T16:00:00Z",2.72636224785429,FALSE,FALSE,3.17952206352154,0,259,62.5602083333333,1.16621408839705
"24","2023-10-05T17:00:00Z",2.88176860833767,FALSE,FALSE,3.12529495071174,36,212,58.2822222222222,1.08450586270857
"24","2023-10-05T18:00:00Z",2.77597915178435,FALSE,FALSE,3.12887923184034,30,217,60.4295833333333,1.12712634380887
"24","2023-10-05T19:00:00Z",3.07976190903248,FALSE,FALSE,3.48076451458949,12,267,60.8630612244898,1.13020571635129
"24","2023-10-05T20:00:00Z",3.05472637269256,FALSE,FALSE,3.71321349659687,30,261,66.0520408163265,1.21556337411782
"24","2023-10-05T21:00:00Z",3.20025497850943,FALSE,FALSE,3.52303532000082,24,258,69.575306122449,1.10086082004683
"24","2023-10-05T22:00:00Z",3.36588642274167,FALSE,FALSE,3.85317538986058,18,273,75.463125,1.14477284908562
"24","2023-10-05T23:00:00Z",2.99603776255023,FALSE,FALSE,3.27531084402064,36,217,81.0723404255319,1.09321413934139
"24","2023-10-06T00:00:00Z",2.64382183039418,FALSE,FALSE,2.91184238077774,42,185,82.5406382978723,1.10137617720767
"24","2023-10-06T01:00:00Z",2.87883711296272,FALSE,FALSE,3.03089700982107,60,178,83.67,1.05281990293013
"24","2023-10-06T02:00:00Z",2.75216640924591,FALSE,FALSE,2.95728128724425,54,176,87.9052083333333,1.07452851590269
"24","2023-10-06T03:00:00Z",2.71871229549464,FALSE,FALSE,2.88979590109029,36,188,90.656875,1.06292817591591
"24","2023-10-06T04:00:00Z",2.92216635477604,FALSE,FALSE,2.66162589571779,84,155,93.0960416666667,0.910839963429043
"24","2023-10-06T05:00:00Z",3.28050456432979,FALSE,FALSE,2.67831923950835,126,147,94.2887234042553,0.816435151052908
"24","2023-10-06T06:00:00Z",3.46180934246957,FALSE,FALSE,3.20610140092743,84,189,94.0289795918367,0.92613459718734
"24","2023-10-06T07:00:00Z",3.48123920224877,FALSE,FALSE,3.20814599782485,90,182,94.8604347826087,0.921552875697967
"24","2023-10-06T08:00:00Z",3.27276147829039,FALSE,FALSE,3.12532075814516,78,182,94.1087234042553,0.954949139702583
"24","2023-10-06T09:00:00Z",3.12507768867775,FALSE,FALSE,3.05419215941296,66,190,94.4334693877551,0.977317194538361
"24","2023-10-06T10:00:00Z",3.27768851427909,FALSE,FALSE,2.94690939131053,96,165,95.1641666666667,0.899081587061267
"24","2023-10-06T11:00:00Z",3.12854544093999,FALSE,FALSE,2.76330147943367,96,156,96.0097872340425,0.883254385016513
"24","2023-10-06T12:00:00Z",3.44572536317876,FALSE,FALSE,3.09651942599222,102,166,96.355,0.898655319162062
"24","2023-10-06T13:00:00Z",3.50407620889048,FALSE,FALSE,3.12517153017173,108,172,95.3475,0.891867454892277
"24","2023-10-06T14:00:00Z",3.55681181819827,FALSE,FALSE,3.29481251287582,84,193,93.1402040816326,0.926338721665864
"24","2023-10-06T15:00:00Z",3.28446806034498,FALSE,FALSE,3.37092046859188,60,206,89.01625,1.02632158591849
"24","2023-10-06T16:00:00Z",3.32474582255982,FALSE,FALSE,3.40938554854871,66,203,92.2789795918367,1.02545750277046
"24","2023-10-06T17:00:00Z",3.410027398395,FALSE,FALSE,3.49493563846353,60,213,92.9216666666667,1.02489957708507
"24","2023-10-06T18:00:00Z",3.42792168938827,FALSE,FALSE,3.64879357544152,54,223,93.298125,1.06443317732053
"24","2023-10-06T19:00:00Z",3.59542240198817,FALSE,FALSE,3.66640161304846,66,220,92.7169387755102,1.0197415499834
"24","2023-10-06T20:00:00Z",3.55479131447095,FALSE,FALSE,3.84480590028059,48,245,91.37,1.08158413818247
"24","2023-10-06T21:00:00Z",3.67272421795753,FALSE,FALSE,4.01577925361914,54,245,92.1783333333333,1.09340615175631
"24","2023-10-06T22:00:00Z",3.37859605620595,FALSE,FALSE,3.87145679146359,48,241,93.8770833333333,1.1458773783721
