"system","ratio","hm"
"Fluxbot 2.0",1,FALSE
"Fluxbot 2.0",1,FALSE
"Fluxbot 2.0",1.00791347354439,TRUE
"Fluxbot 2.0",1,FALSE
"Fluxbot 2.0",1.00477052593131,TRUE
"Fluxbot 2.0",1.15563084112764,TRUE
"Fluxbot 2.0",1.08540264660941,TRUE
"Fluxbot 2.0",1.44167432870983,TRUE
"Fluxbot 2.0",1.50277744710357,TRUE
"Fluxbot 2.0",1.21994831622724,TRUE
"Fluxbot 2.0",1.07512316738214,TRUE
"Fluxbot 2.0",1.26900265445,TRUE
"Fluxbot 2.0",1.11053063481887,TRUE
"Fluxbot 2.0",1.17136442671569,TRUE
"Fluxbot 2.0",1,FALSE
"Fluxbot 2.0",1.40460808306628,TRUE
"Fluxbot 2.0",1.36832760637394,TRUE
"Fluxbot 2.0",1.7275947952355,TRUE
"Fluxbot 2.0",1.068254509937,TRUE
"Fluxbot 2.0",1.18304128817837,TRUE
"Fluxbot 2.0",1,FALSE
"Fluxbot 2.0",1,FALSE
"Fluxbot 2.0",1.07441645518093,TRUE
"Fluxbot 2.0",1.14144944532239,TRUE
"Fluxbot 2.0",1.15629910122376,TRUE
"Fluxbot 2.0",1.04672415231421,TRUE
"Fluxbot 2.0",1.01517047525355,TRUE
"Fluxbot 2.0",1.01502442462644,TRUE
"Fluxbot 2.0",1.131312317577,TRUE
"Fluxbot 2.0",1.05636248415652,TRUE
"Fluxbot 2.0",1.06071402862873,TRUE
"Fluxbot 2.0",1.08622588409339,TRUE
"Fluxbot 2.0",1.14334404026033,TRUE
"Fluxbot 2.0",1.37221630628662,TRUE
"Fluxbot 2.0",1.20468147443707,TRUE
"Fluxbot 2.0",1.08355587995255,TRUE
"Fluxbot 2.0",1,FALSE
"Fluxbot 2.0",1.09325359404532,TRUE
"Fluxbot 2.0",1.20632873899014,TRUE
"Fluxbot 2.0",1.01157342576854,TRUE
"Fluxbot 2.0",1.01424689593149,TRUE
"Fluxbot 2.0",1.01854590062612,TRUE
"Fluxbot 2.0",1,FALSE
"Fluxbot 2.0",1,FALSE
"Fluxbot 2.0",1,FALSE
"Fluxbot 2.0",1.06757320967567,TRUE
"Fluxbot 2.0",1.43394881467187,TRUE
"Fluxbot 2.0",1.5185917537435,TRUE
"Fluxbot 2.0",1.09177161986906,TRUE
"Fluxbot 2.0",1.45595066497152,TRUE
"Fluxbot 2.0",1.41110875817481,TRUE
"Fluxbot 2.0",1.30209034588633,TRUE
"Fluxbot 2.0",1.50960583002324,TRUE
"Fluxbot 2.0",1.49013049654483,TRUE
"Fluxbot 2.0",1.24486087121478,TRUE
"Fluxbot 2.0",1.72093995569301,TRUE
"Fluxbot 2.0",1.24051179258049,TRUE
"Fluxbot 2.0",1.37695194770778,TRUE
"Fluxbot 2.0",1.13301969360598,TRUE
"Fluxbot 2.0",1.0686612823265,TRUE
"Fluxbot 2.0",1.01335489369717,TRUE
"Fluxbot 2.0",1.12603026286254,TRUE
"Fluxbot 2.0",1.13524532225559,TRUE
"Fluxbot 2.0",1,FALSE
"Fluxbot 2.0",1.22044632747423,TRUE
"Fluxbot 2.0",1.09140739361854,TRUE
"Fluxbot 2.0",1,FALSE
"Fluxbot 2.0",1.22950287841325,TRUE
"Fluxbot 2.0",1.00712913375572,TRUE
"Fluxbot 2.0",1,FALSE
"Fluxbot 2.0",1.00791474070311,TRUE
"Fluxbot 2.0",1.22745176455094,TRUE
"Fluxbot 2.0",1.09626280649875,TRUE
"Fluxbot 2.0",1.19696341729288,TRUE
"Fluxbot 2.0",1.01769962423873,TRUE
"Fluxbot 2.0",1.22275113692033,TRUE
"Fluxbot 2.0",1,FALSE
"Fluxbot 2.0",1.46962661117745,TRUE
"Fluxbot 2.0",1.3398675822749,TRUE
"Fluxbot 2.0",1.45976928862937,TRUE
"Fluxbot 2.0",1.30291349559926,TRUE
"Fluxbot 2.0",1.44030708356357,TRUE
"Fluxbot 2.0",1.81951478237938,TRUE
"Fluxbot 2.0",1.39734561200484,TRUE
"Fluxbot 2.0",1.29714145458722,TRUE
"Fluxbot 2.0",1,FALSE
"Fluxbot 2.0",1.10980072596776,TRUE
"Fluxbot 2.0",1.03221585022822,TRUE
"Fluxbot 2.0",1.65075641842654,TRUE
"Fluxbot 2.0",1.24579968633099,TRUE
"Fluxbot 2.0",1.54334823396305,TRUE
"Fluxbot 2.0",1.57406297441028,TRUE
"Fluxbot 2.0",1.24879103176148,TRUE
"Fluxbot 2.0",1.32493241748231,TRUE
"Fluxbot 2.0",1.62075362579183,TRUE
"Fluxbot 2.0",1.46753486060428,TRUE
"Fluxbot 2.0",1.58941956591677,TRUE
"Fluxbot 2.0",1.29477873778536,TRUE
"Fluxbot 2.0",1.48677213972605,TRUE
"Fluxbot 2.0",1.32668502080213,TRUE
"Fluxbot 2.0",1.27884111881756,TRUE
"Fluxbot 2.0",1.22280301446654,TRUE
"Fluxbot 2.0",1.02944047972037,TRUE
"Fluxbot 2.0",1.3928724383607,TRUE
"Fluxbot 2.0",1.44961049398363,TRUE
"Fluxbot 2.0",1.01320854874145,TRUE
"Fluxbot 2.0",1,FALSE
"Fluxbot 2.0",1.01001919050915,TRUE
"Fluxbot 2.0",1.01114421087472,TRUE
"Fluxbot 2.0",1.00444465295475,TRUE
"Fluxbot 2.0",1.00509503041535,TRUE
"Fluxbot 2.0",1.00820835906927,TRUE
"Fluxbot 2.0",1.00605915549019,TRUE
"Fluxbot 2.0",1.4673929518539,TRUE
"Fluxbot 2.0",1.89412087568048,TRUE
"Fluxbot 2.0",1.09580549712198,TRUE
"Fluxbot 2.0",1.58554643810523,TRUE
"Fluxbot 2.0",1.22756100322896,TRUE
"Fluxbot 2.0",1,FALSE
"Fluxbot 2.0",1.00814689703835,TRUE
"Fluxbot 2.0",1,FALSE
"Fluxbot 2.0",1.0076172901241,TRUE
"Fluxbot 2.0",1.13490007584922,TRUE
"Fluxbot 2.0",1.49388924775635,TRUE
"Fluxbot 2.0",1.9922525204514,TRUE
"Fluxbot 2.0",1,FALSE
"Fluxbot 2.0",1.93096275638233,TRUE
"Fluxbot 2.0",1,FALSE
"Fluxbot 2.0",1,FALSE
"Fluxbot 2.0",1,FALSE
"Fluxbot 2.0",1,FALSE
"Fluxbot 2.0",1,FALSE
"Fluxbot 2.0",1,FALSE
"Fluxbot 2.0",1.00691344688524,TRUE
"Fluxbot 2.0",1.02901598350782,TRUE
"Fluxbot 2.0",1.19059491411963,TRUE
"Fluxbot 2.0",1.0097315424426,TRUE
"Fluxbot 2.0",1.00578226776018,TRUE
"Fluxbot 2.0",1.01275741071159,TRUE
"Fluxbot 2.0",1.16356301782462,TRUE
"Fluxbot 2.0",1,FALSE
"Fluxbot 2.0",1,FALSE
"Fluxbot 2.0",1.16574970625206,TRUE
"Fluxbot 2.0",1.03544189815097,TRUE
"Fluxbot 2.0",1.24688056847125,TRUE
"Fluxbot 2.0",1.04679708997413,TRUE
"Fluxbot 2.0",1.00823525032125,TRUE
"Fluxbot 2.0",1.11047630097596,TRUE
"Fluxbot 2.0",1.18589818957452,TRUE
"Fluxbot 2.0",1.07374392456432,TRUE
"Fluxbot 2.0",1.0386924505954,TRUE
"Fluxbot 2.0",1.03133731827048,TRUE
"Fluxbot 2.0",1.04814595095744,TRUE
"Fluxbot 2.0",1.01443749994163,TRUE
"Fluxbot 2.0",1.06161955884189,TRUE
"Fluxbot 2.0",1.13196340472183,TRUE
"Fluxbot 2.0",1.17142042242407,TRUE
"Fluxbot 2.0",1.14003028718617,TRUE
"Fluxbot 2.0",1.30811666020684,TRUE
"Fluxbot 2.0",1.01001450399093,TRUE
"Fluxbot 2.0",1.01459494790171,TRUE
"Fluxbot 2.0",1.00619250336141,TRUE
"Fluxbot 2.0",1,FALSE
"Fluxbot 2.0",1.16427271662769,TRUE
"Fluxbot 2.0",1.46051036981582,TRUE
"Fluxbot 2.0",1.68551926443341,TRUE
"Fluxbot 2.0",1.72325008096694,TRUE
"Fluxbot 2.0",1.01520507134672,TRUE
"Fluxbot 2.0",1.11018167210635,TRUE
"Fluxbot 2.0",1.00682980047287,TRUE
"Fluxbot 2.0",1.01547760220411,TRUE
"Fluxbot 2.0",1.1470670386428,TRUE
"Fluxbot 2.0",1.04612927805585,TRUE
"Fluxbot 2.0",1.07204709903265,TRUE
"Fluxbot 2.0",1.12642442809093,TRUE
"Fluxbot 2.0",1.19323965920309,TRUE
"Fluxbot 2.0",1.02684677084358,TRUE
"Fluxbot 2.0",1.0564115224078,TRUE
"Fluxbot 2.0",1.03588099917073,TRUE
"Fluxbot 2.0",1.02893848024905,TRUE
"Fluxbot 2.0",1.11028639620807,TRUE
"Fluxbot 2.0",1.00633247649438,TRUE
"Fluxbot 2.0",1.1622222005642,TRUE
"Fluxbot 2.0",1.00729603457661,TRUE
"Fluxbot 2.0",1.31416607767444,TRUE
"Fluxbot 2.0",1.97544718808238,TRUE
"Fluxbot 2.0",1.01512694203701,TRUE
"Fluxbot 2.0",1.62503785150378,TRUE
"Fluxbot 2.0",1.00985023630577,TRUE
"Fluxbot 2.0",1.58737970904695,TRUE
"Fluxbot 2.0",1.21727914192576,TRUE
"Fluxbot 2.0",1.17434932544376,TRUE
"Fluxbot 2.0",1.01519347457001,TRUE
"Fluxbot 2.0",1.10106358605789,TRUE
"Fluxbot 2.0",1.0154719261831,TRUE
"Fluxbot 2.0",1.02984739853296,TRUE
"Fluxbot 2.0",1.01513819012326,TRUE
"Fluxbot 2.0",1.01527066727852,TRUE
"Fluxbot 2.0",1.0529902508034,TRUE
"Fluxbot 2.0",1.1496822758595,TRUE
"Fluxbot 2.0",1.02774172180689,TRUE
"Fluxbot 2.0",1.20244104547641,TRUE
"Fluxbot 2.0",1.03015714434995,TRUE
"Fluxbot 2.0",1.15376125704679,TRUE
"Fluxbot 2.0",1.00661498476899,TRUE
"Fluxbot 2.0",1.00500117459697,TRUE
"Fluxbot 2.0",1.31987766748705,TRUE
"Fluxbot 2.0",1.00684060773882,TRUE
"Fluxbot 2.0",1.00649731017799,TRUE
"Fluxbot 2.0",1.06894137094229,TRUE
"Fluxbot 2.0",1.01045706511917,TRUE
"Fluxbot 2.0",1.05651028476893,TRUE
"Fluxbot 2.0",1.11292919423009,TRUE
"Fluxbot 2.0",1.55533649793535,TRUE
"Fluxbot 2.0",1.57829816441405,TRUE
"Fluxbot 2.0",1.40370634267895,TRUE
"Fluxbot 2.0",1.37510545087194,TRUE
"Fluxbot 2.0",1.57718441512744,TRUE
"Fluxbot 2.0",1.8761949808764,TRUE
"Fluxbot 2.0",1.05372960493665,TRUE
"Fluxbot 2.0",1.10598696887887,TRUE
"Fluxbot 2.0",1.14978135760706,TRUE
"Fluxbot 2.0",1.09658557311878,TRUE
"Fluxbot 2.0",1.56074264398899,TRUE
"Fluxbot 2.0",1.01545170397378,TRUE
"Fluxbot 2.0",1.52534340639958,TRUE
"Fluxbot 2.0",1.13724156790084,TRUE
"Fluxbot 2.0",1.01325506422099,TRUE
"Fluxbot 2.0",1.16538721608473,TRUE
"Fluxbot 2.0",1.00755648974551,TRUE
"Fluxbot 2.0",1.00699931609486,TRUE
"Fluxbot 2.0",1.00735355495153,TRUE
"Fluxbot 2.0",1.41265204236149,TRUE
"Fluxbot 2.0",1.01222653589023,TRUE
"Fluxbot 2.0",1.00553625938489,TRUE
"Fluxbot 2.0",1.00560018406434,TRUE
"Fluxbot 2.0",1,FALSE
"Fluxbot 2.0",1.54999703474077,TRUE
"Fluxbot 2.0",1.01216099149584,TRUE
"Fluxbot 2.0",1.03677125224899,TRUE
"Fluxbot 2.0",1.85185398121464,TRUE
"Fluxbot 2.0",1.48384846825329,TRUE
"Fluxbot 2.0",1.18651493330743,TRUE
"Fluxbot 2.0",1.04616559263157,TRUE
"Fluxbot 2.0",1.1105388618301,TRUE
"Fluxbot 2.0",1.01081013659321,TRUE
"Fluxbot 2.0",1.91493045906345,TRUE
"Fluxbot 2.0",1.01175036212794,TRUE
"Fluxbot 2.0",1.01286753781763,TRUE
"Fluxbot 2.0",1.3401198629338,TRUE
"Fluxbot 2.0",1.05830699843508,TRUE
"Fluxbot 2.0",1.01115577866934,TRUE
"Fluxbot 2.0",1.16726336943771,TRUE
"Fluxbot 2.0",1.01022794751882,TRUE
"Fluxbot 2.0",1.0055061078742,TRUE
"Fluxbot 2.0",1.01531412296343,TRUE
"Fluxbot 2.0",1.00477649948182,TRUE
"Fluxbot 2.0",1.21380624876539,TRUE
"Fluxbot 2.0",1.01079904041826,TRUE
"Fluxbot 2.0",1.22965681158476,TRUE
"Fluxbot 2.0",1.39438928876385,TRUE
"Fluxbot 2.0",1.5910994454052,TRUE
"Fluxbot 2.0",1.02202105145176,TRUE
"Fluxbot 2.0",1.01574597716738,TRUE
"Fluxbot 2.0",1.01010338678513,TRUE
"Fluxbot 2.0",1.00499836773591,TRUE
"Fluxbot 2.0",1.00751526344532,TRUE
"Fluxbot 2.0",1.08588975880329,TRUE
"Fluxbot 2.0",1.01314412853621,TRUE
"Fluxbot 2.0",1.01119922920738,TRUE
"Fluxbot 2.0",1.01546337149075,TRUE
"Fluxbot 2.0",1.01948422860785,TRUE
"Fluxbot 2.0",1.00701411808347,TRUE
"Fluxbot 2.0",1.01513335326433,TRUE
"Fluxbot 2.0",1.00784283436162,TRUE
"Fluxbot 2.0",1.04996061527261,TRUE
"Fluxbot 2.0",1.01527113105661,TRUE
"Fluxbot 2.0",1.00567300849331,TRUE
"Fluxbot 2.0",1.00857701732539,TRUE
"Fluxbot 2.0",1.00912426866059,TRUE
"Fluxbot 2.0",1.01264147350724,TRUE
"Fluxbot 2.0",1.00488459883972,TRUE
"Fluxbot 2.0",1.04940346792017,TRUE
"Fluxbot 2.0",1.90695297595229,TRUE
"Fluxbot 2.0",1.6660591032295,TRUE
"Fluxbot 2.0",1.69055644612614,TRUE
"Fluxbot 2.0",1.06047556722758,TRUE
"Fluxbot 2.0",1.1593942597993,TRUE
"Fluxbot 2.0",1.10196714614998,TRUE
"Fluxbot 2.0",1.10088739122072,TRUE
"Fluxbot 2.0",1.20589356169196,TRUE
"Fluxbot 2.0",1.46112170851385,TRUE
"Fluxbot 2.0",1.0111642504129,TRUE
"Fluxbot 2.0",1.02949704658254,TRUE
"Fluxbot 2.0",1.2061024618509,TRUE
"Fluxbot 2.0",1.17349652112217,TRUE
"Fluxbot 2.0",1.56097021726393,TRUE
"Fluxbot 2.0",1.2494627887288,TRUE
"Fluxbot 2.0",1.7854119958744,TRUE
"Fluxbot 2.0",1.43847693249533,TRUE
"Fluxbot 2.0",1.34187893052513,TRUE
"Fluxbot 2.0",1.00852086877844,TRUE
"Fluxbot 2.0",1.00311284751278,TRUE
"Fluxbot 2.0",1.00432376244552,TRUE
"Fluxbot 2.0",1.01493678540639,TRUE
"Fluxbot 2.0",1.01514158790144,TRUE
"Fluxbot 2.0",1.04484377503875,TRUE
"Fluxbot 2.0",1.58684416094602,TRUE
"Fluxbot 2.0",1.23807469165793,TRUE
"Fluxbot 2.0",1.18718280650887,TRUE
"Fluxbot 2.0",1.22328145440095,TRUE
"Fluxbot 2.0",1.15981784687552,TRUE
"Fluxbot 2.0",1.01455378452526,TRUE
"Fluxbot 2.0",1.03615272003383,TRUE
"Fluxbot 2.0",1.12154612359023,TRUE
"Fluxbot 2.0",1.59196750453,TRUE
"Fluxbot 2.0",1.16718567700576,TRUE
"Fluxbot 2.0",1.24217691687428,TRUE
"Fluxbot 2.0",1.11807623446526,TRUE
"Fluxbot 2.0",1.23342433122493,TRUE
"Fluxbot 2.0",1.01076189762258,TRUE
"Fluxbot 2.0",1.00942149400071,TRUE
"Fluxbot 2.0",1.32643587992054,TRUE
"Fluxbot 2.0",1.12892328618835,TRUE
"Fluxbot 2.0",1.01021576935098,TRUE
"Fluxbot 2.0",1.00564941225023,TRUE
"Fluxbot 2.0",1.00537205669827,TRUE
"Fluxbot 2.0",1.0053846214532,TRUE
"Fluxbot 2.0",1.11242707005773,TRUE
"Fluxbot 2.0",1.26823472978904,TRUE
"Fluxbot 2.0",1.46074374634548,TRUE
"Fluxbot 2.0",1.27192672447025,TRUE
"Fluxbot 2.0",1.01445940100395,TRUE
"Fluxbot 2.0",1.01137527721258,TRUE
"Fluxbot 2.0",1.00779281602658,TRUE
"Fluxbot 2.0",1.08984265831468,TRUE
"Fluxbot 2.0",1.1973177220235,TRUE
"Fluxbot 2.0",1.12723980602635,TRUE
"Fluxbot 2.0",1.13322943709308,TRUE
"Fluxbot 2.0",1.00600998410535,TRUE
"Fluxbot 2.0",1.0057966250971,TRUE
"Fluxbot 2.0",1.00708757850887,TRUE
"Fluxbot 2.0",1.00651338767819,TRUE
"Fluxbot 2.0",1.00435138591946,TRUE
"Fluxbot 2.0",1.14226200272517,TRUE
"Fluxbot 2.0",1,FALSE
"Fluxbot 2.0",1.00753985514375,TRUE
"Fluxbot 2.0",1.01008307958055,TRUE
"Fluxbot 2.0",1.02439678348636,TRUE
"Fluxbot 2.0",1.01356332056522,TRUE
"Fluxbot 2.0",1.0069131252363,TRUE
"Fluxbot 2.0",1.0096175766803,TRUE
"Fluxbot 2.0",1.39232044254415,TRUE
"Fluxbot 2.0",1,FALSE
"Fluxbot 2.0",1.479554504834,TRUE
"Fluxbot 2.0",1.79004211678,TRUE
"Fluxbot 2.0",1.21486234121331,TRUE
"Fluxbot 2.0",1.15924984906078,TRUE
"Fluxbot 2.0",1.12357794055575,TRUE
"Fluxbot 2.0",1.01040335259392,TRUE
"Fluxbot 2.0",1.11135921835402,TRUE
"Fluxbot 2.0",1.17187356305516,TRUE
"Fluxbot 2.0",1.1793750841048,TRUE
"Fluxbot 2.0",1.16089515849038,TRUE
"Fluxbot 2.0",1.20235499202506,TRUE
"Fluxbot 2.0",1.00823145734962,TRUE
"Fluxbot 2.0",1.14658732166746,TRUE
"Fluxbot 2.0",1.06999904039122,TRUE
"Fluxbot 2.0",1.09719362328474,TRUE
"Fluxbot 2.0",1.07951228390103,TRUE
"Fluxbot 2.0",1,FALSE
"Fluxbot 2.0",1.00586609117579,TRUE
"Fluxbot 2.0",1.01023118599936,TRUE
"Fluxbot 2.0",1.01106540937856,TRUE
"Fluxbot 2.0",1.00885944854921,TRUE
"Fluxbot 2.0",1.63625102105099,TRUE
"Fluxbot 2.0",1,FALSE
"Fluxbot 2.0",1.86484495305952,TRUE
"Fluxbot 2.0",1.77080447783827,TRUE
"Fluxbot 2.0",1.87009120666494,TRUE
"Fluxbot 2.0",1,FALSE
"Fluxbot 2.0",1.48761060023562,TRUE
"Fluxbot 2.0",1.46151067874552,TRUE
"Fluxbot 2.0",1.85549789726454,TRUE
"Fluxbot 2.0",1.2973631667193,TRUE
"Fluxbot 2.0",1.6522115335957,TRUE
"Fluxbot 2.0",1.64635513895964,TRUE
"Fluxbot 2.0",1,FALSE
"Fluxbot 2.0",1.42395743392801,TRUE
"Fluxbot 2.0",1.52458151167638,TRUE
"Fluxbot 2.0",1.08036245948747,TRUE
"Fluxbot 2.0",1.11078737062485,TRUE
"Fluxbot 2.0",1.30016657689303,TRUE
"Fluxbot 2.0",1.47602660461152,TRUE
"Fluxbot 2.0",1.33114020559407,TRUE
"Fluxbot 2.0",1.05073593964527,TRUE
"Fluxbot 2.0",1.00577430231304,TRUE
"Fluxbot 2.0",1.01557876333125,TRUE
"Fluxbot 2.0",1.42640922942993,TRUE
"Fluxbot 2.0",1.0065780299071,TRUE
"Fluxbot 2.0",1,FALSE
"Fluxbot 2.0",1,FALSE
"Fluxbot 2.0",1,FALSE
"Fluxbot 2.0",1,FALSE
"Fluxbot 2.0",1,FALSE
"Fluxbot 2.0",1,FALSE
"Fluxbot 2.0",1,FALSE
"Fluxbot 2.0",1,FALSE
"Fluxbot 2.0",1.0892298816201,TRUE
"Fluxbot 2.0",1,FALSE
"Fluxbot 2.0",1,FALSE
"Fluxbot 2.0",1,FALSE
"Fluxbot 2.0",1,FALSE
"Fluxbot 2.0",1,FALSE
"Fluxbot 2.0",1,FALSE
"Fluxbot 2.0",1,FALSE
"Fluxbot 2.0",1,FALSE
"Fluxbot 2.0",1,FALSE
"Fluxbot 2.0",1,FALSE
"Fluxbot 2.0",1.00052202823915,TRUE
"Fluxbot 2.0",1.00153038654302,TRUE
"Fluxbot 2.0",1.02888442282179,TRUE
"Fluxbot 2.0",1.23071783966715,TRUE
"Fluxbot 2.0",1.05106271477185,TRUE
"Fluxbot 2.0",1.09540840910629,TRUE
"Fluxbot 2.0",1.21506748075013,TRUE
"Fluxbot 2.0",1.02667926347434,TRUE
"Fluxbot 2.0",1.10717774692666,TRUE
"Fluxbot 2.0",1.04378093775781,TRUE
"Fluxbot 2.0",1.07325610019529,TRUE
"Fluxbot 2.0",1.00682444135913,TRUE
"Fluxbot 2.0",1.00434403534542,TRUE
"Fluxbot 2.0",1.00644155428802,TRUE
"Fluxbot 2.0",1.00607186062733,TRUE
"Fluxbot 2.0",1.03599336957009,TRUE
"Fluxbot 2.0",1.05823547784577,TRUE
"Fluxbot 2.0",1.15450113410899,TRUE
"Fluxbot 2.0",1.2534854089432,TRUE
"Fluxbot 2.0",1.01859081791735,TRUE
"Fluxbot 2.0",1.2252317595305,TRUE
"Fluxbot 2.0",1.24703398272266,TRUE
"Fluxbot 2.0",1.43852714285995,TRUE
"Fluxbot 2.0",1.19631040816801,TRUE
"Fluxbot 2.0",1.23045892894564,TRUE
"Fluxbot 2.0",1.24641272535972,TRUE
"Fluxbot 2.0",1.33729048455092,TRUE
"Fluxbot 2.0",1.42573888627185,TRUE
"Fluxbot 2.0",1.00760418867278,TRUE
"Fluxbot 2.0",1.332508364758,TRUE
"Fluxbot 2.0",1.01166151412534,TRUE
"Fluxbot 2.0",1.19072958716582,TRUE
"Fluxbot 2.0",1.00444225714035,TRUE
"Fluxbot 2.0",1.12198836414091,TRUE
"Fluxbot 2.0",1.00570470924595,TRUE
"Fluxbot 2.0",1.01105248254244,TRUE
"Fluxbot 2.0",1.00665905611895,TRUE
"Fluxbot 2.0",1.00899244056771,TRUE
"Fluxbot 2.0",1.00509968141171,TRUE
"Fluxbot 2.0",1.17574685738697,TRUE
"Fluxbot 2.0",1.56749764684781,TRUE
"Fluxbot 2.0",1.88104399237913,TRUE
"Fluxbot 2.0",1.29020546364894,TRUE
"Fluxbot 2.0",1.09122313614953,TRUE
"Fluxbot 2.0",1.01341771857726,TRUE
"Fluxbot 2.0",1.27430094965547,TRUE
"Fluxbot 2.0",1.1430013207872,TRUE
"Fluxbot 2.0",1.15732458427449,TRUE
"Fluxbot 2.0",1.11303548200097,TRUE
"Fluxbot 2.0",1.0089784199119,TRUE
"Fluxbot 2.0",1.09827079458328,TRUE
"Fluxbot 2.0",1.01437387195944,TRUE
"Fluxbot 2.0",1.24115221251996,TRUE
"Fluxbot 2.0",1.13136298663751,TRUE
"Fluxbot 2.0",1.01305225819172,TRUE
"Fluxbot 2.0",1.11064027402313,TRUE
"Fluxbot 2.0",1.00719290364141,TRUE
"Fluxbot 2.0",1.04862516616723,TRUE
"Fluxbot 2.0",1.00632086573771,TRUE
"Fluxbot 2.0",1.245424629418,TRUE
"Fluxbot 2.0",1.00733824064762,TRUE
"Fluxbot 2.0",1.0285615165731,TRUE
"Fluxbot 2.0",1.08313013037741,TRUE
"Fluxbot 2.0",1.27625618535259,TRUE
"Fluxbot 2.0",1.59435534533323,TRUE
"Fluxbot 2.0",1.38555224628819,TRUE
"Fluxbot 2.0",1.77221852242246,TRUE
"Fluxbot 2.0",1.24073683996652,TRUE
"Fluxbot 2.0",1.73347719640343,TRUE
"Fluxbot 2.0",1.14230076904419,TRUE
"Fluxbot 2.0",1.55018125541334,TRUE
"Fluxbot 2.0",1.20285417156294,TRUE
"Fluxbot 2.0",1.21414454620074,TRUE
"Fluxbot 2.0",1.14335042928956,TRUE
"Fluxbot 2.0",1.14616176906506,TRUE
"Fluxbot 2.0",1.14328019545167,TRUE
"Fluxbot 2.0",1.13664507354754,TRUE
"Fluxbot 2.0",1.19397459254216,TRUE
"Fluxbot 2.0",1.16359523812629,TRUE
"Fluxbot 2.0",1,FALSE
"Fluxbot 2.0",1.00757173559796,TRUE
"Fluxbot 2.0",1.04080663946493,TRUE
"Fluxbot 2.0",1.01534348858331,TRUE
"Fluxbot 2.0",1.15150659392879,TRUE
"Fluxbot 2.0",1.00748380309575,TRUE
"Fluxbot 2.0",1.00803482201373,TRUE
"Fluxbot 2.0",1.167269184515,TRUE
"Fluxbot 2.0",1.2706460123474,TRUE
"Fluxbot 2.0",1.30104070229257,TRUE
"Fluxbot 2.0",1.43621103849888,TRUE
"Fluxbot 2.0",1.20315685366868,TRUE
"Fluxbot 2.0",1.42926706253881,TRUE
"Fluxbot 2.0",1.30769628518334,TRUE
"Fluxbot 2.0",1.46808511924763,TRUE
"Fluxbot 2.0",1.53837202415675,TRUE
"Fluxbot 2.0",1.41927545206129,TRUE
"Fluxbot 2.0",1.01783049791653,TRUE
"Fluxbot 2.0",1.01476971898669,TRUE
"Fluxbot 2.0",1.50101542971104,TRUE
"Fluxbot 2.0",1.01751980439624,TRUE
"Fluxbot 2.0",1.03382941597555,TRUE
"Fluxbot 2.0",1,FALSE
"Fluxbot 2.0",1.00919341045711,TRUE
"Fluxbot 2.0",1,FALSE
"Fluxbot 2.0",1.00439104725212,TRUE
"Fluxbot 2.0",1.01444328266325,TRUE
"Fluxbot 2.0",1.00956505073343,TRUE
"Fluxbot 2.0",1,FALSE
"Fluxbot 2.0",1.0631215161004,TRUE
"Fluxbot 2.0",1.00765298235966,TRUE
"Fluxbot 2.0",1,FALSE
"Fluxbot 2.0",1.01204592938263,TRUE
"Fluxbot 2.0",1,FALSE
"Fluxbot 2.0",1,FALSE
"Fluxbot 2.0",1.05929322268093,TRUE
"Fluxbot 2.0",1.23470707023277,TRUE
"Fluxbot 2.0",1.0962061523848,TRUE
"Fluxbot 2.0",1.08338309608002,TRUE
"Fluxbot 2.0",1.27095805925799,TRUE
"Fluxbot 2.0",1.22144429514634,TRUE
"Fluxbot 2.0",1.14448682039663,TRUE
"Fluxbot 2.0",1.21151156222042,TRUE
"Fluxbot 2.0",1.31024086085857,TRUE
"Fluxbot 2.0",1.20118325493533,TRUE
"Fluxbot 2.0",1.13990480987343,TRUE
"Fluxbot 2.0",1.03405004589152,TRUE
"Fluxbot 2.0",1.04800408788044,TRUE
"Fluxbot 2.0",1,FALSE
"Fluxbot 2.0",1,FALSE
"Fluxbot 2.0",1.01513376123489,TRUE
"Fluxbot 2.0",1.00733062308613,TRUE
"Fluxbot 2.0",1,FALSE
"Fluxbot 2.0",1.32177594744497,TRUE
"Fluxbot 2.0",1,FALSE
"Fluxbot 2.0",1,FALSE
"Fluxbot 2.0",1.07436731786212,TRUE
"Fluxbot 2.0",1.07357181462644,TRUE
"Fluxbot 2.0",1.15011124108059,TRUE
"Fluxbot 2.0",1.26269379717944,TRUE
"Fluxbot 2.0",1.46360447695681,TRUE
"Fluxbot 2.0",1.74549813685908,TRUE
"Fluxbot 2.0",1.25801180164548,TRUE
"Fluxbot 2.0",1.27365309622695,TRUE
"Fluxbot 2.0",1.15349419299633,TRUE
"Fluxbot 2.0",1.61326047600348,TRUE
"Fluxbot 2.0",1.27160649995799,TRUE
"Fluxbot 2.0",1.364654643772,TRUE
"Fluxbot 2.0",1.27439637526891,TRUE
"Fluxbot 2.0",1.27516017632919,TRUE
"Fluxbot 2.0",1.08493835301869,TRUE
"Fluxbot 2.0",1.45706243420712,TRUE
"Fluxbot 2.0",1.01260577012187,TRUE
"Fluxbot 2.0",1,FALSE
"Fluxbot 2.0",1.00583618046759,TRUE
"Fluxbot 2.0",1.00534544740505,TRUE
"Fluxbot 2.0",1.00808234491326,TRUE
"Fluxbot 2.0",1,FALSE
"Fluxbot 2.0",1,FALSE
"Fluxbot 2.0",1.31948689997358,TRUE
"Fluxbot 2.0",1.46422613830137,TRUE
"Fluxbot 2.0",1.40857355351034,TRUE
"Fluxbot 2.0",1.51895840353943,TRUE
"Fluxbot 2.0",1.19982012913655,TRUE
"Fluxbot 2.0",1.49118481603143,TRUE
"Fluxbot 2.0",1.17837401345378,TRUE
"Fluxbot 2.0",1.00683958305822,TRUE
"Fluxbot 2.0",1.10737602314441,TRUE
"Fluxbot 2.0",1.01471702687437,TRUE
"Fluxbot 2.0",1.18468564757595,TRUE
"Fluxbot 2.0",1.22038888400891,TRUE
"Fluxbot 2.0",1.31973781263212,TRUE
"Fluxbot 2.0",1.05928061483024,TRUE
"Fluxbot 2.0",1.05264398620779,TRUE
"Fluxbot 2.0",1.12364345983627,TRUE
"Fluxbot 2.0",1.27368384201564,TRUE
"Fluxbot 2.0",1.05606325286427,TRUE
"Fluxbot 2.0",1.06648915777993,TRUE
"Fluxbot 2.0",1.08979248649099,TRUE
"Fluxbot 2.0",1.00404240331868,TRUE
"Fluxbot 2.0",1,FALSE
"Fluxbot 2.0",1.00973067809082,TRUE
"Fluxbot 2.0",1.0078725707733,TRUE
"Fluxbot 2.0",1.00492234641709,TRUE
"Fluxbot 2.0",1,FALSE
"Fluxbot 2.0",1.00727203242013,TRUE
"Fluxbot 2.0",1,FALSE
"Fluxbot 2.0",1,FALSE
"Fluxbot 2.0",1,FALSE
"Fluxbot 2.0",1,FALSE
"Fluxbot 2.0",1,FALSE
"Fluxbot 2.0",1,FALSE
"Fluxbot 2.0",1,FALSE
"Fluxbot 2.0",1,FALSE
"Fluxbot 2.0",1,FALSE
"Fluxbot 2.0",1,FALSE
"Fluxbot 2.0",1,FALSE
"Fluxbot 2.0",1,FALSE
"Fluxbot 2.0",1,FALSE
"Fluxbot 2.0",1,FALSE
"Fluxbot 2.0",1,FALSE
"Fluxbot 2.0",1,FALSE
"Fluxbot 2.0",1,FALSE
"Fluxbot 2.0",1.13932371315977,TRUE
"Fluxbot 2.0",1.64070994014112,TRUE
"Fluxbot 2.0",1,FALSE
"Fluxbot 2.0",1,FALSE
"Fluxbot 2.0",1.63163794453584,TRUE
"Fluxbot 2.0",1.27950292958012,TRUE
"Fluxbot 2.0",1.05865722617929,TRUE
"Fluxbot 2.0",1.07460345537345,TRUE
"Fluxbot 2.0",1.14073981468973,TRUE
"Fluxbot 2.0",1.01670820410531,TRUE
"Fluxbot 2.0",1.12424887177635,TRUE
"Fluxbot 2.0",1.11502182543507,TRUE
"Fluxbot 2.0",1.25791046091992,TRUE
"Fluxbot 2.0",1.08343957419812,TRUE
"Fluxbot 2.0",1.01425414577793,TRUE
"Fluxbot 2.0",1.05186775841089,TRUE
"Fluxbot 2.0",1.10090185973356,TRUE
"Fluxbot 2.0",1.26653733106152,TRUE
"Fluxbot 2.0",1.46668436678418,TRUE
"Fluxbot 2.0",1.2061564879437,TRUE
"Fluxbot 2.0",1,FALSE
"Fluxbot 2.0",1.23406073171803,TRUE
"Fluxbot 2.0",1.10894390925547,TRUE
"Fluxbot 2.0",1.00454666325877,TRUE
"Fluxbot 2.0",1,FALSE
"Fluxbot 2.0",1.03605489160994,TRUE
"Fluxbot 2.0",1,FALSE
"Fluxbot 2.0",1.18074552541711,TRUE
"Fluxbot 2.0",1.11247831268756,TRUE
"Fluxbot 2.0",1.2559836327498,TRUE
"Fluxbot 2.0",1.21650941921466,TRUE
"Fluxbot 2.0",1.20342921821237,TRUE
"Fluxbot 2.0",1.20781575514863,TRUE
"Fluxbot 2.0",1.08734112630483,TRUE
"Fluxbot 2.0",1.32736553577764,TRUE
"Fluxbot 2.0",1.01458367948899,TRUE
"Fluxbot 2.0",1.00371571247891,TRUE
"Fluxbot 2.0",1.00335374445443,TRUE
"Fluxbot 2.0",1,FALSE
"Fluxbot 2.0",1.00420801727637,TRUE
"Fluxbot 2.0",1.00413354404705,TRUE
"Fluxbot 2.0",1.00502525616441,TRUE
"Fluxbot 2.0",1.00469409085906,TRUE
"Fluxbot 2.0",1.00549334768531,TRUE
"Fluxbot 2.0",1.04906816891667,TRUE
"Fluxbot 2.0",1,FALSE
"Fluxbot 2.0",1.01426656029781,TRUE
"Fluxbot 2.0",1.26298473931285,TRUE
"Fluxbot 2.0",1.21722367044118,TRUE
"Fluxbot 2.0",1.35002533107625,TRUE
"Fluxbot 2.0",1.32331491935848,TRUE
"Fluxbot 2.0",1.42235243660558,TRUE
"Fluxbot 2.0",1.19926338328296,TRUE
"Fluxbot 2.0",1.24190058612685,TRUE
"Fluxbot 2.0",1.25416401665391,TRUE
"Fluxbot 2.0",1.20015387149967,TRUE
"Fluxbot 2.0",1,FALSE
"Fluxbot 2.0",1.36737542151365,TRUE
"Fluxbot 2.0",1.52030701170743,TRUE
"Fluxbot 2.0",1.25115257945656,TRUE
"Fluxbot 2.0",1.19059048180087,TRUE
"Fluxbot 2.0",1.01126099971945,TRUE
"Fluxbot 2.0",1.19527968709768,TRUE
"Fluxbot 2.0",1.1076695357749,TRUE
"Fluxbot 2.0",1.19198653761686,TRUE
"Fluxbot 2.0",1.01276385589818,TRUE
"Fluxbot 2.0",1.008721984083,TRUE
"Fluxbot 2.0",1.11775947173214,TRUE
"Fluxbot 2.0",1.22972244505734,TRUE
"Fluxbot 2.0",1.12182928851484,TRUE
"Fluxbot 2.0",1.21787330170069,TRUE
"Fluxbot 2.0",1.24000195332775,TRUE
"Fluxbot 2.0",1.37800337734982,TRUE
"Fluxbot 2.0",1.05044466532826,TRUE
"Fluxbot 2.0",1.25468937157456,TRUE
"Fluxbot 2.0",1.34567489222515,TRUE
"Fluxbot 2.0",1.15859754802135,TRUE
"Fluxbot 2.0",1.32034042753765,TRUE
"Fluxbot 2.0",1.46192691364266,TRUE
"Fluxbot 2.0",1.53752601001298,TRUE
"Fluxbot 2.0",1.11944493503349,TRUE
"Fluxbot 2.0",1.34514177218791,TRUE
"Fluxbot 2.0",1.32250570557869,TRUE
"Fluxbot 2.0",1.45480440214119,TRUE
"Fluxbot 2.0",1.20489532826961,TRUE
"Fluxbot 2.0",1.36563002331103,TRUE
"Fluxbot 2.0",1.3144912529464,TRUE
"Fluxbot 2.0",1.24196627392614,TRUE
"Fluxbot 2.0",1.25893063618306,TRUE
"Fluxbot 2.0",1.27792793584372,TRUE
"Fluxbot 2.0",1.13267628056001,TRUE
"Fluxbot 2.0",1.00938291324689,TRUE
"Fluxbot 2.0",1.65314015628051,TRUE
"Fluxbot 2.0",1.3021448516807,TRUE
"Fluxbot 2.0",1.5910910303459,TRUE
"Fluxbot 2.0",1,FALSE
"Fluxbot 2.0",1.21500250844985,TRUE
"Fluxbot 2.0",1.0521013294246,TRUE
"Fluxbot 2.0",1.4076023749305,TRUE
"Fluxbot 2.0",1.40204346920738,TRUE
"Fluxbot 2.0",1.36389687486943,TRUE
"Fluxbot 2.0",1.28228127160806,TRUE
"Fluxbot 2.0",1.16862657953238,TRUE
"Fluxbot 2.0",1.23605810490279,TRUE
"Fluxbot 2.0",1.16393503155202,TRUE
"Fluxbot 2.0",1.11087247036766,TRUE
"Fluxbot 2.0",1.48374384662765,TRUE
"Fluxbot 2.0",1.48987370097121,TRUE
"Fluxbot 2.0",1.52462142721176,TRUE
"Fluxbot 2.0",1.35061484728275,TRUE
"Fluxbot 2.0",1.37027178010858,TRUE
"Fluxbot 2.0",1.43903797508364,TRUE
"Fluxbot 2.0",1.51608769894701,TRUE
"Fluxbot 2.0",1.3803807098121,TRUE
"Fluxbot 2.0",1.51293644211008,TRUE
"Fluxbot 2.0",1.61565850261858,TRUE
"Fluxbot 2.0",1.49451626173265,TRUE
"Fluxbot 2.0",1.48463670988448,TRUE
"Fluxbot 2.0",1.51575232270367,TRUE
"Fluxbot 2.0",1.48746588940261,TRUE
"Fluxbot 2.0",1.51512679070213,TRUE
"Fluxbot 2.0",1.94121587831906,TRUE
"Fluxbot 2.0",1.40446378325233,TRUE
"Fluxbot 2.0",1.42310504824257,TRUE
"Fluxbot 2.0",1.51509569879518,TRUE
"Fluxbot 2.0",1.36246695295214,TRUE
"Fluxbot 2.0",1.46922047577558,TRUE
"Fluxbot 2.0",1.0115401604699,TRUE
"Fluxbot 2.0",1.31555174226105,TRUE
"Fluxbot 2.0",1.43608168321985,TRUE
"Fluxbot 2.0",1.14171544028932,TRUE
"Fluxbot 2.0",1.04941174392044,TRUE
"Fluxbot 2.0",1.00304662658019,TRUE
"Fluxbot 2.0",1.03834841998828,TRUE
"Fluxbot 2.0",1.85280116795176,TRUE
"Fluxbot 2.0",1.28707828791842,TRUE
"Fluxbot 2.0",1.25544468791044,TRUE
"Fluxbot 2.0",1.30481111063669,TRUE
"Fluxbot 2.0",1.30881093973843,TRUE
"Fluxbot 2.0",1.0925833513591,TRUE
"Fluxbot 2.0",1,FALSE
"Fluxbot 2.0",1.00736953871226,TRUE
"Fluxbot 2.0",1,FALSE
"Fluxbot 2.0",1,FALSE
"Fluxbot 2.0",1,FALSE
"Fluxbot 2.0",1,FALSE
"Fluxbot 2.0",1,FALSE
"Fluxbot 2.0",1,FALSE
"Fluxbot 2.0",1,FALSE
"Fluxbot 2.0",1,FALSE
"Fluxbot 2.0",1.00183222715747,TRUE
"Fluxbot 2.0",1.00335234926812,TRUE
"Fluxbot 2.0",1.00442908501983,TRUE
"Fluxbot 2.0",1.00461838597517,TRUE
"Fluxbot 2.0",1.00806759715376,TRUE
"Fluxbot 2.0",1.00629316290777,TRUE
"Fluxbot 2.0",1.11834249307813,TRUE
"Fluxbot 2.0",1.01160868838912,TRUE
"Fluxbot 2.0",1.02203908236044,TRUE
"Fluxbot 2.0",1.02811977138541,TRUE
"Fluxbot 2.0",1.0032238000277,TRUE
"Fluxbot 2.0",1,FALSE
"Fluxbot 2.0",1.00302979792709,TRUE
"Fluxbot 2.0",1,FALSE
"Fluxbot 2.0",1,FALSE
"Fluxbot 2.0",1.00678289003367,TRUE
"Fluxbot 2.0",1.0052639998247,TRUE
"Fluxbot 2.0",1.00984007061065,TRUE
"Fluxbot 2.0",1.00349533377512,TRUE
"Fluxbot 2.0",1.00430330960122,TRUE
"Fluxbot 2.0",1.01051769657652,TRUE
"Fluxbot 2.0",1.0069889536748,TRUE
"Fluxbot 2.0",1.0048915723529,TRUE
"Fluxbot 2.0",1.13710643160953,TRUE
"Fluxbot 2.0",1.00486980658793,TRUE
"Fluxbot 2.0",1.0046209507076,TRUE
"Fluxbot 2.0",1.00582543932469,TRUE
"Fluxbot 2.0",1.01601170252425,TRUE
"Fluxbot 2.0",1.00376486947625,TRUE
"Fluxbot 2.0",1.08604013283424,TRUE
"Fluxbot 2.0",1.37963568969404,TRUE
"Fluxbot 2.0",1.56318703070988,TRUE
"Fluxbot 2.0",1.54730745486358,TRUE
"Fluxbot 2.0",1.54907440566269,TRUE
"Fluxbot 2.0",1.49020641303786,TRUE
"Fluxbot 2.0",1,FALSE
"Fluxbot 2.0",1,FALSE
"Fluxbot 2.0",1,FALSE
"Fluxbot 2.0",1.00675569995999,TRUE
"Fluxbot 2.0",1.06338454412759,TRUE
"Fluxbot 2.0",1.09501507179528,TRUE
"Fluxbot 2.0",1.01177752238543,TRUE
"Fluxbot 2.0",1.00614624235783,TRUE
"Fluxbot 2.0",1.19421914745872,TRUE
"Fluxbot 2.0",1.01519292222173,TRUE
"Fluxbot 2.0",1.016564621079,TRUE
"Fluxbot 2.0",1.0134738219005,TRUE
"Fluxbot 2.0",1.09993434111238,TRUE
"Fluxbot 2.0",1.01685826707043,TRUE
"Fluxbot 2.0",1,FALSE
"Fluxbot 2.0",1.02929778675206,TRUE
"Fluxbot 2.0",1.00881204050573,TRUE
"Fluxbot 2.0",1.68140111143103,TRUE
"Fluxbot 2.0",1.58895573153632,TRUE
"Fluxbot 2.0",1,FALSE
"Fluxbot 2.0",1.37773824417131,TRUE
"Fluxbot 2.0",1.64584695362099,TRUE
"Fluxbot 2.0",1.45792505774233,TRUE
"Fluxbot 2.0",1.91690955106086,TRUE
"Fluxbot 2.0",1.01420506766856,TRUE
"Fluxbot 2.0",1.00830463939374,TRUE
"Fluxbot 2.0",1.01365309083882,TRUE
"Fluxbot 2.0",1.01065867738662,TRUE
"Fluxbot 2.0",1.00715198485063,TRUE
"Fluxbot 2.0",1.0142555763301,TRUE
"Fluxbot 2.0",1.00653831627775,TRUE
"Fluxbot 2.0",1.01425662120122,TRUE
"Fluxbot 2.0",1.00732030954823,TRUE
"Fluxbot 2.0",1.00967847312638,TRUE
"Fluxbot 2.0",1.00506464275934,TRUE
"Fluxbot 2.0",1.02272325439591,TRUE
"Fluxbot 2.0",1.00365803485313,TRUE
"Fluxbot 2.0",1,FALSE
"Fluxbot 2.0",1.27651716488858,TRUE
"Fluxbot 2.0",1.15783791564532,TRUE
"Fluxbot 2.0",1.63266410633599,TRUE
"Fluxbot 2.0",1.17778130355537,TRUE
"Fluxbot 2.0",1.18580609454633,TRUE
"Fluxbot 2.0",1.15114377989249,TRUE
"Fluxbot 2.0",1.79986419905316,TRUE
"Fluxbot 2.0",1.66547904700451,TRUE
"Fluxbot 2.0",1.98047454789457,TRUE
"Fluxbot 2.0",1.60599897689623,TRUE
"Fluxbot 2.0",1.00663079372152,TRUE
"Fluxbot 2.0",1,FALSE
"Fluxbot 2.0",1,FALSE
"Fluxbot 2.0",1.06189172511167,TRUE
"Fluxbot 2.0",1.00624268940543,TRUE
"Fluxbot 2.0",1.00472406296724,TRUE
"Fluxbot 2.0",1.00591808106905,TRUE
"Fluxbot 2.0",1.00725478237519,TRUE
"Fluxbot 2.0",1.00576734977758,TRUE
"Fluxbot 2.0",1.01499412295686,TRUE
"Fluxbot 2.0",1.01422940155137,TRUE
"Fluxbot 2.0",1.00522460570192,TRUE
"Fluxbot 2.0",1.0651041894897,TRUE
"Fluxbot 2.0",1.00537416958899,TRUE
"Fluxbot 2.0",1.08138403754048,TRUE
"Fluxbot 2.0",1.37787858346423,TRUE
"Fluxbot 2.0",1.63665052398869,TRUE
"Fluxbot 2.0",1.0161532774005,TRUE
"Fluxbot 2.0",1.11871748393758,TRUE
"Fluxbot 2.0",1.18790113527023,TRUE
"Fluxbot 2.0",1.57918756219712,TRUE
"Fluxbot 2.0",1.48922743595002,TRUE
"Fluxbot 2.0",1.55921540352585,TRUE
"Fluxbot 2.0",1.39835292242617,TRUE
"Fluxbot 2.0",1.01323449027932,TRUE
"Fluxbot 2.0",1.03687168748406,TRUE
"Fluxbot 2.0",1.44815783062347,TRUE
"Fluxbot 2.0",1.01025120037019,TRUE
"Fluxbot 2.0",1.02545516640508,TRUE
"Fluxbot 2.0",1.01167967315605,TRUE
"Fluxbot 2.0",1.01358494242452,TRUE
"Fluxbot 2.0",1.01036341262141,TRUE
"Fluxbot 2.0",1.00487273697577,TRUE
"Fluxbot 2.0",1.09347381551573,TRUE
"Fluxbot 2.0",1.00977162159742,TRUE
"Fluxbot 2.0",1.03176729138351,TRUE
"Fluxbot 2.0",1.01345987375501,TRUE
"Fluxbot 2.0",1.00214168369043,TRUE
"Fluxbot 2.0",1.00461366533221,TRUE
"Fluxbot 2.0",1.22074241881619,TRUE
"Fluxbot 2.0",1.32053079669308,TRUE
"Fluxbot 2.0",1.01108609673201,TRUE
"Fluxbot 2.0",1.13862672107398,TRUE
"Fluxbot 2.0",1.73889511038223,TRUE
"Fluxbot 2.0",1.70258918651817,TRUE
"Fluxbot 2.0",1.63956391132347,TRUE
"Fluxbot 2.0",1.49571559435534,TRUE
"Fluxbot 2.0",1.066181902355,TRUE
"Fluxbot 2.0",1.00993888359702,TRUE
"Fluxbot 2.0",1.0137129989064,TRUE
"Fluxbot 2.0",1.0060680667301,TRUE
"Fluxbot 2.0",1.00433059551986,TRUE
"Fluxbot 2.0",1.00454724762341,TRUE
"Fluxbot 2.0",1.00603027380467,TRUE
"Fluxbot 2.0",1.00384305085398,TRUE
"Fluxbot 2.0",1.00600178259573,TRUE
"Fluxbot 2.0",1.00507812572136,TRUE
"Fluxbot 2.0",1.00732844694294,TRUE
"Fluxbot 2.0",1.00416249413837,TRUE
"Fluxbot 2.0",1.00360567978482,TRUE
"Fluxbot 2.0",1.0071188563882,TRUE
"Fluxbot 2.0",1.00751906971288,TRUE
"Fluxbot 2.0",1.02779007060158,TRUE
"Fluxbot 2.0",1.21867452350424,TRUE
"Fluxbot 2.0",1.1004726871026,TRUE
"Fluxbot 2.0",1.29167266128044,TRUE
"Fluxbot 2.0",1.43746295425005,TRUE
"Fluxbot 2.0",1.7708178401723,TRUE
"Fluxbot 2.0",1.06825045741157,TRUE
"Fluxbot 2.0",1.00578746640616,TRUE
"Fluxbot 2.0",1.00766252020817,TRUE
"Fluxbot 2.0",1.39633736247309,TRUE
"Fluxbot 2.0",1.0808845755813,TRUE
"Fluxbot 2.0",1,FALSE
"Fluxbot 2.0",1.09607273085723,TRUE
"Fluxbot 2.0",1.00749028234158,TRUE
"Fluxbot 2.0",1.00423198433293,TRUE
"Fluxbot 2.0",1.01846453764758,TRUE
"Fluxbot 2.0",1.01058218779572,TRUE
"Fluxbot 2.0",1.08915981649731,TRUE
"Fluxbot 2.0",1.01433171379852,TRUE
"Fluxbot 2.0",1.0137718234767,TRUE
"Fluxbot 2.0",1.00601771012373,TRUE
"Fluxbot 2.0",1,FALSE
"Fluxbot 2.0",1,FALSE
"Fluxbot 2.0",1,FALSE
"Fluxbot 2.0",1.73103322156062,TRUE
"Fluxbot 2.0",1.42133806833097,TRUE
"Fluxbot 2.0",1.60058637597989,TRUE
"Fluxbot 2.0",1.68155598678162,TRUE
"Fluxbot 2.0",1.7090613695179,TRUE
"Fluxbot 2.0",1.75344299640289,TRUE
"Fluxbot 2.0",1.05886090445917,TRUE
"Fluxbot 2.0",1.00638548264634,TRUE
"Fluxbot 2.0",1.05110910756775,TRUE
"Fluxbot 2.0",1.00616878243477,TRUE
"Fluxbot 2.0",1.00693791578325,TRUE
"Fluxbot 2.0",1.0028398471289,TRUE
"Fluxbot 2.0",1.09073137102867,TRUE
"Fluxbot 2.0",1.06701850546445,TRUE
"Fluxbot 2.0",1.01418981003739,TRUE
"Fluxbot 2.0",1.00917857311716,TRUE
"Fluxbot 2.0",1.04143256360784,TRUE
"Fluxbot 2.0",1.00533738135595,TRUE
"Fluxbot 2.0",1.00786783832683,TRUE
"Fluxbot 2.0",1.00685574713481,TRUE
"Fluxbot 2.0",1.02220538368914,TRUE
"Fluxbot 2.0",1.41046312297998,TRUE
"Fluxbot 2.0",1.27346882771444,TRUE
"Fluxbot 2.0",1.71157878468058,TRUE
"Fluxbot 2.0",1.17847715000419,TRUE
"Fluxbot 2.0",1.59242539904092,TRUE
"Fluxbot 2.0",1.86582006874988,TRUE
"Fluxbot 2.0",1.46256138059219,TRUE
"Fluxbot 2.0",1.11929791250301,TRUE
"Fluxbot 2.0",1.03118251947818,TRUE
"Fluxbot 2.0",1.00689285175285,TRUE
"Fluxbot 2.0",1.00362561937835,TRUE
"Fluxbot 2.0",1.00431755559638,TRUE
"Fluxbot 2.0",1.00830729903354,TRUE
"Fluxbot 2.0",1.0050364956668,TRUE
"Fluxbot 2.0",1.00162186643291,TRUE
"Fluxbot 2.0",1.00304427627739,TRUE
"Fluxbot 2.0",1.00262686694386,TRUE
"Fluxbot 2.0",1.00178490737433,TRUE
"Fluxbot 2.0",1.00116461138857,TRUE
"Fluxbot 2.0",1,FALSE
"Fluxbot 2.0",1.0049488999646,TRUE
"Fluxbot 2.0",1.00106361740428,TRUE
"Fluxbot 2.0",1.68261973018995,TRUE
"Fluxbot 2.0",1.35172788010467,TRUE
"Fluxbot 2.0",1.67692767655388,TRUE
"Fluxbot 2.0",1.47851605495721,TRUE
"Fluxbot 2.0",1.45759530638621,TRUE
"Fluxbot 2.0",1.48272052022385,TRUE
"Fluxbot 2.0",1.31603140354556,TRUE
"Fluxbot 2.0",1.25615774103337,TRUE
"Fluxbot 2.0",1.22554916057775,TRUE
"Fluxbot 2.0",1.06089166626534,TRUE
"Fluxbot 2.0",1.71850526206937,TRUE
"Fluxbot 2.0",1.6797456541157,TRUE
"Fluxbot 2.0",1.45628767044089,TRUE
"Fluxbot 2.0",1.75010892352229,TRUE
"Fluxbot 2.0",1.61941501041563,TRUE
"Fluxbot 2.0",1.18745034813104,TRUE
"Fluxbot 2.0",1,FALSE
"Fluxbot 2.0",1.16258256687796,TRUE
"Fluxbot 2.0",1.12980825436069,TRUE
"Fluxbot 2.0",1.2224543202932,TRUE
"Fluxbot 2.0",1.20675411798531,TRUE
"Fluxbot 2.0",1.11971771326585,TRUE
"Fluxbot 2.0",1.20328555483178,TRUE
"Fluxbot 2.0",1,FALSE
"Fluxbot 2.0",1.00499928786042,TRUE
"Fluxbot 2.0",1.01216136369783,TRUE
"Fluxbot 2.0",1.01903231463553,TRUE
"Fluxbot 2.0",1.13379211239523,TRUE
"Fluxbot 2.0",1.2594256156064,TRUE
"Fluxbot 2.0",1.81865169496624,TRUE
"Fluxbot 2.0",1.96638957481372,TRUE
"Fluxbot 2.0",1,FALSE
"Fluxbot 2.0",1.64646559558766,TRUE
"Fluxbot 2.0",1.00815371666727,TRUE
"Fluxbot 2.0",1,FALSE
"Fluxbot 2.0",1,FALSE
"Fluxbot 2.0",1,FALSE
"Fluxbot 2.0",1,FALSE
"Fluxbot 2.0",1,FALSE
"Fluxbot 2.0",1,FALSE
"Fluxbot 2.0",1,FALSE
"Fluxbot 2.0",1,FALSE
"Fluxbot 2.0",1,FALSE
"Fluxbot 2.0",1,FALSE
"Fluxbot 2.0",1,FALSE
"Fluxbot 2.0",1,FALSE
"Fluxbot 2.0",1,FALSE
"Fluxbot 2.0",1,FALSE
"Fluxbot 2.0",1,FALSE
"Fluxbot 2.0",1,FALSE
"Fluxbot 2.0",1,FALSE
"Fluxbot 2.0",1,FALSE
"Fluxbot 2.0",1.41020754399509,TRUE
"Fluxbot 2.0",1,FALSE
"Fluxbot 2.0",1,FALSE
"Fluxbot 2.0",1,FALSE
"Fluxbot 2.0",1,FALSE
"Fluxbot 2.0",1,FALSE
"Fluxbot 2.0",1,FALSE
"Fluxbot 2.0",1,FALSE
"Fluxbot 2.0",1,FALSE
"Fluxbot 2.0",1.00207204843769,TRUE
"Fluxbot 2.0",1.50134538606844,TRUE
"Fluxbot 2.0",1.00327296539436,TRUE
"Fluxbot 2.0",1.00197520193127,TRUE
"Fluxbot 2.0",1.01622017417924,TRUE
"Fluxbot 2.0",1.00490359552828,TRUE
"Fluxbot 2.0",1.01277344618444,TRUE
"Fluxbot 2.0",1.03287207571928,TRUE
"Fluxbot 2.0",1.00544197090338,TRUE
"Fluxbot 2.0",1.00401058387427,TRUE
"Fluxbot 2.0",1.00569894077216,TRUE
"Fluxbot 2.0",1.00977453521861,TRUE
"Fluxbot 2.0",1.00285064378313,TRUE
"Fluxbot 2.0",1.00257865634785,TRUE
"Fluxbot 2.0",1.00585278085039,TRUE
"Fluxbot 2.0",1.00393048786402,TRUE
"Fluxbot 2.0",1.00584734872322,TRUE
"Fluxbot 2.0",1.00507614842369,TRUE
"Fluxbot 2.0",1.00670579026501,TRUE
"Fluxbot 2.0",1.00687239612752,TRUE
"Fluxbot 2.0",1.00398038825805,TRUE
"Fluxbot 2.0",1.00520692013606,TRUE
"Fluxbot 2.0",1.00460231836849,TRUE
"Fluxbot 2.0",1.00459144360919,TRUE
"Fluxbot 2.0",1.00685855146582,TRUE
"Fluxbot 2.0",1.00427188536131,TRUE
"Fluxbot 2.0",1.00411897620572,TRUE
"Fluxbot 2.0",1.00551868895615,TRUE
"Fluxbot 2.0",1.11044459376619,TRUE
"Fluxbot 2.0",1.03423894527263,TRUE
"Fluxbot 2.0",1.00650028632679,TRUE
"Fluxbot 2.0",1.01696138996413,TRUE
"Fluxbot 2.0",1.08706725649935,TRUE
"Fluxbot 2.0",1.31864583107713,TRUE
"Fluxbot 2.0",1.66038032222677,TRUE
"Fluxbot 2.0",1.48043152595621,TRUE
"Fluxbot 2.0",1.01006340644853,TRUE
"Fluxbot 2.0",1.00533096009619,TRUE
"Fluxbot 2.0",1.01225249969352,TRUE
"Fluxbot 2.0",1.00838554879161,TRUE
"Fluxbot 2.0",1.00569658613082,TRUE
"Fluxbot 2.0",1.26873487415228,TRUE
"Fluxbot 2.0",1.01478402914591,TRUE
"Fluxbot 2.0",1.00590320780068,TRUE
"Fluxbot 2.0",1.17674275394024,TRUE
"Fluxbot 2.0",1.20066673028025,TRUE
"Fluxbot 2.0",1.00383221833673,TRUE
"Fluxbot 2.0",1.00554342075467,TRUE
"Fluxbot 2.0",1.10640555709462,TRUE
"Fluxbot 2.0",1.35696975931838,TRUE
"Fluxbot 2.0",1,FALSE
"Fluxbot 2.0",1.57217527444729,TRUE
"Fluxbot 2.0",1,FALSE
"Fluxbot 2.0",1.29019617809935,TRUE
"Fluxbot 2.0",1.02132249764644,TRUE
"Fluxbot 2.0",1.14323145260814,TRUE
"Fluxbot 2.0",1.11386235225565,TRUE
"Fluxbot 2.0",1.10748336596262,TRUE
"Fluxbot 2.0",1.14066355730656,TRUE
"Fluxbot 2.0",1.01359893034014,TRUE
"Fluxbot 2.0",1.01086506877178,TRUE
"Fluxbot 2.0",1.0136259137344,TRUE
"Fluxbot 2.0",1.01080659925836,TRUE
"Fluxbot 2.0",1.00946537439069,TRUE
"Fluxbot 2.0",1.03603227595979,TRUE
"Fluxbot 2.0",1.01540430606313,TRUE
"Fluxbot 2.0",1.00603120566177,TRUE
"Fluxbot 2.0",1.00827666599735,TRUE
"Fluxbot 2.0",1.01676191622012,TRUE
"Fluxbot 2.0",1.04552324394161,TRUE
"Fluxbot 2.0",1.05129752158132,TRUE
"Fluxbot 2.0",1.12029291285874,TRUE
"Fluxbot 2.0",1.80612370498906,TRUE
"Fluxbot 2.0",1.45142711250084,TRUE
"Fluxbot 2.0",1.3207010439816,TRUE
"Fluxbot 2.0",1.53542695097559,TRUE
"Fluxbot 2.0",1.8557484632631,TRUE
"Fluxbot 2.0",1.63806809748327,TRUE
"Fluxbot 2.0",1.77003080840205,TRUE
"Fluxbot 2.0",1.6686928079995,TRUE
"Fluxbot 2.0",1.85847920589023,TRUE
"Fluxbot 2.0",1,FALSE
"Fluxbot 2.0",1.90376356477873,TRUE
"Fluxbot 2.0",1,FALSE
"Fluxbot 2.0",1.02662303556211,TRUE
"Fluxbot 2.0",1.21041795315445,TRUE
"Fluxbot 2.0",1.29576824895363,TRUE
"Fluxbot 2.0",1.29157655707796,TRUE
"Fluxbot 2.0",1.02831222148729,TRUE
"Fluxbot 2.0",1.08856674026747,TRUE
"Fluxbot 2.0",1.37590162676058,TRUE
"Fluxbot 2.0",1.03326983420353,TRUE
"Fluxbot 2.0",1.69151664636991,TRUE
"Fluxbot 2.0",1.64625895949488,TRUE
"Fluxbot 2.0",1.53017383120223,TRUE
"Fluxbot 2.0",1.84669810656865,TRUE
"Fluxbot 2.0",1.88450161774038,TRUE
"Fluxbot 2.0",1.68420488834888,TRUE
"Fluxbot 2.0",1.89200656049137,TRUE
"Fluxbot 2.0",1.87948829406458,TRUE
"Fluxbot 2.0",1.72373724601007,TRUE
"Fluxbot 2.0",1.56149208741769,TRUE
"Fluxbot 2.0",1.92872043033425,TRUE
"Fluxbot 2.0",1.88199455614352,TRUE
"Fluxbot 2.0",1,FALSE
"Fluxbot 2.0",1,FALSE
"Fluxbot 2.0",1.62768929271523,TRUE
"Fluxbot 2.0",1.51938533473547,TRUE
"Fluxbot 2.0",1,FALSE
"Fluxbot 2.0",1.5081466840274,TRUE
"Fluxbot 2.0",1.13255399230711,TRUE
"Fluxbot 2.0",1.07328905985923,TRUE
"Fluxbot 2.0",1.44244019310204,TRUE
"Fluxbot 2.0",1.50040574943659,TRUE
"Fluxbot 2.0",1.0893163724198,TRUE
"Fluxbot 2.0",1.28343207021305,TRUE
"Fluxbot 2.0",1.94748622697972,TRUE
"Fluxbot 2.0",1.41525831315937,TRUE
"Fluxbot 2.0",1.52665554969348,TRUE
"Fluxbot 2.0",1.09266068883945,TRUE
"Fluxbot 2.0",1.52841471989244,TRUE
"Fluxbot 2.0",1.6843630964958,TRUE
"Fluxbot 2.0",1.72413165320905,TRUE
"Fluxbot 2.0",1.9292614381006,TRUE
"Fluxbot 2.0",1,FALSE
"Fluxbot 2.0",1.74123401698085,TRUE
"Fluxbot 2.0",1.81565321437739,TRUE
"Fluxbot 2.0",1.37702401375439,TRUE
"Fluxbot 2.0",1.3286404313311,TRUE
"Fluxbot 2.0",1.06691707077982,TRUE
"Fluxbot 2.0",1.09749011837352,TRUE
"Fluxbot 2.0",1.10469655241456,TRUE
"Fluxbot 2.0",1.06510547664154,TRUE
"Fluxbot 2.0",1.10723854934526,TRUE
"Fluxbot 2.0",1.377047313446,TRUE
"Fluxbot 2.0",1.22348644811684,TRUE
"Fluxbot 2.0",1.02902230678237,TRUE
"Fluxbot 2.0",1.51071699200825,TRUE
"Fluxbot 2.0",1.18795920112977,TRUE
"Fluxbot 2.0",1.00753809222052,TRUE
"Fluxbot 2.0",1.52612428745506,TRUE
"Fluxbot 2.0",1.81841291813059,TRUE
"Fluxbot 2.0",1,FALSE
"Fluxbot 2.0",1.3192386457655,TRUE
"Fluxbot 2.0",1.76697040357883,TRUE
"Fluxbot 2.0",1.22773880684388,TRUE
"Fluxbot 2.0",1.22792705642488,TRUE
"Fluxbot 2.0",1.00695667560486,TRUE
"Fluxbot 2.0",1.00798292869644,TRUE
"Fluxbot 2.0",1.01209724466467,TRUE
"Fluxbot 2.0",1.01036433003111,TRUE
"Fluxbot 2.0",1.00524612961115,TRUE
"Fluxbot 2.0",1.006458887146,TRUE
"Fluxbot 2.0",1.01534777720449,TRUE
"Fluxbot 2.0",1.0090660766756,TRUE
"Fluxbot 2.0",1.01377075809147,TRUE
"Fluxbot 2.0",1.00638332305772,TRUE
"Fluxbot 2.0",1.00764391113405,TRUE
"Fluxbot 2.0",1.00510612407969,TRUE
"Fluxbot 2.0",1.01268734575008,TRUE
"Fluxbot 2.0",1.16684330435222,TRUE
"Fluxbot 2.0",1.51656761556773,TRUE
"Fluxbot 2.0",1.06783200775624,TRUE
"Fluxbot 2.0",1.20510024388075,TRUE
"Fluxbot 2.0",1.77100811444962,TRUE
"Fluxbot 2.0",1.619788060752,TRUE
"Fluxbot 2.0",1.90690997471089,TRUE
"Fluxbot 2.0",1.14992845996094,TRUE
"Fluxbot 2.0",1.24616959427901,TRUE
"Fluxbot 2.0",1.35707608563017,TRUE
"Fluxbot 2.0",1.19968461147834,TRUE
"Fluxbot 2.0",1.14691420571204,TRUE
"Fluxbot 2.0",1.17686714679963,TRUE
"Fluxbot 2.0",1.58767213915249,TRUE
"Fluxbot 2.0",1.00782563695164,TRUE
"Fluxbot 2.0",1.03411354797596,TRUE
"Fluxbot 2.0",1.22719471023949,TRUE
"Fluxbot 2.0",1.10516017180577,TRUE
"Fluxbot 2.0",1.01050548391622,TRUE
"Fluxbot 2.0",1.1952024900039,TRUE
"Fluxbot 2.0",1.17617703526418,TRUE
"Fluxbot 2.0",1.1211647289701,TRUE
"Fluxbot 2.0",1.65175752990317,TRUE
"Fluxbot 2.0",1.17438272817738,TRUE
"Fluxbot 2.0",1.3742784085644,TRUE
"Fluxbot 2.0",1.89210916763351,TRUE
"Fluxbot 2.0",1.48505305325874,TRUE
"Fluxbot 2.0",1.22204820045744,TRUE
"Fluxbot 2.0",1.22339549172995,TRUE
"Fluxbot 2.0",1.13991762766999,TRUE
"Fluxbot 2.0",1.13167919761873,TRUE
"Fluxbot 2.0",1.25146513550985,TRUE
"Fluxbot 2.0",1.32597627280487,TRUE
"Fluxbot 2.0",1.34952530039438,TRUE
"Fluxbot 2.0",1.32703399391967,TRUE
"Fluxbot 2.0",1.31345667833981,TRUE
"Fluxbot 2.0",1.48718519387329,TRUE
"Fluxbot 2.0",1.01585443310193,TRUE
"Fluxbot 2.0",1.17063695983439,TRUE
"Fluxbot 2.0",1.08317541898485,TRUE
"Fluxbot 2.0",1.24628816780553,TRUE
"Fluxbot 2.0",1.21068271579937,TRUE
"Fluxbot 2.0",1.33470411994327,TRUE
"Fluxbot 2.0",1.29952025634812,TRUE
"Fluxbot 2.0",1.04920858601463,TRUE
"Fluxbot 2.0",1.03415196993795,TRUE
"Fluxbot 2.0",1.19138646624824,TRUE
"Fluxbot 2.0",1.01199742924534,TRUE
"Fluxbot 2.0",1.1349268078287,TRUE
"Fluxbot 2.0",1.15616248083023,TRUE
"Fluxbot 2.0",1.05100579395467,TRUE
"Fluxbot 2.0",1.26693293069659,TRUE
"Fluxbot 2.0",1.05859361692503,TRUE
"Fluxbot 2.0",1.30301742272217,TRUE
"Fluxbot 2.0",1.07814234074759,TRUE
"Fluxbot 2.0",1.44261858877339,TRUE
"Fluxbot 2.0",1.32840664327643,TRUE
"Fluxbot 2.0",1.20510980377836,TRUE
"Fluxbot 2.0",1.12011239211056,TRUE
"Fluxbot 2.0",1.27539400439125,TRUE
"Fluxbot 2.0",1.270628961493,TRUE
"Fluxbot 2.0",1.21850408227147,TRUE
"Fluxbot 2.0",1.14489281880675,TRUE
"Fluxbot 2.0",1.3078032798137,TRUE
"Fluxbot 2.0",1.23627618861227,TRUE
"Fluxbot 2.0",1.38588223817569,TRUE
"Fluxbot 2.0",1.58426684969916,TRUE
"Fluxbot 2.0",1.21653739093901,TRUE
"Fluxbot 2.0",1.05713980530441,TRUE
"Fluxbot 2.0",1.08930969036294,TRUE
"Fluxbot 2.0",1.09971552394346,TRUE
"Fluxbot 2.0",1.13151869391214,TRUE
"Fluxbot 2.0",1.09623033378242,TRUE
"Fluxbot 2.0",1.1937127184211,TRUE
"Fluxbot 2.0",1.13602885191121,TRUE
"Fluxbot 2.0",1.01475163862966,TRUE
"Fluxbot 2.0",1.14335891309448,TRUE
"Fluxbot 2.0",1.63879210855585,TRUE
"Fluxbot 2.0",1.19267882617668,TRUE
"Fluxbot 2.0",1.34203677594626,TRUE
"Fluxbot 2.0",1.37858818847427,TRUE
"Fluxbot 2.0",1.1701999951867,TRUE
"Fluxbot 2.0",1,FALSE
"Fluxbot 2.0",1,FALSE
"Fluxbot 2.0",1.20803070902926,TRUE
"Fluxbot 2.0",1.25999544848934,TRUE
"Fluxbot 2.0",1.3326646256809,TRUE
"Fluxbot 2.0",1.36280990171856,TRUE
"Fluxbot 2.0",1.1903005807605,TRUE
"Fluxbot 2.0",1.45123163962144,TRUE
"Fluxbot 2.0",1.01500076520819,TRUE
"Fluxbot 2.0",1.11518000017389,TRUE
"Fluxbot 2.0",1.11809113085831,TRUE
"Fluxbot 2.0",1.19439085153207,TRUE
"Fluxbot 2.0",1.31960687446028,TRUE
"Fluxbot 2.0",1,FALSE
"Fluxbot 2.0",1,FALSE
"Fluxbot 2.0",1,FALSE
"Fluxbot 2.0",1,FALSE
"Fluxbot 2.0",1.60331545172946,TRUE
"Fluxbot 2.0",1,FALSE
"Fluxbot 2.0",1.9855623118378,TRUE
"Fluxbot 2.0",1.96340208672974,TRUE
"Fluxbot 2.0",1.58648913846574,TRUE
"Fluxbot 2.0",1.30133196295224,TRUE
"Fluxbot 2.0",1.25422475280829,TRUE
"Fluxbot 2.0",1.85893688036418,TRUE
"Fluxbot 2.0",1.06549718887276,TRUE
"Fluxbot 2.0",1,FALSE
"Fluxbot 2.0",1.06911421473503,TRUE
"Fluxbot 2.0",1.2084078736615,TRUE
"Fluxbot 2.0",1.13261878516368,TRUE
"Fluxbot 2.0",1.10247029411055,TRUE
"Fluxbot 2.0",1.22308538011668,TRUE
"Fluxbot 2.0",1.19921888160123,TRUE
"Fluxbot 2.0",1.12247918803922,TRUE
"Fluxbot 2.0",1.15208926377444,TRUE
"Fluxbot 2.0",1.14354143923099,TRUE
"Fluxbot 2.0",1.17427429932563,TRUE
"Fluxbot 2.0",1.28025469171278,TRUE
"Fluxbot 2.0",1.42508740609906,TRUE
"Fluxbot 2.0",1.25536130973047,TRUE
"Fluxbot 2.0",1.1534595116059,TRUE
"Fluxbot 2.0",1.07030622505345,TRUE
"Fluxbot 2.0",1.00560056906528,TRUE
"Fluxbot 2.0",1.20233824806374,TRUE
"Fluxbot 2.0",1,FALSE
"Fluxbot 2.0",1.00745621071928,TRUE
"Fluxbot 2.0",1.05985078129248,TRUE
"Fluxbot 2.0",1.20387319001466,TRUE
"Fluxbot 2.0",1.00895879720316,TRUE
"Fluxbot 2.0",1.00216027981176,TRUE
"Fluxbot 2.0",1.0075203232565,TRUE
"Fluxbot 2.0",1,FALSE
"Fluxbot 2.0",1.11463551710047,TRUE
"Fluxbot 2.0",1.05456095933196,TRUE
"Fluxbot 2.0",1.01207661698661,TRUE
"Fluxbot 2.0",1.16154830507888,TRUE
"Fluxbot 2.0",1.21971100345964,TRUE
"Fluxbot 2.0",1.12061689341029,TRUE
"Fluxbot 2.0",1.25109974000566,TRUE
"Fluxbot 2.0",1.17422807958541,TRUE
"Fluxbot 2.0",1.58981955155902,TRUE
"Fluxbot 2.0",1.28416825728657,TRUE
"Fluxbot 2.0",1.36810560432418,TRUE
"Fluxbot 2.0",1.04653736454597,TRUE
"Fluxbot 2.0",1.1567467304898,TRUE
"Fluxbot 2.0",1.29281584913036,TRUE
"Fluxbot 2.0",1.14955628487126,TRUE
"Fluxbot 2.0",1.1783140502655,TRUE
"Fluxbot 2.0",1.0064673082952,TRUE
"Fluxbot 2.0",1.0107456113927,TRUE
"Fluxbot 2.0",1.00411166179424,TRUE
"Fluxbot 2.0",1.4481871885636,TRUE
"Fluxbot 2.0",1.2006195665211,TRUE
"Fluxbot 2.0",1.00773670219339,TRUE
"Fluxbot 2.0",1.11307264108681,TRUE
"Fluxbot 2.0",1,FALSE
"Fluxbot 2.0",1,FALSE
"Fluxbot 2.0",1.01680640454028,TRUE
"Fluxbot 2.0",1.02509196051268,TRUE
"Fluxbot 2.0",1.26586859007182,TRUE
"Fluxbot 2.0",1.12077354673284,TRUE
"Fluxbot 2.0",1.01118567647429,TRUE
"Fluxbot 2.0",1.14460617453887,TRUE
"Fluxbot 2.0",1.27383746225635,TRUE
"Fluxbot 2.0",1.1942362702646,TRUE
"Fluxbot 2.0",1.0121051269356,TRUE
"Fluxbot 2.0",1.2318636667725,TRUE
"Fluxbot 2.0",1.35848115283176,TRUE
"Fluxbot 2.0",1.23734262471124,TRUE
"Fluxbot 2.0",1.38775822857602,TRUE
"Fluxbot 2.0",1.3434282708697,TRUE
"Fluxbot 2.0",1.01618386804904,TRUE
"Fluxbot 2.0",1.22339511313003,TRUE
"Fluxbot 2.0",1.00665604339475,TRUE
"Fluxbot 2.0",1.43085406443082,TRUE
"Fluxbot 2.0",1.22148669473426,TRUE
"Fluxbot 2.0",1.00420575735591,TRUE
"Fluxbot 2.0",1,FALSE
"Fluxbot 2.0",1.4053283183326,TRUE
"Fluxbot 2.0",1.22488825289959,TRUE
"Fluxbot 2.0",1.06769247175489,TRUE
"Fluxbot 2.0",1.15434494702506,TRUE
"Fluxbot 2.0",1.30711224611949,TRUE
"Fluxbot 2.0",1.1112543488742,TRUE
"Fluxbot 2.0",1.28039442740162,TRUE
"Fluxbot 2.0",1.30482257538377,TRUE
"Fluxbot 2.0",1.48010342082971,TRUE
"Fluxbot 2.0",1.36702572571085,TRUE
"Fluxbot 2.0",1.21941455616563,TRUE
"Fluxbot 2.0",1.01592779614468,TRUE
"Fluxbot 2.0",1.1878788709523,TRUE
"Fluxbot 2.0",1.01026361879241,TRUE
"Fluxbot 2.0",1.01346045338503,TRUE
"Fluxbot 2.0",1.15073684290202,TRUE
"Fluxbot 2.0",1.04079215859037,TRUE
"Fluxbot 2.0",1.20475809430028,TRUE
"Fluxbot 2.0",1.20317409098898,TRUE
"Fluxbot 2.0",1.27890271780984,TRUE
"Fluxbot 2.0",1.29963589565723,TRUE
"Fluxbot 2.0",1.24423564103348,TRUE
"Fluxbot 2.0",1.371795732338,TRUE
"Fluxbot 2.0",1.00954849950226,TRUE
"Fluxbot 2.0",1.29293123602183,TRUE
"Fluxbot 2.0",1.20526619923286,TRUE
"Fluxbot 2.0",1.14146701917991,TRUE
"Fluxbot 2.0",1.22630895562737,TRUE
"Fluxbot 2.0",1,FALSE
"Fluxbot 2.0",1.03490991813323,TRUE
"Fluxbot 2.0",1.23553725971779,TRUE
"Fluxbot 2.0",1.18005479008007,TRUE
"Fluxbot 2.0",1.12078345330929,TRUE
"Fluxbot 2.0",1.35294132904827,TRUE
"Fluxbot 2.0",1.38903802293155,TRUE
"Fluxbot 2.0",1.35595339842413,TRUE
"Fluxbot 2.0",1.18908803356414,TRUE
"Fluxbot 2.0",1.1684658668583,TRUE
"Fluxbot 2.0",1.23894507123319,TRUE
"Fluxbot 2.0",1.27814284666107,TRUE
"Fluxbot 2.0",1.24531361959806,TRUE
"Fluxbot 2.0",1.01100102461187,TRUE
"Fluxbot 2.0",1.15231864933909,TRUE
"Fluxbot 2.0",1.29473328893718,TRUE
"Fluxbot 2.0",1.26138479912201,TRUE
"Fluxbot 2.0",1.00622870563312,TRUE
"Fluxbot 2.0",1.00693748230215,TRUE
"Fluxbot 2.0",1.05786570068307,TRUE
"Fluxbot 2.0",1.00944955400252,TRUE
"Fluxbot 2.0",1.31834633080914,TRUE
"Fluxbot 2.0",1.36653145120547,TRUE
"Fluxbot 2.0",1.4660363996802,TRUE
"Fluxbot 2.0",1.25648335076612,TRUE
"Fluxbot 2.0",1.67037730103804,TRUE
"Fluxbot 2.0",1.38653462049455,TRUE
"Fluxbot 2.0",1.49303049918972,TRUE
"Fluxbot 2.0",1.24314653049049,TRUE
"Fluxbot 2.0",1.47182913062692,TRUE
"Fluxbot 2.0",1.3456284317564,TRUE
"Fluxbot 2.0",1.50946523064221,TRUE
"Fluxbot 2.0",1.46314394416372,TRUE
"Fluxbot 2.0",1.36033525120587,TRUE
"Fluxbot 2.0",1.37250248328273,TRUE
"Fluxbot 2.0",1.49417206815578,TRUE
"Fluxbot 2.0",1.44054734471549,TRUE
"Fluxbot 2.0",1.5479280028236,TRUE
"Fluxbot 2.0",1.22202658402158,TRUE
"Fluxbot 2.0",1.4296489396962,TRUE
"Fluxbot 2.0",1.37852641727107,TRUE
"Fluxbot 2.0",1.23263060374967,TRUE
"Fluxbot 2.0",1.23672176128038,TRUE
"Fluxbot 2.0",1.14618960533815,TRUE
"Fluxbot 2.0",1,FALSE
"Fluxbot 2.0",1,FALSE
"Fluxbot 2.0",1,FALSE
"Fluxbot 2.0",1,FALSE
"Fluxbot 2.0",1,FALSE
"Fluxbot 2.0",1,FALSE
"Fluxbot 2.0",1,FALSE
"Fluxbot 2.0",1,FALSE
"Fluxbot 2.0",1,FALSE
"Fluxbot 2.0",1,FALSE
"Fluxbot 2.0",1,FALSE
"Fluxbot 2.0",1,FALSE
"Fluxbot 2.0",1,FALSE
"Fluxbot 2.0",1,FALSE
"Fluxbot 2.0",1,FALSE
"Fluxbot 2.0",1,FALSE
"Fluxbot 2.0",1,FALSE
"Fluxbot 2.0",1,FALSE
"Fluxbot 2.0",1,FALSE
"Fluxbot 2.0",1.50509108973265,TRUE
"Fluxbot 2.0",1,FALSE
"Fluxbot 2.0",1.74438627539722,TRUE
"Fluxbot 2.0",1.95353925217299,TRUE
"Fluxbot 2.0",1,FALSE
"Fluxbot 2.0",1.78845750525208,TRUE
"Fluxbot 2.0",1,FALSE
"Fluxbot 2.0",1.97130265457589,TRUE
"Fluxbot 2.0",1,FALSE
"Fluxbot 2.0",1,FALSE
"Fluxbot 2.0",1.7513648122448,TRUE
"Fluxbot 2.0",1,FALSE
"Fluxbot 2.0",1,FALSE
"Fluxbot 2.0",1,FALSE
"Fluxbot 2.0",1,FALSE
"Fluxbot 2.0",1,FALSE
"Fluxbot 2.0",1,FALSE
"Fluxbot 2.0",1.75940747407917,TRUE
"Fluxbot 2.0",1.01555651539668,TRUE
"Fluxbot 2.0",1.00682772802595,TRUE
"Fluxbot 2.0",1.04197234045566,TRUE
"Fluxbot 2.0",1.00456908683917,TRUE
"Fluxbot 2.0",1.00519640114361,TRUE
"Fluxbot 2.0",1.00492588111456,TRUE
"Fluxbot 2.0",1,FALSE
"Fluxbot 2.0",1,FALSE
"Fluxbot 2.0",1.00498285430664,TRUE
"Fluxbot 2.0",1.11272085293006,TRUE
"Fluxbot 2.0",1.13643145531424,TRUE
"Fluxbot 2.0",1.00806281990052,TRUE
"Fluxbot 2.0",1.25716393426233,TRUE
"Fluxbot 2.0",1.0826649453082,TRUE
"Fluxbot 2.0",1.01454598593379,TRUE
"Fluxbot 2.0",1.28506484569454,TRUE
"Fluxbot 2.0",1.0684540535109,TRUE
"Fluxbot 2.0",1.28833798158436,TRUE
"Fluxbot 2.0",1.18823633706692,TRUE
"Fluxbot 2.0",1.05366749546954,TRUE
"Fluxbot 2.0",1.05411239085143,TRUE
"Fluxbot 2.0",1.1305125602418,TRUE
"Fluxbot 2.0",1.06998019493724,TRUE
"Fluxbot 2.0",1.01434692363321,TRUE
"Fluxbot 2.0",1.069147902107,TRUE
"Fluxbot 2.0",1.00481111008812,TRUE
"Fluxbot 2.0",1.00578443234376,TRUE
"Fluxbot 2.0",1.00688941626906,TRUE
"Fluxbot 2.0",1.0052401735697,TRUE
"Fluxbot 2.0",1.28753380510627,TRUE
"Fluxbot 2.0",1,FALSE
"Fluxbot 2.0",1.32188524825001,TRUE
"Fluxbot 2.0",1.14055542532876,TRUE
"Fluxbot 2.0",1.74383974225045,TRUE
"Fluxbot 2.0",1.44818981358241,TRUE
"Fluxbot 2.0",1.45093253711377,TRUE
"Fluxbot 2.0",1.30805236196547,TRUE
"Fluxbot 2.0",1.15554814771395,TRUE
"Fluxbot 2.0",1.72001404245145,TRUE
"Fluxbot 2.0",1.01334247629487,TRUE
"Fluxbot 2.0",1.21882099754027,TRUE
"Fluxbot 2.0",1.03974620113756,TRUE
"Fluxbot 2.0",1.01064660150308,TRUE
"Fluxbot 2.0",1.00481470026995,TRUE
"Fluxbot 2.0",1.01432524550394,TRUE
"Fluxbot 2.0",1.00307035482021,TRUE
"Fluxbot 2.0",1.02427694545389,TRUE
"Fluxbot 2.0",1.00494461589805,TRUE
"Fluxbot 2.0",1.21883728104561,TRUE
"Fluxbot 2.0",1,FALSE
"Fluxbot 2.0",1.00856803823544,TRUE
"Fluxbot 2.0",1.56014307464362,TRUE
"Fluxbot 2.0",1.31340749019359,TRUE
"Fluxbot 2.0",1.22358110915263,TRUE
"Fluxbot 2.0",1.3186573772071,TRUE
"Fluxbot 2.0",1.00981061975646,TRUE
"Fluxbot 2.0",1.37293208034001,TRUE
"Fluxbot 2.0",1.51264668326158,TRUE
"Fluxbot 2.0",1.4185355957999,TRUE
"Fluxbot 2.0",1.71617311078066,TRUE
"Fluxbot 2.0",1.70721610898342,TRUE
"Fluxbot 2.0",1.11276053849771,TRUE
"Fluxbot 2.0",1.085749093765,TRUE
"Fluxbot 2.0",1.05589001529023,TRUE
"Fluxbot 2.0",1.2226559645509,TRUE
"Fluxbot 2.0",1.03733853443912,TRUE
"Fluxbot 2.0",1.23964872347997,TRUE
"Fluxbot 2.0",1.1990972787092,TRUE
"Fluxbot 2.0",1.64167967995016,TRUE
"Fluxbot 2.0",1.36410324134783,TRUE
"Fluxbot 2.0",1.38626107063262,TRUE
"Fluxbot 2.0",1,FALSE
"Fluxbot 2.0",1.14219378354415,TRUE
"Fluxbot 2.0",1.06649031788984,TRUE
"Fluxbot 2.0",1.31198827649387,TRUE
"Fluxbot 2.0",1.2469252338831,TRUE
"Fluxbot 2.0",1.12585592902459,TRUE
"Fluxbot 2.0",1.38605448079242,TRUE
"Fluxbot 2.0",1.41725708000469,TRUE
"Fluxbot 2.0",1.56778775249375,TRUE
"Fluxbot 2.0",1.56601985211967,TRUE
"Fluxbot 2.0",1.32121600034758,TRUE
"Fluxbot 2.0",1.35555778446962,TRUE
"Fluxbot 2.0",1.56524914897115,TRUE
"Fluxbot 2.0",1.37595915583466,TRUE
"Fluxbot 2.0",1.23882164866331,TRUE
"Fluxbot 2.0",1.52630905756626,TRUE
"Fluxbot 2.0",1.24803137367257,TRUE
"Fluxbot 2.0",1.2480946769196,TRUE
"Fluxbot 2.0",1.34481328662903,TRUE
"Fluxbot 2.0",1.45937803902414,TRUE
"Fluxbot 2.0",1.4482452834604,TRUE
"Fluxbot 2.0",1.43523486902695,TRUE
"Fluxbot 2.0",1.22502486042742,TRUE
"Fluxbot 2.0",1.2531970404939,TRUE
"Fluxbot 2.0",1.11270266919839,TRUE
"Fluxbot 2.0",1.287376282427,TRUE
"Fluxbot 2.0",1.05210955133034,TRUE
"Fluxbot 2.0",1.16864245796622,TRUE
"Fluxbot 2.0",1.13599566541167,TRUE
"Fluxbot 2.0",1.25904119229406,TRUE
"Fluxbot 2.0",1.07230066130883,TRUE
"Fluxbot 2.0",1.13790358868572,TRUE
"Fluxbot 2.0",1.48928292538468,TRUE
"Fluxbot 2.0",1.48174853165488,TRUE
"Fluxbot 2.0",1.44896160998436,TRUE
"Fluxbot 2.0",1.2399581578247,TRUE
"Fluxbot 2.0",1.61280148249723,TRUE
"Fluxbot 2.0",1.31625442092581,TRUE
"Fluxbot 2.0",1.33277360668597,TRUE
"Fluxbot 2.0",1.48481976556054,TRUE
"Fluxbot 2.0",1.26540191360745,TRUE
"Fluxbot 2.0",1.33446698626538,TRUE
"Fluxbot 2.0",1.65740298567532,TRUE
"Fluxbot 2.0",1.29304099490834,TRUE
"Fluxbot 2.0",1.57942911499885,TRUE
"Fluxbot 2.0",1.24084659592993,TRUE
"Fluxbot 2.0",1.26411287066399,TRUE
"Fluxbot 2.0",1.14748124625774,TRUE
"Fluxbot 2.0",1.31916644374203,TRUE
"Fluxbot 2.0",1.01624788774398,TRUE
"Fluxbot 2.0",1.40244681087826,TRUE
"Fluxbot 2.0",1.10679560825251,TRUE
"Fluxbot 2.0",1.07015100674265,TRUE
"Fluxbot 2.0",1.16045472218942,TRUE
"Fluxbot 2.0",1.13345766504849,TRUE
"Fluxbot 2.0",1.43030422344602,TRUE
"Fluxbot 2.0",1.40808277723713,TRUE
"Fluxbot 2.0",1.50421250256866,TRUE
"Fluxbot 2.0",1.45760375278595,TRUE
"Fluxbot 2.0",1.17001244763663,TRUE
"Fluxbot 2.0",1.50390413029425,TRUE
"Fluxbot 2.0",1.33247741906912,TRUE
"Fluxbot 2.0",1.12428223995337,TRUE
"Fluxbot 2.0",1.0824943931505,TRUE
"Fluxbot 2.0",1.01537181472634,TRUE
"Fluxbot 2.0",1.81296142411542,TRUE
"Fluxbot 2.0",1.8004500504404,TRUE
"Fluxbot 2.0",1.28319492077383,TRUE
"Fluxbot 2.0",1.28211722741068,TRUE
"Fluxbot 2.0",1.52764410788082,TRUE
"Fluxbot 2.0",1.72592968154125,TRUE
"Fluxbot 2.0",1.01464099634556,TRUE
"Fluxbot 2.0",1.00192156204677,TRUE
"Fluxbot 2.0",1.01159301305686,TRUE
"Fluxbot 2.0",1.00086065718247,TRUE
"Fluxbot 2.0",1.00095499380067,TRUE
"Fluxbot 2.0",1.002891748744,TRUE
"Fluxbot 2.0",1.00051916983302,TRUE
"Fluxbot 2.0",1.28637585786456,TRUE
"Fluxbot 2.0",1,FALSE
"Fluxbot 2.0",1.26357811702996,TRUE
"Fluxbot 2.0",1.11249461796565,TRUE
"Fluxbot 2.0",1.32064340071538,TRUE
"Fluxbot 2.0",1.1634894724488,TRUE
"Fluxbot 2.0",1.18580073918627,TRUE
"Fluxbot 2.0",1.1913460962911,TRUE
"Fluxbot 2.0",1.41994181351869,TRUE
"Fluxbot 2.0",1.28477351638705,TRUE
"Fluxbot 2.0",1.35167593939764,TRUE
"Fluxbot 2.0",1.25887255884319,TRUE
"Fluxbot 2.0",1.01387523530777,TRUE
"Fluxbot 2.0",1.24642860821741,TRUE
"Fluxbot 2.0",1.24638596096371,TRUE
"Fluxbot 2.0",1.01087638609025,TRUE
"Fluxbot 2.0",1.46230497026616,TRUE
"Fluxbot 2.0",1.09326282001479,TRUE
"Fluxbot 2.0",1.05544527335005,TRUE
"Fluxbot 2.0",1.32421987655287,TRUE
"Fluxbot 2.0",1.23752507857654,TRUE
"Fluxbot 2.0",1.27580108277772,TRUE
"Fluxbot 2.0",1.20044461745718,TRUE
"Fluxbot 2.0",1.17616571972736,TRUE
"Fluxbot 2.0",1.31324257014882,TRUE
"Fluxbot 2.0",1.27342120473803,TRUE
"Fluxbot 2.0",1.42046515765894,TRUE
"Fluxbot 2.0",1.46417862590498,TRUE
"Fluxbot 2.0",1.08095996266261,TRUE
"Fluxbot 2.0",1.1785592044311,TRUE
"Fluxbot 2.0",1.06228434586512,TRUE
"Fluxbot 2.0",1.17350160479984,TRUE
"Fluxbot 2.0",1.21651439006345,TRUE
"Fluxbot 2.0",1.41997388840586,TRUE
"Fluxbot 2.0",1.50779893408235,TRUE
"Fluxbot 2.0",1.28055131352994,TRUE
"Fluxbot 2.0",1.23963106860901,TRUE
"Fluxbot 2.0",1.33084767686946,TRUE
"Fluxbot 2.0",1.3455569406224,TRUE
"Fluxbot 2.0",1.12967160574626,TRUE
"Fluxbot 2.0",1.27304078979201,TRUE
"Fluxbot 2.0",1,FALSE
"Fluxbot 2.0",1.09250982203976,TRUE
"Fluxbot 2.0",1.40639519688588,TRUE
"Fluxbot 2.0",1.44140521104238,TRUE
"Fluxbot 2.0",1.26167742220652,TRUE
"Fluxbot 2.0",1.29104399564499,TRUE
"Fluxbot 2.0",1.26743327636532,TRUE
"Fluxbot 2.0",1.25968476084429,TRUE
"Fluxbot 2.0",1,FALSE
"Fluxbot 2.0",1.23840986562489,TRUE
"Fluxbot 2.0",1.2644679740249,TRUE
"Fluxbot 2.0",1.08244352813172,TRUE
"Fluxbot 2.0",1.34489755313565,TRUE
"Fluxbot 2.0",1.38246900713857,TRUE
"Fluxbot 2.0",1.28279814207891,TRUE
"Fluxbot 2.0",1.23370421502074,TRUE
"Fluxbot 2.0",1.16136577078206,TRUE
"Fluxbot 2.0",1.23000147777766,TRUE
"Fluxbot 2.0",1.14180950194374,TRUE
"Fluxbot 2.0",1.19305461905278,TRUE
"Fluxbot 2.0",1.08782201667769,TRUE
"Fluxbot 2.0",1.19698747014949,TRUE
"Fluxbot 2.0",1.22308221656758,TRUE
"Fluxbot 2.0",1.34086074962872,TRUE
"Fluxbot 2.0",1.36482907975626,TRUE
"Fluxbot 2.0",1.14366644148961,TRUE
"Fluxbot 2.0",1.41143190269808,TRUE
"Fluxbot 2.0",1.46511649475461,TRUE
"Fluxbot 2.0",1.5333403690575,TRUE
"Fluxbot 2.0",1.37561328495045,TRUE
"Fluxbot 2.0",1.81400782944741,TRUE
"Fluxbot 2.0",1.47541538346312,TRUE
"Fluxbot 2.0",1.48703967165461,TRUE
"Fluxbot 2.0",1.38605140792834,TRUE
"Fluxbot 2.0",1.32554496744142,TRUE
"Fluxbot 2.0",1.38621254494575,TRUE
"Fluxbot 2.0",1.37820201907428,TRUE
"Fluxbot 2.0",1.11206300153884,TRUE
"Fluxbot 2.0",1.44411080953606,TRUE
"Fluxbot 2.0",1.62990601236308,TRUE
"Fluxbot 2.0",1.51779959267483,TRUE
"Fluxbot 2.0",1.6091483547478,TRUE
"Fluxbot 2.0",1.37239623049281,TRUE
"Fluxbot 2.0",1,FALSE
"Fluxbot 2.0",1.29907402124658,TRUE
"Fluxbot 2.0",1.15765582594974,TRUE
"Fluxbot 2.0",1.14260372897514,TRUE
"Fluxbot 2.0",1.38089920974113,TRUE
"Fluxbot 2.0",1.10719487526652,TRUE
"Fluxbot 2.0",1.23514444344351,TRUE
"Fluxbot 2.0",1.1986057874938,TRUE
"Fluxbot 2.0",1.24058904761486,TRUE
"Fluxbot 2.0",1.38718771916332,TRUE
"Fluxbot 2.0",1,FALSE
"Fluxbot 2.0",1.00253531604255,TRUE
"Fluxbot 2.0",1.8358694473816,TRUE
"Fluxbot 2.0",1.3800708004181,TRUE
"Fluxbot 2.0",1.4104178771811,TRUE
"Fluxbot 2.0",1,FALSE
"Fluxbot 2.0",1.16792286093147,TRUE
"Fluxbot 2.0",1.57063535196024,TRUE
"Fluxbot 2.0",1.16247676205286,TRUE
"Fluxbot 2.0",1.19040045286632,TRUE
"Fluxbot 2.0",1.42602480166985,TRUE
"Fluxbot 2.0",1.47177819852105,TRUE
"Fluxbot 2.0",1.87484014310657,TRUE
"Fluxbot 2.0",1.39443205769959,TRUE
"Fluxbot 2.0",1,FALSE
"Fluxbot 2.0",1,FALSE
"Fluxbot 2.0",1.00717601522684,TRUE
"Fluxbot 2.0",1.27453151920197,TRUE
"Fluxbot 2.0",1.00579303430323,TRUE
"Fluxbot 2.0",1.21557652714081,TRUE
"Fluxbot 2.0",1.18800309209323,TRUE
"Fluxbot 2.0",1.16090254264057,TRUE
"Fluxbot 2.0",1.23670660069071,TRUE
"Fluxbot 2.0",1.36441746617334,TRUE
"Fluxbot 2.0",1.08949296154694,TRUE
"Fluxbot 2.0",1.19980758890346,TRUE
"Fluxbot 2.0",1.11417618110453,TRUE
"Fluxbot 2.0",1.23811151586806,TRUE
"Fluxbot 2.0",1.01271155380671,TRUE
"Fluxbot 2.0",1.08299091753446,TRUE
"Fluxbot 2.0",1.22120601670104,TRUE
"Fluxbot 2.0",1.1893940008237,TRUE
"Fluxbot 2.0",1.51300259157786,TRUE
"Fluxbot 2.0",1.03965722759368,TRUE
"Fluxbot 2.0",1.00947693950978,TRUE
"Fluxbot 2.0",1.00809125889069,TRUE
"Fluxbot 2.0",1.04207838342301,TRUE
"Fluxbot 2.0",1.67754687902164,TRUE
"Fluxbot 2.0",1.20362647538365,TRUE
"Fluxbot 2.0",1.08783436727442,TRUE
"Fluxbot 2.0",1.01439924883631,TRUE
"Fluxbot 2.0",1.0143416730104,TRUE
"Fluxbot 2.0",1.19367253638651,TRUE
"Fluxbot 2.0",1.80138791893876,TRUE
"Fluxbot 2.0",1.10798890889381,TRUE
"Fluxbot 2.0",1.25015312103371,TRUE
"Fluxbot 2.0",1.18079611902421,TRUE
"Fluxbot 2.0",1.28667724977828,TRUE
"Fluxbot 2.0",1.4509898735263,TRUE
"Fluxbot 2.0",1.28246653881938,TRUE
"Fluxbot 2.0",1.06938591655921,TRUE
"Fluxbot 2.0",1.15436765319074,TRUE
"Fluxbot 2.0",1.21869720999293,TRUE
"Fluxbot 2.0",1.14820424697158,TRUE
"Fluxbot 2.0",1.2076692666314,TRUE
"Fluxbot 2.0",1.17666904900824,TRUE
"Fluxbot 2.0",1.15199796559978,TRUE
"Fluxbot 2.0",1.26198269390902,TRUE
"Fluxbot 2.0",1.17904925606351,TRUE
"Fluxbot 2.0",1.01064662693306,TRUE
"Fluxbot 2.0",1,FALSE
"Fluxbot 2.0",1.01425168459531,TRUE
"Fluxbot 2.0",1.19884228794484,TRUE
"Fluxbot 2.0",1.11652974863245,TRUE
"Fluxbot 2.0",1.18534794440606,TRUE
"Fluxbot 2.0",1.08134186930121,TRUE
"Fluxbot 2.0",1.36396517391017,TRUE
"Fluxbot 2.0",1.1328596494655,TRUE
"Fluxbot 2.0",1.04038762510824,TRUE
"Fluxbot 2.0",1.1173576643987,TRUE
"Fluxbot 2.0",1.15247327074782,TRUE
"Fluxbot 2.0",1.28084277840006,TRUE
"Fluxbot 2.0",1.28152059829297,TRUE
"Fluxbot 2.0",1.05727797104806,TRUE
"Fluxbot 2.0",1.23063755569397,TRUE
"Fluxbot 2.0",1,FALSE
"Fluxbot 2.0",1.01603607792713,TRUE
"Fluxbot 2.0",1.04303904155355,TRUE
"Fluxbot 2.0",1.24680274973276,TRUE
"Fluxbot 2.0",1.27542044730032,TRUE
"Fluxbot 2.0",1.03644993660231,TRUE
"Fluxbot 2.0",1.1096200520789,TRUE
"Fluxbot 2.0",1.11145062535703,TRUE
"Fluxbot 2.0",1.26791737199395,TRUE
"Fluxbot 2.0",1.24999552499324,TRUE
"Fluxbot 2.0",1.20998463362888,TRUE
"Fluxbot 2.0",1.07528891521289,TRUE
"Fluxbot 2.0",1.20081401153071,TRUE
"Fluxbot 2.0",1.36903328518747,TRUE
"Fluxbot 2.0",1.12779091156321,TRUE
"Fluxbot 2.0",1.17411222108497,TRUE
"Fluxbot 2.0",1.14181415053119,TRUE
"Fluxbot 2.0",1.01316959930961,TRUE
"Fluxbot 2.0",1.12281500401012,TRUE
"Fluxbot 2.0",1.53500671604248,TRUE
"Fluxbot 2.0",1.39475445829358,TRUE
"Fluxbot 2.0",1.19312550520381,TRUE
"Fluxbot 2.0",1.30005647478847,TRUE
"Fluxbot 2.0",1.36511899771911,TRUE
"Fluxbot 2.0",1.25017333648676,TRUE
"Fluxbot 2.0",1.27671533133065,TRUE
"Fluxbot 2.0",1.46721566433768,TRUE
"Fluxbot 2.0",1.27381308447217,TRUE
"Fluxbot 2.0",1.24768445793351,TRUE
"Fluxbot 2.0",1.31293105209887,TRUE
"Fluxbot 2.0",1.0116902478214,TRUE
"Fluxbot 2.0",1.01625437679616,TRUE
"Fluxbot 2.0",1.18483336817804,TRUE
"Fluxbot 2.0",1.28982195159804,TRUE
"Fluxbot 2.0",1.29373376964469,TRUE
"Fluxbot 2.0",1.28650063708543,TRUE
"Fluxbot 2.0",1.98255633487675,TRUE
"Fluxbot 2.0",1.07191740295675,TRUE
"Fluxbot 2.0",1.51725152094866,TRUE
"Fluxbot 2.0",1.23149217863102,TRUE
"Fluxbot 2.0",1.04854130966842,TRUE
"Fluxbot 2.0",1.01221046105099,TRUE
"Fluxbot 2.0",1.11354483055477,TRUE
"Fluxbot 2.0",1.01484964776423,TRUE
"Fluxbot 2.0",1.35492785202504,TRUE
"Fluxbot 2.0",1.26398397567191,TRUE
"Fluxbot 2.0",1.40001951134788,TRUE
"Fluxbot 2.0",1.48656271105427,TRUE
"Fluxbot 2.0",1.09929662399306,TRUE
"Fluxbot 2.0",1.11827642649837,TRUE
"Fluxbot 2.0",1.3749761895996,TRUE
"Fluxbot 2.0",1.01529127979532,TRUE
"Fluxbot 2.0",1.07252861258704,TRUE
"Fluxbot 2.0",1.03901716285641,TRUE
"Fluxbot 2.0",1.26982225868444,TRUE
"Fluxbot 2.0",1.10411825548653,TRUE
"Fluxbot 2.0",1.40001979067645,TRUE
"Fluxbot 2.0",1.22099704688281,TRUE
"Fluxbot 2.0",1.01125942702859,TRUE
"Fluxbot 2.0",1.54882133947631,TRUE
"Fluxbot 2.0",1.10051535809644,TRUE
"Fluxbot 2.0",1.06644620026372,TRUE
"Fluxbot 2.0",1.05099901821638,TRUE
"Fluxbot 2.0",1.10314666360491,TRUE
"Fluxbot 2.0",1.10884313828697,TRUE
"Fluxbot 2.0",1.20129305438278,TRUE
"Fluxbot 2.0",1.01346931642611,TRUE
"Fluxbot 2.0",1.36834900722056,TRUE
"Fluxbot 2.0",1.4953518313357,TRUE
"Fluxbot 2.0",1.52731786260878,TRUE
"Fluxbot 2.0",1.49241327109861,TRUE
"Fluxbot 2.0",1.40216252564363,TRUE
"Fluxbot 2.0",1.48167766353715,TRUE
"Fluxbot 2.0",1.6144548776909,TRUE
"Fluxbot 2.0",1.23144095394228,TRUE
"Fluxbot 2.0",1.00437926001575,TRUE
"Fluxbot 2.0",1.01135081479005,TRUE
"Fluxbot 2.0",1.11777586073104,TRUE
"Fluxbot 2.0",1.39772572339234,TRUE
"Fluxbot 2.0",1.17101979222621,TRUE
"Fluxbot 2.0",1.89516462813791,TRUE
"Fluxbot 2.0",1.56361724546134,TRUE
"Fluxbot 2.0",1.42866397284616,TRUE
"Fluxbot 2.0",1.60215872174702,TRUE
"Fluxbot 2.0",1.21614065392745,TRUE
"Fluxbot 2.0",1.34863695519892,TRUE
"Fluxbot 2.0",1.23907352248617,TRUE
"Fluxbot 2.0",1.07469322419959,TRUE
"Fluxbot 2.0",1.30301465109637,TRUE
"Fluxbot 2.0",1.52742839461361,TRUE
"Fluxbot 2.0",1.50582641749822,TRUE
"Fluxbot 2.0",1.23464782210625,TRUE
"Fluxbot 2.0",1.37958236743414,TRUE
"Fluxbot 2.0",1.33170592404174,TRUE
"Fluxbot 2.0",1.50573957680053,TRUE
"Fluxbot 2.0",1.12737380628293,TRUE
"Fluxbot 2.0",1.03253346073351,TRUE
"Fluxbot 2.0",1.1944993828152,TRUE
"Fluxbot 2.0",1.10285647891031,TRUE
"Fluxbot 2.0",1.77993761219164,TRUE
"Fluxbot 2.0",1.45527770617206,TRUE
"Fluxbot 2.0",1.22524735266698,TRUE
"Fluxbot 2.0",1.14372960251503,TRUE
"Fluxbot 2.0",1.24472176334382,TRUE
"Fluxbot 2.0",1.01573834660449,TRUE
"Fluxbot 2.0",1.3515347218061,TRUE
"Fluxbot 2.0",1.16046211063938,TRUE
"Fluxbot 2.0",1.36214969559298,TRUE
"Fluxbot 2.0",1.16653740829222,TRUE
"Fluxbot 2.0",1.30716317444788,TRUE
"Fluxbot 2.0",1.20244655075605,TRUE
"Fluxbot 2.0",1.15405181194114,TRUE
"Fluxbot 2.0",1.33331828583453,TRUE
"Fluxbot 2.0",1.6797291670723,TRUE
"Fluxbot 2.0",1.42478809351534,TRUE
"Fluxbot 2.0",1.83633291371141,TRUE
"Fluxbot 2.0",1.38008470655837,TRUE
"Fluxbot 2.0",1.33456091707208,TRUE
"Fluxbot 2.0",1.37186402845698,TRUE
"Fluxbot 2.0",1.09187213234474,TRUE
"Fluxbot 2.0",1.04236795822282,TRUE
"Fluxbot 2.0",1.10857165126872,TRUE
"Fluxbot 2.0",1.32785614466138,TRUE
"Fluxbot 2.0",1.56814256006915,TRUE
"Fluxbot 2.0",1.22910149868905,TRUE
"Fluxbot 2.0",1.42842802992035,TRUE
"Fluxbot 2.0",1.22991650537403,TRUE
"Fluxbot 2.0",1.39412271492631,TRUE
"Fluxbot 2.0",1.34273858421447,TRUE
"Fluxbot 2.0",1,FALSE
"Fluxbot 2.0",1.10674894062905,TRUE
"Fluxbot 2.0",1.27458750212903,TRUE
"Fluxbot 2.0",1,FALSE
"Fluxbot 2.0",1,FALSE
"Fluxbot 2.0",1.90128219095576,TRUE
"Fluxbot 2.0",1.71187103383608,TRUE
"Fluxbot 2.0",1,FALSE
"Fluxbot 2.0",1,FALSE
"Fluxbot 2.0",1,FALSE
"Fluxbot 2.0",1,FALSE
"Fluxbot 2.0",1,FALSE
"Fluxbot 2.0",1,FALSE
"Fluxbot 2.0",1,FALSE
"Fluxbot 2.0",1,FALSE
"Fluxbot 2.0",1,FALSE
"Fluxbot 2.0",1,FALSE
"Fluxbot 2.0",1,FALSE
"Fluxbot 2.0",1,FALSE
"Fluxbot 2.0",1,FALSE
"Fluxbot 2.0",1,FALSE
"Fluxbot 2.0",1,FALSE
"Fluxbot 2.0",1.00251049019456,TRUE
"Fluxbot 2.0",1.00124398517105,TRUE
"Fluxbot 2.0",1,FALSE
"Fluxbot 2.0",1.0092503668632,TRUE
"Fluxbot 2.0",1,FALSE
"Fluxbot 2.0",1.05849257042847,TRUE
"Fluxbot 2.0",1.30099958801966,TRUE
"Fluxbot 2.0",1.85154809680857,TRUE
"Fluxbot 2.0",1.01210526480264,TRUE
"Fluxbot 2.0",1.37176022515844,TRUE
"Fluxbot 2.0",1,FALSE
"Fluxbot 2.0",1.00479943077312,TRUE
"Fluxbot 2.0",1.15616611615692,TRUE
"Fluxbot 2.0",1.62496465130944,TRUE
"Fluxbot 2.0",1.69674549922412,TRUE
"Fluxbot 2.0",1.85006657952175,TRUE
"Fluxbot 2.0",1.73695967521736,TRUE
"Fluxbot 2.0",1.72057200694442,TRUE
"Fluxbot 2.0",1.90368621849324,TRUE
"Fluxbot 2.0",1.97651805046719,TRUE
"Fluxbot 2.0",1.91145075401258,TRUE
"Fluxbot 2.0",1,FALSE
"Fluxbot 2.0",1.89090411370013,TRUE
"Fluxbot 2.0",1.87791726745645,TRUE
"Fluxbot 2.0",1.71734124579555,TRUE
"Fluxbot 2.0",1.94078838045838,TRUE
"Fluxbot 2.0",1.83465774296194,TRUE
"Fluxbot 2.0",1.83800500273274,TRUE
"Fluxbot 2.0",1.73645966329428,TRUE
"Fluxbot 2.0",1.2938101886481,TRUE
"Fluxbot 2.0",1.36516211875633,TRUE
"Fluxbot 2.0",1.29600573429001,TRUE
"Fluxbot 2.0",1.28835151353166,TRUE
"Fluxbot 2.0",1.43758084882775,TRUE
"Fluxbot 2.0",1,FALSE
"Fluxbot 2.0",1.66002863773273,TRUE
"Fluxbot 2.0",1.87160647867003,TRUE
"Fluxbot 2.0",1.62237083658227,TRUE
"Fluxbot 2.0",1,FALSE
"Fluxbot 2.0",1.69436194064663,TRUE
"Fluxbot 2.0",1.93517289610185,TRUE
"Fluxbot 2.0",1.39812869752331,TRUE
"Fluxbot 2.0",1.63021945299615,TRUE
"Fluxbot 2.0",1.96443791251643,TRUE
"Fluxbot 2.0",1.96656133148373,TRUE
"Fluxbot 2.0",1.36826866898558,TRUE
"Fluxbot 2.0",1.32650046134572,TRUE
"Fluxbot 2.0",1.49650739822346,TRUE
"Fluxbot 2.0",1.03805828122354,TRUE
"Fluxbot 2.0",1.21859552437699,TRUE
"Fluxbot 2.0",1.16146294034781,TRUE
"Fluxbot 2.0",1,FALSE
"Fluxbot 2.0",1.0465933201915,TRUE
"Fluxbot 2.0",1.00873499458645,TRUE
"Fluxbot 2.0",1.31016092044266,TRUE
"Fluxbot 2.0",1.59867547671375,TRUE
"Fluxbot 2.0",1.26481564196412,TRUE
"Fluxbot 2.0",1.00795548334229,TRUE
"Fluxbot 2.0",1.0575319216389,TRUE
"Fluxbot 2.0",1.16854001588173,TRUE
"Fluxbot 2.0",1.2710566142004,TRUE
"Fluxbot 2.0",1.06998203069115,TRUE
"Fluxbot 2.0",1.18298568379237,TRUE
"Fluxbot 2.0",1.09476448810353,TRUE
"Fluxbot 2.0",1.34008156293023,TRUE
"Fluxbot 2.0",1.23639045575548,TRUE
"Fluxbot 2.0",1.02088367246481,TRUE
"Fluxbot 2.0",1.12699598274096,TRUE
"Fluxbot 2.0",1.17779804395897,TRUE
"Fluxbot 2.0",1.03490340272208,TRUE
"Fluxbot 2.0",1.73421097903731,TRUE
"Fluxbot 2.0",1.21279265441797,TRUE
"Fluxbot 2.0",1.67005437403495,TRUE
"Fluxbot 2.0",1.33723005818048,TRUE
"Fluxbot 2.0",1.31128998062535,TRUE
"Fluxbot 2.0",1.16143685674575,TRUE
"Fluxbot 2.0",1.20194392406638,TRUE
"Fluxbot 2.0",1.1246869401886,TRUE
"Fluxbot 2.0",1.572498253424,TRUE
"Fluxbot 2.0",1.1721379395484,TRUE
"Fluxbot 2.0",1.01501684935964,TRUE
"Fluxbot 2.0",1,FALSE
"Fluxbot 2.0",1.46519033632866,TRUE
"Fluxbot 2.0",1.47705821801621,TRUE
"Fluxbot 2.0",1.24292467020793,TRUE
"Fluxbot 2.0",1.26596129278422,TRUE
"Fluxbot 2.0",1.00866432777442,TRUE
"Fluxbot 2.0",1.46890604354972,TRUE
"Fluxbot 2.0",1.17127549847447,TRUE
"Fluxbot 2.0",1.39659561620527,TRUE
"Fluxbot 2.0",1.53414457228872,TRUE
"Fluxbot 2.0",1.56252679183547,TRUE
"Fluxbot 2.0",1.56939414547763,TRUE
"Fluxbot 2.0",1.39646443713493,TRUE
"Fluxbot 2.0",1.00983964704213,TRUE
"Fluxbot 2.0",1.01642318213336,TRUE
"Fluxbot 2.0",1.16526598638437,TRUE
"Fluxbot 2.0",1.22266137785282,TRUE
"Fluxbot 2.0",1.20746768024469,TRUE
"Fluxbot 2.0",1.27551605700408,TRUE
"Fluxbot 2.0",1.10942581836532,TRUE
"Fluxbot 2.0",1.54006096747879,TRUE
"Fluxbot 2.0",1.01260039685848,TRUE
"Fluxbot 2.0",1.09466204934071,TRUE
"Fluxbot 2.0",1.18146540258455,TRUE
"Fluxbot 2.0",1.30153266456044,TRUE
"Fluxbot 2.0",1.61061930985913,TRUE
"Fluxbot 2.0",1.2469279654927,TRUE
"Fluxbot 2.0",1.24169597448598,TRUE
"Fluxbot 2.0",1.46684813976265,TRUE
"Fluxbot 2.0",1.13528214603748,TRUE
"Fluxbot 2.0",1.45471591406488,TRUE
"Fluxbot 2.0",1.30369921081766,TRUE
"Fluxbot 2.0",1.33195914829021,TRUE
"Fluxbot 2.0",1.32431550614828,TRUE
"Fluxbot 2.0",1,FALSE
"Fluxbot 2.0",1.37966828305923,TRUE
"Fluxbot 2.0",1.26202826186341,TRUE
"Fluxbot 2.0",1.20981905705457,TRUE
"Fluxbot 2.0",1.2303698066003,TRUE
"Fluxbot 2.0",1.41689969079285,TRUE
"Fluxbot 2.0",1.34430364815409,TRUE
"Fluxbot 2.0",1.45427451288164,TRUE
"Fluxbot 2.0",1.20538502200104,TRUE
"Fluxbot 2.0",1,FALSE
"Fluxbot 2.0",1.02405755996597,TRUE
"Fluxbot 2.0",1.17812225612742,TRUE
"Fluxbot 2.0",1,FALSE
"Fluxbot 2.0",1.22517340698874,TRUE
"Fluxbot 2.0",1.28353651469516,TRUE
"Fluxbot 2.0",1.27073163324021,TRUE
"Fluxbot 2.0",1.26329188497762,TRUE
"Fluxbot 2.0",1.27755779951189,TRUE
"Fluxbot 2.0",1.24763729472624,TRUE
"Fluxbot 2.0",1.6338241315957,TRUE
"Fluxbot 2.0",1.0126843246653,TRUE
"Fluxbot 2.0",1,FALSE
"Fluxbot 2.0",1.14737384486019,TRUE
"Fluxbot 2.0",1.39823706172812,TRUE
"Fluxbot 2.0",1.08853710635695,TRUE
"Fluxbot 2.0",1.12960792786791,TRUE
"Fluxbot 2.0",1.2151320178604,TRUE
"Fluxbot 2.0",1.29333140129172,TRUE
"Fluxbot 2.0",1.19451004420298,TRUE
"Fluxbot 2.0",1.15633061313672,TRUE
"Fluxbot 2.0",1.00708715424291,TRUE
"Fluxbot 2.0",1.04893938787006,TRUE
"Fluxbot 2.0",1.30122466664114,TRUE
"Fluxbot 2.0",1.07186767498609,TRUE
"Fluxbot 2.0",1.00767608314845,TRUE
"Fluxbot 2.0",1.14802967490565,TRUE
"Fluxbot 2.0",1.12542014685124,TRUE
"Fluxbot 2.0",1.38087256674263,TRUE
"Fluxbot 2.0",1.31522093217756,TRUE
"Fluxbot 2.0",1.31922297460313,TRUE
"Fluxbot 2.0",1.42649728225401,TRUE
"Fluxbot 2.0",1.40321437504173,TRUE
"Fluxbot 2.0",1.17670437389913,TRUE
"Fluxbot 2.0",1.51704417350995,TRUE
"Fluxbot 2.0",1.53005091728783,TRUE
"Fluxbot 2.0",1.40744273967098,TRUE
"Fluxbot 2.0",1.48375681605747,TRUE
"Fluxbot 2.0",1.3039046596272,TRUE
"Fluxbot 2.0",1.19583790241128,TRUE
"Fluxbot 2.0",1.23225534211281,TRUE
"Fluxbot 2.0",1.29357764468973,TRUE
"Fluxbot 2.0",1.07519972216654,TRUE
"Fluxbot 2.0",1.01778116796865,TRUE
"Fluxbot 2.0",1.28611450168625,TRUE
"Fluxbot 2.0",1.09843178983194,TRUE
"Fluxbot 2.0",1.07983360113172,TRUE
"Fluxbot 2.0",1.71278396658191,TRUE
"Fluxbot 2.0",1.30534015782627,TRUE
"Fluxbot 2.0",1.19799454992959,TRUE
"Fluxbot 2.0",1.56510958311391,TRUE
"Fluxbot 2.0",1.20893791976137,TRUE
"Fluxbot 2.0",1.58469285358664,TRUE
"Fluxbot 2.0",1.24376517123997,TRUE
"Fluxbot 2.0",1.27234407950825,TRUE
"Fluxbot 2.0",1.49755520746651,TRUE
"Fluxbot 2.0",1.51784497084257,TRUE
"Fluxbot 2.0",1.71365293638894,TRUE
"Fluxbot 2.0",1.72533120342573,TRUE
"Fluxbot 2.0",1.24235601336566,TRUE
"Fluxbot 2.0",1.41228448568119,TRUE
"Fluxbot 2.0",1.13873115784117,TRUE
"Fluxbot 2.0",1.17781559752135,TRUE
"Fluxbot 2.0",1.08208331261846,TRUE
"Fluxbot 2.0",1.53310208113698,TRUE
"Fluxbot 2.0",1.40913309283279,TRUE
"Fluxbot 2.0",1.42898088399048,TRUE
"Fluxbot 2.0",1.33938044885856,TRUE
"Fluxbot 2.0",1.40665832446213,TRUE
"Fluxbot 2.0",1.63292835452966,TRUE
"Fluxbot 2.0",1.41391144710178,TRUE
"Fluxbot 2.0",1.43918262000709,TRUE
"Fluxbot 2.0",1.15665361177317,TRUE
"Fluxbot 2.0",1.2282547564108,TRUE
"Fluxbot 2.0",1.48166847344021,TRUE
"Fluxbot 2.0",1.33490309451409,TRUE
"Fluxbot 2.0",1.3228025817313,TRUE
"Fluxbot 2.0",1.55888605951346,TRUE
"Fluxbot 2.0",1.27196215662132,TRUE
"Fluxbot 2.0",1.25862865766668,TRUE
"Fluxbot 2.0",1.61594246769477,TRUE
"Fluxbot 2.0",1.26624695044969,TRUE
"Fluxbot 2.0",1.23794940066829,TRUE
"Fluxbot 2.0",1.20953049662225,TRUE
"Fluxbot 2.0",1.41283686650961,TRUE
"Fluxbot 2.0",1.3088966706644,TRUE
"Fluxbot 2.0",1.53528472263668,TRUE
"Fluxbot 2.0",1.46700741202257,TRUE
"Fluxbot 2.0",1.45648952564157,TRUE
"Fluxbot 2.0",1.37250371559621,TRUE
"Fluxbot 2.0",1.1506134427121,TRUE
"Fluxbot 2.0",1.52450458843642,TRUE
"Fluxbot 2.0",1.3044259529408,TRUE
"Fluxbot 2.0",1.32723496325446,TRUE
"Fluxbot 2.0",1.58531845926895,TRUE
"Fluxbot 2.0",1.81067664797531,TRUE
"Fluxbot 2.0",1.23555779987131,TRUE
"Fluxbot 2.0",1.07926208726086,TRUE
"Fluxbot 2.0",1.63833210340224,TRUE
"Fluxbot 2.0",1.60711211847356,TRUE
"Fluxbot 2.0",1.18898619274673,TRUE
"Fluxbot 2.0",1.40784408184129,TRUE
"Fluxbot 2.0",1.30159920318201,TRUE
"Fluxbot 2.0",1.28801969511072,TRUE
"Fluxbot 2.0",1.6807007039031,TRUE
"Fluxbot 2.0",1.28554016520582,TRUE
"Fluxbot 2.0",1.00709078331375,TRUE
"Fluxbot 2.0",1.01543078249015,TRUE
"Fluxbot 2.0",1.34845944269257,TRUE
"Fluxbot 2.0",1.10383176554022,TRUE
"Fluxbot 2.0",1.20661017710461,TRUE
"Fluxbot 2.0",1.27333343489936,TRUE
"Fluxbot 2.0",1.19412817314549,TRUE
"Fluxbot 2.0",1.16382789335557,TRUE
"Fluxbot 2.0",1.19575555391895,TRUE
"Fluxbot 2.0",1.15765309019951,TRUE
"Fluxbot 2.0",1.09306781622461,TRUE
"Fluxbot 2.0",1.6245626297848,TRUE
"Fluxbot 2.0",1.21496775239549,TRUE
"Fluxbot 2.0",1.01367360849855,TRUE
"Fluxbot 2.0",1.17211273125555,TRUE
"Fluxbot 2.0",1.01369068645768,TRUE
"Fluxbot 2.0",1.00873216418591,TRUE
"Fluxbot 2.0",1.39321389544651,TRUE
"Fluxbot 2.0",1.17104872747352,TRUE
"Fluxbot 2.0",1.3923967241057,TRUE
"Fluxbot 2.0",1.40226604071442,TRUE
"Fluxbot 2.0",1.42138845213663,TRUE
"Fluxbot 2.0",1.66742225106267,TRUE
"Fluxbot 2.0",1.20263964916518,TRUE
"Fluxbot 2.0",1.3457153549536,TRUE
"Fluxbot 2.0",1.31682496076729,TRUE
"Fluxbot 2.0",1.21810090692417,TRUE
"Fluxbot 2.0",1.2595442435121,TRUE
"Fluxbot 2.0",1.53149121320088,TRUE
"Fluxbot 2.0",1.15123870035285,TRUE
"Fluxbot 2.0",1.54290587157136,TRUE
"Fluxbot 2.0",1.00872961875818,TRUE
"Fluxbot 2.0",1.33231327321582,TRUE
"Fluxbot 2.0",1.14642012108298,TRUE
"Fluxbot 2.0",1.17246686100277,TRUE
"Fluxbot 2.0",1,FALSE
"Fluxbot 2.0",1,FALSE
"Fluxbot 2.0",1.35469471179085,TRUE
"Fluxbot 2.0",1.0096341445143,TRUE
"Fluxbot 2.0",1.5147829880592,TRUE
"Fluxbot 2.0",1.40485448660297,TRUE
"Fluxbot 2.0",1.78887661717733,TRUE
"Fluxbot 2.0",1.21754041350375,TRUE
"Fluxbot 2.0",1.293127136833,TRUE
"Fluxbot 2.0",1.45235322701911,TRUE
"Fluxbot 2.0",1.78929858672592,TRUE
"Fluxbot 2.0",1.70821098873009,TRUE
"Fluxbot 2.0",1.40968579246789,TRUE
"Fluxbot 2.0",1.3422842554607,TRUE
"Fluxbot 2.0",1.37442765331993,TRUE
"Fluxbot 2.0",1.89727011995755,TRUE
"Fluxbot 2.0",1.33813448934948,TRUE
"Fluxbot 2.0",1.51425070484942,TRUE
"Fluxbot 2.0",1,FALSE
"Fluxbot 2.0",1,FALSE
"Fluxbot 2.0",1,FALSE
"Fluxbot 2.0",1,FALSE
"Fluxbot 2.0",1.91089426944898,TRUE
"Fluxbot 2.0",1.95970290168852,TRUE
"Fluxbot 2.0",1,FALSE
"Fluxbot 2.0",1,FALSE
"Fluxbot 2.0",1,FALSE
"Fluxbot 2.0",1,FALSE
"Fluxbot 2.0",1,FALSE
"Fluxbot 2.0",1,FALSE
"Fluxbot 2.0",1,FALSE
"Fluxbot 2.0",1,FALSE
"Fluxbot 2.0",1,FALSE
"Fluxbot 2.0",1,FALSE
"Fluxbot 2.0",1,FALSE
"Fluxbot 2.0",1.48213909949735,TRUE
"Fluxbot 2.0",1.94936358627665,TRUE
"Fluxbot 2.0",1.63691173332307,TRUE
"Fluxbot 2.0",1.11260238734147,TRUE
"Fluxbot 2.0",1,FALSE
"Fluxbot 2.0",1.87460930200387,TRUE
"Fluxbot 2.0",1.88575314867143,TRUE
"Fluxbot 2.0",1.94004142282296,TRUE
"Fluxbot 2.0",1.89557662989922,TRUE
"Fluxbot 2.0",1,FALSE
"Fluxbot 2.0",1,FALSE
"Fluxbot 2.0",1,FALSE
"Fluxbot 2.0",1.89841084794452,TRUE
"Fluxbot 2.0",1,FALSE
"Fluxbot 2.0",1.7869038229904,TRUE
"Fluxbot 2.0",1,FALSE
"Fluxbot 2.0",1.00912027502298,TRUE
"Fluxbot 2.0",1.09660149665736,TRUE
"Fluxbot 2.0",1.28015024685833,TRUE
"Fluxbot 2.0",1.25736490402838,TRUE
"Fluxbot 2.0",1.2507571677296,TRUE
"Fluxbot 2.0",1.36639993982201,TRUE
"Fluxbot 2.0",1.34398635720918,TRUE
"Fluxbot 2.0",1.98601570257532,TRUE
"Fluxbot 2.0",1.00816025763832,TRUE
"Fluxbot 2.0",1.06334474860565,TRUE
"Fluxbot 2.0",1.51448474683113,TRUE
"Fluxbot 2.0",1.00535867948041,TRUE
"Fluxbot 2.0",1,FALSE
"Fluxbot 2.0",1.46938469507649,TRUE
"Fluxbot 2.0",1.79623666596542,TRUE
"Fluxbot 2.0",1.35064250986452,TRUE
"Fluxbot 2.0",1.76242098949992,TRUE
"Fluxbot 2.0",1.37063331475552,TRUE
"Fluxbot 2.0",1.41830823650344,TRUE
"Fluxbot 2.0",1.47686578256037,TRUE
"Fluxbot 2.0",1,FALSE
"Fluxbot 2.0",1.54931985814539,TRUE
"Fluxbot 2.0",1.27558673696224,TRUE
"Fluxbot 2.0",1.62472299890094,TRUE
"Fluxbot 2.0",1.39186845132703,TRUE
"Fluxbot 2.0",1.74457025944902,TRUE
"Fluxbot 2.0",1.41512668078463,TRUE
"Fluxbot 2.0",1.35717799770785,TRUE
"Fluxbot 2.0",1.46664799330114,TRUE
"Fluxbot 2.0",1.11539417776357,TRUE
"Fluxbot 2.0",1.38145890557666,TRUE
"Fluxbot 2.0",1.51554652882437,TRUE
"Fluxbot 2.0",1.00828820570969,TRUE
"Fluxbot 2.0",1.44319187904553,TRUE
"Fluxbot 2.0",1,FALSE
"Fluxbot 2.0",1.39325041254695,TRUE
"Fluxbot 2.0",1,FALSE
"Fluxbot 2.0",1.31607459760194,TRUE
"Fluxbot 2.0",1.33427158718732,TRUE
"Fluxbot 2.0",1.14603410463922,TRUE
"Fluxbot 2.0",1.30250929900825,TRUE
"Fluxbot 2.0",1.25915209376296,TRUE
"Fluxbot 2.0",1.02488830811282,TRUE
"Fluxbot 2.0",1.19259275323964,TRUE
"Fluxbot 2.0",1.18706265699656,TRUE
"Fluxbot 2.0",1.01128901126941,TRUE
"Fluxbot 2.0",1.16750925002449,TRUE
"Fluxbot 2.0",1.19135973627423,TRUE
"Fluxbot 2.0",1.63216845119846,TRUE
"Fluxbot 2.0",1.05340138799112,TRUE
"Fluxbot 2.0",1.11022908599519,TRUE
"Fluxbot 2.0",1.24599326547211,TRUE
"Fluxbot 2.0",1.32688222548494,TRUE
"Fluxbot 2.0",1.12242402445743,TRUE
"Fluxbot 2.0",1.01254881222028,TRUE
"Fluxbot 2.0",1.33544652462697,TRUE
"Fluxbot 2.0",1.12901729844305,TRUE
"Fluxbot 2.0",1.66399705515073,TRUE
"Fluxbot 2.0",1.81335560834839,TRUE
"Fluxbot 2.0",1.27725722366238,TRUE
"Fluxbot 2.0",1.14042269697232,TRUE
"Fluxbot 2.0",1.15903971425724,TRUE
"Fluxbot 2.0",1.27744784660899,TRUE
"Fluxbot 2.0",1.16065141199652,TRUE
"Fluxbot 2.0",1.26282157995423,TRUE
"Fluxbot 2.0",1.43050984043847,TRUE
"Fluxbot 2.0",1.59288419877899,TRUE
"Fluxbot 2.0",1.29509919058573,TRUE
"Fluxbot 2.0",1.11295864279657,TRUE
"Fluxbot 2.0",1,FALSE
"Fluxbot 2.0",1.78316829345341,TRUE
"Fluxbot 2.0",1.30072766071071,TRUE
"Fluxbot 2.0",1.82777157316537,TRUE
"Fluxbot 2.0",1.32104369644778,TRUE
"Fluxbot 2.0",1.52491149335094,TRUE
"Fluxbot 2.0",1,FALSE
"Fluxbot 2.0",1.01535729539153,TRUE
"Fluxbot 2.0",1.92112051216946,TRUE
"Fluxbot 2.0",1,FALSE
"Fluxbot 2.0",1,FALSE
"Fluxbot 2.0",1.92151153815237,TRUE
"Fluxbot 2.0",1.02206959078369,TRUE
"Fluxbot 2.0",1.22728839003058,TRUE
"Fluxbot 2.0",1.29576265748258,TRUE
"Fluxbot 2.0",1.34705858051201,TRUE
"Fluxbot 2.0",1.27419938380056,TRUE
"Fluxbot 2.0",1.46029004086672,TRUE
"Fluxbot 2.0",1.77927748178037,TRUE
"Fluxbot 2.0",1.4533272598351,TRUE
"Fluxbot 2.0",1.30432401149296,TRUE
"Fluxbot 2.0",1.92071589624807,TRUE
"Fluxbot 2.0",1,FALSE
"Fluxbot 2.0",1.07488653025333,TRUE
"Fluxbot 2.0",1.43540234464602,TRUE
"Fluxbot 2.0",1,FALSE
"Fluxbot 2.0",1.80664998357125,TRUE
"Fluxbot 2.0",1.76751279100058,TRUE
"Fluxbot 2.0",1.51318548991761,TRUE
"Fluxbot 2.0",1.85112384333458,TRUE
"Fluxbot 2.0",1.09837104900715,TRUE
"Fluxbot 2.0",1.14121431159486,TRUE
"Fluxbot 2.0",1.17960138277202,TRUE
"Fluxbot 2.0",1,FALSE
"Fluxbot 2.0",1.01048866733008,TRUE
"Fluxbot 2.0",1,FALSE
"Fluxbot 2.0",1.01618038103777,TRUE
"Fluxbot 2.0",1.25151658676435,TRUE
"Fluxbot 2.0",1.62166341922157,TRUE
"Fluxbot 2.0",1.08080742926791,TRUE
"Fluxbot 2.0",1.04222572780435,TRUE
"Fluxbot 2.0",1.29285147009845,TRUE
"Fluxbot 2.0",1.12019932276935,TRUE
"Fluxbot 2.0",1.04754434665597,TRUE
"Fluxbot 2.0",1.70577612184563,TRUE
"Fluxbot 2.0",1.2529936805332,TRUE
"Fluxbot 2.0",1.0344044581005,TRUE
"Fluxbot 2.0",1.01180026542374,TRUE
"Fluxbot 2.0",1.25596572762142,TRUE
"Fluxbot 2.0",1.15850306093843,TRUE
"Fluxbot 2.0",1.18542033339404,TRUE
"Fluxbot 2.0",1.15022066026021,TRUE
"Fluxbot 2.0",1.27869699138153,TRUE
"Fluxbot 2.0",1.23584344500505,TRUE
"Fluxbot 2.0",1.29624373523609,TRUE
"Fluxbot 2.0",1.08505018571779,TRUE
"Fluxbot 2.0",1.33762467462876,TRUE
"Fluxbot 2.0",1.59939460822705,TRUE
"Fluxbot 2.0",1.2318327871789,TRUE
"Fluxbot 2.0",1.14811292493999,TRUE
"Fluxbot 2.0",1.34346134277173,TRUE
"Fluxbot 2.0",1.44778441346332,TRUE
"Fluxbot 2.0",1.32878361929395,TRUE
"Fluxbot 2.0",1.35183538715501,TRUE
"Fluxbot 2.0",1,FALSE
"Fluxbot 2.0",1,FALSE
"Fluxbot 2.0",1.0130262783854,TRUE
"Fluxbot 2.0",1.01320351407348,TRUE
"Fluxbot 2.0",1.11326113535275,TRUE
"Fluxbot 2.0",1.03700910370137,TRUE
"Fluxbot 2.0",1.21571096253308,TRUE
"Fluxbot 2.0",1.01014802508755,TRUE
"Fluxbot 2.0",1.39617656119718,TRUE
"Fluxbot 2.0",1.02994625090326,TRUE
"Fluxbot 2.0",1,FALSE
"Fluxbot 2.0",1.33270272493871,TRUE
"Fluxbot 2.0",1,FALSE
"Fluxbot 2.0",1,FALSE
"Fluxbot 2.0",1,FALSE
"Fluxbot 2.0",1.18153618006829,TRUE
"Fluxbot 2.0",1.3598824619499,TRUE
"Fluxbot 2.0",1.15003036526884,TRUE
"Fluxbot 2.0",1.03250838403382,TRUE
"Fluxbot 2.0",1,FALSE
"Fluxbot 2.0",1.23079107790678,TRUE
"Fluxbot 2.0",1.56673598496621,TRUE
"Fluxbot 2.0",1.55192496027122,TRUE
"Fluxbot 2.0",1.46792874792019,TRUE
"Fluxbot 2.0",1.54124708682199,TRUE
"Fluxbot 2.0",1.32822133810059,TRUE
"Fluxbot 2.0",1.35269713459425,TRUE
"Fluxbot 2.0",1.08100721765055,TRUE
"Fluxbot 2.0",1.42476047174677,TRUE
"Fluxbot 2.0",1.17106761614377,TRUE
"Fluxbot 2.0",1.45717827470412,TRUE
"Fluxbot 2.0",1.46793113323048,TRUE
"Fluxbot 2.0",1.40121238243524,TRUE
"Fluxbot 2.0",1.39001675623481,TRUE
"Fluxbot 2.0",1.01434883876136,TRUE
"Fluxbot 2.0",1.26436093058469,TRUE
"Fluxbot 2.0",1.01901904387888,TRUE
"Fluxbot 2.0",1.204948467445,TRUE
"Fluxbot 2.0",1.24690014579533,TRUE
"Fluxbot 2.0",1.284596824159,TRUE
"Fluxbot 2.0",1.18762959695603,TRUE
"Fluxbot 2.0",1.34326575071006,TRUE
"Fluxbot 2.0",1.2857567637761,TRUE
"Fluxbot 2.0",1.29460844755694,TRUE
"Fluxbot 2.0",1.27247089487077,TRUE
"Fluxbot 2.0",1.47366292176019,TRUE
"Fluxbot 2.0",1.3548914136032,TRUE
"Fluxbot 2.0",1.62308421384187,TRUE
"Fluxbot 2.0",1.56629759984026,TRUE
"Fluxbot 2.0",1.53166120349227,TRUE
"Fluxbot 2.0",1.08617527773431,TRUE
"Fluxbot 2.0",1.43067769086712,TRUE
"Fluxbot 2.0",1.58024090172056,TRUE
"Fluxbot 2.0",1.50311533441768,TRUE
"Fluxbot 2.0",1.2215036521148,TRUE
"Fluxbot 2.0",1.03069124962636,TRUE
"Fluxbot 2.0",1.00746509432494,TRUE
"Fluxbot 2.0",1.34236413157318,TRUE
"Fluxbot 2.0",1.25279327745287,TRUE
"Fluxbot 2.0",1.42475144219406,TRUE
"Fluxbot 2.0",1.18974619482433,TRUE
"Fluxbot 2.0",1.10161861830621,TRUE
"Fluxbot 2.0",1.15888134174003,TRUE
"Fluxbot 2.0",1,FALSE
"Fluxbot 2.0",1.27454158655462,TRUE
"Fluxbot 2.0",1.28336313760563,TRUE
"Fluxbot 2.0",1.41012646599486,TRUE
"Fluxbot 2.0",1.34460162013799,TRUE
"Fluxbot 2.0",1.33951042625872,TRUE
"Fluxbot 2.0",1.48963535268427,TRUE
"Fluxbot 2.0",1.50439992535621,TRUE
"Fluxbot 2.0",1.32820477434144,TRUE
"Fluxbot 2.0",1.30427472197227,TRUE
"Fluxbot 2.0",1.32204016153623,TRUE
"Fluxbot 2.0",1.19619070483104,TRUE
"Fluxbot 2.0",1.01455548914235,TRUE
"Fluxbot 2.0",1.36261764814232,TRUE
"Fluxbot 2.0",1.37117040450561,TRUE
"Fluxbot 2.0",1.00829632071061,TRUE
"Fluxbot 2.0",1.55192876737977,TRUE
"Fluxbot 2.0",1.51717366034259,TRUE
"Fluxbot 2.0",1.33385079522287,TRUE
"Fluxbot 2.0",1,FALSE
"Fluxbot 2.0",1.18834002909084,TRUE
"Fluxbot 2.0",1.33671269169238,TRUE
"Fluxbot 2.0",1.31244825774081,TRUE
"Fluxbot 2.0",1.60133097052891,TRUE
"Fluxbot 2.0",1.4169626612106,TRUE
"Fluxbot 2.0",1.70098675223924,TRUE
"Fluxbot 2.0",1.47260086574714,TRUE
"Fluxbot 2.0",1.49468129826733,TRUE
"Fluxbot 2.0",1.71362252690997,TRUE
"Fluxbot 2.0",1.79072401165612,TRUE
"Fluxbot 2.0",1.66743623164274,TRUE
"Fluxbot 2.0",1.64430565952492,TRUE
"Fluxbot 2.0",1.10104532713895,TRUE
"Fluxbot 2.0",1.1265043803679,TRUE
"Fluxbot 2.0",1.00465962441881,TRUE
"Fluxbot 2.0",1.00531672342573,TRUE
"Fluxbot 2.0",1.00705051280866,TRUE
"Fluxbot 2.0",1,FALSE
"Fluxbot 2.0",1.01064474930094,TRUE
"Fluxbot 2.0",1.15094989101411,TRUE
"Fluxbot 2.0",1.04811484437237,TRUE
"Fluxbot 2.0",1.41199693045404,TRUE
"Fluxbot 2.0",1.38097704072109,TRUE
"Fluxbot 2.0",1.7910528239772,TRUE
"Fluxbot 2.0",1.47584225519949,TRUE
"Fluxbot 2.0",1.6020167672717,TRUE
"Fluxbot 2.0",1.60461376491063,TRUE
"Fluxbot 2.0",1.55194995921601,TRUE
"Fluxbot 2.0",1.4854400298237,TRUE
"Fluxbot 2.0",1.25068742807894,TRUE
"Fluxbot 2.0",1.45998290079775,TRUE
"Fluxbot 2.0",1.44598103685393,TRUE
"Fluxbot 2.0",1.6318931644295,TRUE
"Fluxbot 2.0",1.53308444486279,TRUE
"Fluxbot 2.0",1,FALSE
"Fluxbot 2.0",1,FALSE
"Fluxbot 2.0",1.6835321827453,TRUE
"Fluxbot 2.0",1.5545241685778,TRUE
"Fluxbot 2.0",1.07521998913925,TRUE
"Fluxbot 2.0",1.65812948223911,TRUE
"Fluxbot 2.0",1.00540967089381,TRUE
"Fluxbot 2.0",1,FALSE
"Fluxbot 2.0",1.24607609158758,TRUE
"Fluxbot 2.0",1.2153960534878,TRUE
"Fluxbot 2.0",1.68157646094728,TRUE
"Fluxbot 2.0",1,FALSE
"Fluxbot 2.0",1.27565361005979,TRUE
"Fluxbot 2.0",1.87559386940292,TRUE
"Fluxbot 2.0",1.68343863592297,TRUE
"Fluxbot 2.0",1.84591307113339,TRUE
"Fluxbot 2.0",1.75166514782559,TRUE
"Fluxbot 2.0",1.37681226409712,TRUE
"Fluxbot 2.0",1.63438282428664,TRUE
"Fluxbot 2.0",1.67335435666482,TRUE
"Fluxbot 2.0",1.77413579597002,TRUE
"Fluxbot 2.0",1.05769806240122,TRUE
"Fluxbot 2.0",1.45288763325527,TRUE
"Fluxbot 2.0",1.32974132301865,TRUE
"Fluxbot 2.0",1,FALSE
"Fluxbot 2.0",1.01027140712359,TRUE
"Fluxbot 2.0",1.84745343571159,TRUE
"Fluxbot 2.0",1.02954910477594,TRUE
"Fluxbot 2.0",1.01147021183035,TRUE
"Fluxbot 2.0",1.37041146092889,TRUE
"Fluxbot 2.0",1.00470371571358,TRUE
"Fluxbot 2.0",1.00323551713073,TRUE
"Fluxbot 2.0",1,FALSE
"Fluxbot 2.0",1.33951202918614,TRUE
"Fluxbot 2.0",1.01446789581041,TRUE
"Fluxbot 2.0",1.0074827469259,TRUE
"Fluxbot 2.0",1.00731697529703,TRUE
"Fluxbot 2.0",1.00883478255195,TRUE
"Fluxbot 2.0",1.02309350278292,TRUE
"Fluxbot 2.0",1.00822321594884,TRUE
"Fluxbot 2.0",1.0730508718265,TRUE
"Fluxbot 2.0",1.11539166382323,TRUE
"Fluxbot 2.0",1.0074275190765,TRUE
"Fluxbot 2.0",1.01327945696309,TRUE
"Fluxbot 2.0",1.24194511585301,TRUE
"Fluxbot 2.0",1.01475874654078,TRUE
"Fluxbot 2.0",1.13235528388312,TRUE
"Fluxbot 2.0",1.00555654546018,TRUE
"Fluxbot 2.0",1.00671352455321,TRUE
"Fluxbot 2.0",1.00576205235851,TRUE
"Fluxbot 2.0",1.00750655883255,TRUE
"Fluxbot 2.0",1.10252986110425,TRUE
"Fluxbot 2.0",1.00528456954992,TRUE
"Fluxbot 2.0",1.00456758941422,TRUE
"Fluxbot 2.0",1.00317744670124,TRUE
"Fluxbot 2.0",1.49633158695022,TRUE
"Fluxbot 2.0",1.01182852938768,TRUE
"Fluxbot 2.0",1.00951091968986,TRUE
"Fluxbot 2.0",1.00588998725354,TRUE
"Fluxbot 2.0",1.01062782314291,TRUE
"Fluxbot 2.0",1.10508158246695,TRUE
"Fluxbot 2.0",1.09220791729175,TRUE
"Fluxbot 2.0",1.18371110506966,TRUE
"Fluxbot 2.0",1.14126827879501,TRUE
"Fluxbot 2.0",1.00475170545644,TRUE
"Fluxbot 2.0",1.01041349344383,TRUE
"Fluxbot 2.0",1.0605128693243,TRUE
"Fluxbot 2.0",1.00379384075852,TRUE
"Fluxbot 2.0",1.00769414423552,TRUE
"Fluxbot 2.0",1.0055877471849,TRUE
"Fluxbot 2.0",1.00602413753298,TRUE
"Fluxbot 2.0",1.00570026422374,TRUE
"Fluxbot 2.0",1,FALSE
"Fluxbot 2.0",1,FALSE
"Fluxbot 2.0",1.00453257112298,TRUE
"Fluxbot 2.0",1.65073408402493,TRUE
"Fluxbot 2.0",1.29677948826911,TRUE
"Fluxbot 2.0",1.11116593981928,TRUE
"Fluxbot 2.0",1.08945822086586,TRUE
"Fluxbot 2.0",1.13413791691829,TRUE
"Fluxbot 2.0",1.15563480591187,TRUE
"Fluxbot 2.0",1.01509572195958,TRUE
"Fluxbot 2.0",1.23412469596985,TRUE
"Fluxbot 2.0",1.1781338691735,TRUE
"Fluxbot 2.0",1.06634014383639,TRUE
"Fluxbot 2.0",1.05325871019225,TRUE
"Fluxbot 2.0",1.03108879154845,TRUE
"Fluxbot 2.0",1.00802140764979,TRUE
"Fluxbot 2.0",1.00697610028829,TRUE
"Fluxbot 2.0",1.10139373518293,TRUE
"Fluxbot 2.0",1.00442233769682,TRUE
"Fluxbot 2.0",1.00623760459304,TRUE
"Fluxbot 2.0",1.01270211486854,TRUE
"Fluxbot 2.0",1.00450811170851,TRUE
"Fluxbot 2.0",1,FALSE
"Fluxbot 2.0",1.32584686217982,TRUE
"Fluxbot 2.0",1.90644915358778,TRUE
"Fluxbot 2.0",1.93658582961383,TRUE
"Fluxbot 2.0",1.36836419205147,TRUE
"Fluxbot 2.0",1.12989039147166,TRUE
"Fluxbot 2.0",1.08286898679277,TRUE
"Fluxbot 2.0",1.18830423916102,TRUE
"Fluxbot 2.0",1.01081979563277,TRUE
"Fluxbot 2.0",1.0389017010081,TRUE
"Fluxbot 2.0",1.02579659072155,TRUE
"Fluxbot 2.0",1.14090117603357,TRUE
"Fluxbot 2.0",1.03216602914748,TRUE
"Fluxbot 2.0",1.15869140888989,TRUE
"Fluxbot 2.0",1.13672436811887,TRUE
"Fluxbot 2.0",1.1475097187592,TRUE
"Fluxbot 2.0",1.26159447039986,TRUE
"Fluxbot 2.0",1.00780754604686,TRUE
"Fluxbot 2.0",1.00495349261114,TRUE
"Fluxbot 2.0",1.00688973772039,TRUE
"Fluxbot 2.0",1.01025353616771,TRUE
"Fluxbot 2.0",1.00695901023067,TRUE
"Fluxbot 2.0",1.01159392472951,TRUE
"Fluxbot 2.0",1.00540046874523,TRUE
"Fluxbot 2.0",1.00471921588595,TRUE
"Fluxbot 2.0",1.01127154135878,TRUE
"Fluxbot 2.0",1.65766213366589,TRUE
"Fluxbot 2.0",1,FALSE
"Fluxbot 2.0",1.04251937786712,TRUE
"Fluxbot 2.0",1.28784885357248,TRUE
"Fluxbot 2.0",1.81671868094528,TRUE
"Fluxbot 2.0",1.11149996618733,TRUE
"Fluxbot 2.0",1.14785209449838,TRUE
"Fluxbot 2.0",1.30815397135941,TRUE
"Fluxbot 2.0",1.18926947279428,TRUE
"Fluxbot 2.0",1.08768536977574,TRUE
"Fluxbot 2.0",1.01061220774163,TRUE
"Fluxbot 2.0",1.32666525227654,TRUE
"Fluxbot 2.0",1.01504569956437,TRUE
"Fluxbot 2.0",1.30357602824946,TRUE
"Fluxbot 2.0",1.09628506203121,TRUE
"Fluxbot 2.0",1.00391973730806,TRUE
"Fluxbot 2.0",1.07136680723833,TRUE
"Fluxbot 2.0",1.01301304886934,TRUE
"Fluxbot 2.0",1.17328112359978,TRUE
"Fluxbot 2.0",1.05638693818611,TRUE
"Fluxbot 2.0",1.03176352546821,TRUE
"Fluxbot 2.0",1.00721229361844,TRUE
"Fluxbot 2.0",1.00392498244623,TRUE
"Fluxbot 2.0",1.00552455969372,TRUE
"Fluxbot 2.0",1.15571674659145,TRUE
"Fluxbot 2.0",1.22045075119584,TRUE
"Fluxbot 2.0",1.16971229245105,TRUE
"Fluxbot 2.0",1.00728622676885,TRUE
"Fluxbot 2.0",1.34463596904502,TRUE
"Fluxbot 2.0",1.00876348541458,TRUE
"Fluxbot 2.0",1.19111356204248,TRUE
"Fluxbot 2.0",1.00397367909454,TRUE
"Fluxbot 2.0",1.01144543441951,TRUE
"Fluxbot 2.0",1.00394453426193,TRUE
"Fluxbot 2.0",1.06329813238647,TRUE
"Fluxbot 2.0",1.00905239779611,TRUE
"Fluxbot 2.0",1.09897219104264,TRUE
"Fluxbot 2.0",1.00786224340135,TRUE
"Fluxbot 2.0",1.05345853341758,TRUE
"Fluxbot 2.0",1.00428050632821,TRUE
"Fluxbot 2.0",1.00763372379877,TRUE
"Fluxbot 2.0",1.00869570703486,TRUE
"Fluxbot 2.0",1.00612136124292,TRUE
"Fluxbot 2.0",1.00336625418823,TRUE
"Fluxbot 2.0",1.00948342959017,TRUE
"Fluxbot 2.0",1.00990662869209,TRUE
"Fluxbot 2.0",1.00472168873705,TRUE
"Fluxbot 2.0",1.01379673866789,TRUE
"Fluxbot 2.0",1.14420320833855,TRUE
"Fluxbot 2.0",1.05184314876637,TRUE
"Fluxbot 2.0",1.19570282408678,TRUE
"Fluxbot 2.0",1.24423747870366,TRUE
"Fluxbot 2.0",1.20781865259885,TRUE
"Fluxbot 2.0",1.25627051605647,TRUE
"Fluxbot 2.0",1.2448644083098,TRUE
"Fluxbot 2.0",1.20571583871743,TRUE
"Fluxbot 2.0",1.23799578583292,TRUE
"Fluxbot 2.0",1.0080349376502,TRUE
"Fluxbot 2.0",1.11095723028364,TRUE
"Fluxbot 2.0",1.01507556607735,TRUE
"Fluxbot 2.0",1.11875830286391,TRUE
"Fluxbot 2.0",1.06349807455355,TRUE
"Fluxbot 2.0",1.0248001931585,TRUE
"Fluxbot 2.0",1.00412540007124,TRUE
"Fluxbot 2.0",1.00683228603978,TRUE
"Fluxbot 2.0",1.01478835841394,TRUE
"Fluxbot 2.0",1.23248091785796,TRUE
"Fluxbot 2.0",1.01285781561513,TRUE
"Fluxbot 2.0",1.12031511728272,TRUE
"Fluxbot 2.0",1.00528850686537,TRUE
"Fluxbot 2.0",1.00542401798962,TRUE
"Fluxbot 2.0",1.00612295186724,TRUE
"Fluxbot 2.0",1.06498391062849,TRUE
"Fluxbot 2.0",1.09489273334167,TRUE
"Fluxbot 2.0",1.01945685050189,TRUE
"Fluxbot 2.0",1.02581788251605,TRUE
"Fluxbot 2.0",1.06840267340985,TRUE
"Fluxbot 2.0",1.00883803460188,TRUE
"Fluxbot 2.0",1.00780786653373,TRUE
"Fluxbot 2.0",1.02089991967452,TRUE
"Fluxbot 2.0",1.00960030695069,TRUE
"Fluxbot 2.0",1.07134714458118,TRUE
"Fluxbot 2.0",1.01437247078256,TRUE
"Fluxbot 2.0",1.30532632911909,TRUE
"Fluxbot 2.0",1.15548096150149,TRUE
"Fluxbot 2.0",1.01498919385995,TRUE
"Fluxbot 2.0",1.06348927002472,TRUE
"Fluxbot 2.0",1.00542976652493,TRUE
"Fluxbot 2.0",1.00365280712552,TRUE
"Fluxbot 2.0",1.00686635181171,TRUE
"Fluxbot 2.0",1.10299493360782,TRUE
"Fluxbot 2.0",1.10197128318865,TRUE
"Fluxbot 2.0",1.0070414992046,TRUE
"Fluxbot 2.0",1.00869368525601,TRUE
"Fluxbot 2.0",1.01487641521946,TRUE
"Fluxbot 2.0",1.21422556303321,TRUE
"Fluxbot 2.0",1.3278216704549,TRUE
"Fluxbot 2.0",1.3084866461476,TRUE
"Fluxbot 2.0",1,FALSE
"Fluxbot 2.0",1,FALSE
"Fluxbot 2.0",1.75424406297592,TRUE
"Fluxbot 2.0",1,FALSE
"Fluxbot 2.0",1,FALSE
"Fluxbot 2.0",1,FALSE
"Fluxbot 2.0",1,FALSE
"Fluxbot 2.0",1,FALSE
"Fluxbot 2.0",1,FALSE
"Fluxbot 2.0",1,FALSE
"Fluxbot 2.0",1,FALSE
"Fluxbot 2.0",1,FALSE
"Fluxbot 2.0",1,FALSE
"Fluxbot 2.0",1,FALSE
"Fluxbot 2.0",1.03332138616219,TRUE
"Fluxbot 2.0",1.00665085635254,TRUE
"Fluxbot 2.0",1.01020486278316,TRUE
"Fluxbot 2.0",1.00896452032685,TRUE
"Fluxbot 2.0",1.05927717983207,TRUE
"Fluxbot 2.0",1.00556253562692,TRUE
"Fluxbot 2.0",1.53187362366897,TRUE
"Fluxbot 2.0",1.44180349391722,TRUE
"Fluxbot 2.0",1.58091627663011,TRUE
"Fluxbot 2.0",1.54923819333232,TRUE
"Fluxbot 2.0",1.41182904112114,TRUE
"Fluxbot 2.0",1.1751206106935,TRUE
"Fluxbot 2.0",1.37573039453637,TRUE
"Fluxbot 2.0",1.60034624418253,TRUE
"Fluxbot 2.0",1.28818807362298,TRUE
"Fluxbot 2.0",1.31650801017635,TRUE
"Fluxbot 2.0",1.36787414933476,TRUE
"Fluxbot 2.0",1.27511565865079,TRUE
"Fluxbot 2.0",1.18097610333194,TRUE
"Fluxbot 2.0",1.27861023255851,TRUE
"Fluxbot 2.0",1.2524747291938,TRUE
"Fluxbot 2.0",1.39528399422477,TRUE
"Fluxbot 2.0",1.12173804071314,TRUE
"Fluxbot 2.0",1.24560345036769,TRUE
"Fluxbot 2.0",1.20865667668487,TRUE
"Fluxbot 2.0",1.06374467162078,TRUE
"Fluxbot 2.0",1.07866780823367,TRUE
"Fluxbot 2.0",1.1825182351758,TRUE
"Fluxbot 2.0",1,FALSE
"Fluxbot 2.0",1.29691508740478,TRUE
"Fluxbot 2.0",1,FALSE
"Fluxbot 2.0",1.40769666749949,TRUE
"Fluxbot 2.0",1,FALSE
"Fluxbot 2.0",1,FALSE
"Fluxbot 2.0",1.56950301317793,TRUE
"Fluxbot 2.0",1.18403919738076,TRUE
"Fluxbot 2.0",1.15004729269586,TRUE
"Fluxbot 2.0",1,FALSE
"Fluxbot 2.0",1.14934680414148,TRUE
"Fluxbot 2.0",1.01003603121902,TRUE
"Fluxbot 2.0",1.03085161408721,TRUE
"Fluxbot 2.0",1.01380973812983,TRUE
"Fluxbot 2.0",1.06080998933274,TRUE
"Fluxbot 2.0",1.01928485190652,TRUE
"Fluxbot 2.0",1.01074828708999,TRUE
"Fluxbot 2.0",1.0087464216836,TRUE
"Fluxbot 2.0",1.00547014861862,TRUE
"Fluxbot 2.0",1.01055543998901,TRUE
"Fluxbot 2.0",1.03754233656743,TRUE
"Fluxbot 2.0",1.28113509186071,TRUE
"Fluxbot 2.0",1.07900326282984,TRUE
"Fluxbot 2.0",1.0630592121784,TRUE
"Fluxbot 2.0",1.27606817715587,TRUE
"Fluxbot 2.0",1.05536426976749,TRUE
"Fluxbot 2.0",1.04650460697447,TRUE
"Fluxbot 2.0",1.22387468262305,TRUE
"Fluxbot 2.0",1.14034793464977,TRUE
"Fluxbot 2.0",1.06222026967385,TRUE
"Fluxbot 2.0",1.21765833188544,TRUE
"Fluxbot 2.0",1.34333557320228,TRUE
"Fluxbot 2.0",1.1899293588384,TRUE
"Fluxbot 2.0",1.09969074441399,TRUE
"Fluxbot 2.0",1.27528885490053,TRUE
"Fluxbot 2.0",1.25987382722412,TRUE
"Fluxbot 2.0",1.21690886368315,TRUE
"Fluxbot 2.0",1.00699869693141,TRUE
"Fluxbot 2.0",1.23920717022109,TRUE
"Fluxbot 2.0",1.22378421968535,TRUE
"Fluxbot 2.0",1.00583103813313,TRUE
"Fluxbot 2.0",1.00797723782691,TRUE
"Fluxbot 2.0",1.0123637444783,TRUE
"Fluxbot 2.0",1.00900688793638,TRUE
"Fluxbot 2.0",1.36947500883309,TRUE
"Fluxbot 2.0",1.41127296415068,TRUE
"Fluxbot 2.0",1.40902457740628,TRUE
"Fluxbot 2.0",1.45643352784428,TRUE
"Fluxbot 2.0",1.31968456481979,TRUE
"Fluxbot 2.0",1.09596668308929,TRUE
"Fluxbot 2.0",1.39446334948993,TRUE
"Fluxbot 2.0",1.43743971123177,TRUE
"Fluxbot 2.0",1.45220979333909,TRUE
"Fluxbot 2.0",1.32578245830542,TRUE
"Fluxbot 2.0",1,FALSE
"Fluxbot 2.0",1.4513475098429,TRUE
"Fluxbot 2.0",1.77584693732679,TRUE
"Fluxbot 2.0",1.29643398541899,TRUE
"Fluxbot 2.0",1.45582605662331,TRUE
"Fluxbot 2.0",1.27070942082676,TRUE
"Fluxbot 2.0",1.00512348755031,TRUE
"Fluxbot 2.0",1.01083811480958,TRUE
"Fluxbot 2.0",1.00762967979611,TRUE
"Fluxbot 2.0",1.0046849859138,TRUE
"Fluxbot 2.0",1.01489272566019,TRUE
"Fluxbot 2.0",1.17535989556974,TRUE
"Fluxbot 2.0",1.23990243648548,TRUE
"Fluxbot 2.0",1.44426050865192,TRUE
"Fluxbot 2.0",1.40318626767814,TRUE
"Fluxbot 2.0",1.48861826142954,TRUE
"Fluxbot 2.0",1.21909235219366,TRUE
"Fluxbot 2.0",1.40692471970182,TRUE
"Fluxbot 2.0",1.48726092353596,TRUE
"Fluxbot 2.0",1.46557228810452,TRUE
"Fluxbot 2.0",1.38978742817992,TRUE
"Fluxbot 2.0",1.57982065521485,TRUE
"Fluxbot 2.0",1.71922334005873,TRUE
"Fluxbot 2.0",1.43532248143214,TRUE
"Fluxbot 2.0",1.52023206147921,TRUE
"Fluxbot 2.0",1.59950625714301,TRUE
"Fluxbot 2.0",1.85249142252336,TRUE
"Fluxbot 2.0",1.40896486383978,TRUE
"Fluxbot 2.0",1.08235060868044,TRUE
"Fluxbot 2.0",1.06965238730605,TRUE
"Fluxbot 2.0",1.16464535200025,TRUE
"Fluxbot 2.0",1.32248457686555,TRUE
"Fluxbot 2.0",1.03327684495944,TRUE
"Fluxbot 2.0",1.0130786466558,TRUE
"Fluxbot 2.0",1.0519346598086,TRUE
"Fluxbot 2.0",1.13446872687004,TRUE
"Fluxbot 2.0",1.37952745921434,TRUE
"Fluxbot 2.0",1.55519827193811,TRUE
"Fluxbot 2.0",1.85870796066955,TRUE
"Fluxbot 2.0",1.00881461050045,TRUE
"Fluxbot 2.0",1.53208626377714,TRUE
"Fluxbot 2.0",1.67947666042349,TRUE
"Fluxbot 2.0",1.2077350703549,TRUE
"Fluxbot 2.0",1.80336281003618,TRUE
"Fluxbot 2.0",1.40616766054922,TRUE
"Fluxbot 2.0",1.96260910379917,TRUE
"Fluxbot 2.0",1.31815591915345,TRUE
"Fluxbot 2.0",1.14353245036362,TRUE
"Fluxbot 2.0",1.9417224652404,TRUE
"Fluxbot 2.0",1.68337787958428,TRUE
"Fluxbot 2.0",1.16097582635883,TRUE
"Fluxbot 2.0",1.12140055766694,TRUE
"Fluxbot 2.0",1.03659191691194,TRUE
"Fluxbot 2.0",1.01095747337545,TRUE
"Fluxbot 2.0",1.20710660564406,TRUE
"Fluxbot 2.0",1.00711395069261,TRUE
"Fluxbot 2.0",1,FALSE
"Fluxbot 2.0",1.00959169206015,TRUE
"Fluxbot 2.0",1.28180003305965,TRUE
"Fluxbot 2.0",1.23613252010687,TRUE
"Fluxbot 2.0",1.43503888464445,TRUE
"Fluxbot 2.0",1.35884817981612,TRUE
"Fluxbot 2.0",1.61608244998033,TRUE
"Fluxbot 2.0",1.58661591944701,TRUE
"Fluxbot 2.0",1.20726868680172,TRUE
"Fluxbot 2.0",1.70817490436441,TRUE
"Fluxbot 2.0",1.07738297110039,TRUE
"Fluxbot 2.0",1.50650316753353,TRUE
"Fluxbot 2.0",1,FALSE
"Fluxbot 2.0",1.46535708539336,TRUE
"Fluxbot 2.0",1.69946675299149,TRUE
"Fluxbot 2.0",1.8351752848301,TRUE
"Fluxbot 2.0",1.52837557293595,TRUE
"Fluxbot 2.0",1,FALSE
"Fluxbot 2.0",1.01515668166851,TRUE
"Fluxbot 2.0",1.23637903259476,TRUE
"Fluxbot 2.0",1,FALSE
"Fluxbot 2.0",1.12659044542003,TRUE
"Fluxbot 2.0",1.46619092365076,TRUE
"Fluxbot 2.0",1.04698380299144,TRUE
"Fluxbot 2.0",1.0088662696375,TRUE
"Fluxbot 2.0",1.81192975413464,TRUE
"Fluxbot 2.0",1.73614406806689,TRUE
"Fluxbot 2.0",1.72702138826859,TRUE
"Fluxbot 2.0",1.80050167321869,TRUE
"Fluxbot 2.0",1.32126844578978,TRUE
"Fluxbot 2.0",1.80830158909105,TRUE
"Fluxbot 2.0",1.58989726710103,TRUE
"Fluxbot 2.0",1.76376708068324,TRUE
"Fluxbot 2.0",1.64390998817062,TRUE
"Fluxbot 2.0",1.9058535078936,TRUE
"Fluxbot 2.0",1.76810192786533,TRUE
"Fluxbot 2.0",1.4258265047215,TRUE
"Fluxbot 2.0",1.68362718218354,TRUE
"Fluxbot 2.0",1.32158508667048,TRUE
"Fluxbot 2.0",1.14058936144851,TRUE
"Fluxbot 2.0",1.01499871678839,TRUE
"Fluxbot 2.0",1.00617829420737,TRUE
"Fluxbot 2.0",1.08507115861163,TRUE
"Fluxbot 2.0",1.24373131987736,TRUE
"Fluxbot 2.0",1.15009666303747,TRUE
"Fluxbot 2.0",1.0064390641125,TRUE
"Fluxbot 2.0",1.42843026199899,TRUE
"Fluxbot 2.0",1.6070995151465,TRUE
"Fluxbot 2.0",1.76559424693082,TRUE
"Fluxbot 2.0",1.87322271732697,TRUE
"Fluxbot 2.0",1.53787029922551,TRUE
"Fluxbot 2.0",1.96983002550808,TRUE
"Fluxbot 2.0",1.96484460340865,TRUE
"Fluxbot 2.0",1.4332397953727,TRUE
"Fluxbot 2.0",1.19227583758234,TRUE
"Fluxbot 2.0",1.4351666178962,TRUE
"Fluxbot 2.0",1.25715333407437,TRUE
"Fluxbot 2.0",1.36620013587447,TRUE
"Fluxbot 2.0",1.20489839354938,TRUE
"Fluxbot 2.0",1,FALSE
"Fluxbot 2.0",1.24001582605923,TRUE
"Fluxbot 2.0",1.2197916787188,TRUE
"Fluxbot 2.0",1.03278228221533,TRUE
"Fluxbot 2.0",1.21183051241522,TRUE
"Fluxbot 2.0",1.41209311055095,TRUE
"Fluxbot 2.0",1.26378269886576,TRUE
"Fluxbot 2.0",1.00956810161624,TRUE
"Fluxbot 2.0",1.35125121667166,TRUE
"Fluxbot 2.0",1.23879294525858,TRUE
"Fluxbot 2.0",1.20153583526998,TRUE
"Fluxbot 2.0",1.18890730084145,TRUE
"Fluxbot 2.0",1.09360202460402,TRUE
"Fluxbot 2.0",1.28621981898081,TRUE
"Fluxbot 2.0",1.80808404867148,TRUE
"Fluxbot 2.0",1.34696530685881,TRUE
"Fluxbot 2.0",1.80777299025127,TRUE
"Fluxbot 2.0",1,FALSE
"Fluxbot 2.0",1,FALSE
"Fluxbot 2.0",1,FALSE
"Fluxbot 2.0",1,FALSE
"Fluxbot 2.0",1,FALSE
"Fluxbot 2.0",1,FALSE
"Fluxbot 2.0",1,FALSE
"Fluxbot 2.0",1,FALSE
"Fluxbot 2.0",1.81392728875117,TRUE
"Fluxbot 2.0",1,FALSE
"Fluxbot 2.0",1.27145735524076,TRUE
"Fluxbot 2.0",1.29178548863446,TRUE
"Fluxbot 2.0",1,FALSE
"Fluxbot 2.0",1,FALSE
"Fluxbot 2.0",1,FALSE
"Fluxbot 2.0",1,FALSE
"Fluxbot 2.0",1,FALSE
"Fluxbot 2.0",1.26666260634424,TRUE
"Fluxbot 2.0",1.66833079374804,TRUE
"Fluxbot 2.0",1.17183295868416,TRUE
"Fluxbot 2.0",1.07056866584636,TRUE
"Fluxbot 2.0",1.17095441664629,TRUE
"Fluxbot 2.0",1.2248357776603,TRUE
"Fluxbot 2.0",1.23155291024386,TRUE
"Fluxbot 2.0",1.00722508259884,TRUE
"Fluxbot 2.0",1.00215673540051,TRUE
"Fluxbot 2.0",1.42223562177589,TRUE
"Fluxbot 2.0",1.0014570046534,TRUE
"Fluxbot 2.0",1.00992043997014,TRUE
"Fluxbot 2.0",1.00630906203577,TRUE
"Fluxbot 2.0",1.01613595847801,TRUE
"Fluxbot 2.0",1.24147933223247,TRUE
"Fluxbot 2.0",1.26487751864919,TRUE
"Fluxbot 2.0",1.37335297462285,TRUE
"Fluxbot 2.0",1.36333152246998,TRUE
"Fluxbot 2.0",1.15108376868681,TRUE
"Fluxbot 2.0",1.41682221210279,TRUE
"Fluxbot 2.0",1.3439333120543,TRUE
"Fluxbot 2.0",1,FALSE
"Fluxbot 2.0",1,FALSE
"Fluxbot 2.0",1.27376292387593,TRUE
"Fluxbot 2.0",1.13173044750074,TRUE
"Fluxbot 2.0",1.47274508383203,TRUE
"Fluxbot 2.0",1.01376586404513,TRUE
"Fluxbot 2.0",1.30150714489648,TRUE
"Fluxbot 2.0",1.01206487164184,TRUE
"Fluxbot 2.0",1,FALSE
"Fluxbot 2.0",1.04718860243217,TRUE
"Fluxbot 2.0",1,FALSE
"Fluxbot 2.0",1.83334755038782,TRUE
"Fluxbot 2.0",1.59431745871302,TRUE
"Fluxbot 2.0",1,FALSE
"Fluxbot 2.0",1.50141761638529,TRUE
"Fluxbot 2.0",1.35417497999807,TRUE
"Fluxbot 2.0",1.33585868180448,TRUE
"Fluxbot 2.0",1.68403325281449,TRUE
"Fluxbot 2.0",1,FALSE
"Fluxbot 2.0",1.36654542661358,TRUE
"Fluxbot 2.0",1.33337781344946,TRUE
"Fluxbot 2.0",1.59942415742352,TRUE
"Fluxbot 2.0",1.08042447458626,TRUE
"Fluxbot 2.0",1.45065729203473,TRUE
"Fluxbot 2.0",1.28597113599348,TRUE
"Fluxbot 2.0",1.23022792708739,TRUE
"Fluxbot 2.0",1,FALSE
"Fluxbot 2.0",1,FALSE
"Fluxbot 2.0",1.4900833438812,TRUE
"Fluxbot 2.0",1.48160672594969,TRUE
"Fluxbot 2.0",1,FALSE
"Fluxbot 2.0",1.13485015208533,TRUE
"Fluxbot 2.0",1.08037509869725,TRUE
"Fluxbot 2.0",1,FALSE
"Fluxbot 2.0",1,FALSE
"Fluxbot 2.0",1.70099649959143,TRUE
"Fluxbot 2.0",1.79290795835897,TRUE
"Fluxbot 2.0",1,FALSE
"Fluxbot 2.0",1,FALSE
"Fluxbot 2.0",1.38070519554589,TRUE
"Fluxbot 2.0",1,FALSE
"Fluxbot 2.0",1,FALSE
"Fluxbot 2.0",1,FALSE
"Fluxbot 2.0",1,FALSE
"Fluxbot 2.0",1,FALSE
"Fluxbot 2.0",1,FALSE
"Fluxbot 2.0",1.52290375960368,TRUE
"Fluxbot 2.0",1.66777910280421,TRUE
"Fluxbot 2.0",1.00555780544162,TRUE
"Fluxbot 2.0",1,FALSE
"Fluxbot 2.0",1.53918845598865,TRUE
"Fluxbot 2.0",1.25533997875299,TRUE
"Fluxbot 2.0",1,FALSE
"Fluxbot 2.0",1,FALSE
"Fluxbot 2.0",1.55966244036636,TRUE
"Fluxbot 2.0",1,FALSE
"Fluxbot 2.0",1.23760060956697,TRUE
"Fluxbot 2.0",1.27381768517279,TRUE
"Fluxbot 2.0",1.67958945385867,TRUE
"Fluxbot 2.0",1.00467509247228,TRUE
"Fluxbot 2.0",1.13231159849385,TRUE
"Fluxbot 2.0",1,FALSE
"Fluxbot 2.0",1.68840809213459,TRUE
"Fluxbot 2.0",1,FALSE
"Fluxbot 2.0",1,FALSE
"Fluxbot 2.0",1.82156356249989,TRUE
"Fluxbot 2.0",1.22418684168508,TRUE
"Fluxbot 2.0",1,FALSE
"Fluxbot 2.0",1,FALSE
"Fluxbot 2.0",1.7168199922818,TRUE
"Fluxbot 2.0",1,FALSE
"Fluxbot 2.0",1.80681761356549,TRUE
"Fluxbot 2.0",1.83245355981238,TRUE
"Fluxbot 2.0",1,FALSE
"Fluxbot 2.0",1,FALSE
"Fluxbot 2.0",1,FALSE
"Fluxbot 2.0",1,FALSE
"Fluxbot 2.0",1.22180064150334,TRUE
"Fluxbot 2.0",1,FALSE
"Fluxbot 2.0",1,FALSE
"Fluxbot 2.0",1,FALSE
"Fluxbot 2.0",1.01145832179881,TRUE
"Fluxbot 2.0",1,FALSE
"Fluxbot 2.0",1.96491361769568,TRUE
"Fluxbot 2.0",1.00188884240136,TRUE
"Fluxbot 2.0",1,FALSE
"Fluxbot 2.0",1,FALSE
"Fluxbot 2.0",1,FALSE
"Fluxbot 2.0",1.04860060894928,TRUE
"Fluxbot 2.0",1,FALSE
"Fluxbot 2.0",1.507666794919,TRUE
"Fluxbot 2.0",1.29962295523992,TRUE
"Fluxbot 2.0",1.69873880961092,TRUE
"Fluxbot 2.0",1,FALSE
"Fluxbot 2.0",1.78519188823206,TRUE
"Fluxbot 2.0",1.01455972067114,TRUE
"Fluxbot 2.0",1,FALSE
"Fluxbot 2.0",1,FALSE
"Fluxbot 2.0",1.85200543322867,TRUE
"Fluxbot 2.0",1,FALSE
"Fluxbot 2.0",1.47314373231472,TRUE
"Fluxbot 2.0",1,FALSE
"Fluxbot 2.0",1,FALSE
"Fluxbot 2.0",1,FALSE
"Fluxbot 2.0",1.79770164850655,TRUE
"Fluxbot 2.0",1.90784510683473,TRUE
"Fluxbot 2.0",1,FALSE
"Fluxbot 2.0",1,FALSE
"Fluxbot 2.0",1,FALSE
"Fluxbot 2.0",1.14154073060675,TRUE
"Fluxbot 2.0",1,FALSE
"Fluxbot 2.0",1.0787538186317,TRUE
"Fluxbot 2.0",1.07381872381782,TRUE
"Fluxbot 2.0",1.00939094007874,TRUE
"Fluxbot 2.0",1,FALSE
"Fluxbot 2.0",1.18057596706054,TRUE
"Fluxbot 2.0",1,FALSE
"Fluxbot 2.0",1.78503439160902,TRUE
"Fluxbot 2.0",1.08158894173631,TRUE
"Fluxbot 2.0",1,FALSE
"Fluxbot 2.0",1.47252544031228,TRUE
"Fluxbot 2.0",1.04246823972906,TRUE
"Fluxbot 2.0",1.41404935431079,TRUE
"Fluxbot 2.0",1.6288298139401,TRUE
"Fluxbot 2.0",1.88219551402618,TRUE
"Fluxbot 2.0",1.4943129121443,TRUE
"Fluxbot 2.0",1.29828257380916,TRUE
"Fluxbot 2.0",1,FALSE
"Fluxbot 2.0",1,FALSE
"Fluxbot 2.0",1.40426299009963,TRUE
"Fluxbot 2.0",1.09453111578597,TRUE
"Fluxbot 2.0",1.12978352989758,TRUE
"Fluxbot 2.0",1.68469912780565,TRUE
"Fluxbot 2.0",1,FALSE
"Fluxbot 2.0",1,FALSE
"Fluxbot 2.0",1.62384390310753,TRUE
"Fluxbot 2.0",1,FALSE
"Fluxbot 2.0",1.00004662156402,TRUE
"Fluxbot 2.0",1,FALSE
"Fluxbot 2.0",1,FALSE
"Fluxbot 2.0",1.93752272604933,TRUE
"Fluxbot 2.0",1,FALSE
"Fluxbot 2.0",1.68098245259307,TRUE
"Fluxbot 2.0",1.35319237122627,TRUE
"Fluxbot 2.0",1,FALSE
"Fluxbot 2.0",1.19933595564782,TRUE
"Fluxbot 2.0",1.05556694871831,TRUE
"Fluxbot 2.0",1,FALSE
"Fluxbot 2.0",1.51369548830471,TRUE
"Fluxbot 2.0",1,FALSE
"Fluxbot 2.0",1.54071307925033,TRUE
"Fluxbot 2.0",1.55561878241532,TRUE
"Fluxbot 2.0",1.87715141257197,TRUE
"Fluxbot 2.0",1,FALSE
"Fluxbot 2.0",1,FALSE
"Fluxbot 2.0",1.19918265152042,TRUE
"Fluxbot 2.0",1,FALSE
"Fluxbot 2.0",1,FALSE
"Fluxbot 2.0",1.82903766233927,TRUE
"Fluxbot 2.0",1,FALSE
"Fluxbot 2.0",1,FALSE
"Fluxbot 2.0",1,FALSE
"Fluxbot 2.0",1.01185487631449,TRUE
"Fluxbot 2.0",1,FALSE
"Fluxbot 2.0",1.01534227383439,TRUE
"Fluxbot 2.0",1,FALSE
"Fluxbot 2.0",1.01625701416091,TRUE
"Fluxbot 2.0",1.96127710642909,TRUE
"Fluxbot 2.0",1,FALSE
"Fluxbot 2.0",1.3429764024947,TRUE
"Fluxbot 2.0",1.13287054404845,TRUE
"Fluxbot 2.0",1.12088899875141,TRUE
"Fluxbot 2.0",1,FALSE
"Fluxbot 2.0",1,FALSE
"Fluxbot 2.0",1,FALSE
"Fluxbot 2.0",1,FALSE
"Fluxbot 2.0",1,FALSE
"Fluxbot 2.0",1,FALSE
"Fluxbot 2.0",1,FALSE
"Fluxbot 2.0",1,FALSE
"Fluxbot 2.0",1,FALSE
"Fluxbot 2.0",1.0063617900292,TRUE
"Fluxbot 2.0",1,FALSE
"Fluxbot 2.0",1.93588989412094,TRUE
"Fluxbot 2.0",1,FALSE
"Fluxbot 2.0",1.38131979260649,TRUE
"Fluxbot 2.0",1.82154416853909,TRUE
"Fluxbot 2.0",1.11244405903136,TRUE
"Fluxbot 2.0",1,FALSE
"Fluxbot 2.0",1,FALSE
"Fluxbot 2.0",1,FALSE
"Fluxbot 2.0",1.67727084922831,TRUE
"Fluxbot 2.0",1,FALSE
"Fluxbot 2.0",1,FALSE
"Fluxbot 2.0",1,FALSE
"Fluxbot 2.0",1,FALSE
"Fluxbot 2.0",1,FALSE
"Fluxbot 2.0",1,FALSE
"Fluxbot 2.0",1.10085439772543,TRUE
"Fluxbot 2.0",1,FALSE
"Fluxbot 2.0",1,FALSE
"Fluxbot 2.0",1,FALSE
"Fluxbot 2.0",1,FALSE
"Fluxbot 2.0",1,FALSE
"Fluxbot 2.0",1.00236591030748,TRUE
"Fluxbot 2.0",1,FALSE
"Fluxbot 2.0",1,FALSE
"Fluxbot 2.0",1.63697823208426,TRUE
"Fluxbot 2.0",1.43323252581638,TRUE
"Fluxbot 2.0",1,FALSE
"Fluxbot 2.0",1,FALSE
"Fluxbot 2.0",1,FALSE
"Fluxbot 2.0",1.85368745664264,TRUE
"Fluxbot 2.0",1,FALSE
"Fluxbot 2.0",1,FALSE
"Fluxbot 2.0",1.36440400791523,TRUE
"Fluxbot 2.0",1,FALSE
"Fluxbot 2.0",1.00475247644266,TRUE
"Fluxbot 2.0",1.60407783582608,TRUE
"Fluxbot 2.0",1.00806869849072,TRUE
"Fluxbot 2.0",1,FALSE
"Fluxbot 2.0",1.16867462839734,TRUE
"Fluxbot 2.0",1,FALSE
"Fluxbot 2.0",1,FALSE
"Fluxbot 2.0",1.00709751417589,TRUE
"Fluxbot 2.0",1,FALSE
"Fluxbot 2.0",1.00578849436477,TRUE
"Fluxbot 2.0",1,FALSE
"Fluxbot 2.0",1.51623351866124,TRUE
"Fluxbot 2.0",1,FALSE
"Fluxbot 2.0",1.38814391877165,TRUE
"Fluxbot 2.0",1,FALSE
"Fluxbot 2.0",1.00529922949826,TRUE
"Fluxbot 2.0",1.30619924371048,TRUE
"Fluxbot 2.0",1,FALSE
"Fluxbot 2.0",1,FALSE
"Fluxbot 2.0",1,FALSE
"Fluxbot 2.0",1,FALSE
"Fluxbot 2.0",1.09626125504845,TRUE
"Fluxbot 2.0",1,FALSE
"Fluxbot 2.0",1,FALSE
"Fluxbot 2.0",1.84043908588341,TRUE
"Fluxbot 2.0",1.13973297954381,TRUE
"Fluxbot 2.0",1,FALSE
"Fluxbot 2.0",1.59523179411152,TRUE
"Fluxbot 2.0",1,FALSE
"Fluxbot 2.0",1,FALSE
"Fluxbot 2.0",1.21963689984348,TRUE
"Fluxbot 2.0",1.61993181970159,TRUE
"Fluxbot 2.0",1.00716616486968,TRUE
"Fluxbot 2.0",1,FALSE
"Fluxbot 2.0",1,FALSE
"Fluxbot 2.0",1.00630663296825,TRUE
"Fluxbot 2.0",1.51416221610524,TRUE
"Fluxbot 2.0",1,FALSE
"Fluxbot 2.0",1,FALSE
"Fluxbot 2.0",1,FALSE
"Fluxbot 2.0",1,FALSE
"Fluxbot 2.0",1,FALSE
"Fluxbot 2.0",1.00787576041137,TRUE
"Fluxbot 2.0",1,FALSE
"Fluxbot 2.0",1.02737720248997,TRUE
"Fluxbot 2.0",1,FALSE
"Fluxbot 2.0",1,FALSE
"Fluxbot 2.0",1,FALSE
"Fluxbot 2.0",1.01138378423283,TRUE
"Fluxbot 2.0",1,FALSE
"Fluxbot 2.0",1,FALSE
"Fluxbot 2.0",1.37046266916718,TRUE
"Fluxbot 2.0",1.6512221464821,TRUE
"Fluxbot 2.0",1,FALSE
"Fluxbot 2.0",1.41330601452957,TRUE
"Fluxbot 2.0",1.58128861319661,TRUE
"Fluxbot 2.0",1,FALSE
"Fluxbot 2.0",1.00180301455404,TRUE
"Fluxbot 2.0",1,FALSE
"Fluxbot 2.0",1.00887262679214,TRUE
"Fluxbot 2.0",1,FALSE
"Fluxbot 2.0",1,FALSE
"Fluxbot 2.0",1.59190198268351,TRUE
"Fluxbot 2.0",1.3098798041046,TRUE
"Fluxbot 2.0",1.24556355204276,TRUE
"Fluxbot 2.0",1.1291039121474,TRUE
"Fluxbot 2.0",1.00304877359083,TRUE
"Fluxbot 2.0",1.27815991652132,TRUE
"Fluxbot 2.0",1.00573540638598,TRUE
"Fluxbot 2.0",1.22079819259319,TRUE
"Fluxbot 2.0",1.05773663552185,TRUE
"Fluxbot 2.0",1.09961409954237,TRUE
"Fluxbot 2.0",1.44493940987548,TRUE
"Fluxbot 2.0",1.1128631237266,TRUE
"Fluxbot 2.0",1.01472956097526,TRUE
"Fluxbot 2.0",1.01412351252181,TRUE
"Fluxbot 2.0",1.05847915395966,TRUE
"Fluxbot 2.0",1,FALSE
"Fluxbot 2.0",1.4111585962858,TRUE
"Fluxbot 2.0",1.04910013028227,TRUE
"Fluxbot 2.0",1.00620437138415,TRUE
"Fluxbot 2.0",1.33224756546787,TRUE
"Fluxbot 2.0",1.39023866136077,TRUE
"Fluxbot 2.0",1.50291919895922,TRUE
"Fluxbot 2.0",1.6167136399475,TRUE
"Fluxbot 2.0",1.32868547206745,TRUE
"Fluxbot 2.0",1.73475695117311,TRUE
"Fluxbot 2.0",1.47959601171166,TRUE
"Fluxbot 2.0",1.23919491617727,TRUE
"Fluxbot 2.0",1.6142300137726,TRUE
"Fluxbot 2.0",1.95186948948816,TRUE
"Fluxbot 2.0",1.7195310183336,TRUE
"Fluxbot 2.0",1.14069887627047,TRUE
"Fluxbot 2.0",1.30819660934665,TRUE
"Fluxbot 2.0",1.17812680818373,TRUE
"Fluxbot 2.0",1.16730920751872,TRUE
"Fluxbot 2.0",1.24821629344054,TRUE
"Fluxbot 2.0",1.08255838304292,TRUE
"Fluxbot 2.0",1.12498740563281,TRUE
"Fluxbot 2.0",1.97989391751104,TRUE
"Fluxbot 2.0",1.06639052615099,TRUE
"Fluxbot 2.0",1.03808824330053,TRUE
"Fluxbot 2.0",1,FALSE
"Fluxbot 2.0",1.22954020022975,TRUE
"Fluxbot 2.0",1.18514532441848,TRUE
"Fluxbot 2.0",1.28681353419495,TRUE
"Fluxbot 2.0",1.59326661061776,TRUE
"Fluxbot 2.0",1.35682884268444,TRUE
"Fluxbot 2.0",1,FALSE
"Fluxbot 2.0",1,FALSE
"Fluxbot 2.0",1.64117560248256,TRUE
"Fluxbot 2.0",1,FALSE
"Fluxbot 2.0",1,FALSE
"Fluxbot 2.0",1.74186005001469,TRUE
"Fluxbot 2.0",1.86316590490324,TRUE
"Fluxbot 2.0",1,FALSE
"Fluxbot 2.0",1.91654831614665,TRUE
"Fluxbot 2.0",1.62238705150937,TRUE
"Fluxbot 2.0",1.62220939291055,TRUE
"Fluxbot 2.0",1.65711412950519,TRUE
"Fluxbot 2.0",1.81513652517362,TRUE
"Fluxbot 2.0",1.46975810739271,TRUE
"Fluxbot 2.0",1.35938111525828,TRUE
"Fluxbot 2.0",1.57250843559542,TRUE
"Fluxbot 2.0",1.66393016700813,TRUE
"Fluxbot 2.0",1.01591101087831,TRUE
"Fluxbot 2.0",1.10169703080166,TRUE
"Fluxbot 2.0",1.30967532167701,TRUE
"Fluxbot 2.0",1.56710495443441,TRUE
"Fluxbot 2.0",1.33287362709267,TRUE
"Fluxbot 2.0",1.08642569726775,TRUE
"Fluxbot 2.0",1.3193469401923,TRUE
"Fluxbot 2.0",1.38574295543917,TRUE
"Fluxbot 2.0",1.43956460993855,TRUE
"Fluxbot 2.0",1.42202277941938,TRUE
"Fluxbot 2.0",1.24869037452427,TRUE
"Fluxbot 2.0",1.66854381506306,TRUE
"Fluxbot 2.0",1.84929222124985,TRUE
"Fluxbot 2.0",1.70439947393564,TRUE
"Fluxbot 2.0",1,FALSE
"Fluxbot 2.0",1.64597520929121,TRUE
"Fluxbot 2.0",1.41146826141357,TRUE
"Fluxbot 2.0",1.6013464033513,TRUE
"Fluxbot 2.0",1.70553581460003,TRUE
"Fluxbot 2.0",1.43443104173818,TRUE
"Fluxbot 2.0",1.66370885523203,TRUE
"Fluxbot 2.0",1.3029589007958,TRUE
"Fluxbot 2.0",1.04242225951198,TRUE
"Fluxbot 2.0",1.16010906807484,TRUE
"Fluxbot 2.0",1.07127969745868,TRUE
"Fluxbot 2.0",1.18966850050232,TRUE
"Fluxbot 2.0",1.30275742037756,TRUE
"Fluxbot 2.0",1,FALSE
"Fluxbot 2.0",1.21701813883561,TRUE
"Fluxbot 2.0",1.20295888197155,TRUE
"Fluxbot 2.0",1.01000303200577,TRUE
"Fluxbot 2.0",1.59571268351444,TRUE
"Fluxbot 2.0",1,FALSE
"Fluxbot 2.0",1.67536486214035,TRUE
"Fluxbot 2.0",1.76912760634797,TRUE
"Fluxbot 2.0",1.46472172539596,TRUE
"Fluxbot 2.0",1.67714711266263,TRUE
"Fluxbot 2.0",1.56247775182826,TRUE
"Fluxbot 2.0",1.07174466937788,TRUE
"Fluxbot 2.0",1.0137432120199,TRUE
"Fluxbot 2.0",1.25504220486198,TRUE
"Fluxbot 2.0",1.32068034868695,TRUE
"Fluxbot 2.0",1.18516342482761,TRUE
"Fluxbot 2.0",1.25506988758944,TRUE
"Fluxbot 2.0",1.45833142844487,TRUE
"Fluxbot 2.0",1.55727820962861,TRUE
"Fluxbot 2.0",1.70624191266351,TRUE
"Fluxbot 2.0",1.63973117579293,TRUE
"Fluxbot 2.0",1.3170844332087,TRUE
"Fluxbot 2.0",1.00789631045486,TRUE
"Fluxbot 2.0",1,FALSE
"Fluxbot 2.0",1.36503973231384,TRUE
"Fluxbot 2.0",1.34163449285153,TRUE
"Fluxbot 2.0",0.999564779486917,TRUE
"Fluxbot 2.0",1,FALSE
"Fluxbot 2.0",1,FALSE
"Fluxbot 2.0",1,FALSE
"Fluxbot 2.0",1,FALSE
"Fluxbot 2.0",1,FALSE
"Fluxbot 2.0",1,FALSE
"Fluxbot 2.0",1.0050359289376,TRUE
"Fluxbot 2.0",1.5012685857574,TRUE
"Fluxbot 2.0",1,FALSE
"Fluxbot 2.0",1,FALSE
"Fluxbot 2.0",1,FALSE
"Fluxbot 2.0",1,FALSE
"Fluxbot 2.0",1,FALSE
"Fluxbot 2.0",1,FALSE
"Fluxbot 2.0",1.0044406481846,TRUE
"Fluxbot 2.0",1,FALSE
"Fluxbot 2.0",1,FALSE
"Fluxbot 2.0",1.41505454761527,TRUE
"Fluxbot 2.0",1.40477642287409,TRUE
"Fluxbot 2.0",1.00032151858935,TRUE
"Fluxbot 2.0",1.00164040606506,TRUE
"Fluxbot 2.0",1,FALSE
"Fluxbot 2.0",1.67630270215142,TRUE
"Fluxbot 2.0",1.30600700932079,TRUE
"Fluxbot 2.0",1.22095760198146,TRUE
"Fluxbot 2.0",1.21532858866168,TRUE
"Fluxbot 2.0",1.31784735546121,TRUE
"Fluxbot 2.0",1,FALSE
"Fluxbot 2.0",1,FALSE
"Fluxbot 2.0",1,FALSE
"Fluxbot 2.0",1,FALSE
"Fluxbot 2.0",1,FALSE
"Fluxbot 2.0",1.0066675486428,TRUE
"Fluxbot 2.0",1,FALSE
"Fluxbot 2.0",1.8338177631119,TRUE
"Fluxbot 2.0",1.58722388972382,TRUE
"Fluxbot 2.0",1.91935884386635,TRUE
"Fluxbot 2.0",1,FALSE
"Fluxbot 2.0",1,FALSE
"Fluxbot 2.0",1,FALSE
"Fluxbot 2.0",1,FALSE
"Fluxbot 2.0",1,FALSE
"Fluxbot 2.0",1,FALSE
"Fluxbot 2.0",1.00636717453405,TRUE
"Fluxbot 2.0",1.54468478263038,TRUE
"Fluxbot 2.0",1.58128316277968,TRUE
"Fluxbot 2.0",1.1707914117602,TRUE
"Fluxbot 2.0",1.33421004639941,TRUE
"Fluxbot 2.0",1.36978899012941,TRUE
"Fluxbot 2.0",1.50449781248146,TRUE
"Fluxbot 2.0",1.63177611711648,TRUE
"Fluxbot 2.0",1.55729726694658,TRUE
"Fluxbot 2.0",1.36734033242587,TRUE
"Fluxbot 2.0",1.24879983774614,TRUE
"Fluxbot 2.0",1.2203614205561,TRUE
"Fluxbot 2.0",1.39076175287647,TRUE
"Fluxbot 2.0",1.27632223726456,TRUE
"Fluxbot 2.0",1.19987348215746,TRUE
"Fluxbot 2.0",1.15162393379762,TRUE
"Fluxbot 2.0",1.08398625540637,TRUE
"Fluxbot 2.0",1.17691173415893,TRUE
"Fluxbot 2.0",1.23029510020564,TRUE
"Fluxbot 2.0",1.03727059342032,TRUE
"Fluxbot 2.0",1.36877476663329,TRUE
"Fluxbot 2.0",1.18873559057543,TRUE
"Fluxbot 2.0",1.1445299117714,TRUE
"Fluxbot 2.0",1.16353021514011,TRUE
"Fluxbot 2.0",1.20149635609516,TRUE
"Fluxbot 2.0",1.17753737653113,TRUE
"Fluxbot 2.0",1.29278469268227,TRUE
"Fluxbot 2.0",1.23791285488346,TRUE
"Fluxbot 2.0",1.39098504847193,TRUE
"Fluxbot 2.0",1.31002845042507,TRUE
"Fluxbot 2.0",1.42467238936306,TRUE
"Fluxbot 2.0",1.48410942458112,TRUE
"Fluxbot 2.0",1.48258048167487,TRUE
"Fluxbot 2.0",1.34635442714535,TRUE
"Fluxbot 2.0",1.36695239557887,TRUE
"Fluxbot 2.0",1.2976977515598,TRUE
"Fluxbot 2.0",1.25698866694683,TRUE
"Fluxbot 2.0",1.3594354257259,TRUE
"Fluxbot 2.0",1.38561247269707,TRUE
"Fluxbot 2.0",1.53296989413898,TRUE
"Fluxbot 2.0",1.24234817620978,TRUE
"Fluxbot 2.0",1.46066206926805,TRUE
"Fluxbot 2.0",1.35690703525287,TRUE
"Fluxbot 2.0",1.48764287326333,TRUE
"Fluxbot 2.0",1.61198908899068,TRUE
"Fluxbot 2.0",1.41238091254238,TRUE
"Fluxbot 2.0",1.38636390965418,TRUE
"Fluxbot 2.0",1.39738468951456,TRUE
"Fluxbot 2.0",1.43962897028868,TRUE
"Fluxbot 2.0",1.49707115780942,TRUE
"Fluxbot 2.0",1.43464464144575,TRUE
"Fluxbot 2.0",1.27242086029955,TRUE
"Fluxbot 2.0",1.38432767216406,TRUE
"Fluxbot 2.0",1.36887677115535,TRUE
"Fluxbot 2.0",1.49527503028861,TRUE
"Fluxbot 2.0",1.4328030179482,TRUE
"Fluxbot 2.0",1.37420281258396,TRUE
"Fluxbot 2.0",1.35278696442171,TRUE
"Fluxbot 2.0",1.36762326726587,TRUE
"Fluxbot 2.0",1.36661068474393,TRUE
"Fluxbot 2.0",1.29233882037192,TRUE
"Fluxbot 2.0",1.30899412999533,TRUE
"Fluxbot 2.0",1.41909788206584,TRUE
"Fluxbot 2.0",1.12573520277964,TRUE
"Fluxbot 2.0",1.01388337978684,TRUE
"Fluxbot 2.0",1.009241540673,TRUE
"Fluxbot 2.0",1.02770231779504,TRUE
"Fluxbot 2.0",1.00504074731364,TRUE
"Fluxbot 2.0",1.00784963492046,TRUE
"Fluxbot 2.0",1.41512542679249,TRUE
"Fluxbot 2.0",1.44605068425812,TRUE
"Fluxbot 2.0",1.46958017878895,TRUE
"Fluxbot 2.0",1.14520432820507,TRUE
"Fluxbot 2.0",1.3471712267497,TRUE
"Fluxbot 2.0",1.02634301524941,TRUE
"Fluxbot 2.0",1,FALSE
"Fluxbot 2.0",1.18059828124957,TRUE
"Fluxbot 2.0",1,FALSE
"Fluxbot 2.0",1,FALSE
"Fluxbot 2.0",1,FALSE
"Fluxbot 2.0",1,FALSE
"Fluxbot 2.0",1,FALSE
"Fluxbot 2.0",1,FALSE
"Fluxbot 2.0",1,FALSE
"Fluxbot 2.0",1,FALSE
"Fluxbot 2.0",1,FALSE
"Fluxbot 2.0",1,FALSE
"Fluxbot 2.0",1.67092619997507,TRUE
"Fluxbot 2.0",1.40996359300288,TRUE
"Fluxbot 2.0",1.36474747087125,TRUE
"Fluxbot 2.0",1.28192195029183,TRUE
"Fluxbot 2.0",1.38410196560824,TRUE
"Fluxbot 2.0",1.27840295096409,TRUE
"Fluxbot 2.0",1.35415903335802,TRUE
"Fluxbot 2.0",1.28474192362707,TRUE
"Fluxbot 2.0",1.58421206310556,TRUE
"Fluxbot 2.0",1.63076042022914,TRUE
"Fluxbot 2.0",1.59290435710582,TRUE
"Fluxbot 2.0",1.66065948519289,TRUE
"Fluxbot 2.0",1.57959654122252,TRUE
"Fluxbot 2.0",1.51863266477466,TRUE
"Fluxbot 2.0",1.64826267628618,TRUE
"Fluxbot 2.0",1.33137847018811,TRUE
"Fluxbot 2.0",1.33654068105232,TRUE
"Fluxbot 2.0",1.37124774352517,TRUE
"Fluxbot 2.0",1.34511419993487,TRUE
"Fluxbot 2.0",1.48750396520251,TRUE
"Fluxbot 2.0",1.46048616597974,TRUE
"Fluxbot 2.0",1.28412445053526,TRUE
"Fluxbot 2.0",1.07955240090335,TRUE
"Fluxbot 2.0",1.41397972329918,TRUE
"Fluxbot 2.0",1.15260907107637,TRUE
"Fluxbot 2.0",1.29039928996015,TRUE
"Fluxbot 2.0",1.32214862712773,TRUE
"Fluxbot 2.0",1.1993441659953,TRUE
"Fluxbot 2.0",1.24746492147327,TRUE
"Fluxbot 2.0",1.64688518937102,TRUE
"Fluxbot 2.0",1.58058081577606,TRUE
"Fluxbot 2.0",1.51041536640062,TRUE
"Fluxbot 2.0",1.87090050917251,TRUE
"Fluxbot 2.0",1.46181704862915,TRUE
"Fluxbot 2.0",1.48682852194383,TRUE
"Fluxbot 2.0",1.53033215411843,TRUE
"Fluxbot 2.0",1.52559661908439,TRUE
"Fluxbot 2.0",1.59793390530704,TRUE
"Fluxbot 2.0",1.63803429139589,TRUE
"Fluxbot 2.0",1.46891652961585,TRUE
"Fluxbot 2.0",1.51515838511934,TRUE
"Fluxbot 2.0",1.59302244473849,TRUE
"Fluxbot 2.0",1.17283846053296,TRUE
"Fluxbot 2.0",1.00748340138716,TRUE
"Fluxbot 2.0",1.18542949112504,TRUE
"Fluxbot 2.0",1.56375388902295,TRUE
"Fluxbot 2.0",1.0614749863411,TRUE
"Fluxbot 2.0",1.03693276818404,TRUE
"Fluxbot 2.0",1,FALSE
"Fluxbot 2.0",1,FALSE
"Fluxbot 2.0",1.72365588914449,TRUE
"Fluxbot 2.0",1.37396418171255,TRUE
"Fluxbot 2.0",1.49621230610139,TRUE
"Fluxbot 2.0",1.44865043304278,TRUE
"Fluxbot 2.0",1.64425545095509,TRUE
"Fluxbot 2.0",1.72968861080439,TRUE
"Fluxbot 2.0",1.51254546955401,TRUE
"Fluxbot 2.0",1.37888171455024,TRUE
"Fluxbot 2.0",1.23213629091714,TRUE
"Fluxbot 2.0",1.4800207293636,TRUE
"Fluxbot 2.0",1.33934067588281,TRUE
"Fluxbot 2.0",1.76854374154758,TRUE
"Fluxbot 2.0",1.90943648361601,TRUE
"Fluxbot 2.0",1.69388500104262,TRUE
"Fluxbot 2.0",1.77583937265826,TRUE
"Fluxbot 2.0",1.7370731230705,TRUE
"Fluxbot 2.0",1.61800261587112,TRUE
"Fluxbot 2.0",1,FALSE
"Fluxbot 2.0",1.66277926303829,TRUE
"Fluxbot 2.0",1.65964623059239,TRUE
"Fluxbot 2.0",1.89555411328997,TRUE
"Fluxbot 2.0",1.51504662954152,TRUE
"Fluxbot 2.0",1.61773453239192,TRUE
"Fluxbot 2.0",1.23967729204949,TRUE
"Fluxbot 2.0",1.39320790263372,TRUE
"Fluxbot 2.0",1.46569396057361,TRUE
"Fluxbot 2.0",1.66553529167752,TRUE
"Fluxbot 2.0",1.49906335997188,TRUE
"Fluxbot 2.0",1.24082037000299,TRUE
"Fluxbot 2.0",1.71416339815409,TRUE
"Fluxbot 2.0",1.71989181404704,TRUE
"Fluxbot 2.0",1.76315471173782,TRUE
"Fluxbot 2.0",1.26127264350123,TRUE
"Fluxbot 2.0",1.7031726008423,TRUE
"Fluxbot 2.0",1.68372267752163,TRUE
"Fluxbot 2.0",1.45879950960563,TRUE
"Fluxbot 2.0",1.49960479011065,TRUE
"Fluxbot 2.0",1.43278980283937,TRUE
"Fluxbot 2.0",1.88164950713399,TRUE
"Fluxbot 2.0",1.4654472856562,TRUE
"Fluxbot 2.0",1.68267239987524,TRUE
"Fluxbot 2.0",1.3812175798596,TRUE
"Fluxbot 2.0",1.14114244565595,TRUE
"Fluxbot 2.0",1.47152874365753,TRUE
"Fluxbot 2.0",1.83537343310024,TRUE
"Fluxbot 2.0",1,FALSE
"Fluxbot 2.0",1.47641076113687,TRUE
"Fluxbot 2.0",1.67429512622376,TRUE
"Fluxbot 2.0",1.47902744244964,TRUE
"Fluxbot 2.0",1.23608487585319,TRUE
"Fluxbot 2.0",1.12430112471913,TRUE
"Fluxbot 2.0",1.46215891271372,TRUE
"Fluxbot 2.0",1.5248055353591,TRUE
"Fluxbot 2.0",1.72173830852832,TRUE
"Fluxbot 2.0",1.53175575153758,TRUE
"Fluxbot 2.0",1.3618779257495,TRUE
"Fluxbot 2.0",1.74929105472614,TRUE
"Fluxbot 2.0",1.46712864562582,TRUE
"Fluxbot 2.0",1.76667659090777,TRUE
"Fluxbot 2.0",1.50987854405669,TRUE
"Fluxbot 2.0",1.57603005897602,TRUE
"Fluxbot 2.0",1.95221083609457,TRUE
"Fluxbot 2.0",1.53401275494404,TRUE
"Fluxbot 2.0",1.71316327260115,TRUE
"Fluxbot 2.0",1.40150457585247,TRUE
"Fluxbot 2.0",1.6340427597933,TRUE
"Fluxbot 2.0",1.41530667842647,TRUE
"Fluxbot 2.0",1.57526061903636,TRUE
"Fluxbot 2.0",1.23439050340685,TRUE
"Fluxbot 2.0",1.10715120236169,TRUE
"Fluxbot 2.0",1.13038018399341,TRUE
"Fluxbot 2.0",1,FALSE
"Fluxbot 2.0",1.09274504243037,TRUE
"Fluxbot 2.0",1.63989525048339,TRUE
"Fluxbot 2.0",1.29112040101558,TRUE
"Fluxbot 2.0",1.3856105591958,TRUE
"Fluxbot 2.0",1.56953165287786,TRUE
"Fluxbot 2.0",1.47380591624305,TRUE
"Fluxbot 2.0",1.69669960779827,TRUE
"Fluxbot 2.0",1.76943669568534,TRUE
"Fluxbot 2.0",1.80785532479559,TRUE
"Fluxbot 2.0",1.78930553870386,TRUE
"Fluxbot 2.0",1.71112727390936,TRUE
"Fluxbot 2.0",1.62310910089553,TRUE
"Fluxbot 2.0",1.55712071596413,TRUE
"Fluxbot 2.0",1.78525757845029,TRUE
"Fluxbot 2.0",1.59435634745776,TRUE
"Fluxbot 2.0",1.47655917840625,TRUE
"Fluxbot 2.0",1.4946188666309,TRUE
"Fluxbot 2.0",1.73439518514493,TRUE
"Fluxbot 2.0",1.04902675920306,TRUE
"Fluxbot 2.0",1.48347785643548,TRUE
"Fluxbot 2.0",1.47253807219324,TRUE
"Fluxbot 2.0",1,FALSE
"Fluxbot 2.0",1.6700821557365,TRUE
"Fluxbot 2.0",1.78406715475493,TRUE
"Fluxbot 2.0",1.45435802934693,TRUE
"Fluxbot 2.0",1.87533858754326,TRUE
"Fluxbot 2.0",1.93724087809876,TRUE
"Fluxbot 2.0",1.9173787847107,TRUE
"Fluxbot 2.0",1.76550189816793,TRUE
"Fluxbot 2.0",1.96416368068234,TRUE
"Fluxbot 2.0",1.64424387295897,TRUE
"Fluxbot 2.0",1.7424978183914,TRUE
"Fluxbot 2.0",1.68799820911677,TRUE
"Fluxbot 2.0",1,FALSE
"Fluxbot 2.0",1.65829975873648,TRUE
"Fluxbot 2.0",1.63810998365086,TRUE
"Fluxbot 2.0",1.62870873018538,TRUE
"Fluxbot 2.0",1.19652819359672,TRUE
"Fluxbot 2.0",1.25217137010758,TRUE
"Fluxbot 2.0",1.29836585873092,TRUE
"Fluxbot 2.0",1.42177879462287,TRUE
"Fluxbot 2.0",1.04057819531629,TRUE
"Fluxbot 2.0",1.36395677039902,TRUE
"Fluxbot 2.0",1.32420807306992,TRUE
"Fluxbot 2.0",1.15835302813366,TRUE
"Fluxbot 2.0",1.0121572411561,TRUE
"Fluxbot 2.0",1.01449039545257,TRUE
"Fluxbot 2.0",1.22284131412528,TRUE
"Fluxbot 2.0",1.36491317006031,TRUE
"Fluxbot 2.0",1.4445161646342,TRUE
"Fluxbot 2.0",1.46762497855471,TRUE
"Fluxbot 2.0",1.73183225015943,TRUE
"Fluxbot 2.0",1,FALSE
"Fluxbot 2.0",1.45996742508384,TRUE
"Fluxbot 2.0",1.31358036195364,TRUE
"Fluxbot 2.0",1.21979033542508,TRUE
"Fluxbot 2.0",1,FALSE
"Fluxbot 2.0",1.20980052737697,TRUE
"Fluxbot 2.0",1.10597910570911,TRUE
"Fluxbot 2.0",1.16910717055562,TRUE
"Fluxbot 2.0",1.18887697778403,TRUE
"Fluxbot 2.0",1.08069815835367,TRUE
"Fluxbot 2.0",1.20980185771961,TRUE
"Fluxbot 2.0",1.15682159495667,TRUE
"Fluxbot 2.0",1.33023037710379,TRUE
"Fluxbot 2.0",1.26288975431508,TRUE
"Fluxbot 2.0",1.85106268819149,TRUE
"Fluxbot 2.0",1.74246887981932,TRUE
"Fluxbot 2.0",1.42767211288853,TRUE
"Fluxbot 2.0",1.33824898536732,TRUE
"Fluxbot 2.0",1,FALSE
"Fluxbot 2.0",1.01182690847064,TRUE
"Fluxbot 2.0",1.72769245172458,TRUE
"Fluxbot 2.0",1.41341869394836,TRUE
"Fluxbot 2.0",1.5915819154198,TRUE
"Fluxbot 2.0",1.50793813968674,TRUE
"Fluxbot 2.0",1.54574514614226,TRUE
"Fluxbot 2.0",1.00190302234665,TRUE
"Fluxbot 2.0",1.00736285214704,TRUE
"Fluxbot 2.0",1.0374766943596,TRUE
"Fluxbot 2.0",1.14325029816159,TRUE
"Fluxbot 2.0",1.00969322852273,TRUE
"Fluxbot 2.0",1.05899751054537,TRUE
"Fluxbot 2.0",1,FALSE
"Fluxbot 2.0",1.18134101677222,TRUE
"Fluxbot 2.0",1.27820684214877,TRUE
"Fluxbot 2.0",1.48480777154201,TRUE
"Fluxbot 2.0",1.84319138288856,TRUE
"Fluxbot 2.0",1.52543718920767,TRUE
"Fluxbot 2.0",1.79919391964478,TRUE
"Fluxbot 2.0",1.95349255479428,TRUE
"Fluxbot 2.0",1.58717775198566,TRUE
"Fluxbot 2.0",1.81798952583263,TRUE
"Fluxbot 2.0",1.65832192786043,TRUE
"Fluxbot 2.0",1.86348185190576,TRUE
"Fluxbot 2.0",1.72879279613515,TRUE
"Fluxbot 2.0",1.73081394335802,TRUE
"Fluxbot 2.0",1.65334135840095,TRUE
"Fluxbot 2.0",1.8214915229609,TRUE
"Fluxbot 2.0",1.7273002436872,TRUE
"Fluxbot 2.0",1.69325698951049,TRUE
"Fluxbot 2.0",1.56742046466244,TRUE
"Fluxbot 2.0",1.4828816737948,TRUE
"Fluxbot 2.0",1.52689644214774,TRUE
"Fluxbot 2.0",1.41926409711149,TRUE
"Fluxbot 2.0",1.53338080771013,TRUE
"Fluxbot 2.0",1.56964511846394,TRUE
"Fluxbot 2.0",1.20835661816253,TRUE
"Fluxbot 2.0",1.33648765911917,TRUE
"Fluxbot 2.0",1.47968259447592,TRUE
"Fluxbot 2.0",1.41649413218107,TRUE
"Fluxbot 2.0",1,FALSE
"Fluxbot 2.0",1,FALSE
"Fluxbot 2.0",1,FALSE
"Fluxbot 2.0",1,FALSE
"Fluxbot 2.0",1,FALSE
"Fluxbot 2.0",1,FALSE
"Fluxbot 2.0",1,FALSE
"Fluxbot 2.0",1,FALSE
"Fluxbot 2.0",1,FALSE
"Fluxbot 2.0",1,FALSE
"Fluxbot 2.0",1,FALSE
"Fluxbot 2.0",1,FALSE
"Fluxbot 2.0",1,FALSE
"Fluxbot 2.0",1,FALSE
"Fluxbot 2.0",1,FALSE
"Fluxbot 2.0",1,FALSE
"Fluxbot 2.0",1,FALSE
"Fluxbot 2.0",1,FALSE
"Fluxbot 2.0",1,FALSE
"Fluxbot 2.0",1,FALSE
"Fluxbot 2.0",1.3665007650591,TRUE
"Fluxbot 2.0",1,FALSE
"Fluxbot 2.0",1,FALSE
"Fluxbot 2.0",1,FALSE
"Fluxbot 2.0",1,FALSE
"Fluxbot 2.0",1,FALSE
"Fluxbot 2.0",1,FALSE
"Fluxbot 2.0",1,FALSE
"Fluxbot 2.0",1,FALSE
"Fluxbot 2.0",1,FALSE
"Fluxbot 2.0",1,FALSE
"Fluxbot 2.0",1,FALSE
"Fluxbot 2.0",1,FALSE
"Fluxbot 2.0",1.01111319119043,TRUE
"Fluxbot 2.0",1,FALSE
"Fluxbot 2.0",1.02460825854295,TRUE
"Fluxbot 2.0",1.0094653878533,TRUE
"Fluxbot 2.0",1.00727180330554,TRUE
"Fluxbot 2.0",1.01458512382884,TRUE
"Fluxbot 2.0",1.11173669480003,TRUE
"Fluxbot 2.0",1.63250331532568,TRUE
"Fluxbot 2.0",1.25572837245147,TRUE
"Fluxbot 2.0",1.37635227141126,TRUE
"Fluxbot 2.0",1.16127283224268,TRUE
"Fluxbot 2.0",1,FALSE
"Fluxbot 2.0",1.01442590513202,TRUE
"Fluxbot 2.0",1.32090104810518,TRUE
"Fluxbot 2.0",1.46960397199037,TRUE
"Fluxbot 2.0",1,FALSE
"Fluxbot 2.0",1.20077987115663,TRUE
"Fluxbot 2.0",1.23826811328089,TRUE
"Fluxbot 2.0",1.91502008758258,TRUE
"Fluxbot 2.0",1.09997666972134,TRUE
"Fluxbot 2.0",1.46179889553074,TRUE
"Fluxbot 2.0",1.39833169110331,TRUE
"Fluxbot 2.0",1.35546011827478,TRUE
"Fluxbot 2.0",1.26387803794209,TRUE
"Fluxbot 2.0",1.18887459715891,TRUE
"Fluxbot 2.0",1.19450520304642,TRUE
"Fluxbot 2.0",1.38086411015854,TRUE
"Fluxbot 2.0",1.37143633381959,TRUE
"Fluxbot 2.0",1.18774640931609,TRUE
"Fluxbot 2.0",1.02186160141958,TRUE
"Fluxbot 2.0",1.01564399210836,TRUE
"Fluxbot 2.0",1.01263558367626,TRUE
"Fluxbot 2.0",1.01456420871551,TRUE
"Fluxbot 2.0",1.27971417349951,TRUE
"Fluxbot 2.0",1.15128118439209,TRUE
"Fluxbot 2.0",1.71265978449139,TRUE
"Fluxbot 2.0",1.6339604820791,TRUE
"Fluxbot 2.0",1.90978146178264,TRUE
"Fluxbot 2.0",1,FALSE
"Fluxbot 2.0",1.71033953910456,TRUE
"Fluxbot 2.0",1.595416326118,TRUE
"Fluxbot 2.0",1.18182292904292,TRUE
"Fluxbot 2.0",1.0528340853135,TRUE
"Fluxbot 2.0",1.23751943921121,TRUE
"Fluxbot 2.0",1.11632687809653,TRUE
"Fluxbot 2.0",1.24824533458083,TRUE
"Fluxbot 2.0",1.00808926260536,TRUE
"Fluxbot 2.0",1.13364494266066,TRUE
"Fluxbot 2.0",1.05088638485138,TRUE
"Fluxbot 2.0",1.11986650511141,TRUE
"Fluxbot 2.0",1.27207646577645,TRUE
"Fluxbot 2.0",1.08008115253995,TRUE
"Fluxbot 2.0",1.00881262497955,TRUE
"Fluxbot 2.0",1.29124413043992,TRUE
"Fluxbot 2.0",1.0590624675892,TRUE
"Fluxbot 2.0",1.01125213895517,TRUE
"Fluxbot 2.0",1.63927874841251,TRUE
"Fluxbot 2.0",1.06030009937682,TRUE
"Fluxbot 2.0",1.49060002900105,TRUE
"Fluxbot 2.0",1.94354152134143,TRUE
"Fluxbot 2.0",1,FALSE
"Fluxbot 2.0",1.94541111815032,TRUE
"Fluxbot 2.0",1,FALSE
"Fluxbot 2.0",1,FALSE
"Fluxbot 2.0",1,FALSE
"Fluxbot 2.0",1,FALSE
"Fluxbot 2.0",1,FALSE
"Fluxbot 2.0",1,FALSE
"Fluxbot 2.0",1,FALSE
"Fluxbot 2.0",1,FALSE
"Fluxbot 2.0",1,FALSE
"Fluxbot 2.0",1.72914654444998,TRUE
"Fluxbot 2.0",1.77311982453103,TRUE
"Fluxbot 2.0",1.78574483045132,TRUE
"Fluxbot 2.0",1.56775554157774,TRUE
"Fluxbot 2.0",1.6022777774687,TRUE
"Fluxbot 2.0",1.37648175183485,TRUE
"Fluxbot 2.0",1.50896924290627,TRUE
"Fluxbot 2.0",1.65985603144353,TRUE
"Fluxbot 2.0",1.77034886131842,TRUE
"Fluxbot 2.0",1.76590425450142,TRUE
"Fluxbot 2.0",1.92271880549444,TRUE
"Fluxbot 2.0",1.63584630188255,TRUE
"Fluxbot 2.0",1.71192955111032,TRUE
"Fluxbot 2.0",1.00517030133495,TRUE
"Fluxbot 2.0",1.72099684475501,TRUE
"Fluxbot 2.0",1.876142157724,TRUE
"Fluxbot 2.0",1.66447809900667,TRUE
"Fluxbot 2.0",1.44670914762975,TRUE
"Fluxbot 2.0",1.25719194179329,TRUE
"Fluxbot 2.0",1.62471464356243,TRUE
"Fluxbot 2.0",1.35579044901343,TRUE
"Fluxbot 2.0",1.4464971820197,TRUE
"Fluxbot 2.0",1.55236725365721,TRUE
"Fluxbot 2.0",1.7830168261301,TRUE
"Fluxbot 2.0",1.46325923153052,TRUE
"Fluxbot 2.0",1.50347723324559,TRUE
"Fluxbot 2.0",1.43781348959794,TRUE
"Fluxbot 2.0",1.37941313679177,TRUE
"Fluxbot 2.0",1.69110020148292,TRUE
"Fluxbot 2.0",1.76798925346794,TRUE
"Fluxbot 2.0",1.70512099915059,TRUE
"Fluxbot 2.0",1.6249295658537,TRUE
"Fluxbot 2.0",1.52514940764825,TRUE
"Fluxbot 2.0",1.5963883708191,TRUE
"Fluxbot 2.0",1.4336438109464,TRUE
"Fluxbot 2.0",1.36033349192464,TRUE
"Fluxbot 2.0",1.24300052725726,TRUE
"Fluxbot 2.0",1.43132186772903,TRUE
"Fluxbot 2.0",1.41074806285586,TRUE
"Fluxbot 2.0",1.30511663120526,TRUE
"Fluxbot 2.0",1.46191381415131,TRUE
"Fluxbot 2.0",1.43374476942523,TRUE
"Fluxbot 2.0",1.78548055320889,TRUE
"Fluxbot 2.0",1.55976945305244,TRUE
"Fluxbot 2.0",1.62503066363123,TRUE
"Fluxbot 2.0",1.66015733226612,TRUE
"Fluxbot 2.0",1.94074065311056,TRUE
"Fluxbot 2.0",1.53505644029079,TRUE
"Fluxbot 2.0",1.5188065612473,TRUE
"Fluxbot 2.0",1.58774084672896,TRUE
"Fluxbot 2.0",1.55013790328286,TRUE
"Fluxbot 2.0",1.46500206905337,TRUE
"Fluxbot 2.0",1.52708911448683,TRUE
"Fluxbot 2.0",1.40866554283108,TRUE
"Fluxbot 2.0",1.29252497367637,TRUE
"Fluxbot 2.0",1.48768797150824,TRUE
"Fluxbot 2.0",1.63035821999473,TRUE
"Fluxbot 2.0",1.53480919799477,TRUE
"Fluxbot 2.0",1.39306885873282,TRUE
"Fluxbot 2.0",1.46716063440287,TRUE
"Fluxbot 2.0",1.76590172930672,TRUE
"Fluxbot 2.0",1.85468387870742,TRUE
"Fluxbot 2.0",1.61738016784501,TRUE
"Fluxbot 2.0",1.3218995268449,TRUE
"Fluxbot 2.0",1.01017008161645,TRUE
"Fluxbot 2.0",1.1395783254503,TRUE
"Fluxbot 2.0",1.01204022060127,TRUE
"Fluxbot 2.0",1.03133452225129,TRUE
"Fluxbot 2.0",1,FALSE
"Fluxbot 2.0",1,FALSE
"Fluxbot 2.0",1.02415562145839,TRUE
"Fluxbot 2.0",1.01191826660388,TRUE
"Fluxbot 2.0",1.00646633804353,TRUE
"Fluxbot 2.0",1.00601144992841,TRUE
"Fluxbot 2.0",1,FALSE
"Fluxbot 2.0",1,FALSE
"Fluxbot 2.0",1,FALSE
"Fluxbot 2.0",1,FALSE
"Fluxbot 2.0",1,FALSE
"Fluxbot 2.0",1,FALSE
"Fluxbot 2.0",1,FALSE
"Fluxbot 2.0",1,FALSE
"Fluxbot 2.0",1,FALSE
"Fluxbot 2.0",1,FALSE
"Fluxbot 2.0",1,FALSE
"Fluxbot 2.0",1,FALSE
"Fluxbot 2.0",1,FALSE
"Fluxbot 2.0",1.92140232471317,TRUE
"Fluxbot 2.0",1.89252585736435,TRUE
"Fluxbot 2.0",1,FALSE
"Fluxbot 2.0",1,FALSE
"Fluxbot 2.0",1,FALSE
"Fluxbot 2.0",1,FALSE
"Fluxbot 2.0",1,FALSE
"Fluxbot 2.0",1,FALSE
"Fluxbot 2.0",1,FALSE
"Fluxbot 2.0",1,FALSE
"Fluxbot 2.0",1,FALSE
"Fluxbot 2.0",1,FALSE
"Fluxbot 2.0",1,FALSE
"Fluxbot 2.0",1,FALSE
"Fluxbot 2.0",1,FALSE
"Fluxbot 2.0",1,FALSE
"Fluxbot 2.0",1,FALSE
"Fluxbot 2.0",1,FALSE
"Fluxbot 2.0",1.03839409687677,TRUE
"Fluxbot 2.0",1.05014478278696,TRUE
"Fluxbot 2.0",1.11901313900058,TRUE
"Fluxbot 2.0",1,FALSE
"Fluxbot 2.0",1.00665877111972,TRUE
"Fluxbot 2.0",1.23787081744958,TRUE
"Fluxbot 2.0",1.03955059711434,TRUE
"Fluxbot 2.0",1.3753383211694,TRUE
"Fluxbot 2.0",1.08941244605235,TRUE
"Fluxbot 2.0",1.00830752913712,TRUE
"Fluxbot 2.0",1.14172385613215,TRUE
"Fluxbot 2.0",1.19424319592552,TRUE
"Fluxbot 2.0",1.27206298289629,TRUE
"Fluxbot 2.0",1.02208962577379,TRUE
"Fluxbot 2.0",1.02121933254523,TRUE
"Fluxbot 2.0",1.01042277941503,TRUE
"Fluxbot 2.0",1.0231580021697,TRUE
"Fluxbot 2.0",1.17587860561187,TRUE
"Fluxbot 2.0",1.15093607306983,TRUE
"Fluxbot 2.0",1.508557815081,TRUE
"Fluxbot 2.0",1.35269685973673,TRUE
"Fluxbot 2.0",1.21701108935726,TRUE
"Fluxbot 2.0",1.20580884258123,TRUE
"Fluxbot 2.0",1.41521823999963,TRUE
"Fluxbot 2.0",1.15407773511166,TRUE
"Fluxbot 2.0",1.31384293350177,TRUE
"Fluxbot 2.0",1.04776075724973,TRUE
"Fluxbot 2.0",1.10570120462935,TRUE
"Fluxbot 2.0",1.16363868108864,TRUE
"Fluxbot 2.0",1.00562528663096,TRUE
"Fluxbot 2.0",1.11564660808147,TRUE
"Fluxbot 2.0",1.37332723055789,TRUE
"Fluxbot 2.0",1.00713210532645,TRUE
"Fluxbot 2.0",1.0068975909142,TRUE
"Fluxbot 2.0",1.05907235884985,TRUE
"Fluxbot 2.0",1.21753860736954,TRUE
"Fluxbot 2.0",1.20218130879812,TRUE
"Fluxbot 2.0",1,FALSE
"Fluxbot 2.0",1.50369528087885,TRUE
"Fluxbot 2.0",1.3054838357991,TRUE
"Fluxbot 2.0",1.62494350219742,TRUE
"Fluxbot 2.0",1.23382077194873,TRUE
"Fluxbot 2.0",1.40138374802155,TRUE
"Fluxbot 2.0",1.2184578022187,TRUE
"Fluxbot 2.0",1.20269216636349,TRUE
"Fluxbot 2.0",1.03381679962609,TRUE
"Fluxbot 2.0",1.01575780225578,TRUE
"Fluxbot 2.0",1.01584917954795,TRUE
"Fluxbot 2.0",1.0573338387387,TRUE
"Fluxbot 2.0",1.08824456286466,TRUE
"Fluxbot 2.0",1.09903227502969,TRUE
"Fluxbot 2.0",1.00486003707335,TRUE
"Fluxbot 2.0",1.01152443254662,TRUE
"Fluxbot 2.0",1.05686917704754,TRUE
"Fluxbot 2.0",1.00996098331369,TRUE
"Fluxbot 2.0",1.00825473516858,TRUE
"Fluxbot 2.0",1.19362044658025,TRUE
"Fluxbot 2.0",1.16709892882306,TRUE
"Fluxbot 2.0",1.18436381261017,TRUE
"Fluxbot 2.0",1.09817564892997,TRUE
"Fluxbot 2.0",1,FALSE
"Fluxbot 2.0",1.24055644508081,TRUE
"Fluxbot 2.0",1.10495473108926,TRUE
"Fluxbot 2.0",1.10407098681293,TRUE
"Fluxbot 2.0",1.40202596973914,TRUE
"Fluxbot 2.0",1.21255833659024,TRUE
"Fluxbot 2.0",1.01550606511839,TRUE
"Fluxbot 2.0",1.33255132753958,TRUE
"Fluxbot 2.0",1.14069564692142,TRUE
"Fluxbot 2.0",1.27672378979807,TRUE
"Fluxbot 2.0",1.17853517725694,TRUE
"Fluxbot 2.0",1.08788973683912,TRUE
"Fluxbot 2.0",1.38236209134837,TRUE
"Fluxbot 2.0",1.16180831518005,TRUE
"Fluxbot 2.0",1.29491888726778,TRUE
"Fluxbot 2.0",1.13315888493487,TRUE
"Fluxbot 2.0",1.16045805292535,TRUE
"Fluxbot 2.0",1.13801820206061,TRUE
"Fluxbot 2.0",1.14270674913491,TRUE
"Fluxbot 2.0",1.08973717704409,TRUE
"Fluxbot 2.0",1.12559681122885,TRUE
"Fluxbot 2.0",1.29310338598795,TRUE
"Fluxbot 2.0",1.38014595797375,TRUE
"Fluxbot 2.0",1.1537915213602,TRUE
"Fluxbot 2.0",1.55626875318703,TRUE
"Fluxbot 2.0",1.24346550235751,TRUE
"Fluxbot 2.0",1.01324374299156,TRUE
"Fluxbot 2.0",1.07881594635412,TRUE
"Fluxbot 2.0",1.05586492547575,TRUE
"Fluxbot 2.0",1.22624172791466,TRUE
"Fluxbot 2.0",1.13169866090854,TRUE
"Fluxbot 2.0",1.07436275589893,TRUE
"Fluxbot 2.0",1.01045888301657,TRUE
"Fluxbot 2.0",1,FALSE
"Fluxbot 2.0",1.06625454579615,TRUE
"Fluxbot 2.0",1.01098231208432,TRUE
"Fluxbot 2.0",1.20927654809574,TRUE
"Fluxbot 2.0",1.21256802250454,TRUE
"Fluxbot 2.0",1.77786296630376,TRUE
"Fluxbot 2.0",1.20467852177007,TRUE
"Fluxbot 2.0",1.27912168970817,TRUE
"Fluxbot 2.0",1.04528712696012,TRUE
"Fluxbot 2.0",1.01548818595205,TRUE
"Fluxbot 2.0",1,FALSE
"Fluxbot 2.0",1,FALSE
"Fluxbot 2.0",1,FALSE
"Fluxbot 2.0",1,FALSE
"Fluxbot 2.0",1,FALSE
"Fluxbot 2.0",1,FALSE
"Fluxbot 2.0",1,FALSE
"Fluxbot 2.0",1.52586840564358,TRUE
"Fluxbot 2.0",1.02144575569032,TRUE
"Fluxbot 2.0",1,FALSE
"Fluxbot 2.0",1,FALSE
"Fluxbot 2.0",1,FALSE
"Fluxbot 2.0",1.08183989107945,TRUE
"Fluxbot 2.0",1.01253576427815,TRUE
"Fluxbot 2.0",1.14641134098514,TRUE
"Fluxbot 2.0",1.06844069596604,TRUE
"Fluxbot 2.0",1.03900488696326,TRUE
"Fluxbot 2.0",1.2013783192435,TRUE
"Fluxbot 2.0",1.4075174184118,TRUE
"Fluxbot 2.0",1.18261901455348,TRUE
"Fluxbot 2.0",1.00905648710711,TRUE
"Fluxbot 2.0",1.05011639109536,TRUE
"Fluxbot 2.0",1.01326955499511,TRUE
"Fluxbot 2.0",1.20663332567869,TRUE
"Fluxbot 2.0",1.72135871510994,TRUE
"Fluxbot 2.0",1.30323964215198,TRUE
"Fluxbot 2.0",1.71298844445895,TRUE
"Fluxbot 2.0",1.43894917910905,TRUE
"Fluxbot 2.0",1.00767890596009,TRUE
"Fluxbot 2.0",1.00535537187171,TRUE
"Fluxbot 2.0",1.00453119245347,TRUE
"Fluxbot 2.0",1.01168786095977,TRUE
"Fluxbot 2.0",1.07854466464666,TRUE
"Fluxbot 2.0",1.007420209632,TRUE
"Fluxbot 2.0",1.00370406992161,TRUE
"Fluxbot 2.0",1.31509567139633,TRUE
"Fluxbot 2.0",1.15593367701361,TRUE
"Fluxbot 2.0",1.32540289958893,TRUE
"Fluxbot 2.0",1.15643616931372,TRUE
"Fluxbot 2.0",1.3252142827584,TRUE
"Fluxbot 2.0",1.00905713022545,TRUE
"Fluxbot 2.0",1.0077496045741,TRUE
"Fluxbot 2.0",1.0067737522173,TRUE
"Fluxbot 2.0",1.52219216930015,TRUE
"Fluxbot 2.0",1.30092755142273,TRUE
"Fluxbot 2.0",1.01012201408276,TRUE
"Fluxbot 2.0",1.44471381101026,TRUE
"Fluxbot 2.0",1.3607400852663,TRUE
"Fluxbot 2.0",1.11922247862969,TRUE
"Fluxbot 2.0",1.08371096909013,TRUE
"Fluxbot 2.0",1.00448159664815,TRUE
"Fluxbot 2.0",1.00498314971725,TRUE
"Fluxbot 2.0",1.01053869427772,TRUE
"Fluxbot 2.0",1.06565290379261,TRUE
"Fluxbot 2.0",1.00664521589294,TRUE
"Fluxbot 2.0",1.18464357130368,TRUE
"Fluxbot 2.0",1.50431459087753,TRUE
"Fluxbot 2.0",1.0052912759829,TRUE
"Fluxbot 2.0",1.22217511022485,TRUE
"Fluxbot 2.0",1.12986127095166,TRUE
"Fluxbot 2.0",1.12192574259182,TRUE
"Fluxbot 2.0",1.27603080046525,TRUE
"Fluxbot 2.0",1.01026323497947,TRUE
"Fluxbot 2.0",1.26794168628137,TRUE
"Fluxbot 2.0",1.14247888937072,TRUE
"Fluxbot 2.0",1.01268775802061,TRUE
"Fluxbot 2.0",1.01352544276085,TRUE
"Fluxbot 2.0",1.00803615239574,TRUE
"Fluxbot 2.0",1.0234355712851,TRUE
"Fluxbot 2.0",1.26712609877406,TRUE
"Fluxbot 2.0",1.01288661074345,TRUE
"Fluxbot 2.0",1.00558641039623,TRUE
"Fluxbot 2.0",1.00767158813619,TRUE
"Fluxbot 2.0",1.04105100715043,TRUE
"Fluxbot 2.0",1.01525695480949,TRUE
"Fluxbot 2.0",1.01405999234187,TRUE
"Fluxbot 2.0",1.11122957307497,TRUE
"Fluxbot 2.0",1.20866170959447,TRUE
"Fluxbot 2.0",1.23738036690304,TRUE
"Fluxbot 2.0",1.31532051849771,TRUE
"Fluxbot 2.0",1.40342557274757,TRUE
"Fluxbot 2.0",1.33569309611064,TRUE
"Fluxbot 2.0",1.36405141977675,TRUE
"Fluxbot 2.0",1,FALSE
"Fluxbot 2.0",1.22601496140599,TRUE
"Fluxbot 2.0",1.37946954965018,TRUE
"Fluxbot 2.0",1.00492954226057,TRUE
"Fluxbot 2.0",1.00624381093674,TRUE
"Fluxbot 2.0",1.21286814379216,TRUE
"Fluxbot 2.0",1.00964585072987,TRUE
"Fluxbot 2.0",1.39669157817984,TRUE
"Fluxbot 2.0",1.28697035952051,TRUE
"Fluxbot 2.0",1.50994622238278,TRUE
"Fluxbot 2.0",1.0161985839851,TRUE
"Fluxbot 2.0",1.293863241942,TRUE
"Fluxbot 2.0",1.02401697183508,TRUE
"Fluxbot 2.0",1.01647335844458,TRUE
"Fluxbot 2.0",1,FALSE
"Fluxbot 2.0",1.09510727507727,TRUE
"Fluxbot 2.0",1.23702136318095,TRUE
"Fluxbot 2.0",1.25090930050614,TRUE
"Fluxbot 2.0",1.33996302251562,TRUE
"Fluxbot 2.0",1.39307272560693,TRUE
"Fluxbot 2.0",1.25661989716672,TRUE
"Fluxbot 2.0",1.31836472395618,TRUE
"Fluxbot 2.0",1.31437993738394,TRUE
"Fluxbot 2.0",1.23741890888459,TRUE
"Fluxbot 2.0",1.1559795691227,TRUE
"Fluxbot 2.0",1.01236876483773,TRUE
"Fluxbot 2.0",1.80869287891123,TRUE
"Fluxbot 2.0",1.19141999703843,TRUE
"Fluxbot 2.0",1.53601597198168,TRUE
"Fluxbot 2.0",1.01542564240762,TRUE
"Fluxbot 2.0",1.04483892261669,TRUE
"Fluxbot 2.0",1.26989187101725,TRUE
"Fluxbot 2.0",1.01505787842771,TRUE
"Fluxbot 2.0",1.01518695861685,TRUE
"Fluxbot 2.0",1.00419420706053,TRUE
"Fluxbot 2.0",1.40342306947251,TRUE
"Fluxbot 2.0",1.11078201425405,TRUE
"Fluxbot 2.0",1.0138579666526,TRUE
"Fluxbot 2.0",1.01428318413813,TRUE
"Fluxbot 2.0",1.13084273870188,TRUE
"Fluxbot 2.0",1.48046881302236,TRUE
"Fluxbot 2.0",1.25288073637419,TRUE
"Fluxbot 2.0",1.57305559408728,TRUE
"Fluxbot 2.0",1.55250788833154,TRUE
"Fluxbot 2.0",1.6143920993574,TRUE
"Fluxbot 2.0",1.01150759305165,TRUE
"Fluxbot 2.0",1.53880733310569,TRUE
"Fluxbot 2.0",1.15848991620247,TRUE
"Fluxbot 2.0",1.87516040865127,TRUE
"Fluxbot 2.0",1.01104063812802,TRUE
"Fluxbot 2.0",1.32171984461538,TRUE
"Fluxbot 2.0",1.02253153685773,TRUE
"Fluxbot 2.0",1.00676891215955,TRUE
"Fluxbot 2.0",1.01432633006119,TRUE
"Fluxbot 2.0",1.01322183338477,TRUE
"Fluxbot 2.0",1.00590289385795,TRUE
"Fluxbot 2.0",1.01146140222183,TRUE
"Fluxbot 2.0",1.05695668743541,TRUE
"Fluxbot 2.0",1.13362139986217,TRUE
"Fluxbot 2.0",1.23406729475503,TRUE
"Fluxbot 2.0",1.00348721366906,TRUE
"Fluxbot 2.0",1.00930469812406,TRUE
"Fluxbot 2.0",1.01595393232004,TRUE
"Fluxbot 2.0",1.01114737954879,TRUE
"Fluxbot 2.0",1.01433324607206,TRUE
"Fluxbot 2.0",1.2637660477004,TRUE
"Fluxbot 2.0",1.54533503617563,TRUE
"Fluxbot 2.0",1.0910186712936,TRUE
"Fluxbot 2.0",1.06381591026998,TRUE
"Fluxbot 2.0",1.10486766040842,TRUE
"Fluxbot 2.0",1.01158976740558,TRUE
"Fluxbot 2.0",1.04829853510349,TRUE
"Fluxbot 2.0",1.46617064731765,TRUE
"Fluxbot 2.0",1.63755164519841,TRUE
"Fluxbot 2.0",1.62433477121484,TRUE
"Fluxbot 2.0",1.03100267530304,TRUE
"Fluxbot 2.0",1.89661923810799,TRUE
"Fluxbot 2.0",1.06182065530906,TRUE
"Fluxbot 2.0",1.13766098844334,TRUE
"Fluxbot 2.0",1.20665236882237,TRUE
"Fluxbot 2.0",1.10772585121016,TRUE
"Fluxbot 2.0",1.008812587724,TRUE
"Fluxbot 2.0",1.00480811254813,TRUE
"Fluxbot 2.0",1.00998102191371,TRUE
"Fluxbot 2.0",1.00292031799995,TRUE
"Fluxbot 2.0",1.00380529005837,TRUE
"Fluxbot 2.0",1.00624812178888,TRUE
"Fluxbot 2.0",1.008617650399,TRUE
"Fluxbot 2.0",1.00804975658283,TRUE
"Fluxbot 2.0",1.30447315795312,TRUE
"Fluxbot 2.0",1.70700790701893,TRUE
"Fluxbot 2.0",1.16111921389478,TRUE
"Fluxbot 2.0",1.31871777034567,TRUE
"Fluxbot 2.0",1.15112247432461,TRUE
"Fluxbot 2.0",1.11698729957956,TRUE
"Fluxbot 2.0",1.00887316003363,TRUE
"Fluxbot 2.0",1.00464348842593,TRUE
"Fluxbot 2.0",1.19719921300352,TRUE
"Fluxbot 2.0",1.42391527601406,TRUE
"Fluxbot 2.0",1.51489572750726,TRUE
"Fluxbot 2.0",1.03022654010531,TRUE
"Fluxbot 2.0",1.12159738880949,TRUE
"Fluxbot 2.0",1.02736232046991,TRUE
"Fluxbot 2.0",1.02205345816403,TRUE
"Fluxbot 2.0",1.19592309352308,TRUE
"Fluxbot 2.0",1.07768088945046,TRUE
"Fluxbot 2.0",1.11848955363637,TRUE
"Fluxbot 2.0",1.0061847449071,TRUE
"Fluxbot 2.0",1.00717992749449,TRUE
"Fluxbot 2.0",1.00357322966366,TRUE
"Fluxbot 2.0",1.01120749897914,TRUE
"Fluxbot 2.0",1.00674068790216,TRUE
"Fluxbot 2.0",1.53989035678227,TRUE
"Fluxbot 2.0",1.76886583638197,TRUE
"Fluxbot 2.0",1.04252494403886,TRUE
"Fluxbot 2.0",1.19523617110237,TRUE
"Fluxbot 2.0",1.30701474656334,TRUE
"Fluxbot 2.0",1.37451247494852,TRUE
"Fluxbot 2.0",1.67015081056318,TRUE
"Fluxbot 2.0",1.52624365635776,TRUE
"Fluxbot 2.0",1.49350521583763,TRUE
"Fluxbot 2.0",1.74011405755105,TRUE
"Fluxbot 2.0",1.14093920408084,TRUE
"Fluxbot 2.0",1.50903952268344,TRUE
"Fluxbot 2.0",1.49916055231972,TRUE
"Fluxbot 2.0",1.27155654499411,TRUE
"Fluxbot 2.0",1.35570534043856,TRUE
"Fluxbot 2.0",1.34210238228305,TRUE
"Fluxbot 2.0",1.43391883108603,TRUE
"Fluxbot 2.0",1.70191003225766,TRUE
"Fluxbot 2.0",1.37064330800659,TRUE
"Fluxbot 2.0",1.27992042509658,TRUE
"Fluxbot 2.0",1.46388438711913,TRUE
"Fluxbot 2.0",1.43238384209999,TRUE
"Fluxbot 2.0",1.59493121735894,TRUE
"Fluxbot 2.0",1.53488225629889,TRUE
"Fluxbot 2.0",1.06997172542866,TRUE
"Fluxbot 2.0",1.33760388208566,TRUE
"Fluxbot 2.0",1.34038835941109,TRUE
"Fluxbot 2.0",1.41049686799569,TRUE
"Fluxbot 2.0",1.00022169918976,TRUE
"Fluxbot 2.0",1,FALSE
"Fluxbot 2.0",1,FALSE
"Fluxbot 2.0",1.09488458480176,TRUE
"Fluxbot 2.0",1,FALSE
"Fluxbot 2.0",1,FALSE
"Fluxbot 2.0",1,FALSE
"Fluxbot 2.0",1,FALSE
"Fluxbot 2.0",1,FALSE
"Fluxbot 2.0",1,FALSE
"Fluxbot 2.0",1,FALSE
"Fluxbot 2.0",1.02733755703677,TRUE
"Fluxbot 2.0",1.0894061700883,TRUE
"Fluxbot 2.0",1.0043844333134,TRUE
"Fluxbot 2.0",1.01252869847876,TRUE
"Fluxbot 2.0",1.02760583921398,TRUE
"Fluxbot 2.0",1.01447286771917,TRUE
"Fluxbot 2.0",1.01507117707181,TRUE
"Fluxbot 2.0",1.00002470685214,TRUE
"Fluxbot 2.0",1.15511883326721,TRUE
"Fluxbot 2.0",0.999677060167518,TRUE
"Fluxbot 2.0",1.00455851539608,TRUE
"Fluxbot 2.0",1,FALSE
"Fluxbot 2.0",1.36835250516542,TRUE
"Fluxbot 2.0",1.00030547677774,TRUE
"Fluxbot 2.0",1.00149323126575,TRUE
"Fluxbot 2.0",1,FALSE
"Fluxbot 2.0",1,FALSE
"Fluxbot 2.0",1.00303372802759,TRUE
"Fluxbot 2.0",1.20292434292403,TRUE
"Fluxbot 2.0",1,FALSE
"Fluxbot 2.0",1.1646537670464,TRUE
"Fluxbot 2.0",1.07718281068929,TRUE
"Fluxbot 2.0",1,FALSE
"Fluxbot 2.0",1.00090432281221,TRUE
"Fluxbot 2.0",1,FALSE
"Fluxbot 2.0",1.00192213318371,TRUE
"Fluxbot 2.0",1.32158188282284,TRUE
"Fluxbot 2.0",1.25143919910611,TRUE
"Fluxbot 2.0",1.00743080693001,TRUE
"Fluxbot 2.0",1.49024916950685,TRUE
"Fluxbot 2.0",1,FALSE
"Fluxbot 2.0",1,FALSE
"Fluxbot 2.0",1.60299889654639,TRUE
"Fluxbot 2.0",1.70562050096153,TRUE
"Fluxbot 2.0",1.02932342366938,TRUE
"Fluxbot 2.0",1.3080643834756,TRUE
"Fluxbot 2.0",1.43553106555029,TRUE
"Fluxbot 2.0",1.46304342594879,TRUE
"Fluxbot 2.0",1.26467126501022,TRUE
"Fluxbot 2.0",1.56684860043272,TRUE
"Fluxbot 2.0",1.01153789349673,TRUE
"Fluxbot 2.0",1.00161738117282,TRUE
"Fluxbot 2.0",1.00255473125021,TRUE
"Fluxbot 2.0",1.20439160026941,TRUE
"Fluxbot 2.0",1.00561121779375,TRUE
"Fluxbot 2.0",1.00105900305128,TRUE
"Fluxbot 2.0",1.92839613841592,TRUE
"Fluxbot 2.0",1.82933306942174,TRUE
"Fluxbot 2.0",1,FALSE
"Fluxbot 2.0",1.05355488517065,TRUE
"Fluxbot 2.0",1.23857990946106,TRUE
"Fluxbot 2.0",1.57770587830212,TRUE
"Fluxbot 2.0",1.92855094726159,TRUE
"Fluxbot 2.0",1.56425415703587,TRUE
"Fluxbot 2.0",1.3423360949373,TRUE
"Fluxbot 2.0",1.25561879699069,TRUE
"Fluxbot 2.0",1.21525559751405,TRUE
"Fluxbot 2.0",1.80777766421197,TRUE
"Fluxbot 2.0",1.00994437627792,TRUE
"Fluxbot 2.0",1.41807132193617,TRUE
"Fluxbot 2.0",1.6486667450917,TRUE
"Fluxbot 2.0",1.85080941047373,TRUE
"Fluxbot 2.0",1.3221873418815,TRUE
"Fluxbot 2.0",1.12178655541556,TRUE
"Fluxbot 2.0",1.22893435697878,TRUE
"Fluxbot 2.0",1.97585506469352,TRUE
"Fluxbot 2.0",1.00695679483631,TRUE
"Fluxbot 2.0",1.23329331914919,TRUE
"Fluxbot 2.0",1.32082694472193,TRUE
"Fluxbot 2.0",1.0887038307698,TRUE
"Fluxbot 2.0",1.63580236050433,TRUE
"Fluxbot 2.0",1,FALSE
"Fluxbot 2.0",1.07457465544819,TRUE
"Fluxbot 2.0",1.49103102540345,TRUE
"Fluxbot 2.0",1.41814467817318,TRUE
"Fluxbot 2.0",1.24264779046436,TRUE
"Fluxbot 2.0",1.5081810501014,TRUE
"Fluxbot 2.0",1.54169390707816,TRUE
"Fluxbot 2.0",1.43357774127235,TRUE
"Fluxbot 2.0",1,FALSE
"Fluxbot 2.0",1.52115841850079,TRUE
"Fluxbot 2.0",1.94020634832748,TRUE
"Fluxbot 2.0",1.85867140884822,TRUE
"Fluxbot 2.0",1.52739305515973,TRUE
"Fluxbot 2.0",1.44356382389885,TRUE
"Fluxbot 2.0",1.77613098321285,TRUE
"Fluxbot 2.0",1.41392988649122,TRUE
"Fluxbot 2.0",1.71217684455753,TRUE
"Fluxbot 2.0",1.98464238380283,TRUE
"Fluxbot 2.0",1.62246486606952,TRUE
"Fluxbot 2.0",1.59380375841339,TRUE
"Fluxbot 2.0",1.52016757215646,TRUE
"Fluxbot 2.0",1.46591041708734,TRUE
"Fluxbot 2.0",1.22879787008104,TRUE
"Fluxbot 2.0",1.30798206813875,TRUE
"Fluxbot 2.0",1.71288672928852,TRUE
"Fluxbot 2.0",1.1932192724259,TRUE
"Fluxbot 2.0",1.29547899737051,TRUE
"Fluxbot 2.0",1.53698368744513,TRUE
"Fluxbot 2.0",1.22414191303147,TRUE
"Fluxbot 2.0",1.01147169113619,TRUE
"Fluxbot 2.0",1.35629050500346,TRUE
"Fluxbot 2.0",1.40852146231502,TRUE
"Fluxbot 2.0",1.82001332322576,TRUE
"Fluxbot 2.0",1.63740492597632,TRUE
"Fluxbot 2.0",1.47085929667554,TRUE
"Fluxbot 2.0",1.26924978741743,TRUE
"Fluxbot 2.0",1.60843504166689,TRUE
"Fluxbot 2.0",1.30181193871972,TRUE
"Fluxbot 2.0",1.35894789586482,TRUE
"Fluxbot 2.0",1.1848408909969,TRUE
"Fluxbot 2.0",1.44208938544831,TRUE
"Fluxbot 2.0",1.45741374097815,TRUE
"Fluxbot 2.0",1.44521418268668,TRUE
"Fluxbot 2.0",1.21893589034115,TRUE
"Fluxbot 2.0",1.20842716180912,TRUE
"Fluxbot 2.0",1.2481402593327,TRUE
"Fluxbot 2.0",1.0897814940527,TRUE
"Fluxbot 2.0",1.24074268872598,TRUE
"Fluxbot 2.0",1.74541341933645,TRUE
"Fluxbot 2.0",1.07830066035587,TRUE
"Fluxbot 2.0",1.14438539496096,TRUE
"Fluxbot 2.0",1.38449235092774,TRUE
"Fluxbot 2.0",1.8229499919142,TRUE
"Fluxbot 2.0",1.30144077579242,TRUE
"Fluxbot 2.0",1.16473100252743,TRUE
"Fluxbot 2.0",1.68242953163881,TRUE
"Fluxbot 2.0",1.3523332980477,TRUE
"Fluxbot 2.0",1.45349728554066,TRUE
"Fluxbot 2.0",1.53670800365994,TRUE
"Fluxbot 2.0",1,FALSE
"Fluxbot 2.0",1.36473192257412,TRUE
"Fluxbot 2.0",1.61460233094999,TRUE
"Fluxbot 2.0",1.42100112683071,TRUE
"Fluxbot 2.0",1.52328194712043,TRUE
"Fluxbot 2.0",1.23301846354713,TRUE
"Fluxbot 2.0",1.52228494885389,TRUE
"Fluxbot 2.0",1.1388423986504,TRUE
"Fluxbot 2.0",1.29852463335986,TRUE
"Fluxbot 2.0",1.76388600877333,TRUE
"Fluxbot 2.0",1.25817903180196,TRUE
"Fluxbot 2.0",1.12691987347426,TRUE
"Fluxbot 2.0",1.47629298616335,TRUE
"Fluxbot 2.0",1.35529833352137,TRUE
"Fluxbot 2.0",1.47488561370554,TRUE
"Fluxbot 2.0",1.06602106179858,TRUE
"Fluxbot 2.0",1.33746466968212,TRUE
"Fluxbot 2.0",1.59295375489191,TRUE
"Fluxbot 2.0",1.52658154464397,TRUE
"Fluxbot 2.0",1.40566516503481,TRUE
"Fluxbot 2.0",1.41999391378082,TRUE
"Fluxbot 2.0",1.48020240656706,TRUE
"Fluxbot 2.0",1.29071143548651,TRUE
"Fluxbot 2.0",1.60429304044428,TRUE
"Fluxbot 2.0",1.84398833721844,TRUE
"Fluxbot 2.0",1.996115847603,TRUE
"Fluxbot 2.0",1.45451349238392,TRUE
"Fluxbot 2.0",1.34554613700707,TRUE
"Fluxbot 2.0",1.07783066737961,TRUE
"Fluxbot 2.0",1.00612445555034,TRUE
"Fluxbot 2.0",1.01368213400699,TRUE
"Fluxbot 2.0",1.00505197653935,TRUE
"Fluxbot 2.0",1.10386534248903,TRUE
"Fluxbot 2.0",1.05198976474071,TRUE
"Fluxbot 2.0",1.07953968884402,TRUE
"Fluxbot 2.0",1.25575484384622,TRUE
"Fluxbot 2.0",1,FALSE
"Fluxbot 2.0",1.00296439607651,TRUE
"Fluxbot 2.0",1,FALSE
"Fluxbot 2.0",1,FALSE
"Fluxbot 2.0",1.00276431020317,TRUE
"Fluxbot 2.0",1.00097510055011,TRUE
"Fluxbot 2.0",1.00280916929908,TRUE
"Fluxbot 2.0",1,FALSE
"Fluxbot 2.0",1,FALSE
"Fluxbot 2.0",1,FALSE
"Fluxbot 2.0",1.02279659290019,TRUE
"Fluxbot 2.0",1.00104884382663,TRUE
"Fluxbot 2.0",1.61338175122573,TRUE
"Fluxbot 2.0",1.67318085599062,TRUE
"Fluxbot 2.0",1.22898169984347,TRUE
"Fluxbot 2.0",1.01293241511763,TRUE
"Fluxbot 2.0",1,FALSE
"Fluxbot 2.0",1.09501840127474,TRUE
"Fluxbot 2.0",1.17452605369868,TRUE
"Fluxbot 2.0",1.00652012909459,TRUE
"Fluxbot 2.0",1,FALSE
"Fluxbot 2.0",1.36790738080731,TRUE
"Fluxbot 2.0",1.06583535361086,TRUE
"Fluxbot 2.0",1.00903386804408,TRUE
"Fluxbot 2.0",1.68441841795828,TRUE
"Fluxbot 2.0",1.56329723909865,TRUE
"Fluxbot 2.0",1.51350221455079,TRUE
"Fluxbot 2.0",1.1911320786646,TRUE
"Fluxbot 2.0",1.13835025161923,TRUE
"Fluxbot 2.0",1.19491020238336,TRUE
"Fluxbot 2.0",1.05879988261564,TRUE
"Fluxbot 2.0",1.18516438314047,TRUE
"Fluxbot 2.0",1.10761514757521,TRUE
"Fluxbot 2.0",1.10047031642853,TRUE
"Fluxbot 2.0",1,FALSE
"Fluxbot 2.0",1.11641671885112,TRUE
"Fluxbot 2.0",1.04055246868035,TRUE
"Fluxbot 2.0",1.05630001002071,TRUE
"Fluxbot 2.0",1.28960242653583,TRUE
"Fluxbot 2.0",1.01334030182971,TRUE
"Fluxbot 2.0",1.17134992699333,TRUE
"Fluxbot 2.0",1.08007735133814,TRUE
"Fluxbot 2.0",1.02387594428906,TRUE
"Fluxbot 2.0",1.55663228496099,TRUE
"Fluxbot 2.0",1.0686890963964,TRUE
"Fluxbot 2.0",1.01448451006752,TRUE
"Fluxbot 2.0",1.14769077956223,TRUE
"Fluxbot 2.0",1.17813751536105,TRUE
"Fluxbot 2.0",1.11331874546651,TRUE
"Fluxbot 2.0",1.06294066988793,TRUE
"Fluxbot 2.0",1.01515434469579,TRUE
"Fluxbot 2.0",1.0311745187714,TRUE
"Fluxbot 2.0",1.14748619023939,TRUE
"Fluxbot 2.0",1.15492028204138,TRUE
"Fluxbot 2.0",1.11385024758141,TRUE
"Fluxbot 2.0",1.10094346925962,TRUE
"Fluxbot 2.0",1.11244939901694,TRUE
"Fluxbot 2.0",1.16389835042541,TRUE
"Fluxbot 2.0",1,FALSE
"Fluxbot 2.0",1,FALSE
"Fluxbot 2.0",1.00603907470253,TRUE
"Fluxbot 2.0",1,FALSE
"Fluxbot 2.0",1.19178554815741,TRUE
"Fluxbot 2.0",1.2600584977136,TRUE
"Fluxbot 2.0",1.37765623981141,TRUE
"Fluxbot 2.0",1,FALSE
"Fluxbot 2.0",1.11305185310426,TRUE
"Fluxbot 2.0",1.15906475881477,TRUE
"Fluxbot 2.0",1.23752278984592,TRUE
"Fluxbot 2.0",1.26112813911754,TRUE
"Fluxbot 2.0",1.28577979869873,TRUE
"Fluxbot 2.0",1.01336890062818,TRUE
"Fluxbot 2.0",1.01104029344249,TRUE
"Fluxbot 2.0",1.43436125175512,TRUE
"Fluxbot 2.0",1.5045392476709,TRUE
"Fluxbot 2.0",1.36839076501106,TRUE
"Fluxbot 2.0",1.3699995991419,TRUE
"Fluxbot 2.0",1,FALSE
"Fluxbot 2.0",1.04481159350711,TRUE
"Fluxbot 2.0",1.0149291096011,TRUE
"Fluxbot 2.0",1.35553862061276,TRUE
"Fluxbot 2.0",1.16655036849503,TRUE
"Fluxbot 2.0",1.13790917692104,TRUE
"Fluxbot 2.0",1,FALSE
"Fluxbot 2.0",1,FALSE
"Fluxbot 2.0",1,FALSE
"Fluxbot 2.0",1,FALSE
"Fluxbot 2.0",1.17963517366729,TRUE
"Fluxbot 2.0",1.19101679730646,TRUE
"Fluxbot 2.0",1.01507833966322,TRUE
"Fluxbot 2.0",1,FALSE
"Fluxbot 2.0",1.21110872295038,TRUE
"Fluxbot 2.0",1.02158237931848,TRUE
"Fluxbot 2.0",1,FALSE
"Fluxbot 2.0",1.08349393629461,TRUE
"Fluxbot 2.0",1,FALSE
"Fluxbot 2.0",1,FALSE
"Fluxbot 2.0",1,FALSE
"Fluxbot 2.0",1.04045567750518,TRUE
"Fluxbot 2.0",1,FALSE
"Fluxbot 2.0",1,FALSE
"Fluxbot 2.0",1,FALSE
"Fluxbot 2.0",1.00748415109085,TRUE
"Fluxbot 2.0",1,FALSE
"Fluxbot 2.0",1.00746373395346,TRUE
"Fluxbot 2.0",1.04838787932114,TRUE
"Fluxbot 2.0",1.00661350713525,TRUE
"Fluxbot 2.0",1.01127910467287,TRUE
"Fluxbot 2.0",1.01083382754987,TRUE
"Fluxbot 2.0",1.00404670906879,TRUE
"Fluxbot 2.0",1,FALSE
"Fluxbot 2.0",1.04876131122158,TRUE
"Fluxbot 2.0",1.01097813133255,TRUE
"Fluxbot 2.0",1.14980174418071,TRUE
"Fluxbot 2.0",1.48085011024354,TRUE
"Fluxbot 2.0",1.80380818748934,TRUE
"Fluxbot 2.0",1.77328352062603,TRUE
"Fluxbot 2.0",1.00713341135145,TRUE
"Fluxbot 2.0",1.00904294670691,TRUE
"Fluxbot 2.0",1,FALSE
"Fluxbot 2.0",1.079190849682,TRUE
"Fluxbot 2.0",1.00479795312584,TRUE
"Fluxbot 2.0",1.00585423004518,TRUE
"Fluxbot 2.0",1.51872636509632,TRUE
"Fluxbot 2.0",1,FALSE
"Fluxbot 2.0",1.05167046183279,TRUE
"Fluxbot 2.0",1,FALSE
"Fluxbot 2.0",1,FALSE
"Fluxbot 2.0",1,FALSE
"Fluxbot 2.0",1,FALSE
"Fluxbot 2.0",1.32635069412787,TRUE
"Fluxbot 2.0",1.37342539530254,TRUE
"Fluxbot 2.0",1.00399394529502,TRUE
"Fluxbot 2.0",1.13510508904333,TRUE
"Fluxbot 2.0",1.42494712173187,TRUE
"Fluxbot 2.0",1.00860319274733,TRUE
"Fluxbot 2.0",1.18006734199737,TRUE
"Fluxbot 2.0",1,FALSE
"Fluxbot 2.0",1.22108111810981,TRUE
"Fluxbot 2.0",1.10647176043171,TRUE
"Fluxbot 2.0",1.35343777540194,TRUE
"Fluxbot 2.0",1,FALSE
"Fluxbot 2.0",1.25366108413518,TRUE
"Fluxbot 2.0",1.55283011513638,TRUE
"Fluxbot 2.0",1.56786068064566,TRUE
"Fluxbot 2.0",1.38198466729587,TRUE
"Fluxbot 2.0",1.12231770016953,TRUE
"Fluxbot 2.0",1.45709092869057,TRUE
"Fluxbot 2.0",1.19745059182802,TRUE
"Fluxbot 2.0",1.01553314495883,TRUE
"Fluxbot 2.0",1.08100604084592,TRUE
"Fluxbot 2.0",1.19847279630818,TRUE
"Fluxbot 2.0",1.00980754930602,TRUE
"Fluxbot 2.0",1.01108040884146,TRUE
"Fluxbot 2.0",1.00891192136409,TRUE
"Fluxbot 2.0",1.00560298370848,TRUE
"Fluxbot 2.0",1.01132173334156,TRUE
"Fluxbot 2.0",1.00900638109879,TRUE
"Fluxbot 2.0",1.05185126408021,TRUE
"Fluxbot 2.0",1.11433242085594,TRUE
"Fluxbot 2.0",1.18340556947082,TRUE
"Fluxbot 2.0",1.27140182312657,TRUE
"Fluxbot 2.0",1.13852230920633,TRUE
"Fluxbot 2.0",1.00754847710044,TRUE
"Fluxbot 2.0",1.00593336444625,TRUE
"Fluxbot 2.0",1.1514296451181,TRUE
"Fluxbot 2.0",1.01471273445661,TRUE
"Fluxbot 2.0",1.25999383229393,TRUE
"Fluxbot 2.0",1.11300531620836,TRUE
"Fluxbot 2.0",1.01528829614459,TRUE
"Fluxbot 2.0",1.18894263292368,TRUE
"Fluxbot 2.0",1.00962411813583,TRUE
"Fluxbot 2.0",1.07446009365279,TRUE
"Fluxbot 2.0",1.14542657987703,TRUE
"Fluxbot 2.0",1.05287596568589,TRUE
"Fluxbot 2.0",1.20460521608507,TRUE
"Fluxbot 2.0",1.00684433342338,TRUE
"Fluxbot 2.0",1.00931418172436,TRUE
"Fluxbot 2.0",1.14188898470225,TRUE
"Fluxbot 2.0",1.01193666479934,TRUE
"Fluxbot 2.0",1.00618924355429,TRUE
"Fluxbot 2.0",1.18734216511065,TRUE
"Fluxbot 2.0",1.01064461035343,TRUE
"Fluxbot 2.0",1.04893583217441,TRUE
"Fluxbot 2.0",1.06779959327052,TRUE
"Fluxbot 2.0",1.14531394350621,TRUE
"Fluxbot 2.0",1.23399708553301,TRUE
"Fluxbot 2.0",1.6697395225556,TRUE
"Fluxbot 2.0",1.04595035418627,TRUE
"Fluxbot 2.0",1.07162697864636,TRUE
"Fluxbot 2.0",1.06864726905278,TRUE
"Fluxbot 2.0",1.01569365493564,TRUE
"Fluxbot 2.0",1.01260654472502,TRUE
"Fluxbot 2.0",1.27226279361308,TRUE
"Fluxbot 2.0",1.0093713685907,TRUE
"Fluxbot 2.0",1.03623546492189,TRUE
"Fluxbot 2.0",1.09201815713351,TRUE
"Fluxbot 2.0",1.14623986256609,TRUE
"Fluxbot 2.0",1.17848588998787,TRUE
"Fluxbot 2.0",1.10843088322034,TRUE
"Fluxbot 2.0",1.01002371858417,TRUE
"Fluxbot 2.0",1.00531574221052,TRUE
"Fluxbot 2.0",1.01551531682917,TRUE
"Fluxbot 2.0",1.00723079720839,TRUE
"Fluxbot 2.0",1.00477440419584,TRUE
"Fluxbot 2.0",1.01066257179951,TRUE
"Fluxbot 2.0",1.00554066281406,TRUE
"Fluxbot 2.0",1.04926085852555,TRUE
"Fluxbot 2.0",1.2702143805254,TRUE
"Fluxbot 2.0",1.23057480317374,TRUE
"Fluxbot 2.0",1.00995575845446,TRUE
"Fluxbot 2.0",1.13377384328496,TRUE
"Fluxbot 2.0",1.13044013632311,TRUE
"Fluxbot 2.0",1.0075888009812,TRUE
"Fluxbot 2.0",1.00989254050873,TRUE
"Fluxbot 2.0",1.02338013585848,TRUE
"Fluxbot 2.0",1.00955355357839,TRUE
"Fluxbot 2.0",1.00645307272923,TRUE
"Fluxbot 2.0",1.12988693372786,TRUE
"Fluxbot 2.0",1.0605534848477,TRUE
"Fluxbot 2.0",1.02609263258167,TRUE
"Fluxbot 2.0",1.28462021215772,TRUE
"Fluxbot 2.0",1.89043449327714,TRUE
"Fluxbot 2.0",1.11077827765403,TRUE
"Fluxbot 2.0",1.10282817743058,TRUE
"Fluxbot 2.0",1.00933470591508,TRUE
"Fluxbot 2.0",1.00803110590965,TRUE
"Fluxbot 2.0",1,FALSE
"Fluxbot 2.0",1.00465992345774,TRUE
"Fluxbot 2.0",1.02723335528893,TRUE
"Fluxbot 2.0",1.00775922968147,TRUE
"Fluxbot 2.0",1.00655930742504,TRUE
"Fluxbot 2.0",1,FALSE
"Fluxbot 2.0",1.33870646834024,TRUE
"Fluxbot 2.0",1.36185808434477,TRUE
"Fluxbot 2.0",1.01209754031364,TRUE
"Fluxbot 2.0",1.00954926875653,TRUE
"Fluxbot 2.0",1.13252345781524,TRUE
"Fluxbot 2.0",1.14900284282001,TRUE
"Fluxbot 2.0",1.00938593315266,TRUE
"Fluxbot 2.0",1.01502610615739,TRUE
"Fluxbot 2.0",1.09000045472265,TRUE
"Fluxbot 2.0",1.23062981956765,TRUE
"Fluxbot 2.0",1.18576475736945,TRUE
"Fluxbot 2.0",1.21523721491121,TRUE
"Fluxbot 2.0",1.2623700719583,TRUE
"Fluxbot 2.0",1.23407741059998,TRUE
"Fluxbot 2.0",1.19360369594949,TRUE
"Fluxbot 2.0",1.00988599589066,TRUE
"Fluxbot 2.0",1.03877188177238,TRUE
"Fluxbot 2.0",1,FALSE
"Fluxbot 2.0",1.0049120718964,TRUE
"Fluxbot 2.0",1.01305578210121,TRUE
"Fluxbot 2.0",1.0380909355956,TRUE
"Fluxbot 2.0",1.0195717621919,TRUE
"Fluxbot 2.0",1.05237570586734,TRUE
"Fluxbot 2.0",1.22284398881177,TRUE
"Fluxbot 2.0",1.164025456294,TRUE
"Fluxbot 2.0",1.14917287857158,TRUE
"Fluxbot 2.0",1.06665576185371,TRUE
"Fluxbot 2.0",1.21150833306059,TRUE
"Fluxbot 2.0",1.21368939734924,TRUE
"Fluxbot 2.0",1.07007408483118,TRUE
"Fluxbot 2.0",1.01537657893143,TRUE
"Fluxbot 2.0",1.00705351319436,TRUE
"Fluxbot 2.0",1.01324767947094,TRUE
"Fluxbot 2.0",1.01272961386856,TRUE
"Fluxbot 2.0",1.01154082351193,TRUE
"Fluxbot 2.0",1.00814843479099,TRUE
"Fluxbot 2.0",1.02574131113769,TRUE
"Fluxbot 2.0",1.00902171415808,TRUE
"Fluxbot 2.0",1.00518700197134,TRUE
"Fluxbot 2.0",1.00993600475655,TRUE
"Fluxbot 2.0",1.00553800883784,TRUE
"Fluxbot 2.0",1.00375527354753,TRUE
"Fluxbot 2.0",1.00773046403029,TRUE
"Fluxbot 2.0",1.00464436478301,TRUE
"Fluxbot 2.0",1.004380991899,TRUE
"Fluxbot 2.0",1.00600815964673,TRUE
"Fluxbot 2.0",1.00639210203436,TRUE
"Fluxbot 2.0",1.04764295262563,TRUE
"Fluxbot 2.0",1.3908580586761,TRUE
"Fluxbot 2.0",1.12195763300203,TRUE
"Fluxbot 2.0",1.02393315140119,TRUE
"Fluxbot 2.0",1.14660759542608,TRUE
"Fluxbot 2.0",1.0718827135442,TRUE
"Fluxbot 2.0",1.10013759872472,TRUE
"Fluxbot 2.0",1.18199726270413,TRUE
"Fluxbot 2.0",1.24336165883442,TRUE
"Fluxbot 2.0",1.33944067402937,TRUE
"Fluxbot 2.0",1.66766325025781,TRUE
"Fluxbot 2.0",1.36488663304387,TRUE
"Fluxbot 2.0",1.35564249991707,TRUE
"Fluxbot 2.0",1.31252787007183,TRUE
"Fluxbot 2.0",1.375193506404,TRUE
"Fluxbot 2.0",1.01432900257593,TRUE
"Fluxbot 2.0",1.02713283796814,TRUE
"Fluxbot 2.0",1.00473480650332,TRUE
"Fluxbot 2.0",1.00423858958606,TRUE
"Fluxbot 2.0",1.00705896699051,TRUE
"Fluxbot 2.0",1.0068216847007,TRUE
"Fluxbot 2.0",1.00580201283153,TRUE
"Fluxbot 2.0",1.01344094772645,TRUE
"Fluxbot 2.0",1.07638284168772,TRUE
"Fluxbot 2.0",1.25776124090033,TRUE
"Fluxbot 2.0",1.25120743895012,TRUE
"Fluxbot 2.0",1.36389732914475,TRUE
"Fluxbot 2.0",1.1490963774273,TRUE
"Fluxbot 2.0",1.12129481489788,TRUE
"Fluxbot 2.0",1.01199540479082,TRUE
"Fluxbot 2.0",1.1789508901685,TRUE
"Fluxbot 2.0",1.1632401754773,TRUE
"Fluxbot 2.0",1.25513668723522,TRUE
"Fluxbot 2.0",1.24890817722245,TRUE
"Fluxbot 2.0",1.16613134898573,TRUE
"Fluxbot 2.0",1.22564740652292,TRUE
"Fluxbot 2.0",1.07471196221993,TRUE
"Fluxbot 2.0",1.04508460483998,TRUE
"Fluxbot 2.0",1.01470845486436,TRUE
"Fluxbot 2.0",1.01804195055174,TRUE
"Fluxbot 2.0",1.00498040194917,TRUE
"Fluxbot 2.0",1.00456706708619,TRUE
"Fluxbot 2.0",1.00690391082027,TRUE
"Fluxbot 2.0",1.12631254150091,TRUE
"Fluxbot 2.0",1.24832005151549,TRUE
"Fluxbot 2.0",1.04866553448351,TRUE
"Fluxbot 2.0",1.19706534605386,TRUE
"Fluxbot 2.0",1.23772672937788,TRUE
"Fluxbot 2.0",1.06191906187466,TRUE
"Fluxbot 2.0",1.80029562924866,TRUE
"Fluxbot 2.0",1.51699772528864,TRUE
"Fluxbot 2.0",1.96274931810798,TRUE
"Fluxbot 2.0",1,FALSE
"Fluxbot 2.0",1.40599049379323,TRUE
"Fluxbot 2.0",1.14399358856658,TRUE
"Fluxbot 2.0",1.00289040468046,TRUE
"Fluxbot 2.0",1.0032278549222,TRUE
"Fluxbot 2.0",1.01698602153594,TRUE
"Fluxbot 2.0",1.0039339657068,TRUE
"Fluxbot 2.0",1.00481530017371,TRUE
"Fluxbot 2.0",1.0152600724395,TRUE
"Fluxbot 2.0",1.07358583759252,TRUE
"Fluxbot 2.0",1.08567563389073,TRUE
"Fluxbot 2.0",1.21491984612669,TRUE
"Fluxbot 2.0",1.24850459792626,TRUE
"Fluxbot 2.0",1.14626590487858,TRUE
"Fluxbot 2.0",1.10655862511722,TRUE
"Fluxbot 2.0",1.38354373055372,TRUE
"Fluxbot 2.0",1.082196952947,TRUE
"Fluxbot 2.0",1.01306662770423,TRUE
"Fluxbot 2.0",1.01063630095687,TRUE
"Fluxbot 2.0",1.13279807021065,TRUE
"Fluxbot 2.0",1.00332078786312,TRUE
"Fluxbot 2.0",1.00887223813981,TRUE
"Fluxbot 2.0",1.01550233298388,TRUE
"Fluxbot 2.0",1,FALSE
"Fluxbot 2.0",1.28030101148128,TRUE
"Fluxbot 2.0",1.19902361949813,TRUE
"Fluxbot 2.0",1.04327423759798,TRUE
"Fluxbot 2.0",1.27732794301345,TRUE
"Fluxbot 2.0",1.59590697595077,TRUE
"Fluxbot 2.0",0.999772576685965,TRUE
"Fluxbot 2.0",1,FALSE
"Fluxbot 2.0",1.00290249316282,TRUE
"Fluxbot 2.0",1.0010390225552,TRUE
"Fluxbot 2.0",1.76138084967867,TRUE
"Fluxbot 2.0",1,FALSE
"Fluxbot 2.0",1.57498044437086,TRUE
"Fluxbot 2.0",1,FALSE
"Fluxbot 2.0",1.00336683550201,TRUE
"Fluxbot 2.0",1.4236384731763,TRUE
"Fluxbot 2.0",1,FALSE
"Fluxbot 2.0",0.999930093334898,TRUE
"Fluxbot 2.0",1.01717044290466,TRUE
"Fluxbot 2.0",1.01266984252023,TRUE
"Fluxbot 2.0",1.07906682568517,TRUE
"Fluxbot 2.0",1.16976739390817,TRUE
"Fluxbot 2.0",1.36842722110315,TRUE
"Fluxbot 2.0",1.16367035029997,TRUE
"Fluxbot 2.0",1.33976398334021,TRUE
"Fluxbot 2.0",1.26372279812025,TRUE
"Fluxbot 2.0",1.27898175767703,TRUE
"Fluxbot 2.0",1.37293889876405,TRUE
"Fluxbot 2.0",1.23716983895011,TRUE
"Fluxbot 2.0",1.1951711775162,TRUE
"Fluxbot 2.0",1.3914696668175,TRUE
"Fluxbot 2.0",1.12639859139243,TRUE
"Fluxbot 2.0",1.10252389553871,TRUE
"Fluxbot 2.0",1.07333778495062,TRUE
"Fluxbot 2.0",1.30804711125906,TRUE
"Fluxbot 2.0",1.05415099650672,TRUE
"Fluxbot 2.0",1.08611915360552,TRUE
"Fluxbot 2.0",1.05994774221855,TRUE
"Fluxbot 2.0",1.05493799476901,TRUE
"Fluxbot 2.0",1.28868487713858,TRUE
"Fluxbot 2.0",1.12452048367967,TRUE
"Fluxbot 2.0",1.10208408360522,TRUE
"Fluxbot 2.0",1.22958309064758,TRUE
"Fluxbot 2.0",1.35955881745054,TRUE
"Fluxbot 2.0",1.1354878762428,TRUE
"Fluxbot 2.0",1.37017287342061,TRUE
"Fluxbot 2.0",1.16846429286097,TRUE
"Fluxbot 2.0",1.31032643665752,TRUE
"Fluxbot 2.0",1.19437488696581,TRUE
"Fluxbot 2.0",1.42647580470437,TRUE
"Fluxbot 2.0",1.14110627923589,TRUE
"Fluxbot 2.0",1.15624339911447,TRUE
"Fluxbot 2.0",1.20742918132184,TRUE
"Fluxbot 2.0",1.0145693349565,TRUE
"Fluxbot 2.0",1.09484759526713,TRUE
"Fluxbot 2.0",1.06943337016469,TRUE
"Fluxbot 2.0",1.02283858865929,TRUE
"Fluxbot 2.0",1,FALSE
"Fluxbot 2.0",1,FALSE
"Fluxbot 2.0",1.10699713418694,TRUE
"Fluxbot 2.0",1.18933492467629,TRUE
"Fluxbot 2.0",1.31866202791688,TRUE
"Fluxbot 2.0",1.2934378934683,TRUE
"Fluxbot 2.0",1.23733279216694,TRUE
"Fluxbot 2.0",1.01478207357836,TRUE
"Fluxbot 2.0",1.03785994250213,TRUE
"Fluxbot 2.0",1.165186905239,TRUE
"Fluxbot 2.0",1.30258361433198,TRUE
"Fluxbot 2.0",1.46014011504477,TRUE
"Fluxbot 2.0",1.19149760369746,TRUE
"Fluxbot 2.0",1.4263751933377,TRUE
"Fluxbot 2.0",1.69967999540168,TRUE
"Fluxbot 2.0",1.69646819969713,TRUE
"Fluxbot 2.0",1.44929527138853,TRUE
"Fluxbot 2.0",1.09647103760205,TRUE
"Fluxbot 2.0",1,FALSE
"Fluxbot 2.0",1.12052877130267,TRUE
"Fluxbot 2.0",1.1939354129718,TRUE
"Fluxbot 2.0",1.17450239194015,TRUE
"Fluxbot 2.0",1,FALSE
"Fluxbot 2.0",1,FALSE
"Fluxbot 2.0",1,FALSE
"Fluxbot 2.0",1,FALSE
"Fluxbot 2.0",1,FALSE
"Fluxbot 2.0",1.00775773348859,TRUE
"Fluxbot 2.0",1.26086922359577,TRUE
"Fluxbot 2.0",1.25596875648094,TRUE
"Fluxbot 2.0",1.34461984221779,TRUE
"Fluxbot 2.0",1.38025024924279,TRUE
"Fluxbot 2.0",1.41942803810794,TRUE
"Fluxbot 2.0",1.31547978022845,TRUE
"Fluxbot 2.0",1.30756339939015,TRUE
"Fluxbot 2.0",1.34616240690692,TRUE
"Fluxbot 2.0",1.29493284624557,TRUE
"Fluxbot 2.0",1.40154581718097,TRUE
"Fluxbot 2.0",1.45708693598599,TRUE
"Fluxbot 2.0",1.42237912632647,TRUE
"Fluxbot 2.0",1.39500230765615,TRUE
"Fluxbot 2.0",1.52360970988453,TRUE
"Fluxbot 2.0",1.41221033296419,TRUE
"Fluxbot 2.0",1.38316574737426,TRUE
"Fluxbot 2.0",1.17649889993203,TRUE
"Fluxbot 2.0",1.34430771578659,TRUE
"Fluxbot 2.0",1.14108002392269,TRUE
"Fluxbot 2.0",1.08118393950651,TRUE
"Fluxbot 2.0",1.01597641099468,TRUE
"Fluxbot 2.0",1.0595286417582,TRUE
"Fluxbot 2.0",1,FALSE
"Fluxbot 2.0",1,FALSE
"Fluxbot 2.0",1,FALSE
"Fluxbot 2.0",1.06973433322303,TRUE
"Fluxbot 2.0",1,FALSE
"Fluxbot 2.0",1.39359850450336,TRUE
"Fluxbot 2.0",1.51124802041304,TRUE
"Fluxbot 2.0",1.25994448911892,TRUE
"Fluxbot 2.0",1.29117884403518,TRUE
"Fluxbot 2.0",1.23254299256486,TRUE
"Fluxbot 2.0",1,FALSE
"Fluxbot 2.0",1,FALSE
"Fluxbot 2.0",1.00399198246732,TRUE
"Fluxbot 2.0",1.00358355108965,TRUE
"Fluxbot 2.0",1,FALSE
"Fluxbot 2.0",1.53227619615102,TRUE
"Fluxbot 2.0",1.0042127925754,TRUE
"Fluxbot 2.0",1.00668135393924,TRUE
"Fluxbot 2.0",1.06667167258764,TRUE
"Fluxbot 2.0",1.01323148592013,TRUE
"Fluxbot 2.0",1.07435897456514,TRUE
"Fluxbot 2.0",1.08012283067795,TRUE
"Fluxbot 2.0",1.012783966466,TRUE
"Fluxbot 2.0",1.07022545878964,TRUE
"Fluxbot 2.0",1.01000329290746,TRUE
"Fluxbot 2.0",1.00997788573518,TRUE
"Fluxbot 2.0",1.00832614838409,TRUE
"Fluxbot 2.0",1.00658483780373,TRUE
"Fluxbot 2.0",1.01506844756092,TRUE
"Fluxbot 2.0",1.00703003575165,TRUE
"Fluxbot 2.0",1.06684038124314,TRUE
"Fluxbot 2.0",1.03757039879179,TRUE
"Fluxbot 2.0",1.02513563536457,TRUE
"Fluxbot 2.0",1.04110101951847,TRUE
"Fluxbot 2.0",1.20650389604541,TRUE
"Fluxbot 2.0",1.04783809622339,TRUE
"Fluxbot 2.0",1.1949169254913,TRUE
"Fluxbot 2.0",1.17122978134302,TRUE
"Fluxbot 2.0",1.06360012238956,TRUE
"Fluxbot 2.0",1.07127043571464,TRUE
"Fluxbot 2.0",1.01159782221473,TRUE
"Fluxbot 2.0",1.01557770595037,TRUE
"Fluxbot 2.0",1.00759471174239,TRUE
"Fluxbot 2.0",1.0035831037478,TRUE
"Fluxbot 2.0",1.00994245164583,TRUE
"Fluxbot 2.0",1.19974205451773,TRUE
"Fluxbot 2.0",1.20532012661263,TRUE
"Fluxbot 2.0",1.00493762249328,TRUE
"Fluxbot 2.0",1.00775784811557,TRUE
"Fluxbot 2.0",1.00750904420667,TRUE
"Fluxbot 2.0",1.13427491121428,TRUE
"Fluxbot 2.0",1.00968502899589,TRUE
"Fluxbot 2.0",1.01478301168935,TRUE
"Fluxbot 2.0",1.00912222880899,TRUE
"Fluxbot 2.0",1.07859230529567,TRUE
"Fluxbot 2.0",1.08052857813163,TRUE
"Fluxbot 2.0",1.07800680117807,TRUE
"Fluxbot 2.0",1.02903593156948,TRUE
"Fluxbot 2.0",1.01541107060575,TRUE
"Fluxbot 2.0",1.04288551338315,TRUE
"Fluxbot 2.0",1.01511600791689,TRUE
"Fluxbot 2.0",1.01372143402961,TRUE
"Fluxbot 2.0",1.06129617326841,TRUE
"Fluxbot 2.0",1.00697475723866,TRUE
"Fluxbot 2.0",1.00674766855121,TRUE
"Fluxbot 2.0",1.00579140726147,TRUE
"Fluxbot 2.0",1.0077891003083,TRUE
"Fluxbot 2.0",1.00732438109454,TRUE
"Fluxbot 2.0",1.0434121745362,TRUE
"Fluxbot 2.0",1.01049633845608,TRUE
"Fluxbot 2.0",1.15593216918865,TRUE
"Fluxbot 2.0",1.54450582723629,TRUE
"Fluxbot 2.0",1.45081343579399,TRUE
"Fluxbot 2.0",1.56447541280753,TRUE
"Fluxbot 2.0",1.01157463492351,TRUE
"Fluxbot 2.0",1.00819304077486,TRUE
"Fluxbot 2.0",1.00814731783639,TRUE
"Fluxbot 2.0",1.0041138124791,TRUE
"Fluxbot 2.0",1.07126315234094,TRUE
"Fluxbot 2.0",1.15459444080017,TRUE
"Fluxbot 2.0",1.0082416591839,TRUE
"Fluxbot 2.0",1.01448928901129,TRUE
"Fluxbot 2.0",1.01311723254359,TRUE
"Fluxbot 2.0",1.00910010608049,TRUE
"Fluxbot 2.0",1.01507081231622,TRUE
"Fluxbot 2.0",1.00893048345966,TRUE
"Fluxbot 2.0",1.03287681859917,TRUE
"Fluxbot 2.0",1.00756473874909,TRUE
"Fluxbot 2.0",1.01522833195782,TRUE
"Fluxbot 2.0",1.00956581646394,TRUE
"Fluxbot 2.0",1.00731012752735,TRUE
"Fluxbot 2.0",1.0085218778796,TRUE
"Fluxbot 2.0",1.00556857003576,TRUE
"Fluxbot 2.0",1.01539837586054,TRUE
"Fluxbot 2.0",1.0292822878978,TRUE
"Fluxbot 2.0",1.12437871837659,TRUE
"Fluxbot 2.0",1.00887600013663,TRUE
"Fluxbot 2.0",1.07462429856381,TRUE
"Fluxbot 2.0",1.00928400545267,TRUE
"Fluxbot 2.0",1.00971015920885,TRUE
"Fluxbot 2.0",1.01467302659303,TRUE
"Fluxbot 2.0",1.00666588720153,TRUE
"Fluxbot 2.0",1.01144179806874,TRUE
"Fluxbot 2.0",1.01447650152465,TRUE
"Fluxbot 2.0",1.01018712413819,TRUE
"Fluxbot 2.0",1.05872848901491,TRUE
"Fluxbot 2.0",1.0251285182127,TRUE
"Fluxbot 2.0",1.08841253834634,TRUE
"Fluxbot 2.0",1.06823030318738,TRUE
"Fluxbot 2.0",1.01797363071089,TRUE
"Fluxbot 2.0",1.00902780017278,TRUE
"Fluxbot 2.0",1.03525228289584,TRUE
"Fluxbot 2.0",1.00529655612477,TRUE
"Fluxbot 2.0",1.00567228507396,TRUE
"Fluxbot 2.0",1.00483166427092,TRUE
"Fluxbot 2.0",1.17879093957661,TRUE
"Fluxbot 2.0",1.00509905877184,TRUE
"Fluxbot 2.0",1.01507694463699,TRUE
"Fluxbot 2.0",1.00566538411379,TRUE
"Fluxbot 2.0",1.01115933479058,TRUE
"Fluxbot 2.0",1.00518373389743,TRUE
"Fluxbot 2.0",1.01215408688641,TRUE
"Fluxbot 2.0",1.01467412684635,TRUE
"Fluxbot 2.0",1.00738015892523,TRUE
"Fluxbot 2.0",1.01539638872379,TRUE
"Fluxbot 2.0",1.03012103606989,TRUE
"Fluxbot 2.0",1.00952545393345,TRUE
"Fluxbot 2.0",1.02806939556354,TRUE
"Fluxbot 2.0",1.03672149093897,TRUE
"Fluxbot 2.0",1.02230822300726,TRUE
"Fluxbot 2.0",1.07421196299044,TRUE
"Fluxbot 2.0",1.02177159714833,TRUE
"Fluxbot 2.0",1.09664134814156,TRUE
"Fluxbot 2.0",1.01134212418998,TRUE
"Fluxbot 2.0",1.0142448934489,TRUE
"Fluxbot 2.0",1.01312733168728,TRUE
"Fluxbot 2.0",1.00258410580759,TRUE
"Fluxbot 2.0",1.00669981832972,TRUE
"Fluxbot 2.0",1.00497014923175,TRUE
"Fluxbot 2.0",1.01303144675006,TRUE
"Fluxbot 2.0",1.01038721500068,TRUE
"Fluxbot 2.0",1.08971103254947,TRUE
"Fluxbot 2.0",1.24502379974729,TRUE
"Fluxbot 2.0",1.00771343111769,TRUE
"Fluxbot 2.0",1.01476333618598,TRUE
"Fluxbot 2.0",1.00433767461109,TRUE
"Fluxbot 2.0",1.00930964889,TRUE
"Fluxbot 2.0",1.00552224073031,TRUE
"Fluxbot 2.0",1.00486332722002,TRUE
"Fluxbot 2.0",1.03929427965693,TRUE
"Fluxbot 2.0",1.01027567088364,TRUE
"Fluxbot 2.0",1.00655795587906,TRUE
"Fluxbot 2.0",1.00656709975985,TRUE
"Fluxbot 2.0",1.00843798578332,TRUE
"Fluxbot 2.0",1.0089976724495,TRUE
"Fluxbot 2.0",1.00578917702194,TRUE
"Fluxbot 2.0",1.00613302506292,TRUE
"Fluxbot 2.0",1.00604403292847,TRUE
"Fluxbot 2.0",1.00695257171485,TRUE
"Fluxbot 2.0",1.00565750228194,TRUE
"Fluxbot 2.0",1.00502918062687,TRUE
"Fluxbot 2.0",1.00704408525836,TRUE
"Fluxbot 2.0",1.0085338230602,TRUE
"Fluxbot 2.0",1.01447752440924,TRUE
"Fluxbot 2.0",1.00472465927142,TRUE
"Fluxbot 2.0",1.01200335662406,TRUE
"Fluxbot 2.0",1.00876749613495,TRUE
"Fluxbot 2.0",1.01466130623083,TRUE
"Fluxbot 2.0",1.04751963828827,TRUE
"Fluxbot 2.0",1.40320260812749,TRUE
"Fluxbot 2.0",1.75616161470464,TRUE
"Fluxbot 2.0",1.51456575327112,TRUE
"Fluxbot 2.0",1.00699868860821,TRUE
"Fluxbot 2.0",1.10784176790676,TRUE
"Fluxbot 2.0",1.00425391604192,TRUE
"Fluxbot 2.0",1.00458360424729,TRUE
"Fluxbot 2.0",1.0022003481601,TRUE
"Fluxbot 2.0",1.01463113477143,TRUE
"Fluxbot 2.0",1.0543478822426,TRUE
"Fluxbot 2.0",1,FALSE
"Fluxbot 2.0",1.00147611883977,TRUE
"Fluxbot 2.0",1.00160107829282,TRUE
"Fluxbot 2.0",1.6370632620025,TRUE
"Fluxbot 2.0",1.00106370044616,TRUE
"Fluxbot 2.0",1.00380426726386,TRUE
"Fluxbot 2.0",1,FALSE
"Fluxbot 2.0",1.91101845826076,TRUE
"Fluxbot 2.0",1.00717761159805,TRUE
"Fluxbot 2.0",1.00972406133493,TRUE
"Fluxbot 2.0",1,FALSE
"Fluxbot 2.0",1,FALSE
"Fluxbot 2.0",1.90982911063667,TRUE
"Fluxbot 2.0",1.79664681365905,TRUE
"Fluxbot 2.0",1.00262114742002,TRUE
"Fluxbot 2.0",1.22486219533414,TRUE
"Fluxbot 2.0",1.00790622649311,TRUE
"Fluxbot 2.0",1.1145551227262,TRUE
"Fluxbot 2.0",1.0341694696193,TRUE
"Fluxbot 2.0",1,FALSE
"Fluxbot 2.0",1.97856386714037,TRUE
"Fluxbot 2.0",1,FALSE
"Fluxbot 2.0",1.61936250878942,TRUE
"Fluxbot 2.0",1,FALSE
"Fluxbot 2.0",1.27452708202031,TRUE
"Fluxbot 2.0",1.96424688711084,TRUE
"Fluxbot 2.0",1.06233423925436,TRUE
"Fluxbot 2.0",1.00981102019861,TRUE
"Fluxbot 2.0",1,FALSE
"Fluxbot 2.0",1.44884152443944,TRUE
"Fluxbot 2.0",1.01026205075578,TRUE
"Fluxbot 2.0",1.64714555082101,TRUE
"Fluxbot 2.0",1.20877921722996,TRUE
"Fluxbot 2.0",1.34102692779195,TRUE
"Fluxbot 2.0",1,FALSE
"Fluxbot 2.0",1.45194785978831,TRUE
"Fluxbot 2.0",1.88404761894479,TRUE
"Fluxbot 2.0",1.67685973032735,TRUE
"Fluxbot 2.0",1.00537362079672,TRUE
"Fluxbot 2.0",1.60200865944505,TRUE
"Fluxbot 2.0",1.58740486178467,TRUE
"Fluxbot 2.0",1,FALSE
"Fluxbot 2.0",1.00113120487905,TRUE
"Fluxbot 2.0",1.03845328227891,TRUE
"Fluxbot 2.0",1.02588874091374,TRUE
"Fluxbot 2.0",1.33600607409742,TRUE
"Fluxbot 2.0",1.2011937829944,TRUE
"Fluxbot 2.0",1.24713341899609,TRUE
"Fluxbot 2.0",1.00854961428748,TRUE
"Fluxbot 2.0",1,FALSE
"Fluxbot 2.0",1.00586169654605,TRUE
"Fluxbot 2.0",1.00829046698078,TRUE
"Fluxbot 2.0",1,FALSE
"Fluxbot 2.0",1.30888644846179,TRUE
"Fluxbot 2.0",1.16986017628942,TRUE
"Fluxbot 2.0",1.2884727163439,TRUE
"Fluxbot 2.0",1.03245318579249,TRUE
"Fluxbot 2.0",1.00472866334979,TRUE
"Fluxbot 2.0",1.25376808096528,TRUE
"Fluxbot 2.0",1.00638092531474,TRUE
"Fluxbot 2.0",1.01063541524748,TRUE
"Fluxbot 2.0",1.00825430598651,TRUE
"Fluxbot 2.0",1.03650041149168,TRUE
"Fluxbot 2.0",1.02170448712387,TRUE
"Fluxbot 2.0",1.42823499065052,TRUE
"Fluxbot 2.0",1.42477840933864,TRUE
"Fluxbot 2.0",1.45807153454593,TRUE
"Fluxbot 2.0",1.56415807392078,TRUE
"Fluxbot 2.0",1.64213491198548,TRUE
"Fluxbot 2.0",1.63526880901483,TRUE
"Fluxbot 2.0",1.5382083899245,TRUE
"Fluxbot 2.0",1.1958822595087,TRUE
"Fluxbot 2.0",1.44902054158703,TRUE
"Fluxbot 2.0",1.45295752494993,TRUE
"Fluxbot 2.0",1.222206690621,TRUE
"Fluxbot 2.0",1.2214688986877,TRUE
"Fluxbot 2.0",1.37269432918516,TRUE
"Fluxbot 2.0",1.12788736932504,TRUE
"Fluxbot 2.0",1.6799063418288,TRUE
"Fluxbot 2.0",1.21094712720137,TRUE
"Fluxbot 2.0",1.00582431985152,TRUE
"Fluxbot 2.0",1.16325019011516,TRUE
"Fluxbot 2.0",1.00528129985654,TRUE
"Fluxbot 2.0",1.11125253709032,TRUE
"Fluxbot 2.0",1.01626580250921,TRUE
"Fluxbot 2.0",1.40508105346253,TRUE
"Fluxbot 2.0",1.12909804801224,TRUE
"Fluxbot 2.0",1.27633509104972,TRUE
"Fluxbot 2.0",1.45496729883728,TRUE
"Fluxbot 2.0",1.15720883925251,TRUE
"Fluxbot 2.0",1.25933232534218,TRUE
"Fluxbot 2.0",1.01366021900895,TRUE
"Fluxbot 2.0",1.0135747990575,TRUE
"Fluxbot 2.0",1.01261056371765,TRUE
"Fluxbot 2.0",1.17590851837926,TRUE
"Fluxbot 2.0",1.00445786377412,TRUE
"Fluxbot 2.0",1.00772198077445,TRUE
"Fluxbot 2.0",1.01059460079321,TRUE
"Fluxbot 2.0",1.01238231013902,TRUE
"Fluxbot 2.0",1.00876373156064,TRUE
"Fluxbot 2.0",1.00633010638125,TRUE
"Fluxbot 2.0",1,FALSE
"Fluxbot 2.0",1.00424508797479,TRUE
"Fluxbot 2.0",1.00652010275552,TRUE
"Fluxbot 2.0",1.0067560915603,TRUE
"Fluxbot 2.0",1.10717194364208,TRUE
"Fluxbot 2.0",1.01508012301838,TRUE
"Fluxbot 2.0",1.1342852125307,TRUE
"Fluxbot 2.0",1.11275942866034,TRUE
"Fluxbot 2.0",1.04131280439572,TRUE
"Fluxbot 2.0",1.00896000541202,TRUE
"Fluxbot 2.0",1.01450165885317,TRUE
"Fluxbot 2.0",1.1041936075631,TRUE
"Fluxbot 2.0",1.01185156148171,TRUE
"Fluxbot 2.0",1.00440531721388,TRUE
"Fluxbot 2.0",1,FALSE
"Fluxbot 2.0",1.01531246002335,TRUE
"Fluxbot 2.0",1.00883378236936,TRUE
"Fluxbot 2.0",1.00649791922486,TRUE
"Fluxbot 2.0",1.00906338520702,TRUE
"Fluxbot 2.0",1.00855018557876,TRUE
"Fluxbot 2.0",1.05273311590671,TRUE
"Fluxbot 2.0",1.00933491712612,TRUE
"Fluxbot 2.0",1.25996577191793,TRUE
"Fluxbot 2.0",1.14351961609967,TRUE
"Fluxbot 2.0",1.2181392692666,TRUE
"Fluxbot 2.0",1.09876764088787,TRUE
"Fluxbot 2.0",1.01203429619093,TRUE
"Fluxbot 2.0",1.00599865108987,TRUE
"Fluxbot 2.0",1.00835949067288,TRUE
"Fluxbot 2.0",1.08476314275318,TRUE
"Fluxbot 2.0",1.00642567305558,TRUE
"Fluxbot 2.0",1.45546503335969,TRUE
"Fluxbot 2.0",1.01871021081278,TRUE
"Fluxbot 2.0",1,FALSE
"Fluxbot 2.0",1.00891984410841,TRUE
"Fluxbot 2.0",1.18924722168364,TRUE
"Fluxbot 2.0",1.1599281203018,TRUE
"Fluxbot 2.0",1.52293483563094,TRUE
"Fluxbot 2.0",1.08889682256991,TRUE
"Fluxbot 2.0",1.83111795018887,TRUE
"Fluxbot 2.0",1.01613501078043,TRUE
"Fluxbot 2.0",1,FALSE
"Fluxbot 2.0",1.01115194730243,TRUE
"Fluxbot 2.0",1.00160442991162,TRUE
"Fluxbot 2.0",1,FALSE
"Fluxbot 2.0",1.05807096084227,TRUE
"Fluxbot 2.0",1,FALSE
"Fluxbot 2.0",1.26719158607168,TRUE
"Fluxbot 2.0",1.20199447241569,TRUE
"Fluxbot 2.0",1.11131493191862,TRUE
"Fluxbot 2.0",1.14188114589377,TRUE
"Fluxbot 2.0",1.22991768447615,TRUE
"Fluxbot 2.0",1.1422749708714,TRUE
"Fluxbot 2.0",1.10410825481799,TRUE
"Fluxbot 2.0",1.01249282774827,TRUE
"Fluxbot 2.0",1.0479438271784,TRUE
"Fluxbot 2.0",1.11053317893957,TRUE
"Fluxbot 2.0",1.16287161994743,TRUE
"Fluxbot 2.0",1.16696834965219,TRUE
"Fluxbot 2.0",1.09606243033483,TRUE
"Fluxbot 2.0",1.0367665037843,TRUE
"Fluxbot 2.0",1.01377613738473,TRUE
"Fluxbot 2.0",1.08216342482424,TRUE
"Fluxbot 2.0",1.21935947730046,TRUE
"Fluxbot 2.0",1.00764938628419,TRUE
"Fluxbot 2.0",1.28949302622608,TRUE
"Fluxbot 2.0",1.1426381326224,TRUE
"Fluxbot 2.0",1.23900085141455,TRUE
"Fluxbot 2.0",1.16063423664401,TRUE
"Fluxbot 2.0",1.10255007953928,TRUE
"Fluxbot 2.0",1.58237993825745,TRUE
"Fluxbot 2.0",1.18705392891148,TRUE
"Fluxbot 2.0",1,FALSE
"Fluxbot 2.0",1,FALSE
"Fluxbot 2.0",1.92184024733934,TRUE
"Fluxbot 2.0",1,FALSE
"Fluxbot 2.0",1.69551431519328,TRUE
"Fluxbot 2.0",1,FALSE
"Fluxbot 2.0",1.12215635822939,TRUE
"Fluxbot 2.0",1.56522597680152,TRUE
"Fluxbot 2.0",1.24997767327246,TRUE
"Fluxbot 2.0",1.10075047551127,TRUE
"Fluxbot 2.0",1.66393150687077,TRUE
"Fluxbot 2.0",1.00457486322733,TRUE
"Fluxbot 2.0",1.51091488396106,TRUE
"Fluxbot 2.0",1.70582300447671,TRUE
"Fluxbot 2.0",1,FALSE
"Fluxbot 2.0",1.00452045573709,TRUE
"Fluxbot 2.0",1.00356466428498,TRUE
"Fluxbot 2.0",1,FALSE
"Fluxbot 2.0",1.44715161878698,TRUE
"Fluxbot 2.0",1,FALSE
"Fluxbot 2.0",1.83898449404353,TRUE
"Fluxbot 2.0",1,FALSE
"Fluxbot 2.0",1,FALSE
"Fluxbot 2.0",1,FALSE
"Fluxbot 2.0",1,FALSE
"Fluxbot 2.0",1,FALSE
"Fluxbot 2.0",1,FALSE
"Fluxbot 2.0",1.55375263221968,TRUE
"Fluxbot 2.0",1.06043431578783,TRUE
"Fluxbot 2.0",1.70390941256022,TRUE
"Fluxbot 2.0",1.81409568212729,TRUE
"Fluxbot 2.0",1.46512396500132,TRUE
"Fluxbot 2.0",1,FALSE
"Fluxbot 2.0",1,FALSE
"Fluxbot 2.0",1,FALSE
"Fluxbot 2.0",1.5516006152801,TRUE
"Fluxbot 2.0",1.00881919197364,TRUE
"Fluxbot 2.0",1.00415744771541,TRUE
"Fluxbot 2.0",1,FALSE
"Fluxbot 2.0",1,FALSE
"Fluxbot 2.0",1.00181623489218,TRUE
"Fluxbot 2.0",1,FALSE
"Fluxbot 2.0",1.21955347467344,TRUE
"Fluxbot 2.0",1,FALSE
"Fluxbot 2.0",1,FALSE
"Fluxbot 2.0",1,FALSE
"Fluxbot 2.0",1,FALSE
"Fluxbot 2.0",1,FALSE
"Fluxbot 2.0",1.79779808702325,TRUE
"Fluxbot 2.0",1.53075586259606,TRUE
"Fluxbot 2.0",1.12995639912922,TRUE
"Fluxbot 2.0",1.44629834143146,TRUE
"Fluxbot 2.0",1.30775334213356,TRUE
"Fluxbot 2.0",1.35513103310466,TRUE
"Fluxbot 2.0",1.95494322582341,TRUE
"Fluxbot 2.0",1,FALSE
"Fluxbot 2.0",1.12600206583902,TRUE
"Fluxbot 2.0",1.2962390424188,TRUE
"Fluxbot 2.0",1.25237937249848,TRUE
"Fluxbot 2.0",1.00370681251076,TRUE
"Fluxbot 2.0",1,FALSE
"Fluxbot 2.0",1.15035636602724,TRUE
"Fluxbot 2.0",1,FALSE
"Fluxbot 2.0",1.55328567246262,TRUE
"Fluxbot 2.0",1.01043043200237,TRUE
"Fluxbot 2.0",1.63077751856328,TRUE
"Fluxbot 2.0",1.92729834334436,TRUE
"Fluxbot 2.0",1.67158956186214,TRUE
"Fluxbot 2.0",1.24701429373659,TRUE
"Fluxbot 2.0",1,FALSE
"Fluxbot 2.0",1,FALSE
"Fluxbot 2.0",1.00259674854516,TRUE
"Fluxbot 2.0",1,FALSE
"Fluxbot 2.0",1.14045109275838,TRUE
"Fluxbot 2.0",1.00997565310903,TRUE
"Fluxbot 2.0",1,FALSE
"Fluxbot 2.0",1,FALSE
"Fluxbot 2.0",1.55498286234049,TRUE
"Fluxbot 2.0",1.19450957273066,TRUE
"Fluxbot 2.0",1.18777130662513,TRUE
"Fluxbot 2.0",1.1524812675153,TRUE
"Fluxbot 2.0",1.20895774748863,TRUE
"Fluxbot 2.0",1.13017759275714,TRUE
"Fluxbot 2.0",1.2966213713513,TRUE
"Fluxbot 2.0",1.29731451531003,TRUE
"Fluxbot 2.0",1.36346278926996,TRUE
"Fluxbot 2.0",1.19343691754628,TRUE
"Fluxbot 2.0",1.15060471839182,TRUE
"Fluxbot 2.0",1.12005310267053,TRUE
"Fluxbot 2.0",1.12167751512974,TRUE
"Fluxbot 2.0",1.12957575991212,TRUE
"Fluxbot 2.0",1.20036995563363,TRUE
"Fluxbot 2.0",1.02262515947289,TRUE
"Fluxbot 2.0",1.00973298111956,TRUE
"Fluxbot 2.0",1.10040984174176,TRUE
"Fluxbot 2.0",1.08227245646226,TRUE
"Fluxbot 2.0",1.28300335117575,TRUE
"Fluxbot 2.0",1.07163920750272,TRUE
"Fluxbot 2.0",1.20332100677979,TRUE
"Fluxbot 2.0",1.31471731582188,TRUE
"Fluxbot 2.0",1.118228022712,TRUE
"Fluxbot 2.0",1.2032378697456,TRUE
"Fluxbot 2.0",1.07060581223555,TRUE
"Fluxbot 2.0",1.18467001792567,TRUE
"Fluxbot 2.0",1.01138917406965,TRUE
"Fluxbot 2.0",1.13035919654042,TRUE
"Fluxbot 2.0",1.13370102901299,TRUE
"Fluxbot 2.0",1.09059872509439,TRUE
"Fluxbot 2.0",1.17857582905091,TRUE
"Fluxbot 2.0",1.16284079652325,TRUE
"Fluxbot 2.0",1.0863853283865,TRUE
"Fluxbot 2.0",1.24093172962887,TRUE
"Fluxbot 2.0",1.1743762124701,TRUE
"Fluxbot 2.0",1.15081605751839,TRUE
"Fluxbot 2.0",1.01109280686418,TRUE
"Fluxbot 2.0",1.0464717206497,TRUE
"Fluxbot 2.0",1.01083352905672,TRUE
"Fluxbot 2.0",1.0059124432293,TRUE
"Fluxbot 2.0",1.00914676890588,TRUE
"Fluxbot 2.0",1.01090924118029,TRUE
"Fluxbot 2.0",1.00627959222248,TRUE
"Fluxbot 2.0",1.05980113227353,TRUE
"Fluxbot 2.0",1.03533313280996,TRUE
"Fluxbot 2.0",1.19404268449365,TRUE
"Fluxbot 2.0",1.23894106570541,TRUE
"Fluxbot 2.0",1.27024174594294,TRUE
"Fluxbot 2.0",1.06112425946817,TRUE
"Fluxbot 2.0",1.26254034716747,TRUE
"Fluxbot 2.0",1.24320132044485,TRUE
"Fluxbot 2.0",1.11266116306225,TRUE
"Fluxbot 2.0",1.1865608448451,TRUE
"Fluxbot 2.0",1.16234731801144,TRUE
"Fluxbot 2.0",1.08247450166018,TRUE
"Fluxbot 2.0",1.19111157159361,TRUE
"Fluxbot 2.0",1.00805172773084,TRUE
"Fluxbot 2.0",1.2111005444091,TRUE
"Fluxbot 2.0",1.11924677635441,TRUE
"Fluxbot 2.0",1.07319317462412,TRUE
"Fluxbot 2.0",1.10230535298144,TRUE
"Fluxbot 2.0",1.36139585944728,TRUE
"Fluxbot 2.0",1.28139571824963,TRUE
"Fluxbot 2.0",1.35554862473196,TRUE
"Fluxbot 2.0",1.02967543581898,TRUE
"Fluxbot 2.0",1.14682663567377,TRUE
"Fluxbot 2.0",1.16486538486581,TRUE
"Fluxbot 2.0",1.20687851960292,TRUE
"Fluxbot 2.0",1.18671791208126,TRUE
"Fluxbot 2.0",1.25884222334495,TRUE
"Fluxbot 2.0",1.12977445969818,TRUE
"Fluxbot 2.0",1.01523954014953,TRUE
"Fluxbot 2.0",1.45867686378187,TRUE
"Fluxbot 2.0",1.24263754143214,TRUE
"Fluxbot 2.0",1.36615698431526,TRUE
"Fluxbot 2.0",1.27779016399893,TRUE
"Fluxbot 2.0",1.31884652928284,TRUE
"Fluxbot 2.0",1.36968354695107,TRUE
"Fluxbot 2.0",1.3538311480363,TRUE
"Fluxbot 2.0",1.43638077726913,TRUE
"Fluxbot 2.0",1.27049569176788,TRUE
"Fluxbot 2.0",1.12481713412038,TRUE
"Fluxbot 2.0",1.090262781784,TRUE
"Fluxbot 2.0",1.18459889565194,TRUE
"Fluxbot 2.0",1.08921571576085,TRUE
"Fluxbot 2.0",1.18016320036523,TRUE
"Fluxbot 2.0",1.01641597030767,TRUE
"Fluxbot 2.0",1.00605246442444,TRUE
"Fluxbot 2.0",1.24507568385168,TRUE
"Fluxbot 2.0",1.26530639822583,TRUE
"Fluxbot 2.0",1.29472469491746,TRUE
"Fluxbot 2.0",1.39681270914392,TRUE
"Fluxbot 2.0",1.48266980977494,TRUE
"Fluxbot 2.0",1.20042269873061,TRUE
"Fluxbot 2.0",1.27570205964051,TRUE
"Fluxbot 2.0",1.30111925066458,TRUE
"Fluxbot 2.0",1.47045083066567,TRUE
"Fluxbot 2.0",1.55299672770397,TRUE
"Fluxbot 2.0",1.77720505749333,TRUE
"Fluxbot 2.0",1.42613152893283,TRUE
"Fluxbot 2.0",1.52026384797719,TRUE
"Fluxbot 2.0",1.42823160202745,TRUE
"Fluxbot 2.0",1.29526035776167,TRUE
"Fluxbot 2.0",1.10216262984781,TRUE
"Fluxbot 2.0",1.22864204095455,TRUE
"Fluxbot 2.0",1.38268826132539,TRUE
"Fluxbot 2.0",1.01346016948388,TRUE
"Fluxbot 2.0",1.34730764081974,TRUE
"Fluxbot 2.0",1.02944839362518,TRUE
"Fluxbot 2.0",1.34189175807387,TRUE
"Fluxbot 2.0",1.25856313132011,TRUE
"Fluxbot 2.0",1.4635883263503,TRUE
"Fluxbot 2.0",1.35502424595809,TRUE
"Fluxbot 2.0",1.09435828480597,TRUE
"Fluxbot 2.0",1.08344077495194,TRUE
"Fluxbot 2.0",1.34174115072328,TRUE
"Fluxbot 2.0",1.21307311106953,TRUE
"Fluxbot 2.0",1.8340825965804,TRUE
"Fluxbot 2.0",1.41890457662653,TRUE
"Fluxbot 2.0",1.0914151087295,TRUE
"Fluxbot 2.0",1.17339494544934,TRUE
"Fluxbot 2.0",1.24637756561536,TRUE
"Fluxbot 2.0",1.32852991390759,TRUE
"Fluxbot 2.0",1.43878452716375,TRUE
"Fluxbot 2.0",1.4442246184102,TRUE
"Fluxbot 2.0",1.18882679965185,TRUE
"Fluxbot 2.0",1.25650159584889,TRUE
"Fluxbot 2.0",1.14569579394558,TRUE
"Fluxbot 2.0",1.16332706623111,TRUE
"Fluxbot 2.0",1.1582838303671,TRUE
"Fluxbot 2.0",1.17879105038642,TRUE
"Fluxbot 2.0",1.23978261153873,TRUE
"Fluxbot 2.0",1.40685873512166,TRUE
"Fluxbot 2.0",1.4590225087226,TRUE
"Fluxbot 2.0",1.36410877716517,TRUE
"Fluxbot 2.0",1.48081237010778,TRUE
"Fluxbot 2.0",1.57697436763157,TRUE
"Fluxbot 2.0",1.24520176442277,TRUE
"Fluxbot 2.0",1.40964031298655,TRUE
"Fluxbot 2.0",1.26323336994759,TRUE
"Fluxbot 2.0",1.45784210547558,TRUE
"Fluxbot 2.0",1.37121448233838,TRUE
"Fluxbot 2.0",1.57653475323875,TRUE
"Fluxbot 2.0",1.38985965308424,TRUE
"Fluxbot 2.0",1.1038934287734,TRUE
"Fluxbot 2.0",1.35030060989505,TRUE
"Fluxbot 2.0",1.15560145282137,TRUE
"Fluxbot 2.0",1.24097850670789,TRUE
"Fluxbot 2.0",1.30642414800018,TRUE
"Fluxbot 2.0",1.3062245074531,TRUE
"Fluxbot 2.0",1.20902358704157,TRUE
"Fluxbot 2.0",1.00329931658465,TRUE
"Fluxbot 2.0",1,FALSE
"Fluxbot 2.0",1.00620105512785,TRUE
"Fluxbot 2.0",1.0857821201291,TRUE
"Fluxbot 2.0",1.32198189764802,TRUE
"Fluxbot 2.0",1.33904937701703,TRUE
"Fluxbot 2.0",1.36256386394494,TRUE
"Fluxbot 2.0",1.35431304779087,TRUE
"Fluxbot 2.0",1.15442496081798,TRUE
"Fluxbot 2.0",1.0106681486849,TRUE
"Fluxbot 2.0",1.34767030802492,TRUE
"Fluxbot 2.0",1.38942700111986,TRUE
"Fluxbot 2.0",1.35760312966097,TRUE
"Fluxbot 2.0",1.31145648038153,TRUE
"Fluxbot 2.0",1.31229009536078,TRUE
"Fluxbot 2.0",1.66133478398435,TRUE
"Fluxbot 2.0",1.11193971406241,TRUE
"Fluxbot 2.0",1.00935996133733,TRUE
"Fluxbot 2.0",1.02417946394168,TRUE
"Fluxbot 2.0",1.00560331268203,TRUE
"Fluxbot 2.0",1.06130809949473,TRUE
"Fluxbot 2.0",1.16250670807863,TRUE
"Fluxbot 2.0",1.3005603118045,TRUE
"Fluxbot 2.0",1.00221955051177,TRUE
"Fluxbot 2.0",1.22141816891986,TRUE
"Fluxbot 2.0",1.3949287521176,TRUE
"Fluxbot 2.0",1.5003797811958,TRUE
"Fluxbot 2.0",1.98516833476896,TRUE
"Fluxbot 2.0",1.37189750929407,TRUE
"Fluxbot 2.0",1.42706834095388,TRUE
"Fluxbot 2.0",1.00388661257271,TRUE
"Fluxbot 2.0",1.00630554526606,TRUE
"Fluxbot 2.0",1.16781927597768,TRUE
"Fluxbot 2.0",1.48157106154701,TRUE
"Fluxbot 2.0",1.00296822850797,TRUE
"Fluxbot 2.0",1.00292299807753,TRUE
"Fluxbot 2.0",1.37673077249956,TRUE
"Fluxbot 2.0",1.23716187968588,TRUE
"Fluxbot 2.0",1.32535298920592,TRUE
"Fluxbot 2.0",1.2856078139692,TRUE
"Fluxbot 2.0",1.32758219377903,TRUE
"Fluxbot 2.0",1.17925444022163,TRUE
"Fluxbot 2.0",1,FALSE
"Fluxbot 2.0",1.88758135275492,TRUE
"Fluxbot 2.0",1.58176296172866,TRUE
"Fluxbot 2.0",1.36725703735618,TRUE
"Fluxbot 2.0",1.49864951630471,TRUE
"Fluxbot 2.0",1.69967349156594,TRUE
"Fluxbot 2.0",1.4526639932423,TRUE
"Fluxbot 2.0",1.6887536267552,TRUE
"Fluxbot 2.0",1.51472113854037,TRUE
"Fluxbot 2.0",1.41287144049459,TRUE
"Fluxbot 2.0",1,FALSE
"Fluxbot 2.0",1.26157094821239,TRUE
"Fluxbot 2.0",1.19183879472817,TRUE
"Fluxbot 2.0",1.29044353208114,TRUE
"Fluxbot 2.0",1.56253283723332,TRUE
"Fluxbot 2.0",1.35561343701802,TRUE
"Fluxbot 2.0",1.62867729329074,TRUE
"Fluxbot 2.0",1.37000035653261,TRUE
"Fluxbot 2.0",1.60880977834427,TRUE
"Fluxbot 2.0",1,FALSE
"Fluxbot 2.0",1.53898337639427,TRUE
"Fluxbot 2.0",1.5513565141637,TRUE
"Fluxbot 2.0",1,FALSE
"Fluxbot 2.0",1,FALSE
"Fluxbot 2.0",1.40716922803201,TRUE
"Fluxbot 2.0",1.83373100590215,TRUE
"Fluxbot 2.0",1.01814780198069,TRUE
"Fluxbot 2.0",1.17176313101522,TRUE
"Fluxbot 2.0",1.74392745697423,TRUE
"Fluxbot 2.0",1,FALSE
"Fluxbot 2.0",1,FALSE
"Fluxbot 2.0",1.37431054623272,TRUE
"Fluxbot 2.0",1.53372233170782,TRUE
"Fluxbot 2.0",1.37734870447348,TRUE
"Fluxbot 2.0",1.46958596887595,TRUE
"Fluxbot 2.0",1.62965272184033,TRUE
"Fluxbot 2.0",1.32391128373648,TRUE
"Fluxbot 2.0",1.65209047901347,TRUE
"Fluxbot 2.0",1.55451128556559,TRUE
"Fluxbot 2.0",1.26250802444966,TRUE
"Fluxbot 2.0",1.00234861341281,TRUE
"Fluxbot 2.0",1.01336177130287,TRUE
"Fluxbot 2.0",1.00350561784209,TRUE
"Fluxbot 2.0",1.45871027917969,TRUE
"Fluxbot 2.0",1.02372280703058,TRUE
"Fluxbot 2.0",1,FALSE
"Fluxbot 2.0",1.00329537390537,TRUE
"Fluxbot 2.0",1.34207249359078,TRUE
"Fluxbot 2.0",1,FALSE
"Fluxbot 2.0",1.00758008423845,TRUE
"Fluxbot 2.0",1.61194679153573,TRUE
"Fluxbot 2.0",1.44467670307188,TRUE
"Fluxbot 2.0",1.56282450660319,TRUE
"Fluxbot 2.0",1.90830673557056,TRUE
"Fluxbot 2.0",1.01561668235052,TRUE
"Fluxbot 2.0",1.41683719708643,TRUE
"Fluxbot 2.0",1.42875541700156,TRUE
"Fluxbot 2.0",1.71154965968261,TRUE
"Fluxbot 2.0",1.6220749286382,TRUE
"Fluxbot 2.0",1.21831785442805,TRUE
"Fluxbot 2.0",1.0087472335485,TRUE
"Fluxbot 2.0",1.17602610877609,TRUE
"Fluxbot 2.0",1.0140895585377,TRUE
"Fluxbot 2.0",1,FALSE
"Fluxbot 2.0",1,FALSE
"Fluxbot 2.0",1.27031672835218,TRUE
"Fluxbot 2.0",1.19307791193297,TRUE
"Fluxbot 2.0",1.25308449840996,TRUE
"Fluxbot 2.0",1.34444586178724,TRUE
"Fluxbot 2.0",1.55626430900824,TRUE
"Fluxbot 2.0",1.49603150363639,TRUE
"Fluxbot 2.0",1.19839881999359,TRUE
"Fluxbot 2.0",1.77622270329191,TRUE
"Fluxbot 2.0",1.78989826464723,TRUE
"Fluxbot 2.0",1.50738490875335,TRUE
"Fluxbot 2.0",1.62540304314331,TRUE
"Fluxbot 2.0",1.64017304729553,TRUE
"Fluxbot 2.0",1.64480661896977,TRUE
"Fluxbot 2.0",1.72911482689568,TRUE
"Fluxbot 2.0",1.74336860397442,TRUE
"Fluxbot 2.0",1.82528434665806,TRUE
"Fluxbot 2.0",1.10963485879543,TRUE
"Fluxbot 2.0",1.01540960198268,TRUE
"Fluxbot 2.0",1.03791387272868,TRUE
"Fluxbot 2.0",1.00805112843662,TRUE
"Fluxbot 2.0",1.01202473628016,TRUE
"Fluxbot 2.0",1.00707821708255,TRUE
"Fluxbot 2.0",1.00496189948395,TRUE
"Fluxbot 2.0",1.25445321295781,TRUE
"Fluxbot 2.0",1.2592934618457,TRUE
"Fluxbot 2.0",1.258945854078,TRUE
"Fluxbot 2.0",1.28461335623978,TRUE
"Fluxbot 2.0",1.23417042341357,TRUE
"Fluxbot 2.0",1.37051166562992,TRUE
"Fluxbot 2.0",1.57007983939039,TRUE
"Fluxbot 2.0",1.47089145217253,TRUE
"Fluxbot 2.0",1.40772666324566,TRUE
"Fluxbot 2.0",1.40375404703377,TRUE
"Fluxbot 2.0",1.4075694447282,TRUE
"Fluxbot 2.0",1.43866839175239,TRUE
"Fluxbot 2.0",1.66365189548446,TRUE
"Fluxbot 2.0",1.33124252006217,TRUE
"Fluxbot 2.0",1.21549660957501,TRUE
"Fluxbot 2.0",1.3045590625614,TRUE
"Fluxbot 2.0",1.30581454133334,TRUE
"Fluxbot 2.0",1.24248964080301,TRUE
"Fluxbot 2.0",1.28624763702452,TRUE
"Fluxbot 2.0",1.11753203532707,TRUE
"Fluxbot 2.0",1,FALSE
"Fluxbot 2.0",1.00775292442046,TRUE
"Fluxbot 2.0",1.21105671679638,TRUE
"Fluxbot 2.0",1.14688358645327,TRUE
"Fluxbot 2.0",1.17744089633983,TRUE
"Fluxbot 2.0",1.10463090111162,TRUE
"Fluxbot 2.0",1.01429210740771,TRUE
"Fluxbot 2.0",1.10054662999843,TRUE
"Fluxbot 2.0",1.41210459843853,TRUE
"Fluxbot 2.0",1.11546607726792,TRUE
"Fluxbot 2.0",1.26814048903214,TRUE
"Fluxbot 2.0",1.21758007467486,TRUE
"Fluxbot 2.0",1.26645773545157,TRUE
"Fluxbot 2.0",1.5415326185227,TRUE
"Fluxbot 2.0",1.46368943597151,TRUE
"Fluxbot 2.0",1.17715277210311,TRUE
"Fluxbot 2.0",1.22627515605213,TRUE
"Fluxbot 2.0",1.32285636378219,TRUE
"Fluxbot 2.0",1,FALSE
"Fluxbot 2.0",1.4367682880074,TRUE
"Fluxbot 2.0",1.73783498851261,TRUE
"Fluxbot 2.0",1.31955784964864,TRUE
"Fluxbot 2.0",1.34372938310246,TRUE
"Fluxbot 2.0",1.23358882479426,TRUE
"Fluxbot 2.0",1.19369167772093,TRUE
"Fluxbot 2.0",1.15904647159134,TRUE
"Fluxbot 2.0",1.08990285705984,TRUE
"Fluxbot 2.0",1.01630403874136,TRUE
"Fluxbot 2.0",1.30015430832946,TRUE
"Fluxbot 2.0",1.2586672058613,TRUE
"Fluxbot 2.0",1.24884293291575,TRUE
"Fluxbot 2.0",1.46649102293613,TRUE
"Fluxbot 2.0",1.49475980318523,TRUE
"Fluxbot 2.0",1.44620764317781,TRUE
"Fluxbot 2.0",1.33249613260564,TRUE
"Fluxbot 2.0",1.54842902027951,TRUE
"Fluxbot 2.0",1.66297854577614,TRUE
"Fluxbot 2.0",1.55783358772961,TRUE
"Fluxbot 2.0",1.47064393121811,TRUE
"Fluxbot 2.0",1.45034147766102,TRUE
"Fluxbot 2.0",1.55294746451742,TRUE
"Fluxbot 2.0",1.33645821041323,TRUE
"Fluxbot 2.0",1.3951175290557,TRUE
"Fluxbot 2.0",1.3969811549998,TRUE
"Fluxbot 2.0",1.4098943515929,TRUE
"Fluxbot 2.0",1.33874197112541,TRUE
"Fluxbot 2.0",1.35922187450954,TRUE
"Fluxbot 2.0",1.3869258623567,TRUE
"Fluxbot 2.0",1.37574710517936,TRUE
"Fluxbot 2.0",1.42960901033263,TRUE
"Fluxbot 2.0",1.35526707011982,TRUE
"Fluxbot 2.0",1.43193276787772,TRUE
"Fluxbot 2.0",1.38912447335144,TRUE
"Fluxbot 2.0",1.36391258532499,TRUE
"Fluxbot 2.0",1.36807962720299,TRUE
"Fluxbot 2.0",1.30629495837875,TRUE
"Fluxbot 2.0",1.33453320460409,TRUE
"Fluxbot 2.0",1.279446997916,TRUE
"Fluxbot 2.0",1.19897123000957,TRUE
"Fluxbot 2.0",1.2175466046518,TRUE
"Fluxbot 2.0",1.24696247163728,TRUE
"Fluxbot 2.0",1.28733884585822,TRUE
"Fluxbot 2.0",1.33052857961358,TRUE
"Fluxbot 2.0",1.59063853073144,TRUE
"Fluxbot 2.0",1.24563674824069,TRUE
"Fluxbot 2.0",1.29121071711026,TRUE
"Fluxbot 2.0",1.61257025089972,TRUE
"Fluxbot 2.0",1.39892438107559,TRUE
"Fluxbot 2.0",1.62646452422369,TRUE
"Fluxbot 2.0",1.86788864432619,TRUE
"Fluxbot 2.0",1.76724662938802,TRUE
"Fluxbot 2.0",1.77286074216061,TRUE
"Fluxbot 2.0",1.69887071460768,TRUE
"Fluxbot 2.0",1.41094695768078,TRUE
"Fluxbot 2.0",1.14142630615562,TRUE
"Fluxbot 2.0",1.36580750365344,TRUE
"Fluxbot 2.0",1.07304027080045,TRUE
"Fluxbot 2.0",1.06701997331252,TRUE
"Fluxbot 2.0",1.27946844367348,TRUE
"Fluxbot 2.0",1.50692381615555,TRUE
"Fluxbot 2.0",1.6689910058802,TRUE
"Fluxbot 2.0",1.45248860747838,TRUE
"Fluxbot 2.0",1.00658377409068,TRUE
"Fluxbot 2.0",1,FALSE
"Fluxbot 2.0",1,FALSE
"Fluxbot 2.0",0.999661363217083,TRUE
"Fluxbot 2.0",1,FALSE
"Fluxbot 2.0",1.01058918659541,TRUE
"Fluxbot 2.0",1,FALSE
"Fluxbot 2.0",1.36662316783752,TRUE
"Fluxbot 2.0",1,FALSE
"Fluxbot 2.0",1.7928232499691,TRUE
"Fluxbot 2.0",1.4269877011338,TRUE
"Fluxbot 2.0",1,FALSE
"Fluxbot 2.0",1.70943464310133,TRUE
"Fluxbot 2.0",1,FALSE
"Fluxbot 2.0",1,FALSE
"Fluxbot 2.0",1.79018060752068,TRUE
"Fluxbot 2.0",1,FALSE
"Fluxbot 2.0",1,FALSE
"Fluxbot 2.0",1.74558293479527,TRUE
"Fluxbot 2.0",1,FALSE
"Fluxbot 2.0",1,FALSE
"Fluxbot 2.0",1.37468173128117,TRUE
"Fluxbot 2.0",1,FALSE
"Fluxbot 2.0",1,FALSE
"Fluxbot 2.0",1,FALSE
"Fluxbot 2.0",1.21101932387434,TRUE
"Fluxbot 2.0",1.40693191112461,TRUE
"Fluxbot 2.0",1,FALSE
"Fluxbot 2.0",1,FALSE
"Fluxbot 2.0",1,FALSE
"Fluxbot 2.0",1.64592892264134,TRUE
"Fluxbot 2.0",1,FALSE
"Fluxbot 2.0",1,FALSE
"Fluxbot 2.0",1,FALSE
"Fluxbot 2.0",1.38726847665185,TRUE
"Fluxbot 2.0",1.15948364574278,TRUE
"Fluxbot 2.0",1.64458381640461,TRUE
"Fluxbot 2.0",1.29177227903092,TRUE
"Fluxbot 2.0",1.63979910055515,TRUE
"Fluxbot 2.0",1.49290335994461,TRUE
"Fluxbot 2.0",1.2884657357349,TRUE
"Fluxbot 2.0",1,FALSE
"Fluxbot 2.0",1,FALSE
"Fluxbot 2.0",1,FALSE
"Fluxbot 2.0",1,FALSE
"Fluxbot 2.0",1,FALSE
"Fluxbot 2.0",1.00919487111795,TRUE
"Fluxbot 2.0",1.19725250754378,TRUE
"Fluxbot 2.0",1.17942849632191,TRUE
"Fluxbot 2.0",1.37571953678829,TRUE
"Fluxbot 2.0",1,FALSE
"Fluxbot 2.0",1.52455857527753,TRUE
"Fluxbot 2.0",1,FALSE
"Fluxbot 2.0",1.4261502346542,TRUE
"Fluxbot 2.0",1.53131219866036,TRUE
"Fluxbot 2.0",1.2431099910123,TRUE
"Fluxbot 2.0",1,FALSE
"Fluxbot 2.0",1.15313145248765,TRUE
"Fluxbot 2.0",1.05579258651167,TRUE
"Fluxbot 2.0",1.03002925405246,TRUE
"Fluxbot 2.0",1.73917262144469,TRUE
"Fluxbot 2.0",1.26826151799766,TRUE
"Fluxbot 2.0",1.90898425523455,TRUE
"Fluxbot 2.0",1.88574637247445,TRUE
"Fluxbot 2.0",1.88740130348384,TRUE
"Fluxbot 2.0",1.09236767128563,TRUE
"Fluxbot 2.0",1.67389917450366,TRUE
"Fluxbot 2.0",1.08750023229809,TRUE
"Fluxbot 2.0",1.28268951540696,TRUE
"Fluxbot 2.0",1.19638839878775,TRUE
"Fluxbot 2.0",1.16674783815029,TRUE
"Fluxbot 2.0",1.70064823401513,TRUE
"Fluxbot 2.0",1,FALSE
"Fluxbot 2.0",1,FALSE
"Fluxbot 2.0",1.45056557567017,TRUE
"Fluxbot 2.0",1,FALSE
"Fluxbot 2.0",1,FALSE
"Fluxbot 2.0",1,FALSE
"Fluxbot 2.0",1,FALSE
"Fluxbot 2.0",1,FALSE
"Fluxbot 2.0",1,FALSE
"Fluxbot 2.0",1.10634286340019,TRUE
"Fluxbot 2.0",1.74524030475226,TRUE
"Fluxbot 2.0",1.40926756991932,TRUE
"Fluxbot 2.0",1.29391627645137,TRUE
"Fluxbot 2.0",1.31302559303557,TRUE
"Fluxbot 2.0",1.28546384726808,TRUE
"Fluxbot 2.0",1,FALSE
"Fluxbot 2.0",1,FALSE
"Fluxbot 2.0",1.42062910471109,TRUE
"Fluxbot 2.0",1.49453221962483,TRUE
"Fluxbot 2.0",1.20178252786267,TRUE
"Fluxbot 2.0",1.77460283058193,TRUE
"Fluxbot 2.0",1.09004202902865,TRUE
"Fluxbot 2.0",1.19521346919174,TRUE
"Fluxbot 2.0",1.27267424722749,TRUE
"Fluxbot 2.0",1.51845612740167,TRUE
"Fluxbot 2.0",1.67181454636412,TRUE
"Fluxbot 2.0",1.00757277208374,TRUE
"Fluxbot 2.0",1.28834954864422,TRUE
"Fluxbot 2.0",1.8219470717526,TRUE
"Fluxbot 2.0",1,FALSE
"Fluxbot 2.0",1,FALSE
"Fluxbot 2.0",1,FALSE
"Fluxbot 2.0",1.78552452279107,TRUE
"Fluxbot 2.0",1.43292165646416,TRUE
"Fluxbot 2.0",1,FALSE
"Fluxbot 2.0",1.58940339974869,TRUE
"Fluxbot 2.0",1.29071822769286,TRUE
"Fluxbot 2.0",1.44614109640912,TRUE
"Fluxbot 2.0",1.23809229851905,TRUE
"Fluxbot 2.0",1.96016763692794,TRUE
"Fluxbot 2.0",1.28875364229878,TRUE
"Fluxbot 2.0",1.41078830741604,TRUE
"Fluxbot 2.0",1.09078418139404,TRUE
"Fluxbot 2.0",1.39228782076556,TRUE
"Fluxbot 2.0",1.8474698926193,TRUE
"Fluxbot 2.0",1,FALSE
"Fluxbot 2.0",1.67747975518638,TRUE
"Fluxbot 2.0",1.37262754208479,TRUE
"Fluxbot 2.0",1.62373681612253,TRUE
"Fluxbot 2.0",1.12328963062919,TRUE
"Fluxbot 2.0",1.67340976176935,TRUE
"Fluxbot 2.0",1.36611811822009,TRUE
"Fluxbot 2.0",1,FALSE
"Fluxbot 2.0",1.28622882668794,TRUE
"Fluxbot 2.0",1.95555967598962,TRUE
"Fluxbot 2.0",1.54498870165455,TRUE
"Fluxbot 2.0",1,FALSE
"Fluxbot 2.0",1.58110256325425,TRUE
"Fluxbot 2.0",1.72860841582537,TRUE
"Fluxbot 2.0",1.37550201471943,TRUE
"Fluxbot 2.0",1.59134309527627,TRUE
"Fluxbot 2.0",1.40300342643839,TRUE
"Fluxbot 2.0",1.6588952934626,TRUE
"Fluxbot 2.0",1.40950470779005,TRUE
"Fluxbot 2.0",1.40099023461431,TRUE
"Fluxbot 2.0",1.03147092183967,TRUE
"Fluxbot 2.0",1.00782292210971,TRUE
"Fluxbot 2.0",1.13826509166351,TRUE
"Fluxbot 2.0",1.45447599465375,TRUE
"Fluxbot 2.0",1.28954864605586,TRUE
"Fluxbot 2.0",1.621772785535,TRUE
"Fluxbot 2.0",1.74992618427523,TRUE
"Fluxbot 2.0",1.38452457822398,TRUE
"Fluxbot 2.0",1.59082440689778,TRUE
"Fluxbot 2.0",1.62103783888008,TRUE
"Fluxbot 2.0",1.55663896735364,TRUE
"Fluxbot 2.0",1.15986687483829,TRUE
"Fluxbot 2.0",1.7103922438728,TRUE
"Fluxbot 2.0",1.59014450972892,TRUE
"Fluxbot 2.0",1.67291186444841,TRUE
"Fluxbot 2.0",1.46480268296622,TRUE
"Fluxbot 2.0",1.63668682902962,TRUE
"Fluxbot 2.0",1.31599770965093,TRUE
"Fluxbot 2.0",1,FALSE
"Fluxbot 2.0",1,FALSE
"Fluxbot 2.0",1,FALSE
"Fluxbot 2.0",1,FALSE
"Fluxbot 2.0",1.01004339349229,TRUE
"Fluxbot 2.0",1.89574095914189,TRUE
"Fluxbot 2.0",1,FALSE
"Fluxbot 2.0",1.63012771946631,TRUE
"Fluxbot 2.0",1,FALSE
"Fluxbot 2.0",1.60327746476573,TRUE
"Fluxbot 2.0",1.35874671427304,TRUE
"Fluxbot 2.0",1.9434124057715,TRUE
"Fluxbot 2.0",1,FALSE
"Fluxbot 2.0",1.32804626430378,TRUE
"Fluxbot 2.0",1.11574125103553,TRUE
"Fluxbot 2.0",1.37331000588153,TRUE
"Fluxbot 2.0",1.90328883733915,TRUE
"Fluxbot 2.0",1,FALSE
"Fluxbot 2.0",1.54908488072961,TRUE
"Fluxbot 2.0",1.49457475944464,TRUE
"Fluxbot 2.0",1,FALSE
"Fluxbot 2.0",1.55348673426683,TRUE
"Fluxbot 2.0",1,FALSE
"Fluxbot 2.0",1,FALSE
"Fluxbot 2.0",1,FALSE
"Fluxbot 2.0",1,FALSE
"Fluxbot 2.0",1.00278637571951,TRUE
"Fluxbot 2.0",1.11609411473568,TRUE
"Fluxbot 2.0",1.01812958951204,TRUE
"Fluxbot 2.0",1.88868896973339,TRUE
"Fluxbot 2.0",1.33933781309158,TRUE
"Fluxbot 2.0",1,FALSE
"Fluxbot 2.0",1.55002310985396,TRUE
"Fluxbot 2.0",1.443941913585,TRUE
"Fluxbot 2.0",1.68772006545683,TRUE
"Fluxbot 2.0",1.86933663439875,TRUE
"Fluxbot 2.0",1,FALSE
"Fluxbot 2.0",1,FALSE
"Fluxbot 2.0",1,FALSE
"Fluxbot 2.0",1.00298020486446,TRUE
"Fluxbot 2.0",1.72671687605444,TRUE
"Fluxbot 2.0",1.46119599192107,TRUE
"Fluxbot 2.0",1.56146634459128,TRUE
"Fluxbot 2.0",1.55508345145403,TRUE
"Fluxbot 2.0",1.58673705278612,TRUE
"Fluxbot 2.0",1.27432983081748,TRUE
"Fluxbot 2.0",1.24920319140573,TRUE
"Fluxbot 2.0",1,FALSE
"Fluxbot 2.0",1,FALSE
"Fluxbot 2.0",1.00000050299158,TRUE
"Fluxbot 2.0",1.00739548485857,TRUE
"Fluxbot 2.0",1.15270600979861,TRUE
"Fluxbot 2.0",1.03480345649679,TRUE
"Fluxbot 2.0",1.05085383604167,TRUE
"Fluxbot 2.0",1.75146296781481,TRUE
"Fluxbot 2.0",1.83883155667414,TRUE
"Fluxbot 2.0",1.2550765242175,TRUE
"Fluxbot 2.0",1.96548874600036,TRUE
"Fluxbot 2.0",1,FALSE
"Fluxbot 2.0",1.81219222417396,TRUE
"Fluxbot 2.0",1,FALSE
"Fluxbot 2.0",1,FALSE
"Fluxbot 2.0",1,FALSE
"Fluxbot 2.0",1,FALSE
"Fluxbot 2.0",1.06232693090858,TRUE
"Fluxbot 2.0",1.79079022605389,TRUE
"Fluxbot 2.0",1.69311311859438,TRUE
"Fluxbot 2.0",1.27735910171155,TRUE
"Fluxbot 2.0",1.90115461965756,TRUE
"Fluxbot 2.0",1.9632350030742,TRUE
"Fluxbot 2.0",1,FALSE
"Fluxbot 2.0",1.00735614403146,TRUE
"Fluxbot 2.0",1.01084378191557,TRUE
"Fluxbot 2.0",1.01112937602188,TRUE
"Fluxbot 2.0",1.00739079629959,TRUE
"Fluxbot 2.0",1.01320106638633,TRUE
"Fluxbot 2.0",1.01135663305941,TRUE
"Fluxbot 2.0",1.01285481216258,TRUE
"Fluxbot 2.0",1.04070223060777,TRUE
"Fluxbot 2.0",1.16641322336094,TRUE
"Fluxbot 2.0",1.10328295224612,TRUE
"Fluxbot 2.0",1.58881956696812,TRUE
"Fluxbot 2.0",1.84562452207308,TRUE
"Fluxbot 2.0",1.38892084656182,TRUE
"Fluxbot 2.0",1.30127266120207,TRUE
"Fluxbot 2.0",1.63138666952422,TRUE
"Fluxbot 2.0",1.25184364483551,TRUE
"Fluxbot 2.0",1.1018076670955,TRUE
"Fluxbot 2.0",1.0473147947539,TRUE
"Fluxbot 2.0",1.4606609987776,TRUE
"Fluxbot 2.0",1.77696773481953,TRUE
"Fluxbot 2.0",1.20229232882259,TRUE
"Fluxbot 2.0",1.63518218621302,TRUE
"Fluxbot 2.0",1.2530735685628,TRUE
"Fluxbot 2.0",1.18888342055163,TRUE
"Fluxbot 2.0",1.13324957659413,TRUE
"Fluxbot 2.0",1.41776018209319,TRUE
"Fluxbot 2.0",1.20876995497529,TRUE
"Fluxbot 2.0",1.30406675484962,TRUE
"Fluxbot 2.0",1.56241000106773,TRUE
"Fluxbot 2.0",1.39137548443509,TRUE
"Fluxbot 2.0",1.31460217898751,TRUE
"Fluxbot 2.0",1.2520939142188,TRUE
"Fluxbot 2.0",1.31590733440489,TRUE
"Fluxbot 2.0",1.31357395651035,TRUE
"Fluxbot 2.0",1.54615966488861,TRUE
"Fluxbot 2.0",1.31856681542651,TRUE
"Fluxbot 2.0",1,FALSE
"Fluxbot 2.0",1.3000151749647,TRUE
"Fluxbot 2.0",1.28980089245032,TRUE
"Fluxbot 2.0",1,FALSE
"Fluxbot 2.0",1.7968343169717,TRUE
"Fluxbot 2.0",1.45131523392086,TRUE
"Fluxbot 2.0",1,FALSE
"Fluxbot 2.0",1,FALSE
"Fluxbot 2.0",1,FALSE
"Fluxbot 2.0",1,FALSE
"Fluxbot 2.0",1,FALSE
"Fluxbot 2.0",1,FALSE
"Fluxbot 2.0",1,FALSE
"Fluxbot 2.0",1.38624291798125,TRUE
"Fluxbot 2.0",1.36922317307731,TRUE
"Fluxbot 2.0",1.69034410165373,TRUE
"Fluxbot 2.0",1.34676373743905,TRUE
"Fluxbot 2.0",1,FALSE
"Fluxbot 2.0",1.04364210500374,TRUE
"Fluxbot 2.0",1.54953784248799,TRUE
"Fluxbot 2.0",1,FALSE
"Fluxbot 2.0",1.52971265737398,TRUE
"Fluxbot 2.0",1.02430125133661,TRUE
"Fluxbot 2.0",1,FALSE
"Fluxbot 2.0",1.4688077997066,TRUE
"Fluxbot 2.0",1,FALSE
"Fluxbot 2.0",1.51785468280113,TRUE
"Fluxbot 2.0",1.54658013390738,TRUE
"Fluxbot 2.0",1.29412616148616,TRUE
"Fluxbot 2.0",1.25751639232383,TRUE
"Fluxbot 2.0",1.15239491357478,TRUE
"Fluxbot 2.0",1.00606533743542,TRUE
"Fluxbot 2.0",1.60147171057346,TRUE
"Fluxbot 2.0",1.26261434456703,TRUE
"Fluxbot 2.0",1.5596035922198,TRUE
"Fluxbot 2.0",1.03129840120606,TRUE
"Fluxbot 2.0",1.45973235508071,TRUE
"Fluxbot 2.0",1.09320313595422,TRUE
"Fluxbot 2.0",1.00972174953654,TRUE
"Fluxbot 2.0",1.00440908458152,TRUE
"Fluxbot 2.0",1.00556298267656,TRUE
"Fluxbot 2.0",1.09285152960154,TRUE
"Fluxbot 2.0",1.34338603155378,TRUE
"Fluxbot 2.0",1.17746028684795,TRUE
"Fluxbot 2.0",1.32958580210497,TRUE
"Fluxbot 2.0",1.31046853896993,TRUE
"Fluxbot 2.0",1.60024632093484,TRUE
"Fluxbot 2.0",1.53270806435293,TRUE
"Fluxbot 2.0",1.13260815743048,TRUE
"Fluxbot 2.0",1.20166520396668,TRUE
"Fluxbot 2.0",1.01082937905045,TRUE
"Fluxbot 2.0",1.00630060619661,TRUE
"Fluxbot 2.0",1.01064511187516,TRUE
"Fluxbot 2.0",1.02466183640028,TRUE
"Fluxbot 2.0",1.00295111741605,TRUE
"Fluxbot 2.0",1.00678826313671,TRUE
"Fluxbot 2.0",1.01503979091788,TRUE
"Fluxbot 2.0",1.09350571405172,TRUE
"Fluxbot 2.0",1.0093894591512,TRUE
"Fluxbot 2.0",1.00667863186665,TRUE
"Fluxbot 2.0",1.06877440697134,TRUE
"Fluxbot 2.0",1.08648012872267,TRUE
"Fluxbot 2.0",1.07439526341383,TRUE
"Fluxbot 2.0",1.08233462247685,TRUE
"Fluxbot 2.0",1,FALSE
"Fluxbot 2.0",1.4069102788152,TRUE
"Fluxbot 2.0",1.10476611717413,TRUE
"Fluxbot 2.0",1.34153094302895,TRUE
"Fluxbot 2.0",1,FALSE
"Fluxbot 2.0",1,FALSE
"Fluxbot 2.0",1,FALSE
"Fluxbot 2.0",1.43363355334329,TRUE
"Fluxbot 2.0",1.45298513803409,TRUE
"Fluxbot 2.0",1.05584639115385,TRUE
"Fluxbot 2.0",1,FALSE
"Fluxbot 2.0",1.37991206117557,TRUE
"Fluxbot 2.0",1.19704280701771,TRUE
"Fluxbot 2.0",1.04458102936348,TRUE
"Fluxbot 2.0",1.00542405179292,TRUE
"Fluxbot 2.0",1.00608073491644,TRUE
"Fluxbot 2.0",1.02784146828187,TRUE
"Fluxbot 2.0",1.00796898122769,TRUE
"Fluxbot 2.0",1.00879768292229,TRUE
"Fluxbot 2.0",1.00944275315902,TRUE
"Fluxbot 2.0",1.01097796024696,TRUE
"Fluxbot 2.0",1.01443741792962,TRUE
"Fluxbot 2.0",1.72319322557025,TRUE
"Fluxbot 2.0",1.97495915003364,TRUE
"Fluxbot 2.0",1.73739502100749,TRUE
"Fluxbot 2.0",1.12342505741342,TRUE
"Fluxbot 2.0",1.10634763629247,TRUE
"Fluxbot 2.0",1,FALSE
"Fluxbot 2.0",1.18947270907817,TRUE
"Fluxbot 2.0",1.57510318625576,TRUE
"Fluxbot 2.0",1.53022283208387,TRUE
"Fluxbot 2.0",1.25021355641895,TRUE
"Fluxbot 2.0",1.69373951285472,TRUE
"Fluxbot 2.0",1.03446477035361,TRUE
"Fluxbot 2.0",1.01047952953742,TRUE
"Fluxbot 2.0",1.00681055929018,TRUE
"Fluxbot 2.0",1.01128692582109,TRUE
"Fluxbot 2.0",1.02772002316921,TRUE
"Fluxbot 2.0",1.0125437187479,TRUE
"Fluxbot 2.0",1.31300035241316,TRUE
"Fluxbot 2.0",1.00411710167434,TRUE
"Fluxbot 2.0",1.00657268391154,TRUE
"Fluxbot 2.0",1.0064627585194,TRUE
"Fluxbot 2.0",1.33816007840668,TRUE
"Fluxbot 2.0",1.61248844555147,TRUE
"Fluxbot 2.0",1.46746760549477,TRUE
"Fluxbot 2.0",1.6865472462157,TRUE
"Fluxbot 2.0",1.73279776101387,TRUE
"Fluxbot 2.0",1.60217665589103,TRUE
"Fluxbot 2.0",1.53083407087552,TRUE
"Fluxbot 2.0",1.64943549564568,TRUE
"Fluxbot 2.0",1.01506363925516,TRUE
"Fluxbot 2.0",1,FALSE
"Fluxbot 2.0",1.61832771810195,TRUE
"Fluxbot 2.0",1.81790201319836,TRUE
"Fluxbot 2.0",1,FALSE
"Fluxbot 2.0",1.03845985201805,TRUE
"Fluxbot 2.0",1.30841279897242,TRUE
"Fluxbot 2.0",1,FALSE
"Fluxbot 2.0",1.19455183193998,TRUE
"Fluxbot 2.0",1.13319204555546,TRUE
"Fluxbot 2.0",1.09701461659537,TRUE
"Fluxbot 2.0",1,FALSE
"Fluxbot 2.0",1.00906230618828,TRUE
"Fluxbot 2.0",1.34085763753731,TRUE
"Fluxbot 2.0",1.70198834150328,TRUE
"Fluxbot 2.0",1.99560776106505,TRUE
"Fluxbot 2.0",1.69249824868192,TRUE
"Fluxbot 2.0",1.76039620566774,TRUE
"Fluxbot 2.0",1,FALSE
"Fluxbot 2.0",1.59675759820573,TRUE
"Fluxbot 2.0",1.72600401011474,TRUE
"Fluxbot 2.0",1.38613239788735,TRUE
"Fluxbot 2.0",1.69253029132602,TRUE
"Fluxbot 2.0",1.56522352528491,TRUE
"Fluxbot 2.0",1.65305532119083,TRUE
"Fluxbot 2.0",1.4140979106086,TRUE
"Fluxbot 2.0",1.34825321408098,TRUE
"Fluxbot 2.0",1.12232490434161,TRUE
"Fluxbot 2.0",1.00658910211167,TRUE
"Fluxbot 2.0",1.20654660265905,TRUE
"Fluxbot 2.0",1.15804919634632,TRUE
"Fluxbot 2.0",1.03100620405979,TRUE
"Fluxbot 2.0",1.09004363067989,TRUE
"Fluxbot 2.0",1.00633699568996,TRUE
"Fluxbot 2.0",1.46476684113305,TRUE
"Fluxbot 2.0",1.19859202976076,TRUE
"Fluxbot 2.0",1.10542419001761,TRUE
"Fluxbot 2.0",1.37216969624738,TRUE
"Fluxbot 2.0",1.91031648377084,TRUE
"Fluxbot 2.0",1,FALSE
"Fluxbot 2.0",1.20074328193875,TRUE
"Fluxbot 2.0",1.04021305591678,TRUE
"Fluxbot 2.0",1.38442728516751,TRUE
"Fluxbot 2.0",1.60171191910497,TRUE
"Fluxbot 2.0",1.35217355432059,TRUE
"Fluxbot 2.0",1.01027411550042,TRUE
"Fluxbot 2.0",1.0048269545537,TRUE
"Fluxbot 2.0",1.3144662816183,TRUE
"Fluxbot 2.0",1.02200752096537,TRUE
"Fluxbot 2.0",1.00383138852441,TRUE
"Fluxbot 2.0",1.00254289101928,TRUE
"Fluxbot 2.0",1.00139249733344,TRUE
"Fluxbot 2.0",1,FALSE
"Fluxbot 2.0",1.38469860610658,TRUE
"Fluxbot 2.0",1.562085831624,TRUE
"Fluxbot 2.0",1.56888918812331,TRUE
"Fluxbot 2.0",1.26796600849753,TRUE
"Fluxbot 2.0",1.00343198711616,TRUE
"Fluxbot 2.0",1,FALSE
"Fluxbot 2.0",1,FALSE
"Fluxbot 2.0",1,FALSE
"Fluxbot 2.0",1,FALSE
"Fluxbot 2.0",1.3643651569151,TRUE
"Fluxbot 2.0",1,FALSE
"Fluxbot 2.0",1.49944422675448,TRUE
"Fluxbot 2.0",1.12802726340913,TRUE
"Fluxbot 2.0",1.00944594290324,TRUE
"Fluxbot 2.0",1.18409505825167,TRUE
"Fluxbot 2.0",1.59095625150279,TRUE
"Fluxbot 2.0",1.00320592466307,TRUE
"Fluxbot 2.0",1.00879585456013,TRUE
"Fluxbot 2.0",1.17398282083419,TRUE
"Fluxbot 2.0",1.08454773037787,TRUE
"Fluxbot 2.0",1.39530486232354,TRUE
"Fluxbot 2.0",1.00725921415875,TRUE
"Fluxbot 2.0",1.00580071096548,TRUE
"Fluxbot 2.0",1.00558636583146,TRUE
"Fluxbot 2.0",1.80458624280373,TRUE
"Fluxbot 2.0",1.0077992153868,TRUE
"Fluxbot 2.0",1.85158136723187,TRUE
"Fluxbot 2.0",1.07924729341524,TRUE
"Fluxbot 2.0",1.28569649102807,TRUE
"Fluxbot 2.0",1.14568562919725,TRUE
"Fluxbot 2.0",1.07445377342543,TRUE
"Fluxbot 2.0",1.19629427847843,TRUE
"Fluxbot 2.0",1.05543345696619,TRUE
"Fluxbot 2.0",1.02117510939943,TRUE
"Fluxbot 2.0",1.08640445401135,TRUE
"Fluxbot 2.0",1.23119319248615,TRUE
"Fluxbot 2.0",1.21675394588908,TRUE
"Fluxbot 2.0",1.03719664810073,TRUE
"Fluxbot 2.0",1.00418286433271,TRUE
"Fluxbot 2.0",1.01228086092532,TRUE
"Fluxbot 2.0",1.00492981674561,TRUE
"Fluxbot 2.0",1.00819756596568,TRUE
"Fluxbot 2.0",1.50267595435342,TRUE
"Fluxbot 2.0",1.18506028692851,TRUE
"Fluxbot 2.0",1.24110792997485,TRUE
"Fluxbot 2.0",1.01872186228794,TRUE
"Fluxbot 2.0",1.15760848530988,TRUE
"Fluxbot 2.0",1.07454552562844,TRUE
"Fluxbot 2.0",1.86494262611336,TRUE
"Fluxbot 2.0",1.27978097187791,TRUE
"Fluxbot 2.0",1.16425433927819,TRUE
"Fluxbot 2.0",1.23946097982698,TRUE
"Fluxbot 2.0",1.16733227972505,TRUE
"Fluxbot 2.0",1.24214195184241,TRUE
"Fluxbot 2.0",1.01219484934225,TRUE
"Fluxbot 2.0",1.12549039430656,TRUE
"Fluxbot 2.0",1.05892649286974,TRUE
"Fluxbot 2.0",1.00361053288621,TRUE
"Fluxbot 2.0",1.00939203832284,TRUE
"Fluxbot 2.0",1.00299685005972,TRUE
"Fluxbot 2.0",1.00300805309416,TRUE
"Fluxbot 2.0",1.00905084406957,TRUE
"Fluxbot 2.0",1.26798582570019,TRUE
"Fluxbot 2.0",1.47569024037325,TRUE
"Fluxbot 2.0",1.09792055276984,TRUE
"Fluxbot 2.0",1.5117072031829,TRUE
"Fluxbot 2.0",1.36408110090173,TRUE
"Fluxbot 2.0",1.26579231936543,TRUE
"Fluxbot 2.0",1.1747586511704,TRUE
"Fluxbot 2.0",1.13788453532038,TRUE
"Fluxbot 2.0",1.29427187995331,TRUE
"Fluxbot 2.0",1.33215888861932,TRUE
"Fluxbot 2.0",1.28223032486405,TRUE
"Fluxbot 2.0",1.21553206576841,TRUE
"Fluxbot 2.0",1.14903492885813,TRUE
"Fluxbot 2.0",1.00396504852257,TRUE
"Fluxbot 2.0",1.0056108464758,TRUE
"Fluxbot 2.0",1.20108212021426,TRUE
"Fluxbot 2.0",1.00387954396635,TRUE
"Fluxbot 2.0",1.00321132947291,TRUE
"Fluxbot 2.0",1.00615700505903,TRUE
"Fluxbot 2.0",1.14635267142482,TRUE
"Fluxbot 2.0",1.00456579990413,TRUE
"Fluxbot 2.0",1.1305886050799,TRUE
"Fluxbot 2.0",1.49785607516623,TRUE
"Fluxbot 2.0",1.95675283794105,TRUE
"Fluxbot 2.0",1.23906108927383,TRUE
"Fluxbot 2.0",1.2628986572048,TRUE
"Fluxbot 2.0",1.40599388909429,TRUE
"Fluxbot 2.0",1.26561041843325,TRUE
"Fluxbot 2.0",1.24075352735463,TRUE
"Fluxbot 2.0",1.18490011968261,TRUE
"Fluxbot 2.0",1.15597251630187,TRUE
"Fluxbot 2.0",1.24785962125074,TRUE
"Fluxbot 2.0",1.4478282244358,TRUE
"Fluxbot 2.0",1.06818731689753,TRUE
"Fluxbot 2.0",1.09717620435627,TRUE
"Fluxbot 2.0",1.00771403816115,TRUE
"Fluxbot 2.0",1.00482816190349,TRUE
"Fluxbot 2.0",1.43125947322237,TRUE
"Fluxbot 2.0",1.00604462797893,TRUE
"Fluxbot 2.0",1.00356259275431,TRUE
"Fluxbot 2.0",1.00599400095871,TRUE
"Fluxbot 2.0",1.00412380198804,TRUE
"Fluxbot 2.0",1.15737074751908,TRUE
"Fluxbot 2.0",1.40839008909523,TRUE
"Fluxbot 2.0",1.28638864308347,TRUE
"Fluxbot 2.0",1.39018000184499,TRUE
"Fluxbot 2.0",1.37378271728513,TRUE
"Fluxbot 2.0",1.22701917457033,TRUE
"Fluxbot 2.0",1.1982362613856,TRUE
"Fluxbot 2.0",1.27020003332984,TRUE
"Fluxbot 2.0",1.25657186392322,TRUE
"Fluxbot 2.0",1.20837103014734,TRUE
"Fluxbot 2.0",1.29061207168883,TRUE
"Fluxbot 2.0",1.17728107406115,TRUE
"Fluxbot 2.0",1.28031426244137,TRUE
"Fluxbot 2.0",1.18397963737929,TRUE
"Fluxbot 2.0",1.28340630474826,TRUE
"Fluxbot 2.0",1.00522521468165,TRUE
"Fluxbot 2.0",1.00454769390212,TRUE
"Fluxbot 2.0",1.38894868649497,TRUE
"Fluxbot 2.0",1.06146194152854,TRUE
"Fluxbot 2.0",1.35885537890018,TRUE
"Fluxbot 2.0",1.05530456875006,TRUE
"Fluxbot 2.0",1.10231766883336,TRUE
"Fluxbot 2.0",1.76581068375445,TRUE
"Fluxbot 2.0",1.10709403157343,TRUE
"Fluxbot 2.0",1.25104892556436,TRUE
"Fluxbot 2.0",1.31371870357018,TRUE
"Fluxbot 2.0",1.23809972386569,TRUE
"Fluxbot 2.0",1.28731142112487,TRUE
"Fluxbot 2.0",1.01524736592405,TRUE
"Fluxbot 2.0",1.07221640207777,TRUE
"Fluxbot 2.0",1.3503670956208,TRUE
"Fluxbot 2.0",1.27515639086767,TRUE
"Fluxbot 2.0",1.05399369620323,TRUE
"Fluxbot 2.0",1.03418247587177,TRUE
"Fluxbot 2.0",1.18258191593184,TRUE
"Fluxbot 2.0",1.29615640396216,TRUE
"Fluxbot 2.0",1.005049079239,TRUE
"Fluxbot 2.0",1.00415113781958,TRUE
"Fluxbot 2.0",1.00313362605397,TRUE
"Fluxbot 2.0",1.00418412031288,TRUE
"Fluxbot 2.0",1.00502324333144,TRUE
"Fluxbot 2.0",1.02186352464642,TRUE
"Fluxbot 2.0",1.04717131517211,TRUE
"Fluxbot 2.0",1.25365690542893,TRUE
"Fluxbot 2.0",1.15118531479947,TRUE
"Fluxbot 2.0",1.31106767555238,TRUE
"Fluxbot 2.0",1.18241369659552,TRUE
"Fluxbot 2.0",1.24694912071644,TRUE
"Fluxbot 2.0",1.22252717643506,TRUE
"Fluxbot 2.0",1.23471160937683,TRUE
"Fluxbot 2.0",1.26093173013647,TRUE
"Fluxbot 2.0",1.29409163781763,TRUE
"Fluxbot 2.0",1.15984703757431,TRUE
"Fluxbot 2.0",1.04250298167464,TRUE
"Fluxbot 2.0",1.31504976709475,TRUE
"Fluxbot 2.0",1.14146637346516,TRUE
"Fluxbot 2.0",1.42039414046176,TRUE
"Fluxbot 2.0",1.27957248846264,TRUE
"Fluxbot 2.0",1.15077669339107,TRUE
"Fluxbot 2.0",1.00494489302616,TRUE
"Fluxbot 2.0",1.00387708681029,TRUE
"Fluxbot 2.0",1.00321884527069,TRUE
"Fluxbot 2.0",1.00654765119096,TRUE
"Fluxbot 2.0",1.24703721356477,TRUE
"Fluxbot 2.0",1.0492231243539,TRUE
"Fluxbot 2.0",1.08855416992642,TRUE
"Fluxbot 2.0",1.1266582309626,TRUE
"Fluxbot 2.0",1.04879931626666,TRUE
"Fluxbot 2.0",1.23678091051583,TRUE
"Fluxbot 2.0",1.26877600029333,TRUE
"Fluxbot 2.0",1.22096293279391,TRUE
"Fluxbot 2.0",1.25195264392383,TRUE
"Fluxbot 2.0",1.0458231921759,TRUE
"Fluxbot 2.0",1.23361304776696,TRUE
"Fluxbot 2.0",1.00486603165138,TRUE
"Fluxbot 2.0",1.16580503364883,TRUE
"Fluxbot 2.0",1.28086692598141,TRUE
"Fluxbot 2.0",1.18237682253583,TRUE
"Fluxbot 2.0",1.20406104008583,TRUE
"Fluxbot 2.0",1.29571253163325,TRUE
"Fluxbot 2.0",1.1150260981519,TRUE
"Fluxbot 2.0",1.01414560232548,TRUE
"Fluxbot 2.0",1.02400047825918,TRUE
"Fluxbot 2.0",1.08158912096047,TRUE
"Fluxbot 2.0",1.00725254287932,TRUE
"Fluxbot 2.0",1.06565787068706,TRUE
"Fluxbot 2.0",1.00564085160674,TRUE
"Fluxbot 2.0",1.03829604233683,TRUE
"Fluxbot 2.0",1.01689209789714,TRUE
"Fluxbot 2.0",1.38363772521296,TRUE
"Fluxbot 2.0",1.00465864880517,TRUE
"Fluxbot 2.0",1.01781917545785,TRUE
"Fluxbot 2.0",1.36934685032705,TRUE
"Fluxbot 2.0",1.36967387051733,TRUE
"Fluxbot 2.0",1.31664258914457,TRUE
"Fluxbot 2.0",1.49387420565222,TRUE
"Fluxbot 2.0",1.35915356578626,TRUE
"Fluxbot 2.0",1.11398782828848,TRUE
"Fluxbot 2.0",1.35307896478345,TRUE
"Fluxbot 2.0",1.26320537385763,TRUE
"Fluxbot 2.0",1.27659391312168,TRUE
"Fluxbot 2.0",1.38417839681095,TRUE
"Fluxbot 2.0",1.22162959026041,TRUE
"Fluxbot 2.0",1.30661173192268,TRUE
"Fluxbot 2.0",1.31791217661932,TRUE
"Fluxbot 2.0",1.08501805245702,TRUE
"Fluxbot 2.0",1.13543494641842,TRUE
"Fluxbot 2.0",1.01139205102892,TRUE
"Fluxbot 2.0",1.03055717653896,TRUE
"Fluxbot 2.0",1.0144805925607,TRUE
"Fluxbot 2.0",1.01055325655068,TRUE
"Fluxbot 2.0",1.18001361857203,TRUE
"Fluxbot 2.0",1,FALSE
"Fluxbot 2.0",1.43750979780377,TRUE
"Fluxbot 2.0",1.41813734126324,TRUE
"Fluxbot 2.0",1.15768511762306,TRUE
"Fluxbot 2.0",1.97284728564347,TRUE
"Fluxbot 2.0",1,FALSE
"Fluxbot 2.0",1,FALSE
"Fluxbot 2.0",1.76979539400545,TRUE
"Fluxbot 2.0",1,FALSE
"Fluxbot 2.0",1,FALSE
"Fluxbot 2.0",1.62594832042862,TRUE
"Fluxbot 2.0",1.74629319364455,TRUE
"Fluxbot 2.0",1,FALSE
"Fluxbot 2.0",1,FALSE
"Fluxbot 2.0",1,FALSE
"Fluxbot 2.0",1,FALSE
"Fluxbot 2.0",1,FALSE
"Fluxbot 2.0",1,FALSE
"Fluxbot 2.0",1,FALSE
"Fluxbot 2.0",1,FALSE
"Fluxbot 2.0",1.64114780688822,TRUE
"Fluxbot 2.0",1,FALSE
"Fluxbot 2.0",1.16522451433756,TRUE
"Fluxbot 2.0",1.30023810414336,TRUE
"Fluxbot 2.0",1.80237380626617,TRUE
"Fluxbot 2.0",1.69128479295586,TRUE
"Fluxbot 2.0",1.50402729783064,TRUE
"Fluxbot 2.0",1.48571239033205,TRUE
"Fluxbot 2.0",1.30210255155228,TRUE
"Fluxbot 2.0",1.41771903405452,TRUE
"Fluxbot 2.0",1,FALSE
"Fluxbot 2.0",1.0112529673992,TRUE
"Fluxbot 2.0",1.00359987237798,TRUE
"Fluxbot 2.0",1.00245030393986,TRUE
"Fluxbot 2.0",1.00470592582879,TRUE
"Fluxbot 2.0",1.00664110173609,TRUE
"Fluxbot 2.0",1.0053576371783,TRUE
"Fluxbot 2.0",1.00536435751984,TRUE
"Fluxbot 2.0",1.14219555457293,TRUE
"Fluxbot 2.0",1.00749435137521,TRUE
"Fluxbot 2.0",1.0052775909745,TRUE
"Fluxbot 2.0",1.00464585066562,TRUE
"Fluxbot 2.0",1.00429672802035,TRUE
"Fluxbot 2.0",1.01225034744391,TRUE
"Fluxbot 2.0",1.00484724449287,TRUE
"Fluxbot 2.0",1.00427959272396,TRUE
"Fluxbot 2.0",1.24826122030096,TRUE
"Fluxbot 2.0",1.00328969831506,TRUE
"Fluxbot 2.0",1.36098164513125,TRUE
"Fluxbot 2.0",1.12013665478101,TRUE
"Fluxbot 2.0",1.17049584183223,TRUE
"Fluxbot 2.0",1.0584222887655,TRUE
"Fluxbot 2.0",1.0084119772909,TRUE
"Fluxbot 2.0",1.0099540631674,TRUE
"Fluxbot 2.0",1.34781408390881,TRUE
"Fluxbot 2.0",1.23771749890724,TRUE
"Fluxbot 2.0",1.01450734229262,TRUE
"Fluxbot 2.0",1.12484285780916,TRUE
"Fluxbot 2.0",1.17428324638531,TRUE
"Fluxbot 2.0",1.22981777691859,TRUE
"Fluxbot 2.0",1.16131075685028,TRUE
"Fluxbot 2.0",1.12673969256614,TRUE
"Fluxbot 2.0",1.0027157114863,TRUE
"Fluxbot 2.0",1.00455223068338,TRUE
"Fluxbot 2.0",1.00300880045961,TRUE
"Fluxbot 2.0",1.00353741776597,TRUE
"Fluxbot 2.0",1.00701296626005,TRUE
"Fluxbot 2.0",1.00467757690283,TRUE
"Fluxbot 2.0",1.00875711131644,TRUE
"Fluxbot 2.0",1.4089836725685,TRUE
"Fluxbot 2.0",1.4097966321848,TRUE
"Fluxbot 2.0",1.30513972144244,TRUE
"Fluxbot 2.0",1.2648601018314,TRUE
"Fluxbot 2.0",1.24874649338883,TRUE
"Fluxbot 2.0",1.28842614467459,TRUE
"Fluxbot 2.0",1.22995652082773,TRUE
"Fluxbot 2.0",1.28631218578014,TRUE
"Fluxbot 2.0",1.17714676701072,TRUE
"Fluxbot 2.0",1.30108030583777,TRUE
"Fluxbot 2.0",1.35053692679874,TRUE
"Fluxbot 2.0",1.06183911172338,TRUE
"Fluxbot 2.0",1.01510643456238,TRUE
"Fluxbot 2.0",1.00391228011696,TRUE
"Fluxbot 2.0",1.0050837132683,TRUE
"Fluxbot 2.0",1.00562463773916,TRUE
"Fluxbot 2.0",1.01271383631105,TRUE
"Fluxbot 2.0",1.01220476450694,TRUE
"Fluxbot 2.0",1.00419767360867,TRUE
"Fluxbot 2.0",1.00599894565317,TRUE
"Fluxbot 2.0",1.00454461391028,TRUE
"Fluxbot 2.0",1.00579714034458,TRUE
"Fluxbot 2.0",1.11388511761089,TRUE
"Fluxbot 2.0",1.57612045233355,TRUE
"Fluxbot 2.0",1.73538932384558,TRUE
"Fluxbot 2.0",1.06948208282499,TRUE
"Fluxbot 2.0",1.31039881009809,TRUE
"Fluxbot 2.0",1.35738118592742,TRUE
"Fluxbot 2.0",1.36721778635647,TRUE
"Fluxbot 2.0",1.41002673006291,TRUE
"Fluxbot 2.0",1.40713129195825,TRUE
"Fluxbot 2.0",1.31519772683677,TRUE
"Fluxbot 2.0",1.26653614454129,TRUE
"Fluxbot 2.0",1.3653476370211,TRUE
"Fluxbot 2.0",1.05830393971414,TRUE
"Fluxbot 2.0",1.22297094436611,TRUE
"Fluxbot 2.0",1.36343252127279,TRUE
"Fluxbot 2.0",1.05703366418821,TRUE
"Fluxbot 2.0",1.0038349120356,TRUE
"Fluxbot 2.0",1.00346459882586,TRUE
"Fluxbot 2.0",1.00874472887889,TRUE
"Fluxbot 2.0",1.00688739695874,TRUE
"Fluxbot 2.0",1.008310023644,TRUE
"Fluxbot 2.0",1.00572051264126,TRUE
"Fluxbot 2.0",1.00940330699481,TRUE
"Fluxbot 2.0",1.01484402104515,TRUE
"Fluxbot 2.0",1.00730568810785,TRUE
"Fluxbot 2.0",1.08239102283007,TRUE
"Fluxbot 2.0",1.01013392048462,TRUE
"Fluxbot 2.0",1.01238370636505,TRUE
"Fluxbot 2.0",1.17532146708346,TRUE
"Fluxbot 2.0",1.17442017936449,TRUE
"Fluxbot 2.0",1.44651879885013,TRUE
"Fluxbot 2.0",1.22631104984665,TRUE
"Fluxbot 2.0",1.00397751621971,TRUE
"Fluxbot 2.0",1.10034083990518,TRUE
"Fluxbot 2.0",1.16101535348198,TRUE
"Fluxbot 2.0",1.10843107785813,TRUE
"Fluxbot 2.0",1.13597165248115,TRUE
"Fluxbot 2.0",1.04469211134957,TRUE
"Fluxbot 2.0",1.00574358557014,TRUE
"Fluxbot 2.0",1.00579406187743,TRUE
"Fluxbot 2.0",1.00443410646717,TRUE
"Fluxbot 2.0",1.01012242088192,TRUE
"Fluxbot 2.0",1.00721908489186,TRUE
"Fluxbot 2.0",1.00856090261222,TRUE
"Fluxbot 2.0",1.03026764040081,TRUE
"Fluxbot 2.0",1.37937900926631,TRUE
"Fluxbot 2.0",1.01288748201104,TRUE
"Fluxbot 2.0",1.28514579499447,TRUE
"Fluxbot 2.0",1.20781815912912,TRUE
"Fluxbot 2.0",1.25362598985815,TRUE
"Fluxbot 2.0",1.00404321190044,TRUE
"Fluxbot 2.0",1.01461748153037,TRUE
"Fluxbot 2.0",1.11466768962858,TRUE
"Fluxbot 2.0",1.05480408755229,TRUE
"Fluxbot 2.0",1.11111786822223,TRUE
"Fluxbot 2.0",1.14737611752761,TRUE
"Fluxbot 2.0",1.33951703426935,TRUE
"Fluxbot 2.0",1.21192976939247,TRUE
"Fluxbot 2.0",1.09053467020503,TRUE
"Fluxbot 2.0",1.17932850253228,TRUE
"Fluxbot 2.0",1.17830171869406,TRUE
"Fluxbot 2.0",1.00531071301121,TRUE
"Fluxbot 2.0",1.00832361672199,TRUE
"Fluxbot 2.0",1.00752150739383,TRUE
"Fluxbot 2.0",1.00474336460862,TRUE
"Fluxbot 2.0",1.00451042063793,TRUE
"Fluxbot 2.0",1.00601710074522,TRUE
"Fluxbot 2.0",1.0126183231945,TRUE
"Fluxbot 2.0",1.11081415651142,TRUE
"Fluxbot 2.0",1.36270142410621,TRUE
"Fluxbot 2.0",1.15395883638095,TRUE
"Fluxbot 2.0",1.09075722130551,TRUE
"Fluxbot 2.0",1.10933795074198,TRUE
"Fluxbot 2.0",1.16265576252067,TRUE
"Fluxbot 2.0",1.27160814102362,TRUE
"Fluxbot 2.0",1.32065288503442,TRUE
"Fluxbot 2.0",1.38742313787978,TRUE
"Fluxbot 2.0",1.39358569100873,TRUE
"Fluxbot 2.0",1.49627536660906,TRUE
"Fluxbot 2.0",1.28135453082772,TRUE
"Fluxbot 2.0",1.43938121918334,TRUE
"Fluxbot 2.0",1.31085930789413,TRUE
"Fluxbot 2.0",1.31272432466054,TRUE
"Fluxbot 2.0",1.3251347187305,TRUE
"Fluxbot 2.0",1.00953708886224,TRUE
"Fluxbot 2.0",1.00608106047637,TRUE
"Fluxbot 2.0",1.00606013045223,TRUE
"Fluxbot 2.0",1.00315064832182,TRUE
"Fluxbot 2.0",1.00511550463726,TRUE
"Fluxbot 2.0",1.00289985965697,TRUE
"Fluxbot 2.0",1.00667745090285,TRUE
"Fluxbot 2.0",1.10150495949924,TRUE
"Fluxbot 2.0",1.31582379103827,TRUE
"Fluxbot 2.0",1.42188913066663,TRUE
"Fluxbot 2.0",1.45268761835852,TRUE
"Fluxbot 2.0",1.40892208631792,TRUE
"Fluxbot 2.0",1.35158655548909,TRUE
"Fluxbot 2.0",1.59011262544883,TRUE
"Fluxbot 2.0",1.63178580217707,TRUE
"Fluxbot 2.0",1.14990706506053,TRUE
"Fluxbot 2.0",1.13070264596552,TRUE
"Fluxbot 2.0",1.32006099799569,TRUE
"Fluxbot 2.0",1.6453449728735,TRUE
"Fluxbot 2.0",1.35759133317379,TRUE
"Fluxbot 2.0",1.49370783941514,TRUE
"Fluxbot 2.0",1.40967780904602,TRUE
"Fluxbot 2.0",1.40356031149528,TRUE
"Fluxbot 2.0",1.35531971219756,TRUE
"Fluxbot 2.0",1.26010319618454,TRUE
"Fluxbot 2.0",1.03748900383632,TRUE
"Fluxbot 2.0",1,FALSE
"Fluxbot 2.0",1.98337843020714,TRUE
"Fluxbot 2.0",1.37750899390782,TRUE
"Fluxbot 2.0",1.19684102809538,TRUE
"Fluxbot 2.0",1,FALSE
"Fluxbot 2.0",1,FALSE
"Fluxbot 2.0",1,FALSE
"Fluxbot 2.0",1.53192346878032,TRUE
"Fluxbot 2.0",1.01482510011661,TRUE
"Fluxbot 2.0",1.00875658523735,TRUE
"Fluxbot 2.0",1.32049121619351,TRUE
"Fluxbot 2.0",1.55393297509146,TRUE
"Fluxbot 2.0",1,FALSE
"Fluxbot 2.0",1,FALSE
"Fluxbot 2.0",1,FALSE
"Fluxbot 2.0",1,FALSE
"Fluxbot 2.0",1.0023474721633,TRUE
"Fluxbot 2.0",1.0072534341401,TRUE
"Fluxbot 2.0",1.00418036289497,TRUE
"Fluxbot 2.0",1.0145935635217,TRUE
"Fluxbot 2.0",1.01006714141238,TRUE
"Fluxbot 2.0",1.01226322250093,TRUE
"Fluxbot 2.0",1.01117898141794,TRUE
"Fluxbot 2.0",1.03381928576512,TRUE
"Fluxbot 2.0",1.01353939352041,TRUE
"Fluxbot 2.0",1.00623442826678,TRUE
"Fluxbot 2.0",1.00367800592852,TRUE
"Fluxbot 2.0",1.01073192852901,TRUE
"Fluxbot 2.0",1.29622389112985,TRUE
"Fluxbot 2.0",1.6309753373825,TRUE
"Fluxbot 2.0",1.42027533641452,TRUE
"Fluxbot 2.0",1.31980638586146,TRUE
"Fluxbot 2.0",1.04985708628064,TRUE
"Fluxbot 2.0",1.01315768376794,TRUE
"Fluxbot 2.0",1.40085054928272,TRUE
"Fluxbot 2.0",1.12520200264519,TRUE
"Fluxbot 2.0",1.16877981101652,TRUE
"Fluxbot 2.0",1.13050998510517,TRUE
"Fluxbot 2.0",1.01591851919646,TRUE
"Fluxbot 2.0",1.06813474759834,TRUE
"Fluxbot 2.0",1.14145377032093,TRUE
"Fluxbot 2.0",1.10697978293536,TRUE
"Fluxbot 2.0",1.18817890456917,TRUE
"Fluxbot 2.0",1.00852716040812,TRUE
"Fluxbot 2.0",1.09351901057595,TRUE
"Fluxbot 2.0",1.01155370762224,TRUE
"Fluxbot 2.0",1.011906559335,TRUE
"Fluxbot 2.0",1.01652311803526,TRUE
"Fluxbot 2.0",1.12123093606924,TRUE
"Fluxbot 2.0",1.21787442531881,TRUE
"Fluxbot 2.0",1.21903771143233,TRUE
"Fluxbot 2.0",1.59279808870211,TRUE
"Fluxbot 2.0",1.52590339324785,TRUE
"Fluxbot 2.0",1.57548633964731,TRUE
"Fluxbot 2.0",1.44202580106446,TRUE
"Fluxbot 2.0",1.22834074918533,TRUE
"Fluxbot 2.0",1.08220319914168,TRUE
"Fluxbot 2.0",1.13537923848421,TRUE
"Fluxbot 2.0",1.09249822155483,TRUE
"Fluxbot 2.0",1.02840384703959,TRUE
"Fluxbot 2.0",1.01498949453065,TRUE
"Fluxbot 2.0",1.16826528335379,TRUE
"Fluxbot 2.0",1.14032239521964,TRUE
"Fluxbot 2.0",1.12861805471362,TRUE
"Fluxbot 2.0",1.23994606490253,TRUE
"Fluxbot 2.0",1.12076478372682,TRUE
"Fluxbot 2.0",1.32884908702753,TRUE
"Fluxbot 2.0",1.00640095198099,TRUE
"Fluxbot 2.0",1.10854570444852,TRUE
"Fluxbot 2.0",1.25772256148469,TRUE
"Fluxbot 2.0",1,FALSE
"Fluxbot 2.0",1.21819811459663,TRUE
"Fluxbot 2.0",1.00838984065372,TRUE
"Fluxbot 2.0",1.08737397356951,TRUE
"Fluxbot 2.0",1.00576121802866,TRUE
"Fluxbot 2.0",1.1425341394186,TRUE
"Fluxbot 2.0",1.23102715456799,TRUE
"Fluxbot 2.0",1.20717503845316,TRUE
"Fluxbot 2.0",1.51494776794765,TRUE
"Fluxbot 2.0",1.34826501346786,TRUE
"Fluxbot 2.0",1.33846649669542,TRUE
"Fluxbot 2.0",1.05850195172722,TRUE
"Fluxbot 2.0",1,FALSE
"Fluxbot 2.0",1.2129415224823,TRUE
"Fluxbot 2.0",1.17810589427392,TRUE
"Fluxbot 2.0",1.2178330036526,TRUE
"Fluxbot 2.0",1.2274170973534,TRUE
"Fluxbot 2.0",1.13690301699503,TRUE
"Fluxbot 2.0",1.0132963159014,TRUE
"Fluxbot 2.0",1.27696080392659,TRUE
"Fluxbot 2.0",1.03205079041897,TRUE
"Fluxbot 2.0",1.19576705484446,TRUE
"Fluxbot 2.0",1.42576901848553,TRUE
"Fluxbot 2.0",1.19380193930001,TRUE
"Fluxbot 2.0",1.22954772727701,TRUE
"Fluxbot 2.0",1.25626585632742,TRUE
"Fluxbot 2.0",1.29265090168315,TRUE
"Fluxbot 2.0",1.39131605659877,TRUE
"Fluxbot 2.0",1.38811357738928,TRUE
"Fluxbot 2.0",1.21154609861747,TRUE
"Autochamber",1.37516801267535,TRUE
"Autochamber",1.01975526208782,TRUE
"Autochamber",1.01060040214792,TRUE
"Autochamber",1.13895208068937,TRUE
"Autochamber",1.03265503988782,TRUE
"Autochamber",1.0099384951086,TRUE
"Autochamber",1.01338342799622,TRUE
"Autochamber",1.99500219330891,TRUE
"Autochamber",1,FALSE
"Autochamber",1,FALSE
"Autochamber",1.99232751776561,TRUE
"Autochamber",1,FALSE
"Autochamber",1.01652748783048,TRUE
"Autochamber",1.01031835817734,TRUE
"Autochamber",1.01570336757266,TRUE
"Autochamber",1,FALSE
"Autochamber",1.06967223257442,TRUE
"Autochamber",1.11736602549309,TRUE
"Autochamber",1.00789633224543,TRUE
"Autochamber",1.09504684076288,TRUE
"Autochamber",1.08951154584236,TRUE
"Autochamber",1.54197809113174,TRUE
"Autochamber",1.45880044157307,TRUE
"Autochamber",1.68647021481212,TRUE
"Autochamber",1.60316630721934,TRUE
"Autochamber",1.44267468873958,TRUE
"Autochamber",1.74227663331293,TRUE
"Autochamber",1.59306857671173,TRUE
"Autochamber",1.75169426250288,TRUE
"Autochamber",1.52810248855774,TRUE
"Autochamber",1.97585492205324,TRUE
"Autochamber",1,FALSE
"Autochamber",1,FALSE
"Autochamber",1,FALSE
"Autochamber",1.99303909762236,TRUE
"Autochamber",1.23376001601431,TRUE
"Autochamber",1.01219575972982,TRUE
"Autochamber",1,FALSE
"Autochamber",1,FALSE
"Autochamber",1.0171080080235,TRUE
"Autochamber",1,FALSE
"Autochamber",1.00926084139307,TRUE
"Autochamber",1.01598265288902,TRUE
"Autochamber",1,FALSE
"Autochamber",1.36887380406136,TRUE
"Autochamber",1.08164840236667,TRUE
"Autochamber",1.18899603317104,TRUE
"Autochamber",1,FALSE
"Autochamber",1.1643087886319,TRUE
"Autochamber",1.09978337913749,TRUE
"Autochamber",1,FALSE
"Autochamber",1.00801961138419,TRUE
"Autochamber",1.06784353221298,TRUE
"Autochamber",1.01687696169685,TRUE
"Autochamber",1.01637814387049,TRUE
"Autochamber",1.01284545971469,TRUE
"Autochamber",1.01832081158643,TRUE
"Autochamber",1.00821913878018,TRUE
"Autochamber",1,FALSE
"Autochamber",1,FALSE
"Autochamber",1.01082225355508,TRUE
"Autochamber",1.10824800457612,TRUE
"Autochamber",1,FALSE
"Autochamber",1.11527046436777,TRUE
"Autochamber",1.01456326133295,TRUE
"Autochamber",1.01750189095418,TRUE
"Autochamber",1.00639952030851,TRUE
"Autochamber",1,FALSE
"Autochamber",1,FALSE
"Autochamber",1,FALSE
"Autochamber",1.01237598477826,TRUE
"Autochamber",1.22670328353991,TRUE
"Autochamber",1.06376872158164,TRUE
"Autochamber",1.28841318831766,TRUE
"Autochamber",1.01502566438069,TRUE
"Autochamber",1.01159879023537,TRUE
"Autochamber",1,FALSE
"Autochamber",1,FALSE
"Autochamber",1,FALSE
"Autochamber",1.01154877761643,TRUE
"Autochamber",1.00948843292056,TRUE
"Autochamber",1.0922085804044,TRUE
"Autochamber",1,FALSE
"Autochamber",1.09881262002452,TRUE
"Autochamber",1.11110771731312,TRUE
"Autochamber",1.0109075681073,TRUE
"Autochamber",1.09649675880347,TRUE
"Autochamber",1.01542799717855,TRUE
"Autochamber",1.03383128431841,TRUE
"Autochamber",1.11705067445613,TRUE
"Autochamber",1.18268816058617,TRUE
"Autochamber",1,FALSE
"Autochamber",1,FALSE
"Autochamber",1,FALSE
"Autochamber",1,FALSE
"Autochamber",1,FALSE
"Autochamber",1,FALSE
"Autochamber",1,FALSE
"Autochamber",1,FALSE
"Autochamber",1,FALSE
"Autochamber",1,FALSE
"Autochamber",1,FALSE
"Autochamber",1,FALSE
"Autochamber",1.00716849660358,TRUE
"Autochamber",1.12605708946405,TRUE
"Autochamber",1.30313942744265,TRUE
"Autochamber",1.25680146893346,TRUE
"Autochamber",1.00915455262974,TRUE
"Autochamber",1.11970573488842,TRUE
"Autochamber",1.08532948629627,TRUE
"Autochamber",1.07537094890175,TRUE
"Autochamber",1,FALSE
"Autochamber",1.00567230341356,TRUE
"Autochamber",1.01200263057555,TRUE
"Autochamber",1.11304986283397,TRUE
"Autochamber",1.3280008320498,TRUE
"Autochamber",1.08549974826667,TRUE
"Autochamber",1.05242236925238,TRUE
"Autochamber",1.4067661982805,TRUE
"Autochamber",1.14638930320125,TRUE
"Autochamber",1.35062195597176,TRUE
"Autochamber",1.32000821295252,TRUE
"Autochamber",1.51501239297923,TRUE
"Autochamber",1.21366176910242,TRUE
"Autochamber",1.0695886155123,TRUE
"Autochamber",1.24255838822467,TRUE
"Autochamber",1.07241852633904,TRUE
"Autochamber",1.10595080649246,TRUE
"Autochamber",1,FALSE
"Autochamber",1,FALSE
"Autochamber",1.13487320238643,TRUE
"Autochamber",1.32779630692258,TRUE
"Autochamber",1.10581550027232,TRUE
"Autochamber",1.01675946342008,TRUE
"Autochamber",1.00776511091336,TRUE
"Autochamber",1.2114493977694,TRUE
"Autochamber",1.00798724391732,TRUE
"Autochamber",1.0235144393753,TRUE
"Autochamber",1,FALSE
"Autochamber",1.14976627148881,TRUE
"Autochamber",1.54293844245808,TRUE
"Autochamber",1.33232366031584,TRUE
"Autochamber",1.01414749664642,TRUE
"Autochamber",1.12552202093077,TRUE
"Autochamber",1.09974386300125,TRUE
"Autochamber",1.03669064684127,TRUE
"Autochamber",1.03528141147513,TRUE
"Autochamber",1.15025667034113,TRUE
"Autochamber",1.07982725899297,TRUE
"Autochamber",1.13669066812647,TRUE
"Autochamber",1.21003670123822,TRUE
"Autochamber",1.54185912201434,TRUE
"Autochamber",1.35114077707793,TRUE
"Autochamber",1.58412404056608,TRUE
"Autochamber",1.13747844714624,TRUE
"Autochamber",1.35756944908369,TRUE
"Autochamber",1.01009253263235,TRUE
"Autochamber",1.12979366352568,TRUE
"Autochamber",1.00979064911666,TRUE
"Autochamber",1.01382140440889,TRUE
"Autochamber",1.45756284757828,TRUE
"Autochamber",1.11260850916211,TRUE
"Autochamber",1.00874457492645,TRUE
"Autochamber",1.01223445488914,TRUE
"Autochamber",1.16770402478231,TRUE
"Autochamber",1.20367190442053,TRUE
"Autochamber",1.54928581185398,TRUE
"Autochamber",1.41204308822119,TRUE
"Autochamber",1.37928627140444,TRUE
"Autochamber",1.19169503660624,TRUE
"Autochamber",1.20602509640476,TRUE
"Autochamber",1.15282169782536,TRUE
"Autochamber",1.17401714356646,TRUE
"Autochamber",1.42131061571837,TRUE
"Autochamber",1.21212654043729,TRUE
"Autochamber",1.0317985899053,TRUE
"Autochamber",1.34129002227363,TRUE
"Autochamber",1.1521266323936,TRUE
"Autochamber",1.25930419467871,TRUE
"Autochamber",1.14404798826873,TRUE
"Autochamber",1.26689387010454,TRUE
"Autochamber",1.01508487089452,TRUE
"Autochamber",1.12381106477972,TRUE
"Autochamber",1,FALSE
"Autochamber",1.01784721988378,TRUE
"Autochamber",1.25394729932093,TRUE
"Autochamber",1.23952995607029,TRUE
"Autochamber",1.16003470991294,TRUE
"Autochamber",1.11412490849562,TRUE
"Autochamber",1.01704194277989,TRUE
"Autochamber",1,FALSE
"Autochamber",1.01291297155298,TRUE
"Autochamber",1.01103435965686,TRUE
"Autochamber",1.4790419503689,TRUE
"Autochamber",1.01103433022111,TRUE
"Autochamber",1.40086550696174,TRUE
"Autochamber",1.31666746854039,TRUE
"Autochamber",1.1563867742302,TRUE
"Autochamber",1.47377278100314,TRUE
"Autochamber",1.36357142858545,TRUE
"Autochamber",1,FALSE
"Autochamber",1.57094656750201,TRUE
"Autochamber",1.14862445410186,TRUE
"Autochamber",1.17099457748953,TRUE
"Autochamber",1.00800369173724,TRUE
"Autochamber",1.00937993255215,TRUE
"Autochamber",1.0480193578953,TRUE
"Autochamber",1.32528018979532,TRUE
"Autochamber",1.35762655796365,TRUE
"Autochamber",1.43916250101838,TRUE
"Autochamber",1.2436830970015,TRUE
"Autochamber",1.46006482919988,TRUE
"Autochamber",1.09346047037837,TRUE
"Autochamber",1.01188231053661,TRUE
"Autochamber",1.6242505844817,TRUE
"Autochamber",1.21360257690576,TRUE
"Autochamber",1.54445977572874,TRUE
"Autochamber",1.3418146964909,TRUE
"Autochamber",1.26155134577995,TRUE
"Autochamber",1.23107741160861,TRUE
"Autochamber",1.11983700894924,TRUE
"Autochamber",1.01671137600209,TRUE
"Autochamber",1.01729526407663,TRUE
"Autochamber",1.33789526375762,TRUE
"Autochamber",1.29588893137572,TRUE
"Autochamber",1.55747861880484,TRUE
"Autochamber",1.11822056960233,TRUE
"Autochamber",1.17864550558366,TRUE
"Autochamber",1.01240970695743,TRUE
"Autochamber",1.19365396001938,TRUE
"Autochamber",1.06256788089741,TRUE
"Autochamber",1.0886694383474,TRUE
"Autochamber",1.05975888489517,TRUE
"Autochamber",1.01570201839121,TRUE
"Autochamber",1.08871249692421,TRUE
"Autochamber",1.15506184969078,TRUE
"Autochamber",1.14489069622636,TRUE
"Autochamber",1.11255156365567,TRUE
"Autochamber",1.2827154929986,TRUE
"Autochamber",1.20708032764352,TRUE
"Autochamber",1.25893526289989,TRUE
"Autochamber",1.06953049271446,TRUE
"Autochamber",1.01279444347062,TRUE
"Autochamber",1.23828212293183,TRUE
"Autochamber",1.27824267233113,TRUE
"Autochamber",1.01033905678247,TRUE
"Autochamber",1.09872774603735,TRUE
"Autochamber",1.20982830227688,TRUE
"Autochamber",1.00935482119124,TRUE
"Autochamber",1.20416605422977,TRUE
"Autochamber",1.01082278544433,TRUE
"Autochamber",1.09209180259934,TRUE
"Autochamber",1.00569074506922,TRUE
"Autochamber",1.00976140883386,TRUE
"Autochamber",1.01338549017568,TRUE
"Autochamber",1.17701692567587,TRUE
"Autochamber",1.00813665238848,TRUE
"Autochamber",1.49376247775578,TRUE
"Autochamber",1.27628544732347,TRUE
"Autochamber",1.25399777071939,TRUE
"Autochamber",1.02972128502404,TRUE
"Autochamber",1.00677319359462,TRUE
"Autochamber",1.03782106778302,TRUE
"Autochamber",1.5603891125184,TRUE
"Autochamber",1.63401318588848,TRUE
"Autochamber",1.61321280230232,TRUE
"Autochamber",1.40965533408741,TRUE
"Autochamber",1.25120200653779,TRUE
"Autochamber",1.29869404724263,TRUE
"Autochamber",1.25789873829228,TRUE
"Autochamber",1.22664805774772,TRUE
"Autochamber",1.13758218112434,TRUE
"Autochamber",1.12699471853891,TRUE
"Autochamber",1.16490290324514,TRUE
"Autochamber",1.14395678795949,TRUE
"Autochamber",1.16619394182285,TRUE
"Autochamber",1.05744580753407,TRUE
"Autochamber",1.19241354822438,TRUE
"Autochamber",1.29722900234421,TRUE
"Autochamber",1.17767972711937,TRUE
"Autochamber",1.22108072934758,TRUE
"Autochamber",1.14562883973783,TRUE
"Autochamber",1.01288204796148,TRUE
"Autochamber",1.01663580436572,TRUE
"Autochamber",1.41232284160547,TRUE
"Autochamber",1.29235818693832,TRUE
"Autochamber",1.23486453989637,TRUE
"Autochamber",1.19024461184318,TRUE
"Autochamber",1.01386912062471,TRUE
"Autochamber",1.09084898925882,TRUE
"Autochamber",1.27225438314413,TRUE
"Autochamber",1.00746850246007,TRUE
"Autochamber",1.34143491376725,TRUE
"Autochamber",1.0185213185292,TRUE
"Autochamber",1.1119102761406,TRUE
"Autochamber",1.00742891606133,TRUE
"Autochamber",1.29623666278545,TRUE
"Autochamber",1.30771396255841,TRUE
"Autochamber",1.78026119462749,TRUE
"Autochamber",1.04570396111066,TRUE
"Autochamber",1.01222225230294,TRUE
"Autochamber",1.01343021275518,TRUE
"Autochamber",1.0082347422132,TRUE
"Autochamber",1.00906204584994,TRUE
"Autochamber",1.61922745339182,TRUE
"Autochamber",1.11302843436853,TRUE
"Autochamber",1.00420102376263,TRUE
"Autochamber",1.00973849183889,TRUE
"Autochamber",1.1051063731268,TRUE
"Autochamber",1.60312486978491,TRUE
"Autochamber",1.34065692818958,TRUE
"Autochamber",1.22214192452669,TRUE
"Autochamber",1.9140504967133,TRUE
"Autochamber",1.62769078860028,TRUE
"Autochamber",1.3835134360911,TRUE
"Autochamber",1.41390204190935,TRUE
"Autochamber",1.28497527637926,TRUE
"Autochamber",1.04824750737744,TRUE
"Autochamber",1.34295639892965,TRUE
"Autochamber",1.33637515050517,TRUE
"Autochamber",1.5205763739346,TRUE
"Autochamber",1.35676711260028,TRUE
"Autochamber",1.42248197419385,TRUE
"Autochamber",1.24252861427948,TRUE
"Autochamber",1.31229363020566,TRUE
"Autochamber",1.21345636172734,TRUE
"Autochamber",1.26355314438141,TRUE
"Autochamber",1.24689169703474,TRUE
"Autochamber",1.41611623756199,TRUE
"Autochamber",1.33200412191373,TRUE
"Autochamber",1.31545400937939,TRUE
"Autochamber",1.42494520639987,TRUE
"Autochamber",1.23155415598965,TRUE
"Autochamber",1.34538140827188,TRUE
"Autochamber",1.49072797637097,TRUE
"Autochamber",1.53992026361545,TRUE
"Autochamber",1.61427976594588,TRUE
"Autochamber",1.30547556946264,TRUE
"Autochamber",1.0127680991198,TRUE
"Autochamber",1.00961508083035,TRUE
"Autochamber",1.00746298808983,TRUE
"Autochamber",1.01511153127048,TRUE
"Autochamber",1.95101998285981,TRUE
"Autochamber",1.45267493883212,TRUE
"Autochamber",1.81417291698771,TRUE
"Autochamber",1.51788527703186,TRUE
"Autochamber",1.70313911090894,TRUE
"Autochamber",1.21288938476008,TRUE
"Autochamber",1.00642354961616,TRUE
"Autochamber",1.00815728214023,TRUE
"Autochamber",1.00506034233917,TRUE
"Autochamber",1.90447051326154,TRUE
"Autochamber",1.82042616441055,TRUE
"Autochamber",1.00876575749509,TRUE
"Autochamber",1.01196860907601,TRUE
"Autochamber",1.44533418032692,TRUE
"Autochamber",1.39913401553836,TRUE
"Autochamber",1.42217428539864,TRUE
"Autochamber",1.03446564556015,TRUE
"Autochamber",1.04807968862059,TRUE
"Autochamber",1.36659003230057,TRUE
"Autochamber",1.54822991745455,TRUE
"Autochamber",1.31390180998772,TRUE
"Autochamber",1.24627328058508,TRUE
"Autochamber",1.34138393988935,TRUE
"Autochamber",1.38630619101688,TRUE
"Autochamber",1.56714229324302,TRUE
"Autochamber",1.78296078228444,TRUE
"Autochamber",1.52813521249684,TRUE
"Autochamber",1.52686336603037,TRUE
"Autochamber",1.30490562065769,TRUE
"Autochamber",1.30613763683722,TRUE
"Autochamber",1.05576168389464,TRUE
"Autochamber",1.13695287408734,TRUE
"Autochamber",1.21103364720813,TRUE
"Autochamber",1.42770370961911,TRUE
"Autochamber",1.23213128656016,TRUE
"Autochamber",1.21580565663544,TRUE
"Autochamber",1.18195508315853,TRUE
"Autochamber",1.12597695650833,TRUE
"Autochamber",1.10912623527718,TRUE
"Autochamber",1.25148181602921,TRUE
"Autochamber",1.01226573865399,TRUE
"Autochamber",1.13915106822428,TRUE
"Autochamber",1.15424999111487,TRUE
"Autochamber",1.1719137604099,TRUE
"Autochamber",1.01056454615912,TRUE
"Autochamber",1.12182177591141,TRUE
"Autochamber",1.47313857730061,TRUE
"Autochamber",1.35170212410387,TRUE
"Autochamber",1.30101738059906,TRUE
"Autochamber",1.40389936908218,TRUE
"Autochamber",1.46610189926062,TRUE
"Autochamber",1.49295081833723,TRUE
"Autochamber",1.20456349046994,TRUE
"Autochamber",1.10844402185034,TRUE
"Autochamber",1.00966236757617,TRUE
"Autochamber",1.01221575050606,TRUE
"Autochamber",1.00739552809441,TRUE
"Autochamber",1.00809994635867,TRUE
"Autochamber",1.01081781560771,TRUE
"Autochamber",1.0089683829078,TRUE
"Autochamber",1.00511479627972,TRUE
"Autochamber",1.03317515293857,TRUE
"Autochamber",1.07002213572452,TRUE
"Autochamber",1.28632249937378,TRUE
"Autochamber",1.23530947039203,TRUE
"Autochamber",1.5556381371318,TRUE
"Autochamber",1.39262348903982,TRUE
"Autochamber",1.18735530036772,TRUE
"Autochamber",1.25765976268857,TRUE
"Autochamber",1.60860098132644,TRUE
"Autochamber",1.13795508175171,TRUE
"Autochamber",1.20125785464797,TRUE
"Autochamber",1.1403652536516,TRUE
"Autochamber",1.78492331945074,TRUE
"Autochamber",1.89488477350432,TRUE
"Autochamber",1.20910620791705,TRUE
"Autochamber",1.41687446054484,TRUE
"Autochamber",1.47075353201458,TRUE
"Autochamber",1.50294489033201,TRUE
"Autochamber",1.29793843074716,TRUE
"Autochamber",1.427460520629,TRUE
"Autochamber",1.20963649798199,TRUE
"Autochamber",1.22542189420719,TRUE
"Autochamber",1.21743588723669,TRUE
"Autochamber",1.27057240473392,TRUE
"Autochamber",1.12811252721779,TRUE
"Autochamber",1.32806224666529,TRUE
"Autochamber",1.01480425056645,TRUE
"Autochamber",1.08715660719018,TRUE
"Autochamber",1.09594830927682,TRUE
"Autochamber",1.29287556450009,TRUE
"Autochamber",1.13895102147121,TRUE
"Autochamber",1.01165572690731,TRUE
"Autochamber",1.55081536356283,TRUE
"Autochamber",1.00631287360441,TRUE
"Autochamber",1.38684156619123,TRUE
"Autochamber",1.27995638340687,TRUE
"Autochamber",1.22021421982927,TRUE
"Autochamber",1.30072401465469,TRUE
"Autochamber",1.43846980853352,TRUE
"Autochamber",1.27698793637274,TRUE
"Autochamber",1.58088913213621,TRUE
"Autochamber",1.00738989339719,TRUE
"Autochamber",1.0089695309048,TRUE
"Autochamber",1.00897872722356,TRUE
"Autochamber",1.01348047794036,TRUE
"Autochamber",1.00678944619413,TRUE
"Autochamber",1.00801792678037,TRUE
"Autochamber",1.00914041704557,TRUE
"Autochamber",1.03730143864655,TRUE
"Autochamber",1.26223900551881,TRUE
"Autochamber",1.75968171185619,TRUE
"Autochamber",1.65426091584751,TRUE
"Autochamber",1.41893715510616,TRUE
"Autochamber",1.57233071158227,TRUE
"Autochamber",1.43799179852992,TRUE
"Autochamber",1.28555927070945,TRUE
"Autochamber",1.2524547207995,TRUE
"Autochamber",1.13850864397101,TRUE
"Autochamber",1.00866825867573,TRUE
"Autochamber",1.16292917882119,TRUE
"Autochamber",1.20831917678,TRUE
"Autochamber",1.2036740839009,TRUE
"Autochamber",1.01346112779319,TRUE
"Autochamber",1.16246845178697,TRUE
"Autochamber",1.12669486318683,TRUE
"Autochamber",1.00911550808832,TRUE
"Autochamber",1.25797043685975,TRUE
"Autochamber",1.42398000617369,TRUE
"Autochamber",1.45891732399629,TRUE
"Autochamber",1.06145436749765,TRUE
"Autochamber",1.01228002345018,TRUE
"Autochamber",1.01570070574439,TRUE
"Autochamber",1.39873716316581,TRUE
"Autochamber",1.21358678075815,TRUE
"Autochamber",1.08567665549192,TRUE
"Autochamber",1.08309421285021,TRUE
"Autochamber",1.28091403936304,TRUE
"Autochamber",1.48180684136246,TRUE
"Autochamber",1.30608434081726,TRUE
"Autochamber",1.30257923649438,TRUE
"Autochamber",1.21167934640323,TRUE
"Autochamber",1.11656561716149,TRUE
"Autochamber",1.33501393900591,TRUE
"Autochamber",1.03496051576018,TRUE
"Autochamber",1.01353996167255,TRUE
"Autochamber",1.03818691060714,TRUE
"Autochamber",1.09564490590069,TRUE
"Autochamber",1.0059723619726,TRUE
"Autochamber",1.19723275265334,TRUE
"Autochamber",1.01158353828598,TRUE
"Autochamber",1.01008618446886,TRUE
"Autochamber",1.06554622741429,TRUE
"Autochamber",1.01712399183343,TRUE
"Autochamber",1.090193618728,TRUE
"Autochamber",1.06797821841666,TRUE
"Autochamber",1.01268753454631,TRUE
"Autochamber",1.01664019971036,TRUE
"Autochamber",1.31379434649936,TRUE
"Autochamber",1.08016748784508,TRUE
"Autochamber",1.13815883885882,TRUE
"Autochamber",1.18254951250373,TRUE
"Autochamber",1.16398156165998,TRUE
"Autochamber",1.18036994303374,TRUE
"Autochamber",1.33377055044555,TRUE
"Autochamber",1.21711647999153,TRUE
"Autochamber",1.14856050053633,TRUE
"Autochamber",1.06088341223123,TRUE
"Autochamber",1.10330272613077,TRUE
"Autochamber",1.14301737341434,TRUE
"Autochamber",1.49699983678574,TRUE
"Autochamber",1.34832872514125,TRUE
"Autochamber",1.14525537215641,TRUE
"Autochamber",1.72912260346539,TRUE
"Autochamber",1.14891813369071,TRUE
"Autochamber",1.32187809300228,TRUE
"Autochamber",1.32826098326251,TRUE
"Autochamber",1.02525025600447,TRUE
"Autochamber",1.23320016355435,TRUE
"Autochamber",1.04512780747243,TRUE
"Autochamber",1.64243503478098,TRUE
"Autochamber",1.01382678513055,TRUE
"Autochamber",1.14427128108078,TRUE
"Autochamber",1.41846656640662,TRUE
"Autochamber",1.30196939192185,TRUE
"Autochamber",1.22814975085418,TRUE
"Autochamber",1.00993622715151,TRUE
"Autochamber",1.06275605799314,TRUE
"Autochamber",1.07380030722939,TRUE
"Autochamber",1.41614413325004,TRUE
"Autochamber",1.38275559204224,TRUE
"Autochamber",1.01437648862775,TRUE
"Autochamber",1.2932532930158,TRUE
"Autochamber",1.28022062674883,TRUE
"Autochamber",1.32482518283669,TRUE
"Autochamber",1.01484382815789,TRUE
"Autochamber",1.49138512634104,TRUE
"Autochamber",1.33187238306416,TRUE
"Autochamber",1.0132014882551,TRUE
"Autochamber",1.01710144484939,TRUE
"Autochamber",1.00834471268427,TRUE
"Autochamber",1.08494255824029,TRUE
"Autochamber",1.10872106607809,TRUE
"Autochamber",1.15795256121801,TRUE
"Autochamber",1.01271918378959,TRUE
"Autochamber",1.35072809431337,TRUE
"Autochamber",1.14959209280763,TRUE
"Autochamber",1.01599152015112,TRUE
"Autochamber",1.01744244259954,TRUE
"Autochamber",1.31312706303266,TRUE
"Autochamber",1.01016132257256,TRUE
"Autochamber",1.18516911803188,TRUE
"Autochamber",1.11164207755452,TRUE
"Autochamber",1.23592254704147,TRUE
"Autochamber",1.05594485361058,TRUE
"Autochamber",1.01579578643412,TRUE
"Autochamber",1.02946438673699,TRUE
"Autochamber",1.36054376859044,TRUE
"Autochamber",1.14001775968266,TRUE
"Autochamber",1.03484947014136,TRUE
"Autochamber",1.32261027396485,TRUE
"Autochamber",1.42964111586977,TRUE
"Autochamber",1.01685322411326,TRUE
"Autochamber",1.63396804792862,TRUE
"Autochamber",1.34612372750737,TRUE
"Autochamber",1.40335739155723,TRUE
"Autochamber",1.15935407306342,TRUE
"Autochamber",1.13187725142823,TRUE
"Autochamber",1.13546915071979,TRUE
"Autochamber",1.15593292380238,TRUE
"Autochamber",1.39921693683812,TRUE
"Autochamber",1.46858362003442,TRUE
"Autochamber",1.28125646983348,TRUE
"Autochamber",1.00617462587618,TRUE
"Autochamber",1.1341895389481,TRUE
"Autochamber",1.09254353652984,TRUE
"Autochamber",1.01560095691439,TRUE
"Autochamber",1.34937479375027,TRUE
"Autochamber",1.12376458343822,TRUE
"Autochamber",1.13231257913382,TRUE
"Autochamber",1.51046548430431,TRUE
"Autochamber",1.6293561366238,TRUE
"Autochamber",1.34948300517106,TRUE
"Autochamber",1.33891971294348,TRUE
"Autochamber",1.0677531647918,TRUE
"Autochamber",1.58562237706161,TRUE
"Autochamber",1.00735621033263,TRUE
"Autochamber",1.00849309132722,TRUE
"Autochamber",1.16946909478032,TRUE
"Autochamber",1.20102791765804,TRUE
"Autochamber",1.06634207471026,TRUE
"Autochamber",1.0131680725686,TRUE
"Autochamber",1.03600745640304,TRUE
"Autochamber",1.14437305660954,TRUE
"Autochamber",1.21967937768415,TRUE
"Autochamber",1.33643930660599,TRUE
"Autochamber",1.5226502375664,TRUE
"Autochamber",1.28016730200063,TRUE
"Autochamber",1.5863687087914,TRUE
"Autochamber",1.43123550595085,TRUE
"Autochamber",1.60357699280719,TRUE
"Autochamber",1.47748683768082,TRUE
"Autochamber",1.46998128120351,TRUE
"Autochamber",1.48146285463103,TRUE
"Autochamber",1.15481001841642,TRUE
"Autochamber",1.10112673888274,TRUE
"Autochamber",1.00895974390533,TRUE
"Autochamber",1.22735559230725,TRUE
"Autochamber",1.49601173380413,TRUE
"Autochamber",1.21224846732542,TRUE
"Autochamber",1.46572770582505,TRUE
"Autochamber",1.24693452596047,TRUE
"Autochamber",1.30085214256525,TRUE
"Autochamber",1.34096068237055,TRUE
"Autochamber",1.01569128312824,TRUE
"Autochamber",1.4927282450635,TRUE
"Autochamber",1.20321687325437,TRUE
"Autochamber",1.22815049912938,TRUE
"Autochamber",1.22428639263431,TRUE
"Autochamber",1.31971723367567,TRUE
"Autochamber",1.23170572673886,TRUE
"Autochamber",1.06521839683864,TRUE
"Autochamber",1.56999911935282,TRUE
"Autochamber",1.11963585838826,TRUE
"Autochamber",1.15640888472372,TRUE
"Autochamber",1.10958728972555,TRUE
"Autochamber",1.02684322808995,TRUE
"Autochamber",1.25543623415652,TRUE
"Autochamber",1.08510429248028,TRUE
"Autochamber",1.00834182610075,TRUE
"Autochamber",1.09351252855802,TRUE
"Autochamber",1.13805639467764,TRUE
"Autochamber",1.01079006824067,TRUE
"Autochamber",1.00722092081375,TRUE
"Autochamber",1.00868161986959,TRUE
"Autochamber",1.0155824438235,TRUE
"Autochamber",1.0198807610233,TRUE
"Autochamber",1.01210609836542,TRUE
"Autochamber",1.01799060727369,TRUE
"Autochamber",1.03136334926865,TRUE
"Autochamber",1.29201846635683,TRUE
"Autochamber",1.67762782202692,TRUE
"Autochamber",1.55719078151392,TRUE
"Autochamber",1.45130302890605,TRUE
"Autochamber",1.50408896508072,TRUE
"Autochamber",1.22884222753001,TRUE
"Autochamber",1.41904330942172,TRUE
"Autochamber",1.7941045742912,TRUE
"Autochamber",1.37953798683365,TRUE
"Autochamber",1.29669527416147,TRUE
"Autochamber",1.09943639153085,TRUE
"Autochamber",1.04616483208956,TRUE
"Autochamber",1.44144390564744,TRUE
"Autochamber",1.12929226642371,TRUE
"Autochamber",1.26176489854804,TRUE
"Autochamber",1.16963637164232,TRUE
"Autochamber",1.2216011475713,TRUE
"Autochamber",1.01570979365861,TRUE
"Autochamber",1.04614456745032,TRUE
"Autochamber",1.10162043097267,TRUE
"Autochamber",1.27163057322553,TRUE
"Autochamber",1.24548290892243,TRUE
"Autochamber",1,FALSE
"Autochamber",1.26661824281574,TRUE
"Autochamber",1.04528673937764,TRUE
"Autochamber",1.25199148099805,TRUE
"Autochamber",1.78748246793067,TRUE
"Autochamber",1.43685062503118,TRUE
"Autochamber",1.08798801332991,TRUE
"Autochamber",1.17898523257681,TRUE
"Autochamber",1.01197856552307,TRUE
"Autochamber",1.16361823058359,TRUE
"Autochamber",1,FALSE
"Autochamber",1.0910636337131,TRUE
"Autochamber",1.16777040686604,TRUE
"Autochamber",1.20151531252289,TRUE
"Autochamber",1.22634983295344,TRUE
"Autochamber",1.29911079921868,TRUE
"Autochamber",1.1638309703438,TRUE
"Autochamber",1.34766850546528,TRUE
"Autochamber",1.15791079891413,TRUE
"Autochamber",1.15442240725872,TRUE
"Autochamber",1.01019312933257,TRUE
"Autochamber",1.0097238921465,TRUE
"Autochamber",1.02849124289417,TRUE
"Autochamber",1.17969997423434,TRUE
"Autochamber",1.00975734891016,TRUE
"Autochamber",1.00466802562126,TRUE
"Autochamber",1.00627467839258,TRUE
"Autochamber",1.01091799594283,TRUE
"Autochamber",1.01998445260452,TRUE
"Autochamber",1.26869688795677,TRUE
"Autochamber",1.48667663133573,TRUE
"Autochamber",1.39013282962321,TRUE
"Autochamber",1.61802369837222,TRUE
"Autochamber",1.70765691280169,TRUE
"Autochamber",1.16794548519623,TRUE
"Autochamber",1.76579590844024,TRUE
"Autochamber",1.85148409221657,TRUE
"Autochamber",1.67512310881731,TRUE
"Autochamber",1.42320465568682,TRUE
"Autochamber",1.40562322647623,TRUE
"Autochamber",1.01597399279244,TRUE
"Autochamber",1.20062011536722,TRUE
"Autochamber",1.01043674234452,TRUE
"Autochamber",1.35350017490324,TRUE
"Autochamber",1.1816940290178,TRUE
"Autochamber",1.19940310403609,TRUE
"Autochamber",1.10029251024029,TRUE
"Autochamber",1.24887297502768,TRUE
"Autochamber",1,FALSE
"Autochamber",1.17761035907219,TRUE
"Autochamber",1.01633491670728,TRUE
"Autochamber",1.48987727218032,TRUE
"Autochamber",1.01381941809493,TRUE
"Autochamber",1.21245284666177,TRUE
"Autochamber",1.35002094927438,TRUE
"Autochamber",1.06087741356401,TRUE
"Autochamber",1,FALSE
"Autochamber",1.00843174645718,TRUE
"Autochamber",1.25764941198459,TRUE
"Autochamber",1.32293809161629,TRUE
"Autochamber",1.04060811620854,TRUE
"Autochamber",1.01317988987137,TRUE
"Autochamber",1,FALSE
"Autochamber",1.01477498769954,TRUE
"Autochamber",1.28379737842609,TRUE
"Autochamber",1.20060737108526,TRUE
"Autochamber",1.0120190977998,TRUE
"Autochamber",1.00459648790146,TRUE
"Autochamber",1.11866139792513,TRUE
"Autochamber",1.00814303070375,TRUE
"Autochamber",1.01512386260697,TRUE
"Autochamber",1,FALSE
"Autochamber",1.00991490524911,TRUE
"Autochamber",1.00416265109723,TRUE
"Autochamber",1.64218775794047,TRUE
"Autochamber",1.44263290950659,TRUE
"Autochamber",1.16564002656903,TRUE
"Autochamber",1.01115579714577,TRUE
"Autochamber",1.01621885045294,TRUE
"Autochamber",1.00930607950206,TRUE
"Autochamber",1,FALSE
"Autochamber",1,FALSE
"Autochamber",1.00839516173896,TRUE
"Autochamber",1.00396279362302,TRUE
"Autochamber",1.00681299459541,TRUE
"Autochamber",1,FALSE
"Autochamber",1.04939433739592,TRUE
"Autochamber",1.03853500615228,TRUE
"Autochamber",1.15225373831467,TRUE
"Autochamber",1.04382666920229,TRUE
"Autochamber",1.04221216949613,TRUE
"Autochamber",1.10282251949163,TRUE
"Autochamber",1.20838143898277,TRUE
"Autochamber",1.00994786610124,TRUE
"Autochamber",1.01179869177519,TRUE
"Autochamber",1.00928914268079,TRUE
"Autochamber",1.01490402822006,TRUE
"Autochamber",1,FALSE
"Autochamber",1.00504194851345,TRUE
"Autochamber",1.00720886005251,TRUE
"Autochamber",1,FALSE
"Autochamber",1,FALSE
"Autochamber",1,FALSE
"Autochamber",1,FALSE
"Autochamber",1,FALSE
"Autochamber",1.00581544082898,TRUE
"Autochamber",1.0085374191211,TRUE
"Autochamber",1.00690961662158,TRUE
"Autochamber",1,FALSE
"Autochamber",1.08506552624603,TRUE
"Autochamber",1,FALSE
"Autochamber",1.31192861907099,TRUE
"Autochamber",1.00799924118757,TRUE
"Autochamber",1,FALSE
"Autochamber",1.35950458800924,TRUE
"Autochamber",1.43021882929524,TRUE
"Autochamber",1,FALSE
"Autochamber",1.36402760329628,TRUE
"Autochamber",1.00888513840678,TRUE
"Autochamber",1.09802059086316,TRUE
"Autochamber",1,FALSE
"Autochamber",1.19217299934102,TRUE
"Autochamber",1.01757754995623,TRUE
"Autochamber",1.00893248627794,TRUE
"Autochamber",1,FALSE
"Autochamber",1,FALSE
"Autochamber",1.08083092716464,TRUE
"Autochamber",1.08278775876041,TRUE
"Autochamber",1.01720335145094,TRUE
"Autochamber",1,FALSE
"Autochamber",1.00882524187613,TRUE
"Autochamber",1.01488385222914,TRUE
"Autochamber",1.25878130992267,TRUE
"Autochamber",1.00588736932515,TRUE
"Autochamber",1.02662154361829,TRUE
"Autochamber",1.16795224363616,TRUE
"Autochamber",1.00585518675363,TRUE
"Autochamber",1.08288484665318,TRUE
"Autochamber",1.00972851938404,TRUE
"Autochamber",1.2245044272151,TRUE
"Autochamber",1.14375111815449,TRUE
"Autochamber",1.19987798136271,TRUE
"Autochamber",1.53075115222599,TRUE
"Autochamber",1.45362410263116,TRUE
"Autochamber",1.48494919536979,TRUE
"Autochamber",1.52569668690872,TRUE
"Autochamber",1.56041843480376,TRUE
"Autochamber",1.72624419164648,TRUE
"Autochamber",1.41143745225244,TRUE
"Autochamber",1.55812756091241,TRUE
"Autochamber",1.51911509708843,TRUE
"Autochamber",1.43234100446736,TRUE
"Autochamber",1.66234324068731,TRUE
"Autochamber",1.28998163909342,TRUE
"Autochamber",1.54235034314046,TRUE
"Autochamber",1.23114667045556,TRUE
"Autochamber",1.26966682319958,TRUE
"Autochamber",1.41237014943869,TRUE
"Autochamber",1.55484907536468,TRUE
"Autochamber",1.19474469203654,TRUE
"Autochamber",1.28767555228578,TRUE
"Autochamber",1.01177093719202,TRUE
"Autochamber",1.06196127699277,TRUE
"Autochamber",1.01216963406381,TRUE
"Autochamber",1.09317960732983,TRUE
"Autochamber",1.21255583940451,TRUE
"Autochamber",1.01161383840834,TRUE
"Autochamber",1.00708173129429,TRUE
"Autochamber",1.01614344292202,TRUE
"Autochamber",1.01316662119323,TRUE
"Autochamber",1.00686836192884,TRUE
"Autochamber",1.13307486666379,TRUE
"Autochamber",1.06989748754862,TRUE
"Autochamber",1.00913142030641,TRUE
"Autochamber",1.22391329283003,TRUE
"Autochamber",1.78896076405132,TRUE
"Autochamber",1.36766097357623,TRUE
"Autochamber",1.45147399105491,TRUE
"Autochamber",1.5083697553934,TRUE
"Autochamber",1.18461602058512,TRUE
"Autochamber",1.38179276828764,TRUE
"Autochamber",1.25860012419476,TRUE
"Autochamber",1.06522299175892,TRUE
"Autochamber",1.25219727690174,TRUE
"Autochamber",1.47237614475786,TRUE
"Autochamber",1.01093932575141,TRUE
"Autochamber",1.01033725547417,TRUE
"Autochamber",1.0084144210568,TRUE
"Autochamber",1.01012176710382,TRUE
"Autochamber",1.17155060808918,TRUE
"Autochamber",1.13734390776018,TRUE
"Autochamber",1.09443605558159,TRUE
"Autochamber",1.09367580750049,TRUE
"Autochamber",1.04361116773634,TRUE
"Autochamber",1.08849748538573,TRUE
"Autochamber",1.10105634628949,TRUE
"Autochamber",1.06102972661593,TRUE
"Autochamber",1.0554645953772,TRUE
"Autochamber",1.21226800465469,TRUE
"Autochamber",1.23473645326583,TRUE
"Autochamber",1.052487071384,TRUE
"Autochamber",1.01506060038591,TRUE
"Autochamber",1.21728118547876,TRUE
"Autochamber",1.06294061572583,TRUE
"Autochamber",1.51206927723989,TRUE
"Autochamber",1.4434731250512,TRUE
"Autochamber",1.3265396882274,TRUE
"Autochamber",1.21394216094583,TRUE
"Autochamber",1.28279581798274,TRUE
"Autochamber",1.277441304989,TRUE
"Autochamber",1.00696978969176,TRUE
"Autochamber",1.26731904423148,TRUE
"Autochamber",1.01042340457116,TRUE
"Autochamber",1.00821097494801,TRUE
"Autochamber",1.00726437091676,TRUE
"Autochamber",1.00910106023103,TRUE
"Autochamber",1.00720581609052,TRUE
"Autochamber",1.01710949041054,TRUE
"Autochamber",1.11303537965641,TRUE
"Autochamber",1.01117757639236,TRUE
"Autochamber",1.53711986953773,TRUE
"Autochamber",1.02014326689041,TRUE
"Autochamber",1.47753285956444,TRUE
"Autochamber",1.33468868390573,TRUE
"Autochamber",1.4131922113923,TRUE
"Autochamber",1.44588572719393,TRUE
"Autochamber",1.22959950451247,TRUE
"Autochamber",1.22384827198538,TRUE
"Autochamber",1.0642929524662,TRUE
"Autochamber",1.25584276535692,TRUE
"Autochamber",1.48060835554981,TRUE
"Autochamber",1.37444779252274,TRUE
"Autochamber",1.07680690320707,TRUE
"Autochamber",1.33257093364405,TRUE
"Autochamber",1.14362265856666,TRUE
"Autochamber",1.04869757697306,TRUE
"Autochamber",1.21286491028934,TRUE
"Autochamber",1.13038400931125,TRUE
"Autochamber",1.37548915736533,TRUE
"Autochamber",1.15972361286974,TRUE
"Autochamber",1.1670887802753,TRUE
"Autochamber",1.05782054100427,TRUE
"Autochamber",1.08133938191349,TRUE
"Autochamber",1.22310873419567,TRUE
"Autochamber",1.1761576988587,TRUE
"Autochamber",1.26308870151006,TRUE
"Autochamber",1.0864550900946,TRUE
"Autochamber",1.23466661960185,TRUE
"Autochamber",1.09328046259601,TRUE
"Autochamber",1.02475240241682,TRUE
"Autochamber",1.10742558651618,TRUE
"Autochamber",1.17558786461989,TRUE
"Autochamber",1.27379111411283,TRUE
"Autochamber",1.74586802262803,TRUE
"Autochamber",1.39077057444539,TRUE
"Autochamber",1.52640466664607,TRUE
"Autochamber",1.03195616664348,TRUE
"Autochamber",1.08567923586215,TRUE
"Autochamber",1.36158504782261,TRUE
"Autochamber",1.08959593550889,TRUE
"Autochamber",1.01192959798311,TRUE
"Autochamber",1.00947784119643,TRUE
"Autochamber",1.00600229445659,TRUE
"Autochamber",1.00825148877413,TRUE
"Autochamber",1.01185497654399,TRUE
"Autochamber",1.00545321229013,TRUE
"Autochamber",1.0068131652226,TRUE
"Autochamber",1.16956260171211,TRUE
"Autochamber",1.29085194044684,TRUE
"Autochamber",1.13693173033255,TRUE
"Autochamber",1.08457543561415,TRUE
"Autochamber",1.65799946192946,TRUE
"Autochamber",1.46055554026148,TRUE
"Autochamber",1.66026001762737,TRUE
"Autochamber",1.24250742550427,TRUE
"Autochamber",1.26802690426168,TRUE
"Autochamber",1.235905037304,TRUE
"Autochamber",1.04136073483997,TRUE
"Autochamber",1.13424203962224,TRUE
"Autochamber",1.23298643069768,TRUE
"Autochamber",1.0137439501962,TRUE
"Autochamber",1,FALSE
"Autochamber",1.68403603548117,TRUE
"Autochamber",1.5484405850977,TRUE
"Autochamber",1.54838726263429,TRUE
"Autochamber",1.61501379663891,TRUE
"Autochamber",1.73049186274651,TRUE
"Autochamber",1.64344418177253,TRUE
"Autochamber",1.53421335193901,TRUE
"Autochamber",1.36329223263733,TRUE
"Autochamber",1.1400559031431,TRUE
"Autochamber",1.47792465215271,TRUE
"Autochamber",1.45745318776099,TRUE
"Autochamber",1.54824431243098,TRUE
"Autochamber",1.66577068287073,TRUE
"Autochamber",1.95118145907627,TRUE
"Autochamber",1.01313857927205,TRUE
"Autochamber",1.61481623132464,TRUE
"Autochamber",1.23805252651701,TRUE
"Autochamber",1.13097607763126,TRUE
"Autochamber",1.3094176465338,TRUE
"Autochamber",1.13653211384914,TRUE
"Autochamber",1.67979132569605,TRUE
"Autochamber",1.28427917634586,TRUE
"Autochamber",1.3066138797564,TRUE
"Autochamber",1.38141651024294,TRUE
"Autochamber",1.07186307552596,TRUE
"Autochamber",1.11574614995117,TRUE
"Autochamber",1.08673985155892,TRUE
"Autochamber",1.00732710419604,TRUE
"Autochamber",1.006755652427,TRUE
"Autochamber",1.21287665101035,TRUE
"Autochamber",1.24818956407437,TRUE
"Autochamber",1.07875870405628,TRUE
"Autochamber",1.45077236554632,TRUE
"Autochamber",1.54611310950904,TRUE
"Autochamber",1.59069587793798,TRUE
"Autochamber",1.6564226309286,TRUE
"Autochamber",1.4435738767939,TRUE
"Autochamber",1.50215696539109,TRUE
"Autochamber",1.52772945046997,TRUE
"Autochamber",1.46518238962238,TRUE
"Autochamber",1.64611554900338,TRUE
"Autochamber",1.5806019338388,TRUE
"Autochamber",1.49891995427433,TRUE
"Autochamber",1.67474166468052,TRUE
"Autochamber",1.54477554874943,TRUE
"Autochamber",1.99107923477792,TRUE
"Autochamber",1.81001036503104,TRUE
"Autochamber",1.97661869417717,TRUE
"Autochamber",1.8971997434383,TRUE
"Autochamber",1.98330892008852,TRUE
"Autochamber",1,FALSE
"Autochamber",1.5310889714756,TRUE
"Autochamber",1.50792723195395,TRUE
"Autochamber",1.2679790304667,TRUE
"Autochamber",1.3903963063671,TRUE
"Autochamber",1.30457821544438,TRUE
"Autochamber",1.68434792689108,TRUE
"Autochamber",1.7560076600237,TRUE
"Autochamber",1,FALSE
"Autochamber",1.55892506775613,TRUE
"Autochamber",1.55336084055317,TRUE
"Autochamber",1,FALSE
"Autochamber",1,FALSE
"Autochamber",1,FALSE
"Autochamber",1,FALSE
"Autochamber",1.81967073653223,TRUE
"Autochamber",1.8726900782895,TRUE
"Autochamber",1.05705194004119,TRUE
"Autochamber",1.61220114155709,TRUE
"Autochamber",1.0077670227771,TRUE
"Autochamber",1.33909964031112,TRUE
"Autochamber",1.09294468668554,TRUE
"Autochamber",1.20020124062646,TRUE
"Autochamber",1.14076779566881,TRUE
"Autochamber",1.00607910491148,TRUE
"Autochamber",1.15972840578362,TRUE
"Autochamber",1.18926351321326,TRUE
"Autochamber",1.13718383108366,TRUE
"Autochamber",1.39258439029944,TRUE
"Autochamber",1,FALSE
"Autochamber",1.742362306987,TRUE
"Autochamber",1,FALSE
"Autochamber",1.74558415048801,TRUE
"Autochamber",1,FALSE
"Autochamber",1,FALSE
"Autochamber",1,FALSE
"Autochamber",1,FALSE
"Autochamber",1,FALSE
"Autochamber",1,FALSE
"Autochamber",1,FALSE
"Autochamber",1,FALSE
"Autochamber",1.74749045166982,TRUE
"Autochamber",1,FALSE
"Autochamber",1,FALSE
"Autochamber",1,FALSE
"Autochamber",1,FALSE
"Autochamber",1,FALSE
"Autochamber",1,FALSE
"Autochamber",1,FALSE
"Autochamber",1,FALSE
"Autochamber",1,FALSE
"Autochamber",1,FALSE
"Autochamber",1,FALSE
"Autochamber",1,FALSE
"Autochamber",1.78714183898921,TRUE
"Autochamber",1.79760563575565,TRUE
"Autochamber",1,FALSE
"Autochamber",1,FALSE
"Autochamber",1,FALSE
"Autochamber",1.91380388507489,TRUE
"Autochamber",1.79654673096138,TRUE
"Autochamber",1.80545426051582,TRUE
"Autochamber",1.8807528459117,TRUE
"Autochamber",1.09212724437611,TRUE
"Autochamber",1.0162738243535,TRUE
"Autochamber",1.00601272771512,TRUE
"Autochamber",1.56948479484937,TRUE
"Autochamber",1,FALSE
"Autochamber",1.11704496702456,TRUE
"Autochamber",1.60772160844155,TRUE
"Autochamber",1.38819530192873,TRUE
"Autochamber",1.01542508884929,TRUE
"Autochamber",1.1896233647226,TRUE
"Autochamber",1.12517260914496,TRUE
"Autochamber",1.08873817148436,TRUE
"Autochamber",1.15680692164193,TRUE
"Autochamber",1.56014805841131,TRUE
"Autochamber",1.39500914839113,TRUE
"Autochamber",1.43001732542485,TRUE
"Autochamber",1.63143295848707,TRUE
"Autochamber",1.64670260336439,TRUE
"Autochamber",1.54615333666033,TRUE
"Autochamber",1,FALSE
"Autochamber",1.92950361740992,TRUE
"Autochamber",1.9699154923133,TRUE
"Autochamber",1,FALSE
"Autochamber",1,FALSE
"Autochamber",1.87237563594208,TRUE
"Autochamber",1,FALSE
"Autochamber",1.77397832909432,TRUE
"Autochamber",1,FALSE
"Autochamber",1,FALSE
"Autochamber",1,FALSE
"Autochamber",1,FALSE
"Autochamber",1,FALSE
"Autochamber",1.63287172049581,TRUE
"Autochamber",1,FALSE
"Autochamber",1,FALSE
"Autochamber",1,FALSE
"Autochamber",1,FALSE
"Autochamber",1.63447765546115,TRUE
"Autochamber",1.51937586875467,TRUE
"Autochamber",1.69722544628205,TRUE
"Autochamber",1.78843704363639,TRUE
"Autochamber",1.73754628158649,TRUE
"Autochamber",1,FALSE
"Autochamber",1.79458649019995,TRUE
"Autochamber",1,FALSE
"Autochamber",1.792232470736,TRUE
"Autochamber",1.97864194915994,TRUE
"Autochamber",1.78419506863356,TRUE
"Autochamber",1.69362671494364,TRUE
"Autochamber",1.2964722760454,TRUE
"Autochamber",1.00877412310828,TRUE
"Autochamber",1.14945173170095,TRUE
"Autochamber",1,FALSE
"Autochamber",1.23212477964174,TRUE
"Autochamber",1.59028131358589,TRUE
"Autochamber",1.25231902177606,TRUE
"Autochamber",1.14587044551644,TRUE
"Autochamber",1.30113268300541,TRUE
"Autochamber",1.00987691306189,TRUE
"Autochamber",1.06236839327074,TRUE
"Autochamber",1.01235797208963,TRUE
"Autochamber",1.54041620216413,TRUE
"Autochamber",1.3636136461497,TRUE
"Autochamber",1.61936200848091,TRUE
"Autochamber",1.41928462040906,TRUE
"Autochamber",1.60329052363195,TRUE
"Autochamber",1.33142267472981,TRUE
"Autochamber",1.48647702801302,TRUE
"Autochamber",1.49759687344915,TRUE
"Autochamber",1.53963055889936,TRUE
"Autochamber",1.65844788665918,TRUE
"Autochamber",1.55676906432926,TRUE
"Autochamber",1.58587942212731,TRUE
"Autochamber",1.59127063978162,TRUE
"Autochamber",1.83866755508568,TRUE
"Autochamber",1.82753764908222,TRUE
"Autochamber",1.46752260571978,TRUE
"Autochamber",1.62712814934139,TRUE
"Autochamber",1.78903848752433,TRUE
"Autochamber",1,FALSE
"Autochamber",1,FALSE
"Autochamber",1.62918995691321,TRUE
"Autochamber",1.57796646231313,TRUE
"Autochamber",1.98433473969129,TRUE
"Autochamber",1.23282416254828,TRUE
"Autochamber",1.01540876927776,TRUE
"Autochamber",1.08845983233475,TRUE
"Autochamber",1.50052918734189,TRUE
"Autochamber",1.54769080671418,TRUE
"Autochamber",1.52278502300965,TRUE
"Autochamber",1.33895283399794,TRUE
"Autochamber",1.13766359104635,TRUE
"Autochamber",1.09469654708081,TRUE
"Autochamber",1.04440312594098,TRUE
"Autochamber",1.006554623974,TRUE
"Autochamber",1.10981997732561,TRUE
"Autochamber",1.07354585421624,TRUE
"Autochamber",1.19677666296757,TRUE
"Autochamber",1.04429533458063,TRUE
"Autochamber",1.38551775704966,TRUE
"Autochamber",1.546134782577,TRUE
"Autochamber",1.33007597873175,TRUE
"Autochamber",1.15529850088021,TRUE
"Autochamber",1.05033972545057,TRUE
"Autochamber",1.13380522702262,TRUE
"Autochamber",1.15523574348161,TRUE
"Autochamber",1.13706486285616,TRUE
"Autochamber",1.17052675237835,TRUE
"Autochamber",1.04321610345278,TRUE
"Autochamber",1.42086127153246,TRUE
"Autochamber",1.01567861745693,TRUE
"Autochamber",1.10887052314986,TRUE
"Autochamber",1.00767663122268,TRUE
"Autochamber",1.04531904249363,TRUE
"Autochamber",1.0124610819022,TRUE
"Autochamber",1.12828015709821,TRUE
"Autochamber",1.08407312804889,TRUE
"Autochamber",1.35318787900292,TRUE
"Autochamber",1.17388211803843,TRUE
"Autochamber",1.10702925862571,TRUE
"Autochamber",1.08721567954737,TRUE
"Autochamber",1.03516241628333,TRUE
"Autochamber",1.04748296646781,TRUE
"Autochamber",1.11252834025711,TRUE
"Autochamber",1.20812356551951,TRUE
"Autochamber",1.12655273472824,TRUE
"Autochamber",1.18507583279119,TRUE
"Autochamber",1.17773716243951,TRUE
"Autochamber",1.26221136921801,TRUE
"Autochamber",1.0136367918465,TRUE
"Autochamber",1.04903745280614,TRUE
"Autochamber",1.19635617787661,TRUE
"Autochamber",1.04874593589497,TRUE
"Autochamber",1.13746897824024,TRUE
"Autochamber",1.10611815120839,TRUE
"Autochamber",1.07482609851809,TRUE
"Autochamber",1.20251152850606,TRUE
"Autochamber",1.17903456825013,TRUE
"Autochamber",1.00774061473063,TRUE
"Autochamber",1.12971014164822,TRUE
"Autochamber",1.01863847744668,TRUE
"Autochamber",1.03577600301636,TRUE
"Autochamber",1.09700950209183,TRUE
"Autochamber",1.01423713129389,TRUE
"Autochamber",1.00970685936256,TRUE
"Autochamber",1.16400713733966,TRUE
"Autochamber",1.25824716738615,TRUE
"Autochamber",1.01191342112773,TRUE
"Autochamber",1.01869739290053,TRUE
"Autochamber",1.32868042958638,TRUE
"Autochamber",1.01542206635537,TRUE
"Autochamber",1.02335199894208,TRUE
"Autochamber",1.05907413309255,TRUE
"Autochamber",1.06412542906805,TRUE
"Autochamber",1.01224222347734,TRUE
"Autochamber",1.00541583965293,TRUE
"Autochamber",1.09177673676403,TRUE
"Autochamber",1.1306110093976,TRUE
"Autochamber",1.21743928349991,TRUE
"Autochamber",1.16815557905543,TRUE
"Autochamber",1.23501463149256,TRUE
"Autochamber",1.05175466632011,TRUE
"Autochamber",1.24642089007222,TRUE
"Autochamber",1.0108074380286,TRUE
"Autochamber",1.09377768870747,TRUE
"Autochamber",1.18996004300173,TRUE
"Autochamber",1.03811964316555,TRUE
"Autochamber",1.00987163439425,TRUE
"Autochamber",1.25129855938175,TRUE
"Autochamber",1.0161869030551,TRUE
"Autochamber",1.04966148876522,TRUE
"Autochamber",1.04226811846408,TRUE
"Autochamber",1.01048827810933,TRUE
"Autochamber",1.00610423948771,TRUE
"Autochamber",1.00927686041236,TRUE
"Autochamber",1.01076758745563,TRUE
"Autochamber",1.00929147412654,TRUE
"Autochamber",1.12428118421073,TRUE
"Autochamber",1.00791541190592,TRUE
"Autochamber",1.05880228788003,TRUE
"Autochamber",1.07356370594825,TRUE
"Autochamber",1.07218242434394,TRUE
"Autochamber",1.0118679675862,TRUE
"Autochamber",1.00996387516525,TRUE
"Autochamber",1.01359335309561,TRUE
"Autochamber",1.17338868629778,TRUE
"Autochamber",1.1708196118445,TRUE
"Autochamber",1.36140234471078,TRUE
"Autochamber",1.25194329738852,TRUE
"Autochamber",1.25931612541703,TRUE
"Autochamber",1.08208361034251,TRUE
"Autochamber",1.04673166675802,TRUE
"Autochamber",1.01759458734048,TRUE
"Autochamber",1.23720830640403,TRUE
"Autochamber",1.02335867179564,TRUE
"Autochamber",1.26917810886781,TRUE
"Autochamber",1.28386209215963,TRUE
"Autochamber",1.28522406249626,TRUE
"Autochamber",1.01640671324969,TRUE
"Autochamber",1.13499400043173,TRUE
"Autochamber",1.06593081429674,TRUE
"Autochamber",1.00578380219094,TRUE
"Autochamber",1.01001568487852,TRUE
"Autochamber",1.06208862956421,TRUE
"Autochamber",1.00613670905571,TRUE
"Autochamber",1.0092641125101,TRUE
"Autochamber",1.00559912773035,TRUE
"Autochamber",1.01056921010925,TRUE
"Autochamber",1.24290234757177,TRUE
"Autochamber",1.34352227723082,TRUE
"Autochamber",1.07652462054453,TRUE
"Autochamber",1.26976644446555,TRUE
"Autochamber",1.13063044477428,TRUE
"Autochamber",1.20630128552286,TRUE
"Autochamber",1.01029153334231,TRUE
"Autochamber",1.34692572987623,TRUE
"Autochamber",1.04633238262394,TRUE
"Autochamber",1.2913994259486,TRUE
"Autochamber",1.53320921130998,TRUE
"Autochamber",1.05649271086456,TRUE
"Autochamber",1.35517368888912,TRUE
"Autochamber",1.10575788680769,TRUE
"Autochamber",1.29223148291609,TRUE
"Autochamber",1,FALSE
"Autochamber",1.00714796782889,TRUE
"Autochamber",1,FALSE
"Autochamber",1,FALSE
"Autochamber",1.25372420882551,TRUE
"Autochamber",1.00934549211617,TRUE
"Autochamber",1.19476983765771,TRUE
"Autochamber",1,FALSE
"Autochamber",1,FALSE
"Autochamber",1,FALSE
"Autochamber",1,FALSE
"Autochamber",1,FALSE
"Autochamber",1.15036956552706,TRUE
"Autochamber",1,FALSE
"Autochamber",1.01469895382483,TRUE
"Autochamber",1,FALSE
"Autochamber",1.00648503260053,TRUE
"Autochamber",1.34271892153818,TRUE
"Autochamber",1.16776564991093,TRUE
"Autochamber",1.04196554791184,TRUE
"Autochamber",1.01430031087283,TRUE
"Autochamber",1,FALSE
"Autochamber",1.05418257900265,TRUE
"Autochamber",1,FALSE
"Autochamber",1.00819549714767,TRUE
"Autochamber",1.14692886582071,TRUE
"Autochamber",1.16175693141716,TRUE
"Autochamber",1.19488705477427,TRUE
"Autochamber",1.14781069518152,TRUE
"Autochamber",1.01192541388746,TRUE
"Autochamber",1.01162455400746,TRUE
"Autochamber",1.0775726443809,TRUE
"Autochamber",1.04961260838059,TRUE
"Autochamber",1.01012827502478,TRUE
"Autochamber",1.02028332650842,TRUE
"Autochamber",1.01156010801639,TRUE
"Autochamber",1.01195134284862,TRUE
"Autochamber",1.00996345954916,TRUE
"Autochamber",1.00630889728193,TRUE
"Autochamber",1,FALSE
"Autochamber",1,FALSE
"Autochamber",1,FALSE
"Autochamber",1,FALSE
"Autochamber",1,FALSE
"Autochamber",1,FALSE
"Autochamber",1.27877704994476,TRUE
"Autochamber",1,FALSE
"Autochamber",1,FALSE
"Autochamber",1,FALSE
"Autochamber",1.07604403828344,TRUE
"Autochamber",1.00680638137213,TRUE
"Autochamber",1,FALSE
"Autochamber",1.01621383500985,TRUE
"Autochamber",1.00908791821598,TRUE
"Autochamber",1,FALSE
"Autochamber",1,FALSE
"Autochamber",1,FALSE
"Autochamber",1,FALSE
"Autochamber",1,FALSE
"Autochamber",1,FALSE
"Autochamber",1,FALSE
"Autochamber",1,FALSE
"Autochamber",1,FALSE
"Autochamber",1,FALSE
"Autochamber",1,FALSE
"Autochamber",1.01496102569811,TRUE
"Autochamber",1,FALSE
"Autochamber",1,FALSE
"Autochamber",1,FALSE
"Autochamber",1,FALSE
"Autochamber",1,FALSE
"Autochamber",1,FALSE
"Autochamber",1,FALSE
"Autochamber",1.00208578968198,TRUE
"Autochamber",1,FALSE
"Autochamber",1.07610061852204,TRUE
"Autochamber",1,FALSE
"Autochamber",1,FALSE
"Autochamber",1,FALSE
"Autochamber",1,FALSE
"Autochamber",1,FALSE
"Autochamber",1,FALSE
"Autochamber",1,FALSE
"Autochamber",1,FALSE
"Autochamber",1.00681268689907,TRUE
"Autochamber",1,FALSE
"Autochamber",1,FALSE
"Autochamber",1,FALSE
"Autochamber",1,FALSE
"Autochamber",1,FALSE
"Autochamber",1,FALSE
"Autochamber",1,FALSE
"Autochamber",1,FALSE
"Autochamber",1,FALSE
"Autochamber",1,FALSE
"Autochamber",1.00247764711072,TRUE
"Autochamber",1,FALSE
"Autochamber",1,FALSE
"Autochamber",1,FALSE
"Autochamber",1,FALSE
"Autochamber",1,FALSE
"Autochamber",1,FALSE
"Autochamber",1,FALSE
"Autochamber",1,FALSE
"Autochamber",1,FALSE
"Autochamber",1.01141417240136,TRUE
"Autochamber",1.47995771719837,TRUE
"Autochamber",1.28529746729258,TRUE
"Autochamber",1.01115512789536,TRUE
"Autochamber",1,FALSE
"Autochamber",1,FALSE
"Autochamber",1.01312600320713,TRUE
"Autochamber",1.2656056941545,TRUE
"Autochamber",1.05095992429105,TRUE
"Autochamber",1.32690913541399,TRUE
"Autochamber",1.1967540677706,TRUE
"Autochamber",1.24342943555722,TRUE
"Autochamber",1,FALSE
"Autochamber",1.01591180224955,TRUE
"Autochamber",1.4954785971577,TRUE
"Autochamber",1.16985249568649,TRUE
"Autochamber",1,FALSE
"Autochamber",1.04880985939837,TRUE
"Autochamber",1.13459177324648,TRUE
"Autochamber",1.11379948853354,TRUE
"Autochamber",1.06555175756365,TRUE
"Autochamber",1,FALSE
"Autochamber",1.07618374195022,TRUE
"Autochamber",1.20873358704943,TRUE
"Autochamber",1.06733558257185,TRUE
"Autochamber",1.011360717952,TRUE
"Autochamber",1.21877102170337,TRUE
"Autochamber",1.34761436279349,TRUE
"Autochamber",1.28998757813372,TRUE
"Autochamber",1.31954777980592,TRUE
"Autochamber",1.21632368120407,TRUE
"Autochamber",1.04151808664068,TRUE
"Autochamber",1.3793259021644,TRUE
"Autochamber",1.19377617357751,TRUE
"Autochamber",1.17854234569589,TRUE
"Autochamber",1.08796302992226,TRUE
"Autochamber",1.016116155034,TRUE
"Autochamber",1.09527337852009,TRUE
"Autochamber",1.1994156376279,TRUE
"Autochamber",1.1916276182653,TRUE
"Autochamber",1.11114503896998,TRUE
"Autochamber",1.19385504621403,TRUE
"Autochamber",1.2046502451874,TRUE
"Autochamber",1.10236148099128,TRUE
"Autochamber",1.0603324521793,TRUE
"Autochamber",1.07905495171709,TRUE
"Autochamber",1,FALSE
"Autochamber",1.00825406945181,TRUE
"Autochamber",1.33341809697461,TRUE
"Autochamber",1.00960446349062,TRUE
"Autochamber",1.01058955128463,TRUE
"Autochamber",1,FALSE
"Autochamber",1,FALSE
"Autochamber",1.20326858896472,TRUE
"Autochamber",1.01699307966219,TRUE
"Autochamber",1.08264881565939,TRUE
"Autochamber",1.01558173462634,TRUE
"Autochamber",1,FALSE
"Autochamber",1.01568054955814,TRUE
"Autochamber",1.12614561057139,TRUE
"Autochamber",1.29854789086949,TRUE
"Autochamber",1.14678928750159,TRUE
"Autochamber",1.07423546024324,TRUE
"Autochamber",1.1316325195281,TRUE
"Autochamber",1.01648765215377,TRUE
"Autochamber",1.08426050488234,TRUE
"Autochamber",1.05778808364618,TRUE
"Autochamber",1.07636396569509,TRUE
"Autochamber",1.10486213114515,TRUE
"Autochamber",1.01633800492111,TRUE
"Autochamber",1.15659800383136,TRUE
"Autochamber",1.06007326758709,TRUE
"Autochamber",1.07759054313281,TRUE
"Autochamber",1.03879624788863,TRUE
"Autochamber",1.0921129387834,TRUE
"Autochamber",1.01522670900701,TRUE
"Autochamber",1.17310404588693,TRUE
"Autochamber",1.07250107911657,TRUE
"Autochamber",1.01474037839412,TRUE
"Autochamber",1.09592426543301,TRUE
"Autochamber",1.05491463228632,TRUE
"Autochamber",1.03920340817825,TRUE
"Autochamber",1.05916742414035,TRUE
"Autochamber",1.10199115746121,TRUE
"Autochamber",1.14353094172312,TRUE
"Autochamber",1.11306718061177,TRUE
"Autochamber",1.01642053227582,TRUE
"Autochamber",1.00846660445691,TRUE
"Autochamber",1.02403961981544,TRUE
"Autochamber",1.0082912658871,TRUE
"Autochamber",1.24614539206916,TRUE
"Autochamber",1,FALSE
"Autochamber",1.00423746877149,TRUE
"Autochamber",1.00430935880388,TRUE
"Autochamber",1.03007443869882,TRUE
"Autochamber",1.00641580048783,TRUE
"Autochamber",1.00343503026912,TRUE
"Autochamber",1.00635257706052,TRUE
"Autochamber",1,FALSE
"Autochamber",1.00569038743903,TRUE
"Autochamber",1.00539827081991,TRUE
"Autochamber",1.37195766232962,TRUE
"Autochamber",1.0938456160837,TRUE
"Autochamber",1.01301746712975,TRUE
"Autochamber",1.00860453753637,TRUE
"Autochamber",1.0151335645987,TRUE
"Autochamber",1.01559809144225,TRUE
"Autochamber",1.35173885603007,TRUE
"Autochamber",1.01643990285159,TRUE
"Autochamber",1.14929518913142,TRUE
"Autochamber",1.07640044197618,TRUE
"Autochamber",1.01420933641158,TRUE
"Autochamber",1.15589996483683,TRUE
"Autochamber",1.19578859206856,TRUE
"Autochamber",1.15090961248679,TRUE
"Autochamber",1.1710438528542,TRUE
"Autochamber",1.13569701635188,TRUE
"Autochamber",1.10435014012813,TRUE
"Autochamber",1.09462053174767,TRUE
"Autochamber",1.01617150330968,TRUE
"Autochamber",1.05857940573785,TRUE
"Autochamber",1.06822426574058,TRUE
"Autochamber",1.08305835192687,TRUE
"Autochamber",1.11276345726014,TRUE
"Autochamber",1.21539011883992,TRUE
"Autochamber",1.03770573347221,TRUE
"Autochamber",1.10826354908921,TRUE
"Autochamber",1.01179588471148,TRUE
"Autochamber",1.0566191594625,TRUE
"Autochamber",1.05192655080815,TRUE
"Autochamber",1.0127810602152,TRUE
"Autochamber",1.01334327309486,TRUE
"Autochamber",1.03548946502535,TRUE
"Autochamber",1.01001020255286,TRUE
"Autochamber",1.0234865685641,TRUE
"Autochamber",1.01165898662056,TRUE
"Autochamber",1.0895664225187,TRUE
"Autochamber",1.14885710645252,TRUE
"Autochamber",1.1380737960271,TRUE
"Autochamber",1.03054816536626,TRUE
"Autochamber",1.15292892531107,TRUE
"Autochamber",1,FALSE
"Autochamber",1.0177077877457,TRUE
"Autochamber",1.19932779034257,TRUE
"Autochamber",1.10231807363941,TRUE
"Autochamber",1.01220297966865,TRUE
"Autochamber",1.00891227885676,TRUE
"Autochamber",1.11280719359228,TRUE
"Autochamber",1.2498375514994,TRUE
"Autochamber",1.0559399014001,TRUE
"Autochamber",1.00873710166785,TRUE
"Autochamber",1.01451334177458,TRUE
"Autochamber",1.00713611421394,TRUE
"Autochamber",1,FALSE
"Autochamber",1.24621451279873,TRUE
"Autochamber",1.00765667985793,TRUE
"Autochamber",1.05820423907998,TRUE
"Autochamber",1.10010727746258,TRUE
"Autochamber",1.32880821586299,TRUE
"Autochamber",1.03558369073192,TRUE
"Autochamber",1.22123537743522,TRUE
"Autochamber",1.16075898192705,TRUE
"Autochamber",1.13529000132263,TRUE
"Autochamber",1.11731034944369,TRUE
"Autochamber",1.01589160688388,TRUE
"Autochamber",1.13147396061101,TRUE
"Autochamber",1.02634548683893,TRUE
"Autochamber",1.14200317610234,TRUE
"Autochamber",1.01533804918065,TRUE
"Autochamber",1.01586533193857,TRUE
"Autochamber",1.23731111399643,TRUE
"Autochamber",1.17595794627659,TRUE
"Autochamber",1.11335176439085,TRUE
"Autochamber",1.0264137562128,TRUE
"Autochamber",1.01728055838292,TRUE
"Autochamber",1.0133698337568,TRUE
"Autochamber",1.0773273078314,TRUE
"Autochamber",1.0483307526093,TRUE
"Autochamber",1.00949628831165,TRUE
"Autochamber",1.00830594283205,TRUE
"Autochamber",1.08235334003526,TRUE
"Autochamber",1.01063333242203,TRUE
"Autochamber",1.01674084867772,TRUE
"Autochamber",1.47485845658389,TRUE
"Autochamber",1.20036755062486,TRUE
"Autochamber",1.16205292614606,TRUE
"Autochamber",1,FALSE
"Autochamber",1,FALSE
"Autochamber",1.25940529043768,TRUE
"Autochamber",1.17202809034644,TRUE
"Autochamber",1.18301813391254,TRUE
"Autochamber",1.08105679642125,TRUE
"Autochamber",1.15019506031401,TRUE
"Autochamber",1.05685721184256,TRUE
"Autochamber",1.01313274736423,TRUE
"Autochamber",1.00616966182357,TRUE
"Autochamber",1.0159250383896,TRUE
"Autochamber",1.00875525537081,TRUE
"Autochamber",1.11995375230396,TRUE
"Autochamber",1.00864411109994,TRUE
"Autochamber",1,FALSE
"Autochamber",1,FALSE
"Autochamber",1.22370260146044,TRUE
"Autochamber",1.01117713806757,TRUE
"Autochamber",1.167496641862,TRUE
"Autochamber",1.14929202267007,TRUE
"Autochamber",1.02816217039653,TRUE
"Autochamber",1.11580693172095,TRUE
"Autochamber",1.2127846118049,TRUE
"Autochamber",1.02810866959087,TRUE
"Autochamber",1.1637820442414,TRUE
"Autochamber",1.15052583396422,TRUE
"Autochamber",1.08208319865336,TRUE
"Autochamber",1.29933680292344,TRUE
"Autochamber",1.26190973555323,TRUE
"Autochamber",1.06426452335358,TRUE
"Autochamber",1.01283975718672,TRUE
"Autochamber",1.06105681074956,TRUE
"Autochamber",1.17786263936794,TRUE
"Autochamber",1.09697431629073,TRUE
"Autochamber",1.13816259668848,TRUE
"Autochamber",1.1353331969055,TRUE
"Autochamber",1.13227027847096,TRUE
"Autochamber",1.01561806572895,TRUE
"Autochamber",1.12285568253531,TRUE
"Autochamber",1.33013418982004,TRUE
"Autochamber",1.3572493368559,TRUE
"Autochamber",1.05345455807932,TRUE
"Autochamber",1.09417449984577,TRUE
"Autochamber",1.12887943567862,TRUE
"Autochamber",1.092380787637,TRUE
"Autochamber",1.0130310549765,TRUE
"Autochamber",1.01730818945866,TRUE
"Autochamber",1.00716769593532,TRUE
"Autochamber",1.29858558206549,TRUE
"Autochamber",1.00632759815916,TRUE
"Autochamber",1,FALSE
"Autochamber",1.01664803231468,TRUE
"Autochamber",1.01337688405445,TRUE
"Autochamber",1.36164503009589,TRUE
"Autochamber",1.00399899475883,TRUE
"Autochamber",1.01364148285603,TRUE
"Autochamber",1,FALSE
"Autochamber",1.01074273110858,TRUE
"Autochamber",1.00649105030852,TRUE
"Autochamber",1.00722090183106,TRUE
"Autochamber",1.27791922933283,TRUE
"Autochamber",1.1993985181045,TRUE
"Autochamber",1,FALSE
"Autochamber",1.03860128699578,TRUE
"Autochamber",1.29227909118832,TRUE
"Autochamber",1.01183909576681,TRUE
"Autochamber",1.24583111589596,TRUE
"Autochamber",1.29848681696177,TRUE
"Autochamber",1.01594102021512,TRUE
"Autochamber",1.01135873355877,TRUE
"Autochamber",1.23831709663808,TRUE
"Autochamber",1.14001601918536,TRUE
"Autochamber",1.01361324390605,TRUE
"Autochamber",1.49290047474269,TRUE
"Autochamber",1.16330230419457,TRUE
"Autochamber",1.25474818981305,TRUE
"Autochamber",1.18603657871592,TRUE
"Autochamber",1.02454706440697,TRUE
"Autochamber",1.0116654437486,TRUE
"Autochamber",1.01067581393045,TRUE
"Autochamber",1.07668645725656,TRUE
"Autochamber",1.05719454361513,TRUE
"Autochamber",1.28048396988638,TRUE
"Autochamber",1.01386342436919,TRUE
"Autochamber",1.0089976948832,TRUE
"Autochamber",1.01968874260596,TRUE
"Autochamber",1.00839558333637,TRUE
"Autochamber",1.01381968110361,TRUE
"Autochamber",1.00534562648057,TRUE
"Autochamber",1.02477449218942,TRUE
"Autochamber",1.02629097179908,TRUE
"Autochamber",1.01296278671381,TRUE
"Autochamber",1.0787092046852,TRUE
"Autochamber",1.03679362162672,TRUE
"Autochamber",1.01836919954735,TRUE
"Autochamber",1.00979012171778,TRUE
"Autochamber",1.01377960235821,TRUE
"Autochamber",1.0686856329622,TRUE
"Autochamber",1.00677716218832,TRUE
"Autochamber",1.00626185534398,TRUE
"Autochamber",1.10231042964347,TRUE
"Autochamber",1.07000661918886,TRUE
"Autochamber",1.00841090167368,TRUE
"Autochamber",1.04207271412369,TRUE
"Autochamber",1.00858951584851,TRUE
"Autochamber",1.00352279870061,TRUE
"Autochamber",1.07172439026059,TRUE
"Autochamber",1.16510375801532,TRUE
"Autochamber",1.01273349561124,TRUE
"Autochamber",1.00468569763084,TRUE
"Autochamber",1,FALSE
"Autochamber",1.00513301845147,TRUE
"Autochamber",1.01292226934585,TRUE
"Autochamber",1.02050282198274,TRUE
"Autochamber",1.01212898900528,TRUE
"Autochamber",1.05019533438997,TRUE
"Autochamber",1.00951242506387,TRUE
"Autochamber",1.03076989468942,TRUE
"Autochamber",1.01278218500968,TRUE
"Autochamber",1.00513720517439,TRUE
"Autochamber",1.00605241666008,TRUE
"Autochamber",1.17623481295038,TRUE
"Autochamber",1.0684362605026,TRUE
"Autochamber",1.01681597756152,TRUE
"Autochamber",1.01750909365766,TRUE
"Autochamber",1.05696661458665,TRUE
"Autochamber",1.0124096663456,TRUE
"Autochamber",1.06866331654532,TRUE
"Autochamber",1.0172488846094,TRUE
"Autochamber",1.01805967460274,TRUE
"Autochamber",1.01749968288567,TRUE
"Autochamber",1.05585101982571,TRUE
"Autochamber",1.03297716567841,TRUE
"Autochamber",1.01151232600404,TRUE
"Autochamber",1.01703254533287,TRUE
"Autochamber",1.08093679389459,TRUE
"Autochamber",1.12300663970053,TRUE
"Autochamber",1.18532921762916,TRUE
"Autochamber",1.01031698448229,TRUE
"Autochamber",1.00832558750224,TRUE
"Autochamber",1.00869954156009,TRUE
"Autochamber",1.00902680165339,TRUE
"Autochamber",1.00825673874576,TRUE
"Autochamber",1.07818698935869,TRUE
"Autochamber",1.03964982826734,TRUE
"Autochamber",1.2627037996202,TRUE
"Autochamber",1.01362879708047,TRUE
"Autochamber",1.1206148350309,TRUE
"Autochamber",1.03062088699344,TRUE
"Autochamber",1.02268501756751,TRUE
"Autochamber",1.16934879057069,TRUE
"Autochamber",1,FALSE
"Autochamber",1.29129000453086,TRUE
"Autochamber",1.21723371923165,TRUE
"Autochamber",1.01005177939333,TRUE
"Autochamber",1.48804508230995,TRUE
"Autochamber",1.68971662803988,TRUE
"Autochamber",1.16294960358397,TRUE
"Autochamber",1.56648939516126,TRUE
"Autochamber",1.30332389542754,TRUE
"Autochamber",1.0144223218032,TRUE
"Autochamber",1.31942212481525,TRUE
"Autochamber",1.00884709738006,TRUE
"Autochamber",1.00750651459643,TRUE
"Autochamber",1.16275199432581,TRUE
"Autochamber",1.02372814593409,TRUE
"Autochamber",1.00665341648679,TRUE
"Autochamber",1.01693702016123,TRUE
"Autochamber",1.11422888460173,TRUE
"Autochamber",1.09479039298418,TRUE
"Autochamber",1.16179614898925,TRUE
"Autochamber",1.01560078690091,TRUE
"Autochamber",1.07639446271227,TRUE
"Autochamber",1.01627642843215,TRUE
"Autochamber",1.25894268718832,TRUE
"Autochamber",1.01515698772379,TRUE
"Autochamber",1.04617149519405,TRUE
"Autochamber",1.06307208234533,TRUE
"Autochamber",1.0177328867412,TRUE
"Autochamber",1.00544637729492,TRUE
"Autochamber",1.01300220793975,TRUE
"Autochamber",1.01189323503001,TRUE
"Autochamber",1.01072115986082,TRUE
"Autochamber",1.0107241536006,TRUE
"Autochamber",1.00910176152979,TRUE
"Autochamber",1.0135724839445,TRUE
"Autochamber",1.05396665688515,TRUE
"Autochamber",1.01199749678164,TRUE
"Autochamber",1.00763627137618,TRUE
"Autochamber",1.0166156575367,TRUE
"Autochamber",1.01107147082571,TRUE
"Autochamber",1.01424414818724,TRUE
"Autochamber",1.0154934755938,TRUE
"Autochamber",1.00381018978422,TRUE
"Autochamber",1.0850047067377,TRUE
"Autochamber",1.01514430172488,TRUE
"Autochamber",1.05028618309368,TRUE
"Autochamber",1.00531501682553,TRUE
"Autochamber",1.00889452693214,TRUE
"Autochamber",1.1074811679322,TRUE
"Autochamber",1.01535490021668,TRUE
"Autochamber",1.00343856818348,TRUE
"Autochamber",1.04558069847303,TRUE
"Autochamber",1.00563465250972,TRUE
"Autochamber",1.00363167483142,TRUE
"Autochamber",1.00809626936927,TRUE
"Autochamber",1.00837344709331,TRUE
"Autochamber",1,FALSE
"Autochamber",1.25036897038302,TRUE
"Autochamber",1.1028806279644,TRUE
"Autochamber",1.00513631810288,TRUE
"Autochamber",1.00889826130351,TRUE
"Autochamber",1.00630393773231,TRUE
"Autochamber",1.1533626239875,TRUE
"Autochamber",1.01490967279503,TRUE
"Autochamber",1.00924059466773,TRUE
"Autochamber",1.01045051587393,TRUE
"Autochamber",1.01313299917417,TRUE
"Autochamber",1.00510100963645,TRUE
"Autochamber",1.00632617782207,TRUE
"Autochamber",1.00540805511654,TRUE
"Autochamber",1.02364332754614,TRUE
"Autochamber",1.01001567457586,TRUE
"Autochamber",1.00538841285106,TRUE
"Autochamber",1.00451709289593,TRUE
"Autochamber",1.00750304868735,TRUE
"Autochamber",1.00843371406489,TRUE
"Autochamber",1.00667591976239,TRUE
"Autochamber",1.01488933827689,TRUE
"Autochamber",1.00573327291442,TRUE
"Autochamber",1.00728555622665,TRUE
"Autochamber",1.00692611988533,TRUE
"Autochamber",1.00907871803399,TRUE
"Autochamber",1.00942615069049,TRUE
"Autochamber",1.00919476549788,TRUE
"Autochamber",1.00840146551782,TRUE
"Autochamber",1.00455628788363,TRUE
"Autochamber",1.00660390799851,TRUE
"Autochamber",1.00740390674791,TRUE
"Autochamber",1.00419179714754,TRUE
"Autochamber",1.14855472828261,TRUE
"Autochamber",1.00753559466415,TRUE
"Autochamber",1.26475607539348,TRUE
"Autochamber",1.13711860151264,TRUE
"Autochamber",1,FALSE
"Autochamber",1.22822020221824,TRUE
"Autochamber",1.11680009158493,TRUE
"Autochamber",1.05410228951078,TRUE
"Autochamber",1,FALSE
"Autochamber",1.09488127878358,TRUE
"Autochamber",1.0075109666065,TRUE
"Autochamber",1.23367972564072,TRUE
"Autochamber",1.01060867556845,TRUE
"Autochamber",1.00686643139999,TRUE
"Autochamber",1.01119760333381,TRUE
"Autochamber",1.00725811312748,TRUE
"Autochamber",1.00920834959074,TRUE
"Autochamber",1.00892806485121,TRUE
"Autochamber",1.09376618764534,TRUE
"Autochamber",1.13033987800028,TRUE
"Autochamber",1.10867737236131,TRUE
"Autochamber",1.09499374049063,TRUE
"Autochamber",1.04243294186926,TRUE
"Autochamber",1.01889761736474,TRUE
"Autochamber",1.00892528653544,TRUE
"Autochamber",1.01677692535714,TRUE
"Autochamber",1.00909678180484,TRUE
"Autochamber",1.00643181836705,TRUE
"Autochamber",1.00617511952733,TRUE
"Autochamber",1.05642526775605,TRUE
"Autochamber",1.0237524238111,TRUE
"Autochamber",1.04628471211274,TRUE
"Autochamber",1.02881637111471,TRUE
"Autochamber",1.01334407238077,TRUE
"Autochamber",1.00969122702161,TRUE
"Autochamber",1.01457398383296,TRUE
"Autochamber",1.01290709694452,TRUE
"Autochamber",1.10527716972001,TRUE
"Autochamber",1.02569683187601,TRUE
"Autochamber",1.07238183377411,TRUE
"Autochamber",1.01558387732295,TRUE
"Autochamber",1.01181192985139,TRUE
"Autochamber",1.00736719442922,TRUE
"Autochamber",1.01669264913393,TRUE
"Autochamber",1.00712828645929,TRUE
"Autochamber",1.01179108152031,TRUE
"Autochamber",1.01755089442746,TRUE
"Autochamber",1.00904736086207,TRUE
"Autochamber",1.00349295540622,TRUE
"Autochamber",1.02493945571358,TRUE
"Autochamber",1.00510236745425,TRUE
"Autochamber",1.17493529526302,TRUE
"Autochamber",1.26364876696216,TRUE
"Autochamber",1.13770127604283,TRUE
"Autochamber",1.46368135027732,TRUE
"Autochamber",1.04971745141215,TRUE
"Autochamber",1.03843360630229,TRUE
"Autochamber",1.01532116699085,TRUE
"Autochamber",1.12139666624679,TRUE
"Autochamber",1.03041181288306,TRUE
"Autochamber",1.12539821010791,TRUE
"Autochamber",1.01958091404997,TRUE
"Autochamber",1.35894143391092,TRUE
"Autochamber",1.69355876838672,TRUE
"Autochamber",1.20828257685119,TRUE
"Autochamber",1.21117421647634,TRUE
"Autochamber",1.01446279455851,TRUE
"Autochamber",1.24587004914973,TRUE
"Autochamber",1.17632714331067,TRUE
"Autochamber",1.18085798878138,TRUE
"Autochamber",1.19454016103479,TRUE
"Autochamber",1.29597430733163,TRUE
"Autochamber",1.1497617028506,TRUE
"Autochamber",1.19939977248632,TRUE
"Autochamber",1.12854013954421,TRUE
"Autochamber",1.02621738124795,TRUE
"Autochamber",1.27757356177787,TRUE
"Autochamber",1.2209564175459,TRUE
"Autochamber",1.01019313430848,TRUE
"Autochamber",1.11539128838944,TRUE
"Autochamber",1.06853092655931,TRUE
"Autochamber",1.00947683440823,TRUE
"Autochamber",1.16236668965347,TRUE
"Autochamber",1.21760618517244,TRUE
"Autochamber",1.06644381190307,TRUE
"Autochamber",1.15591460043089,TRUE
"Autochamber",1.02282951705465,TRUE
"Autochamber",1.10713909981981,TRUE
"Autochamber",1.12656822372953,TRUE
"Autochamber",1.18377766521761,TRUE
"Autochamber",1.20443641432256,TRUE
"Autochamber",1.2102099226122,TRUE
"Autochamber",1.01315412307467,TRUE
"Autochamber",1.04640928290553,TRUE
"Autochamber",1.11205128538413,TRUE
"Autochamber",1.07479757753068,TRUE
"Autochamber",1.00848221615694,TRUE
"Autochamber",1.46248261731655,TRUE
"Autochamber",1.04101326048269,TRUE
"Autochamber",1.06753179873945,TRUE
"Autochamber",1.04941781923723,TRUE
"Autochamber",1.14806921718799,TRUE
"Autochamber",1.21582156420555,TRUE
"Autochamber",1.00574009148949,TRUE
"Autochamber",1.01642873811546,TRUE
"Autochamber",1.00976091087453,TRUE
"Autochamber",1.00847029904601,TRUE
"Autochamber",1.3233321729588,TRUE
"Autochamber",1.19679548893662,TRUE
"Autochamber",1.23747710058834,TRUE
"Autochamber",1.1106503568826,TRUE
"Autochamber",1.00745128029359,TRUE
"Autochamber",1.03238124577269,TRUE
"Autochamber",1.00982635589175,TRUE
"Autochamber",1.0749667191691,TRUE
"Autochamber",1.44713732549375,TRUE
"Autochamber",1.04109727963742,TRUE
"Autochamber",1.01059274160617,TRUE
"Autochamber",1.12115702334686,TRUE
"Autochamber",1.12172572184405,TRUE
"Autochamber",1.08707297816261,TRUE
"Autochamber",1.06971989168533,TRUE
"Autochamber",1.01327886475894,TRUE
"Autochamber",1.00795884113153,TRUE
"Autochamber",1.00988038521588,TRUE
"Autochamber",1.01678487249279,TRUE
"Autochamber",1.0160247725227,TRUE
"Autochamber",1.00651329750337,TRUE
"Autochamber",1.16499276873268,TRUE
"Autochamber",1.01797091972216,TRUE
"Autochamber",1.01718791186745,TRUE
"Autochamber",1.01369267794666,TRUE
"Autochamber",1.00627239402685,TRUE
"Autochamber",1.0296292091548,TRUE
"Autochamber",1.00673264363011,TRUE
"Autochamber",1.07565960461222,TRUE
"Autochamber",1.00653212552346,TRUE
"Autochamber",1.01152650280559,TRUE
"Autochamber",1.00490569967671,TRUE
"Autochamber",1.00732659227386,TRUE
"Autochamber",1.00549160573782,TRUE
"Autochamber",1.00426571609869,TRUE
"Autochamber",1.01206120813448,TRUE
"Autochamber",1.15852200660262,TRUE
"Autochamber",1,FALSE
"Autochamber",1.00929373524881,TRUE
"Autochamber",1.00579155695232,TRUE
"Autochamber",1.00548021361982,TRUE
"Autochamber",1.24352256714385,TRUE
"Autochamber",1.1084366399408,TRUE
"Autochamber",1.00856946750726,TRUE
"Autochamber",1.01476243187929,TRUE
"Autochamber",1.16431169707668,TRUE
"Autochamber",1,FALSE
"Autochamber",1.00577196405357,TRUE
"Autochamber",1.00833904340818,TRUE
"Autochamber",1.00587357148711,TRUE
"Autochamber",1.00462624810452,TRUE
"Autochamber",1.0069199643974,TRUE
"Autochamber",1.0084293532949,TRUE
"Autochamber",1,FALSE
"Autochamber",1,FALSE
"Autochamber",1.22769644075546,TRUE
"Autochamber",1.40626996310727,TRUE
"Autochamber",1.01318240203059,TRUE
"Autochamber",1.00496373530044,TRUE
"Autochamber",1.00773661015741,TRUE
"Autochamber",1.00594243235077,TRUE
"Autochamber",1.00742765450193,TRUE
"Autochamber",1,FALSE
"Autochamber",1.00947544401073,TRUE
"Autochamber",1.0040914635625,TRUE
"Autochamber",1,FALSE
"Autochamber",1.00309975178757,TRUE
"Autochamber",1.00573794842475,TRUE
"Autochamber",1.00541554207127,TRUE
"Autochamber",1.00914070066239,TRUE
"Autochamber",1.00861636537994,TRUE
"Autochamber",1.01665383230795,TRUE
"Autochamber",1.00379506700472,TRUE
"Autochamber",1.00442374671865,TRUE
"Autochamber",1.01620908142856,TRUE
"Autochamber",1.00681912091193,TRUE
"Autochamber",1.0059691780192,TRUE
"Autochamber",1.00732340922547,TRUE
"Autochamber",1.00603050485378,TRUE
"Autochamber",1,FALSE
"Autochamber",1,FALSE
"Autochamber",1.00321917615644,TRUE
"Autochamber",1,FALSE
"Autochamber",1.01016283915256,TRUE
"Autochamber",1.00782406435218,TRUE
"Autochamber",1,FALSE
"Autochamber",1.00388768606086,TRUE
"Autochamber",1,FALSE
"Autochamber",1.01428253761007,TRUE
"Autochamber",1.0268559200618,TRUE
"Autochamber",1.00394348481211,TRUE
"Autochamber",1.00704117554989,TRUE
"Autochamber",1.00513394162547,TRUE
"Autochamber",1.0201242646086,TRUE
"Autochamber",1,FALSE
"Autochamber",1.00440778657245,TRUE
"Autochamber",1.00334805452844,TRUE
"Autochamber",1,FALSE
"Autochamber",1,FALSE
"Autochamber",1,FALSE
"Autochamber",1,FALSE
"Autochamber",1,FALSE
"Autochamber",1,FALSE
"Autochamber",1.01172229617062,TRUE
"Autochamber",1,FALSE
"Autochamber",1,FALSE
"Autochamber",1,FALSE
"Autochamber",1.20737437103434,TRUE
"Autochamber",1,FALSE
"Autochamber",1,FALSE
"Autochamber",1,FALSE
"Autochamber",1,FALSE
"Autochamber",1,FALSE
"Autochamber",1,FALSE
"Autochamber",1,FALSE
"Autochamber",1,FALSE
"Autochamber",1,FALSE
"Autochamber",1,FALSE
"Autochamber",1,FALSE
"Autochamber",1,FALSE
"Autochamber",1,FALSE
"Autochamber",1,FALSE
"Autochamber",1,FALSE
"Autochamber",1,FALSE
"Autochamber",1,FALSE
"Autochamber",1,FALSE
"Autochamber",1,FALSE
"Autochamber",1,FALSE
"Autochamber",1,FALSE
"Autochamber",1,FALSE
"Autochamber",1,FALSE
"Autochamber",1.00395408355302,TRUE
"Autochamber",1,FALSE
"Autochamber",1.01234741249045,TRUE
"Autochamber",1,FALSE
"Autochamber",1,FALSE
"Autochamber",1.00507860867789,TRUE
"Autochamber",1.06708383216904,TRUE
"Autochamber",1.15129353602852,TRUE
"Autochamber",1.01611934759119,TRUE
"Autochamber",1,FALSE
"Autochamber",1.09936505450058,TRUE
"Autochamber",1,FALSE
"Autochamber",1,FALSE
"Autochamber",1.04855535563066,TRUE
"Autochamber",1,FALSE
"Autochamber",1,FALSE
"Autochamber",1,FALSE
"Autochamber",1,FALSE
"Autochamber",1,FALSE
"Autochamber",1,FALSE
"Autochamber",1,FALSE
"Autochamber",1,FALSE
"Autochamber",1,FALSE
"Autochamber",1,FALSE
"Autochamber",1,FALSE
"Autochamber",1.09508546805593,TRUE
"Autochamber",1,FALSE
"Autochamber",1.00689692567334,TRUE
"Autochamber",1,FALSE
"Autochamber",1,FALSE
"Autochamber",1,FALSE
"Autochamber",1.03674172331665,TRUE
"Autochamber",1.13818347704467,TRUE
"Autochamber",1.33083536346862,TRUE
"Autochamber",1.24649629355694,TRUE
"Autochamber",1.04939846836766,TRUE
"Autochamber",1.36357536315325,TRUE
"Autochamber",1,FALSE
"Autochamber",1.01583648463183,TRUE
"Autochamber",1.00716024009514,TRUE
"Autochamber",1.01742901042895,TRUE
"Autochamber",1.10633322489731,TRUE
"Autochamber",1.16962431700033,TRUE
"Autochamber",1.14151608015455,TRUE
"Autochamber",1.02666791205748,TRUE
"Autochamber",1.01401150449247,TRUE
"Autochamber",1.03176560033333,TRUE
"Autochamber",1.01414844209984,TRUE
"Autochamber",1.30373373472228,TRUE
"Autochamber",1.29201935278811,TRUE
"Autochamber",1.69989248023819,TRUE
"Autochamber",1.04858610144194,TRUE
"Autochamber",1.8198591815761,TRUE
"Autochamber",1.40003210344413,TRUE
"Autochamber",1.40318648031227,TRUE
"Autochamber",1.37901035306576,TRUE
"Autochamber",1.65638561932612,TRUE
"Autochamber",1.3317238409708,TRUE
"Autochamber",1.44512863435774,TRUE
"Autochamber",1.27083419849928,TRUE
"Autochamber",1.38170150892004,TRUE
"Autochamber",1.1160801009912,TRUE
"Autochamber",1.3995000339577,TRUE
"Autochamber",1.3271733669708,TRUE
"Autochamber",1.07527688031921,TRUE
"Autochamber",1.05233655295166,TRUE
"Autochamber",1.08937462350047,TRUE
"Autochamber",1.24998552580221,TRUE
"Autochamber",1.01347089069226,TRUE
"Autochamber",1.06762088672782,TRUE
"Autochamber",1.00983778067597,TRUE
"Autochamber",1.09858207049624,TRUE
"Autochamber",1.02043034172797,TRUE
"Autochamber",1.16410999431343,TRUE
"Autochamber",1.03139201613075,TRUE
"Autochamber",1.06678425619028,TRUE
"Autochamber",1.01215769396825,TRUE
"Autochamber",1.01240220079044,TRUE
"Autochamber",1.01461454185699,TRUE
"Autochamber",1.00861469666719,TRUE
"Autochamber",1.01242609199349,TRUE
"Autochamber",1.0184268211887,TRUE
"Autochamber",1.01505301484039,TRUE
"Autochamber",1.00702090256477,TRUE
"Autochamber",1.10012806053918,TRUE
"Autochamber",1.00906568483874,TRUE
"Autochamber",1.01558382606494,TRUE
"Autochamber",1.0135382127708,TRUE
"Autochamber",1.00674540018503,TRUE
"Autochamber",1.01399955023239,TRUE
"Autochamber",1.00579375489534,TRUE
"Autochamber",1.00718183599216,TRUE
"Autochamber",1.00533926771813,TRUE
"Autochamber",1.0056678627189,TRUE
"Autochamber",1.00580634906438,TRUE
"Autochamber",1.00915561145561,TRUE
"Autochamber",1.01630246663,TRUE
"Autochamber",1.00501941189108,TRUE
"Autochamber",1.00419369565528,TRUE
"Autochamber",1.00645990373396,TRUE
"Autochamber",1.00620028333448,TRUE
"Autochamber",1.11241359142612,TRUE
"Autochamber",1.01343478560406,TRUE
"Autochamber",1,FALSE
"Autochamber",1,FALSE
"Autochamber",1.01220013645215,TRUE
"Autochamber",1.0097311253046,TRUE
"Autochamber",1.01116924183106,TRUE
"Autochamber",1.01754994912963,TRUE
"Autochamber",1.12098739439038,TRUE
"Autochamber",1.0726355674285,TRUE
"Autochamber",1.09245467290645,TRUE
"Autochamber",1.01363214438696,TRUE
"Autochamber",1.04040012084609,TRUE
"Autochamber",1,FALSE
"Autochamber",1,FALSE
"Autochamber",1.15561553024228,TRUE
"Autochamber",1.35661356524742,TRUE
"Autochamber",1.34980796138225,TRUE
"Autochamber",1.12075803457082,TRUE
"Autochamber",1.48246025628417,TRUE
"Autochamber",1.14114628203296,TRUE
"Autochamber",1.03592881108812,TRUE
"Autochamber",1.05588826779698,TRUE
"Autochamber",1.10657962258444,TRUE
"Autochamber",1.0992576697879,TRUE
"Autochamber",1.12666007849147,TRUE
"Autochamber",1.18245030249478,TRUE
"Autochamber",1.1059562360476,TRUE
"Autochamber",1.01779149301263,TRUE
"Autochamber",1.04393826235135,TRUE
"Autochamber",1.17557048270534,TRUE
"Autochamber",1.01627205116427,TRUE
"Autochamber",1.102608404766,TRUE
"Autochamber",1.01607213010906,TRUE
"Autochamber",1.01494389499664,TRUE
"Autochamber",1.11896626806631,TRUE
"Autochamber",1.15388732586171,TRUE
"Autochamber",1.01634781841118,TRUE
"Autochamber",1.0160120802786,TRUE
"Autochamber",1.05501085368309,TRUE
"Autochamber",1.01024731827038,TRUE
"Autochamber",1.16065378637967,TRUE
"Autochamber",1.1109953660435,TRUE
"Autochamber",1.09248380208389,TRUE
"Autochamber",1.00776499370977,TRUE
"Autochamber",1.01573296706332,TRUE
"Autochamber",1.29561523894126,TRUE
"Autochamber",1.08632742967771,TRUE
"Autochamber",1.1760713282976,TRUE
"Autochamber",1.03812019717538,TRUE
"Autochamber",1.15769241624768,TRUE
"Autochamber",1.00586779315464,TRUE
"Autochamber",1.0138090068932,TRUE
"Autochamber",1.00743605986423,TRUE
"Autochamber",1.0052817093934,TRUE
"Autochamber",1.00569016958631,TRUE
"Autochamber",1.27853619287994,TRUE
"Autochamber",1.04430985290579,TRUE
"Autochamber",1.13713305206597,TRUE
"Autochamber",1.01332169798928,TRUE
"Autochamber",1.09913872931046,TRUE
"Autochamber",1.00678318364875,TRUE
"Autochamber",1.22421904088743,TRUE
"Autochamber",1.21155944445481,TRUE
"Autochamber",1.07306767921883,TRUE
"Autochamber",1.01421060662165,TRUE
"Autochamber",1.01397271432766,TRUE
"Autochamber",1.01222277292034,TRUE
"Autochamber",1.00670278115522,TRUE
"Autochamber",1.00623635345427,TRUE
"Autochamber",1.00576031369068,TRUE
"Autochamber",1.00265122539761,TRUE
"Autochamber",1.00309333151258,TRUE
"Autochamber",1.00547649422546,TRUE
"Autochamber",1.00631694148516,TRUE
"Autochamber",1.00553381537033,TRUE
"Autochamber",1.00472270584304,TRUE
"Autochamber",1.01287672320856,TRUE
"Autochamber",1.01528710835071,TRUE
"Autochamber",1.0073715256204,TRUE
"Autochamber",1.01009950414583,TRUE
"Autochamber",1.00527871491766,TRUE
"Autochamber",1.00310494610494,TRUE
"Autochamber",1.00466318832509,TRUE
"Autochamber",1.00493765076801,TRUE
"Autochamber",1.00527823717383,TRUE
"Autochamber",1.01541263308587,TRUE
"Autochamber",1.00412339367987,TRUE
"Autochamber",1.03878822742475,TRUE
"Autochamber",1.00801092371206,TRUE
"Autochamber",1.00653531859419,TRUE
"Autochamber",1.11670568957305,TRUE
"Autochamber",1.14411348006095,TRUE
"Autochamber",1,FALSE
"Autochamber",1.05314383909727,TRUE
"Autochamber",1.00634839314066,TRUE
"Autochamber",1.08575447972969,TRUE
"Autochamber",1.01358100306369,TRUE
"Autochamber",1.44383479994822,TRUE
"Autochamber",1.0077518043374,TRUE
"Autochamber",1.01698888923311,TRUE
"Autochamber",1.00772615719688,TRUE
"Autochamber",1.00908713898739,TRUE
"Autochamber",1.00315820062707,TRUE
"Autochamber",1.00334472573111,TRUE
"Autochamber",1.00721764982997,TRUE
"Autochamber",1,FALSE
"Autochamber",1.00622578646419,TRUE
"Autochamber",1.32144712741373,TRUE
"Autochamber",1,FALSE
"Autochamber",1,FALSE
"Autochamber",1.00595104005705,TRUE
"Autochamber",1,FALSE
"Autochamber",1,FALSE
"Autochamber",1,FALSE
"Autochamber",1,FALSE
"Autochamber",1,FALSE
"Autochamber",1,FALSE
"Autochamber",1,FALSE
"Autochamber",1,FALSE
"Autochamber",1.00428221082852,TRUE
"Autochamber",1.00461027397034,TRUE
"Autochamber",1.0118936265012,TRUE
"Autochamber",1.05302574077565,TRUE
"Autochamber",1.0042981763961,TRUE
"Autochamber",1.00290090925633,TRUE
"Autochamber",1.00364527139484,TRUE
"Autochamber",1.07279476122451,TRUE
"Autochamber",1.00296651942708,TRUE
"Autochamber",1,FALSE
"Autochamber",1,FALSE
"Autochamber",1.00465224803892,TRUE
"Autochamber",1,FALSE
"Autochamber",1.00355686109118,TRUE
"Autochamber",1,FALSE
"Autochamber",1,FALSE
"Autochamber",1.00597299809568,TRUE
"Autochamber",1.00727093786506,TRUE
"Autochamber",1,FALSE
"Autochamber",1.00569689458305,TRUE
"Autochamber",1.09688257023767,TRUE
"Autochamber",1.17126963667585,TRUE
"Autochamber",1.0254057328073,TRUE
"Autochamber",1.5927588427206,TRUE
"Autochamber",1.2108608048702,TRUE
"Autochamber",1.01216947476464,TRUE
"Autochamber",1.96441476641526,TRUE
"Autochamber",1.00517231086727,TRUE
"Autochamber",1.09510090861024,TRUE
"Autochamber",1.11935088870934,TRUE
"Autochamber",1.05811853219462,TRUE
"Autochamber",1.25185029722273,TRUE
"Autochamber",1.2789293089388,TRUE
"Autochamber",1.19683955597033,TRUE
"Autochamber",1.58118724205468,TRUE
"Autochamber",1.29331254939124,TRUE
"Autochamber",1.63387112268284,TRUE
"Autochamber",1.32741815556415,TRUE
"Autochamber",1.35075466126111,TRUE
"Autochamber",1.6556046428376,TRUE
"Autochamber",1.8545155639037,TRUE
"Autochamber",1.01578394538164,TRUE
"Autochamber",1.59166696831525,TRUE
"Autochamber",1.24868560217474,TRUE
"Autochamber",1.00548308328097,TRUE
"Autochamber",1.16832231649875,TRUE
"Autochamber",1,FALSE
"Autochamber",1.19831981794466,TRUE
"Autochamber",1,FALSE
"Autochamber",1,FALSE
"Autochamber",1.00907520293819,TRUE
"Autochamber",1.00402191573612,TRUE
"Autochamber",1,FALSE
"Autochamber",1.01460592763634,TRUE
"Autochamber",1,FALSE
"Autochamber",1.00723038899715,TRUE
"Autochamber",1.00445507941136,TRUE
"Autochamber",1,FALSE
"Autochamber",1,FALSE
"Autochamber",1,FALSE
"Autochamber",1.22836986540836,TRUE
"Autochamber",1,FALSE
"Autochamber",1.00966028372025,TRUE
"Autochamber",1.05512932791162,TRUE
"Autochamber",1.00638844114057,TRUE
"Autochamber",1.19765149255321,TRUE
"Autochamber",1.00796418937525,TRUE
"Autochamber",1.16889989077996,TRUE
"Autochamber",1.28793861714233,TRUE
"Autochamber",1.03059557581569,TRUE
"Autochamber",1.40750675399732,TRUE
"Autochamber",1,FALSE
"Autochamber",1.00426887931335,TRUE
"Autochamber",1.00491627047652,TRUE
"Autochamber",1.07815329803009,TRUE
"Autochamber",1.00475977856433,TRUE
"Autochamber",1.01105137562878,TRUE
"Autochamber",1.00572459259072,TRUE
"Autochamber",1.00768261060394,TRUE
"Autochamber",1.27733803360045,TRUE
"Autochamber",1.23026480988083,TRUE
"Autochamber",1.20702065354891,TRUE
"Autochamber",1.13360887128724,TRUE
"Autochamber",1.01802203717558,TRUE
"Autochamber",1.13394825612377,TRUE
"Autochamber",1.48301074396246,TRUE
"Autochamber",1,FALSE
"Autochamber",1.66273758000371,TRUE
"Autochamber",1.04890131445725,TRUE
"Autochamber",1,FALSE
"Autochamber",1.01630491599637,TRUE
"Autochamber",1.22371504960472,TRUE
"Autochamber",1.0158265045843,TRUE
"Autochamber",1.00654651241595,TRUE
"Autochamber",1.02483227117618,TRUE
"Autochamber",1.12268102189,TRUE
"Autochamber",1.05998547081437,TRUE
"Autochamber",1.01212233973666,TRUE
"Autochamber",1.07431157019182,TRUE
"Autochamber",1.251668135887,TRUE
"Autochamber",1.08164576272727,TRUE
"Autochamber",1.00561651862985,TRUE
"Autochamber",1.00630278528055,TRUE
"Autochamber",1.01481981503377,TRUE
"Autochamber",1.32495149087504,TRUE
"Autochamber",1.1321791844247,TRUE
"Autochamber",1.00752001006434,TRUE
"Autochamber",1.00730744148719,TRUE
"Autochamber",1.00982749990635,TRUE
"Autochamber",1.01251355515,TRUE
"Autochamber",1.11888631093722,TRUE
"Autochamber",1.0573562481665,TRUE
"Autochamber",1.11759845337525,TRUE
"Autochamber",1.02565996976459,TRUE
"Autochamber",1.00734135592112,TRUE
"Autochamber",1.00643045549739,TRUE
"Autochamber",1.01174413339674,TRUE
"Autochamber",1.00658955009983,TRUE
"Autochamber",1.14338457451409,TRUE
"Autochamber",1.00381744694736,TRUE
"Autochamber",1.00936092619382,TRUE
"Autochamber",1.00654845367575,TRUE
"Autochamber",1.04138784841142,TRUE
"Autochamber",1.00688377873794,TRUE
"Autochamber",1.06356856919109,TRUE
"Autochamber",1.00371606872696,TRUE
"Autochamber",1.12251401402633,TRUE
"Autochamber",1.01114593314072,TRUE
"Autochamber",1.00732830966612,TRUE
"Autochamber",1.0061423316104,TRUE
"Autochamber",1.00285616159248,TRUE
"Autochamber",1,FALSE
"Autochamber",1,FALSE
"Autochamber",1,FALSE
"Autochamber",1,FALSE
"Autochamber",1.00357229161165,TRUE
"Autochamber",1,FALSE
"Autochamber",1.0103817247808,TRUE
"Autochamber",1,FALSE
"Autochamber",1,FALSE
"Autochamber",1.0123743752757,TRUE
"Autochamber",1,FALSE
"Autochamber",1,FALSE
"Autochamber",1,FALSE
"Autochamber",1,FALSE
"Autochamber",1.19927775192327,TRUE
"Autochamber",1.39055525637912,TRUE
"Autochamber",1.48199203771558,TRUE
"Autochamber",1.22558001976073,TRUE
"Autochamber",1.2080342453686,TRUE
"Autochamber",1.4855831908956,TRUE
"Autochamber",1.20083560153357,TRUE
"Autochamber",1.03826250323112,TRUE
"Autochamber",1.16342633514058,TRUE
"Autochamber",1.14674860717196,TRUE
"Autochamber",1.0080118465039,TRUE
"Autochamber",1.2177108015058,TRUE
"Autochamber",1.0147367124882,TRUE
"Autochamber",1.11286857207592,TRUE
"Autochamber",1.04370663563113,TRUE
"Autochamber",1.11902865226101,TRUE
"Autochamber",1.01388022485616,TRUE
"Autochamber",1.01039404766978,TRUE
"Autochamber",1.07746861392597,TRUE
"Autochamber",1.0167583665928,TRUE
"Autochamber",1.03549473482887,TRUE
"Autochamber",1.00773280951428,TRUE
"Autochamber",1.01374400632837,TRUE
"Autochamber",1.06815622234857,TRUE
"Autochamber",1.00975803194506,TRUE
"Autochamber",1.01018172274005,TRUE
"Autochamber",1.00755085457842,TRUE
"Autochamber",1.03048503638363,TRUE
"Autochamber",1.00863857836302,TRUE
"Autochamber",1.00979669508581,TRUE
"Autochamber",1.01543129782211,TRUE
"Autochamber",1.11244355919473,TRUE
"Autochamber",1.00857856249038,TRUE
"Autochamber",1.17415288087945,TRUE
"Autochamber",1.01242204432328,TRUE
"Autochamber",1.06979847980423,TRUE
"Autochamber",1.0128681805329,TRUE
"Autochamber",1.04369402583419,TRUE
"Autochamber",1.0105610856299,TRUE
"Autochamber",1.01602185479003,TRUE
"Autochamber",1.00892362285041,TRUE
"Autochamber",1.08109343928744,TRUE
"Autochamber",1.08304199868974,TRUE
"Autochamber",1.01672686425708,TRUE
"Autochamber",1.00947313928453,TRUE
"Autochamber",1.00683595791291,TRUE
"Autochamber",1.0082437573906,TRUE
"Autochamber",1.01579905703136,TRUE
"Autochamber",1.01407818492763,TRUE
"Autochamber",1.01557405310858,TRUE
"Autochamber",1.0068406040374,TRUE
"Autochamber",1.0930504009859,TRUE
"Autochamber",1.00622875249367,TRUE
"Autochamber",1.0117902607595,TRUE
"Autochamber",1.01116871567255,TRUE
"Autochamber",1.00517263500167,TRUE
"Autochamber",1.00779068130389,TRUE
"Autochamber",1.00945831507404,TRUE
"Autochamber",1.00993873125055,TRUE
"Autochamber",1.01039320246756,TRUE
"Autochamber",1.00670852370191,TRUE
"Autochamber",1.01324165973475,TRUE
"Autochamber",1.00614259775881,TRUE
"Autochamber",1.00679327356785,TRUE
"Autochamber",1.08150770273162,TRUE
"Autochamber",1.00673590620025,TRUE
"Autochamber",1.18933732516931,TRUE
"Autochamber",1.0058992769359,TRUE
"Autochamber",1.18496908511385,TRUE
"Autochamber",1.09429769746825,TRUE
"Autochamber",1.25446651574033,TRUE
"Autochamber",1.00686763476843,TRUE
"Autochamber",1.01551675759381,TRUE
"Autochamber",1.09147487013762,TRUE
"Autochamber",1.07556782286173,TRUE
"Autochamber",1.05063953884132,TRUE
"Autochamber",1,FALSE
"Autochamber",1.0661379171399,TRUE
"Autochamber",1.09269611411288,TRUE
"Autochamber",1.22592634470851,TRUE
"Autochamber",1.35414700363208,TRUE
"Autochamber",1.24699121964117,TRUE
"Autochamber",1.32036142878792,TRUE
"Autochamber",1.10317945362265,TRUE
"Autochamber",1.07359918839545,TRUE
"Autochamber",1.1290567926949,TRUE
"Autochamber",1,FALSE
"Autochamber",1.01833602049336,TRUE
"Autochamber",1.00553531721436,TRUE
"Autochamber",1.00658219191144,TRUE
"Autochamber",1.15217251722261,TRUE
"Autochamber",1.0048314851745,TRUE
"Autochamber",1.12449834263147,TRUE
"Autochamber",1.01536714831683,TRUE
"Autochamber",1.00918556323974,TRUE
"Autochamber",1.01055462653189,TRUE
"Autochamber",1.00895147447987,TRUE
"Autochamber",1.08017497766225,TRUE
"Autochamber",1.01046046942064,TRUE
"Autochamber",1.14361099193205,TRUE
"Autochamber",1.00786034728656,TRUE
"Autochamber",1.01479597135592,TRUE
"Autochamber",1.01318295540272,TRUE
"Autochamber",1.01341565120177,TRUE
"Autochamber",1.0068385870096,TRUE
"Autochamber",1.01287764634272,TRUE
"Autochamber",1.00886959033243,TRUE
"Autochamber",1.01322646083264,TRUE
"Autochamber",1.15275919794293,TRUE
"Autochamber",1.37402403112849,TRUE
"Autochamber",1.19795322332979,TRUE
"Autochamber",1.16866546651494,TRUE
"Autochamber",1.01140895964635,TRUE
"Autochamber",1.25967846699211,TRUE
"Autochamber",1.01735486054445,TRUE
"Autochamber",1.01607535721558,TRUE
"Autochamber",1.02057647607852,TRUE
"Autochamber",1.01459605733014,TRUE
"Autochamber",1.01233478106188,TRUE
"Autochamber",1.02943150465964,TRUE
"Autochamber",1.03564575880933,TRUE
"Autochamber",1.01778192915837,TRUE
"Autochamber",1.00447970994818,TRUE
"Autochamber",1.10651657214064,TRUE
"Autochamber",1.00870966705605,TRUE
"Autochamber",1.11105115041395,TRUE
"Autochamber",1.00879279835029,TRUE
"Autochamber",1.09947245338892,TRUE
"Autochamber",1.00700234963849,TRUE
"Autochamber",1.29640119430004,TRUE
"Autochamber",1.23758191071855,TRUE
"Autochamber",1.58750260410587,TRUE
"Autochamber",1.45430987997163,TRUE
"Autochamber",1.17639240435955,TRUE
"Autochamber",1.19509677843196,TRUE
"Autochamber",1.12503991808226,TRUE
"Autochamber",1.16985307492117,TRUE
"Autochamber",1.05818027113119,TRUE
"Autochamber",1.11636397319405,TRUE
"Autochamber",1.01741639698359,TRUE
"Autochamber",1.06904764169255,TRUE
"Autochamber",1.00760376644403,TRUE
"Autochamber",1.00834343172916,TRUE
"Autochamber",1.01661417030548,TRUE
"Autochamber",1.01326644069876,TRUE
"Autochamber",1.06409306310599,TRUE
"Autochamber",1.0476472953827,TRUE
"Autochamber",1.03811556265055,TRUE
"Autochamber",1.36803325488563,TRUE
"Autochamber",1.20120804135256,TRUE
"Autochamber",1.39470130976071,TRUE
"Autochamber",1.44724875562461,TRUE
"Autochamber",1.3560610515289,TRUE
"Autochamber",1.19634010832798,TRUE
"Autochamber",1.58359269160548,TRUE
"Autochamber",1.01591100098646,TRUE
"Autochamber",1.00979328535042,TRUE
"Autochamber",1.24216520899023,TRUE
"Autochamber",1.69872366349031,TRUE
"Autochamber",1.49770108347959,TRUE
"Autochamber",1.66901963846213,TRUE
"Autochamber",1.17122126879176,TRUE
"Autochamber",1.16002431325967,TRUE
"Autochamber",1.58376777984182,TRUE
"Autochamber",1.44860297470057,TRUE
"Autochamber",1.51355491096189,TRUE
"Autochamber",1.62156887848168,TRUE
"Autochamber",1.7298910689651,TRUE
"Autochamber",1.27928290651403,TRUE
"Autochamber",1.44506236415261,TRUE
"Autochamber",1.61328308161789,TRUE
"Autochamber",1,FALSE
"Autochamber",1.72177806329691,TRUE
"Autochamber",1.38798804425167,TRUE
"Autochamber",1.80905157973415,TRUE
"Autochamber",1.58101315781693,TRUE
"Autochamber",1,FALSE
"Autochamber",1.52135085663868,TRUE
"Autochamber",1.86542474224201,TRUE
"Autochamber",1.47165314469712,TRUE
"Autochamber",1.502904646719,TRUE
"Autochamber",1.18192944706273,TRUE
"Autochamber",1.07138819174709,TRUE
"Autochamber",1.01495691258698,TRUE
"Autochamber",1.01335422329938,TRUE
"Autochamber",1.13097743384139,TRUE
"Autochamber",1.03123013107973,TRUE
"Autochamber",1.13256978124829,TRUE
"Autochamber",1.55232372779776,TRUE
"Autochamber",1.33014717592667,TRUE
"Autochamber",1.77716256905495,TRUE
"Autochamber",1.47507043163825,TRUE
"Autochamber",1.2074721136417,TRUE
"Autochamber",1.30377098527606,TRUE
"Autochamber",1.40367191750196,TRUE
"Autochamber",1.48434034059577,TRUE
"Autochamber",1.46210243700613,TRUE
"Autochamber",1.17539383494326,TRUE
"Autochamber",1.51648914528679,TRUE
"Autochamber",1.56725810023238,TRUE
"Autochamber",1.52119211766679,TRUE
"Autochamber",1.54944281949864,TRUE
"Autochamber",1.81918231793352,TRUE
"Autochamber",1.51454512396354,TRUE
"Autochamber",1.60268336192592,TRUE
"Autochamber",1.40256782252103,TRUE
"Autochamber",1.35570386336711,TRUE
"Autochamber",1.56954354380406,TRUE
"Autochamber",1.6081861375164,TRUE
"Autochamber",1.10829668453402,TRUE
"Autochamber",1.37825882095422,TRUE
"Autochamber",1.53172279931177,TRUE
"Autochamber",1.61085191282934,TRUE
"Autochamber",1.54748341308781,TRUE
"Autochamber",1.68200018167007,TRUE
"Autochamber",1.66070554632714,TRUE
"Autochamber",1.33967001024249,TRUE
"Autochamber",1.29544525470074,TRUE
"Autochamber",1.29610312790102,TRUE
"Autochamber",1.08891851520453,TRUE
"Autochamber",1.08515377624418,TRUE
"Autochamber",1.29106322608326,TRUE
"Autochamber",1.22615058971977,TRUE
"Autochamber",1.071063870562,TRUE
"Autochamber",1.01290198810354,TRUE
"Autochamber",1.013469156084,TRUE
"Autochamber",1.36488595583307,TRUE
"Autochamber",1.05739493530457,TRUE
"Autochamber",1.31279528822592,TRUE
"Autochamber",1.34305307859354,TRUE
"Autochamber",1.14958037178356,TRUE
"Autochamber",1.37260355809616,TRUE
"Autochamber",1.01199799663537,TRUE
"Autochamber",1.00977294146577,TRUE
"Autochamber",1.25794831177203,TRUE
"Autochamber",1.55039173976463,TRUE
"Autochamber",1.24001457350648,TRUE
"Autochamber",1.1208908754027,TRUE
"Autochamber",1.30207366836964,TRUE
"Autochamber",1.06537537293265,TRUE
"Autochamber",1.23697298193549,TRUE
"Autochamber",1.10299838955927,TRUE
"Autochamber",1.03560882611289,TRUE
"Autochamber",1.04679959372838,TRUE
"Autochamber",1.06719222989429,TRUE
"Autochamber",1.01384300981682,TRUE
"Autochamber",1.11492924852556,TRUE
"Autochamber",1.19317808633363,TRUE
"Autochamber",1.43983615060809,TRUE
"Autochamber",1.26930323506929,TRUE
"Autochamber",1.37258763214017,TRUE
"Autochamber",1.12070093442471,TRUE
"Autochamber",1.2810919267824,TRUE
"Autochamber",1.52344079425515,TRUE
"Autochamber",1.26589072343692,TRUE
"Autochamber",1.6259493514324,TRUE
"Autochamber",1.38355059662787,TRUE
"Autochamber",1.42359656992921,TRUE
"Autochamber",1.37786170303418,TRUE
"Autochamber",1.99288563507912,TRUE
"Autochamber",1.71400334703057,TRUE
"Autochamber",1.37280125242595,TRUE
"Autochamber",1.43219045674213,TRUE
"Autochamber",1.16643872310222,TRUE
"Autochamber",1.01678966381565,TRUE
"Autochamber",1.0601194050412,TRUE
"Autochamber",1.03413174509795,TRUE
"Autochamber",1,FALSE
"Autochamber",1,FALSE
"Autochamber",1.04619473473093,TRUE
"Autochamber",1,FALSE
"Autochamber",1.14885619823136,TRUE
"Autochamber",1,FALSE
"Autochamber",1,FALSE
"Autochamber",1.1003090722393,TRUE
"Autochamber",1,FALSE
"Autochamber",1.01091732647967,TRUE
"Autochamber",1.01718920014562,TRUE
"Autochamber",1,FALSE
"Autochamber",1.05280015741945,TRUE
"Autochamber",1,FALSE
"Autochamber",1.08287350503387,TRUE
"Autochamber",1.27889401477585,TRUE
"Autochamber",1.08929564894186,TRUE
"Autochamber",1.02902557664249,TRUE
"Autochamber",1.01066992252305,TRUE
"Autochamber",1.1242174990929,TRUE
"Autochamber",1.2120898078788,TRUE
"Autochamber",1,FALSE
"Autochamber",1.34663569677472,TRUE
"Autochamber",1.01139660226134,TRUE
"Autochamber",1.01324051664559,TRUE
"Autochamber",1.03799151524491,TRUE
"Autochamber",1.27900676314435,TRUE
"Autochamber",1.18735599727874,TRUE
"Autochamber",1.23461044651985,TRUE
"Autochamber",1.16402455698188,TRUE
"Autochamber",1.09897698835598,TRUE
"Autochamber",1.14605294843722,TRUE
"Autochamber",1.02399199949906,TRUE
"Autochamber",1.08440289375593,TRUE
"Autochamber",1.05818795390655,TRUE
"Autochamber",1.23082204537193,TRUE
"Autochamber",1.35614506119895,TRUE
"Autochamber",1.35645805902296,TRUE
"Autochamber",1.12511415676759,TRUE
"Autochamber",1.23179083008744,TRUE
"Autochamber",1.35913830841235,TRUE
"Autochamber",1.41696073147809,TRUE
"Autochamber",1.50198731965441,TRUE
"Autochamber",1.44069572556977,TRUE
"Autochamber",1.33874733152383,TRUE
"Autochamber",1.12129617088907,TRUE
"Autochamber",1.01940527601301,TRUE
"Autochamber",1.11399443353664,TRUE
"Autochamber",1.13807857911157,TRUE
"Autochamber",1.26200579054921,TRUE
"Autochamber",1.05288069488511,TRUE
"Autochamber",1.17691001383512,TRUE
"Autochamber",1.22533997936101,TRUE
"Autochamber",1.0073371115954,TRUE
"Autochamber",1.01950688932907,TRUE
"Autochamber",1.03068086676817,TRUE
"Autochamber",1.08911470641912,TRUE
"Autochamber",1.08695734462817,TRUE
"Autochamber",1.14659803412302,TRUE
"Autochamber",1.20807386659575,TRUE
"Autochamber",1.07832566273152,TRUE
"Autochamber",1.01716433863767,TRUE
"Autochamber",1.01524899891932,TRUE
"Autochamber",1.01313027655755,TRUE
"Autochamber",1.27512296372491,TRUE
"Autochamber",1.24550539035494,TRUE
"Autochamber",1.09181722219597,TRUE
"Autochamber",1.14766654587906,TRUE
"Autochamber",1.0955032491887,TRUE
"Autochamber",1.08095129086027,TRUE
"Autochamber",1.1952059773559,TRUE
"Autochamber",1.18346300288985,TRUE
"Autochamber",1.11576284250125,TRUE
"Autochamber",1.14641511285387,TRUE
"Autochamber",1.15095974065479,TRUE
"Autochamber",1.38427493504134,TRUE
"Autochamber",1.0448477898684,TRUE
"Autochamber",1.01264573038975,TRUE
"Autochamber",1.26811261233615,TRUE
"Autochamber",1.24532859514766,TRUE
"Autochamber",1.16275027216099,TRUE
"Autochamber",1.0094811692701,TRUE
"Autochamber",1.00951049044013,TRUE
"Autochamber",1.06654314531538,TRUE
"Autochamber",1.34529132652449,TRUE
"Autochamber",1.28210327267052,TRUE
"Autochamber",1.35117907660728,TRUE
"Autochamber",1.37879924569663,TRUE
"Autochamber",1.29563422884779,TRUE
"Autochamber",1.47991270516139,TRUE
"Autochamber",1.85169417238476,TRUE
"Autochamber",1.31944798977295,TRUE
"Autochamber",1.62431750147734,TRUE
"Autochamber",1.05799300722364,TRUE
"Autochamber",1.404692855004,TRUE
"Autochamber",1.2820948416099,TRUE
"Autochamber",1.1708228497629,TRUE
"Autochamber",1.23521047096948,TRUE
"Autochamber",1.44706999496721,TRUE
"Autochamber",1.36363306553222,TRUE
"Autochamber",1.44441398688871,TRUE
"Autochamber",1.0236839672618,TRUE
"Autochamber",1.15574338226298,TRUE
"Autochamber",1.02579697055947,TRUE
"Autochamber",1.08248973857836,TRUE
"Autochamber",1.2966395960269,TRUE
"Autochamber",1.10155253073275,TRUE
"Autochamber",1.10700043111369,TRUE
"Autochamber",1.21240604684634,TRUE
"Autochamber",1.2484475777874,TRUE
"Autochamber",1.00992429800712,TRUE
"Autochamber",1.05474067690189,TRUE
"Autochamber",1.01644200328159,TRUE
"Autochamber",1.27278288034123,TRUE
"Autochamber",1.33602508210162,TRUE
"Autochamber",1.39601574594539,TRUE
"Autochamber",1.15163732139199,TRUE
"Autochamber",1.01016856074443,TRUE
"Autochamber",1.64478533334809,TRUE
"Autochamber",1.28315501238518,TRUE
"Autochamber",1.69266181461126,TRUE
"Autochamber",1.27233413972377,TRUE
"Autochamber",1.16635794073406,TRUE
"Autochamber",1.42865835008715,TRUE
"Autochamber",1.66753673268385,TRUE
"Autochamber",1.015806836717,TRUE
"Autochamber",1.08951038364605,TRUE
"Autochamber",1.13642091175895,TRUE
"Autochamber",1.11566411701844,TRUE
"Autochamber",1.10943481122429,TRUE
"Autochamber",1.27123118679197,TRUE
"Autochamber",1.2518900756586,TRUE
"Autochamber",1.55419398804174,TRUE
"Autochamber",1.37046570218027,TRUE
"Autochamber",1.65463791857896,TRUE
"Autochamber",1.37182139722971,TRUE
"Autochamber",1.69318482167656,TRUE
"Autochamber",1.60636839891891,TRUE
"Autochamber",1.66360627829572,TRUE
"Autochamber",1.52841829827606,TRUE
"Autochamber",1.45794618795045,TRUE
"Autochamber",1.30648686568148,TRUE
"Autochamber",1.19479704742723,TRUE
"Autochamber",1.01592733602172,TRUE
"Autochamber",1.20741829527163,TRUE
"Autochamber",1.23497970382608,TRUE
"Autochamber",1.13679664060025,TRUE
"Autochamber",1.13716361028173,TRUE
"Autochamber",1.09364290919148,TRUE
"Autochamber",1.07937817710476,TRUE
"Autochamber",1.34706613233027,TRUE
"Autochamber",1.19115783884985,TRUE
"Autochamber",1.22990584480155,TRUE
"Autochamber",1.01432427275739,TRUE
"Autochamber",1.11710746653356,TRUE
"Autochamber",1.1425706762454,TRUE
"Autochamber",1.17343262016224,TRUE
"Autochamber",1.19670322973602,TRUE
"Autochamber",1.43213406950901,TRUE
"Autochamber",1.14933417484237,TRUE
"Autochamber",1.44578215054102,TRUE
"Autochamber",1.30981422601187,TRUE
"Autochamber",1.07730277253405,TRUE
"Autochamber",1.14150234379381,TRUE
"Autochamber",1.38558665902511,TRUE
"Autochamber",1.54257139459328,TRUE
"Autochamber",1.56909476902403,TRUE
"Autochamber",1.27396429928151,TRUE
"Autochamber",1.394922489528,TRUE
"Autochamber",1.38762280281969,TRUE
"Autochamber",1.24034100312606,TRUE
"Autochamber",1.44498111423582,TRUE
"Autochamber",1.34157930072112,TRUE
"Autochamber",1.09327151486555,TRUE
"Autochamber",1.2726598448611,TRUE
"Autochamber",1.09929181506838,TRUE
"Autochamber",1.20140472140064,TRUE
"Autochamber",1.01865966055934,TRUE
"Autochamber",1.01789201242529,TRUE
"Autochamber",1.26757761384274,TRUE
"Autochamber",1.15552747585164,TRUE
"Autochamber",1.13929392135808,TRUE
"Autochamber",1.05021446092658,TRUE
"Autochamber",1.3424090043335,TRUE
"Autochamber",1.5187488606209,TRUE
"Autochamber",1.60035148256615,TRUE
"Autochamber",1.51493615808135,TRUE
"Autochamber",1.43925009186493,TRUE
"Autochamber",1.73436259166718,TRUE
"Autochamber",1.70376450660289,TRUE
"Autochamber",1.184017569084,TRUE
"Autochamber",1.15255367952973,TRUE
"Autochamber",1.38065597159186,TRUE
"Autochamber",1.1711975751118,TRUE
"Autochamber",1.32742979458506,TRUE
"Autochamber",1.44786466794767,TRUE
"Autochamber",1.49112256081821,TRUE
"Autochamber",1.11854865187173,TRUE
"Autochamber",1.16314079259934,TRUE
"Autochamber",1.13986415711611,TRUE
"Autochamber",1.23156167540326,TRUE
"Autochamber",1.19771969979798,TRUE
"Autochamber",1.12706255645799,TRUE
"Autochamber",1.02306976187912,TRUE
"Autochamber",1.55559597539295,TRUE
"Autochamber",1.35582605056854,TRUE
"Autochamber",1.24938257967868,TRUE
"Autochamber",1.28333392107299,TRUE
"Autochamber",1.43283693117008,TRUE
"Autochamber",1.13155018366999,TRUE
"Autochamber",1.17762316681786,TRUE
"Autochamber",1.09624549695775,TRUE
"Autochamber",1.13915645919341,TRUE
"Autochamber",1.17456006935108,TRUE
"Autochamber",1.07703351703007,TRUE
"Autochamber",1.45230860915055,TRUE
"Autochamber",1.33459713914623,TRUE
"Autochamber",1.11965012924113,TRUE
"Autochamber",1.17585216190684,TRUE
"Autochamber",1.05114021711916,TRUE
"Autochamber",1.00689997515471,TRUE
"Autochamber",1.06467584737846,TRUE
"Autochamber",1.23136305299173,TRUE
"Autochamber",1.05299394112022,TRUE
"Autochamber",1.0074867256273,TRUE
"Autochamber",1.21639945125705,TRUE
"Autochamber",1.16075088589623,TRUE
"Autochamber",1.03153184755098,TRUE
"Autochamber",1.0694318169047,TRUE
"Autochamber",1.02338292978262,TRUE
"Autochamber",1.24455208816532,TRUE
"Autochamber",1.09187875026503,TRUE
"Autochamber",1.53056564652652,TRUE
"Autochamber",1.49238458487823,TRUE
"Autochamber",1.4147454916649,TRUE
"Autochamber",1.37694026415153,TRUE
"Autochamber",1.36795287294381,TRUE
"Autochamber",1.06967878788696,TRUE
"Autochamber",1.54311661390873,TRUE
"Autochamber",1.46812111018608,TRUE
"Autochamber",1.63520646741672,TRUE
"Autochamber",1.37583877961928,TRUE
"Autochamber",1.0471293863567,TRUE
"Autochamber",1.39435416107901,TRUE
"Autochamber",1.12397535596902,TRUE
"Autochamber",1.07958292157038,TRUE
"Autochamber",1.0138581499612,TRUE
"Autochamber",1.01327441762052,TRUE
"Autochamber",1.01324171429676,TRUE
"Autochamber",1.19419173300198,TRUE
"Autochamber",1.07582626992636,TRUE
"Autochamber",1.03107141356707,TRUE
"Autochamber",1.07066495814587,TRUE
"Autochamber",1.03809953582283,TRUE
"Autochamber",1.01548892882031,TRUE
"Autochamber",1.00926891201871,TRUE
"Autochamber",1.00529243530547,TRUE
"Autochamber",1.00734199516478,TRUE
"Autochamber",1.00755977936897,TRUE
"Autochamber",1.01512269711695,TRUE
"Autochamber",1.00635924684536,TRUE
"Autochamber",1.03700019195765,TRUE
"Autochamber",1.07947766517942,TRUE
"Autochamber",1.28693039018478,TRUE
"Autochamber",1.06383570712068,TRUE
"Autochamber",1.14044928755182,TRUE
"Autochamber",1.31450468083682,TRUE
"Autochamber",1.10438450490059,TRUE
"Autochamber",1.00360398165907,TRUE
"Autochamber",1.01572333167934,TRUE
"Autochamber",1.25560746435833,TRUE
"Autochamber",1.04654973623628,TRUE
"Autochamber",1.24951107310811,TRUE
"Autochamber",1.01030171531718,TRUE
"Autochamber",1.46035479985204,TRUE
"Autochamber",1.22912138353789,TRUE
"Autochamber",1.20869920421408,TRUE
"Autochamber",1.30613540136091,TRUE
"Autochamber",1.2373074026354,TRUE
"Autochamber",1.27887293677407,TRUE
"Autochamber",1.19182133110309,TRUE
"Autochamber",1.12945232996514,TRUE
"Autochamber",1,FALSE
"Autochamber",1.01201354527082,TRUE
"Autochamber",1.13224529966372,TRUE
"Autochamber",1.17778897854536,TRUE
"Autochamber",1.09788644374955,TRUE
"Autochamber",1.04812182031347,TRUE
"Autochamber",1.00741815146053,TRUE
"Autochamber",1,FALSE
"Autochamber",1.0102359317175,TRUE
"Autochamber",1.08776448645102,TRUE
"Autochamber",1.17369669327078,TRUE
"Autochamber",1.15172919122958,TRUE
"Autochamber",1.00956716251758,TRUE
"Autochamber",1.0159455236874,TRUE
"Autochamber",1.01240741338928,TRUE
"Autochamber",1.17303772012465,TRUE
"Autochamber",1.04758616533343,TRUE
"Autochamber",1.02363084612039,TRUE
"Autochamber",1.18659042522435,TRUE
"Autochamber",1.01438472957818,TRUE
"Autochamber",1.01565312689971,TRUE
"Autochamber",1.08158473784922,TRUE
"Autochamber",1.01167501440633,TRUE
"Autochamber",1.16072543044809,TRUE
"Autochamber",1.15329389102445,TRUE
"Autochamber",1.01539703419333,TRUE
"Autochamber",1.14424709852522,TRUE
"Autochamber",1.02699756640156,TRUE
"Autochamber",1.31797717649454,TRUE
"Autochamber",1.01682378601056,TRUE
"Autochamber",1.01469289283131,TRUE
"Autochamber",1.18820373589474,TRUE
"Autochamber",1.04677410071527,TRUE
"Autochamber",1.18329601796272,TRUE
"Autochamber",1.17971572810805,TRUE
"Autochamber",1.0874997936458,TRUE
"Autochamber",1.08620437490398,TRUE
"Autochamber",1.06701712575243,TRUE
"Autochamber",1.0078171130947,TRUE
"Autochamber",1.01135253441111,TRUE
"Autochamber",1.0198420921425,TRUE
"Autochamber",1.17866022259638,TRUE
"Autochamber",1.02953465808171,TRUE
"Autochamber",1.11633726655396,TRUE
"Autochamber",1.07754236157151,TRUE
"Autochamber",1.22899248507422,TRUE
"Autochamber",1.26046152075507,TRUE
"Autochamber",1.20474914911359,TRUE
"Autochamber",1.06879496359829,TRUE
"Autochamber",1.38118379340644,TRUE
"Autochamber",1.25431960336004,TRUE
"Autochamber",1.35479757979091,TRUE
"Autochamber",1.06657681824979,TRUE
"Autochamber",1.23481435268672,TRUE
"Autochamber",1.01260277030549,TRUE
"Autochamber",1.01136514631129,TRUE
"Autochamber",1.25971828117043,TRUE
"Autochamber",1.09009372204801,TRUE
"Autochamber",1.54534918127679,TRUE
"Autochamber",1.24594881529219,TRUE
"Autochamber",1.38713793502761,TRUE
"Autochamber",1.70849784499203,TRUE
"Autochamber",1.21139905872094,TRUE
"Autochamber",1.20400449104496,TRUE
"Autochamber",1.04715885686883,TRUE
"Autochamber",1.01564541873495,TRUE
"Autochamber",1.01029620494636,TRUE
"Autochamber",1.17765507283265,TRUE
"Autochamber",1.05707063423508,TRUE
"Autochamber",1.00699140307404,TRUE
"Autochamber",1.01188330667304,TRUE
"Autochamber",1.00614959206486,TRUE
"Autochamber",1.00945037794928,TRUE
"Autochamber",1.00624050956161,TRUE
"Autochamber",1.01891086096439,TRUE
"Autochamber",1.01138198930126,TRUE
"Autochamber",1.00565102503958,TRUE
"Autochamber",1.0137399245774,TRUE
"Autochamber",1.197314032756,TRUE
"Autochamber",1.10311204710924,TRUE
"Autochamber",1.10958945530159,TRUE
"Autochamber",1.07219736249379,TRUE
"Autochamber",1.01325879695418,TRUE
"Autochamber",1.11954420869802,TRUE
"Autochamber",1.18568265653245,TRUE
"Autochamber",1.16267041636483,TRUE
"Autochamber",1.01030994950934,TRUE
"Autochamber",1.01602162691153,TRUE
"Autochamber",1.01014199316145,TRUE
"Autochamber",1.00877897409558,TRUE
"Autochamber",1.14050178183007,TRUE
"Autochamber",1.01376652053053,TRUE
"Autochamber",1.10338433517463,TRUE
"Autochamber",1.01682356027854,TRUE
"Autochamber",1.30496058336026,TRUE
"Autochamber",1.29481800391003,TRUE
"Autochamber",1.30392506207065,TRUE
"Autochamber",1.21902151198364,TRUE
"Autochamber",1.20758082061154,TRUE
"Autochamber",1.01147866279084,TRUE
"Autochamber",1.013325639873,TRUE
"Autochamber",1.07306273563888,TRUE
"Autochamber",1.01372814903435,TRUE
"Autochamber",1.00975268716075,TRUE
"Autochamber",1.01189429773712,TRUE
"Autochamber",1.01500879011496,TRUE
"Autochamber",1.00630730717693,TRUE
"Autochamber",1.33719607142674,TRUE
"Autochamber",1.16064225371285,TRUE
"Autochamber",1.00502847761265,TRUE
"Autochamber",1.00596673418973,TRUE
"Autochamber",1.00573028434782,TRUE
"Autochamber",1.01391658297543,TRUE
"Autochamber",1.0066251362948,TRUE
"Autochamber",1.01272955918284,TRUE
"Autochamber",1.00565170524758,TRUE
"Autochamber",1.00615449935674,TRUE
"Autochamber",1.03967356388377,TRUE
"Autochamber",1.00547901019702,TRUE
"Autochamber",1.01239818194152,TRUE
"Autochamber",1.00840990204865,TRUE
"Autochamber",1.00537715432063,TRUE
"Autochamber",1.00878862884817,TRUE
"Autochamber",1.17976010947125,TRUE
"Autochamber",1.03614903723922,TRUE
"Autochamber",1.29602563133791,TRUE
"Autochamber",1.22275128713727,TRUE
"Autochamber",1.00745172915042,TRUE
"Autochamber",1.18576205199163,TRUE
"Autochamber",1.01133553311689,TRUE
"Autochamber",1.07229634059982,TRUE
"Autochamber",1.05706476458926,TRUE
"Autochamber",1.01589200239879,TRUE
"Autochamber",1.18423247297275,TRUE
"Autochamber",1.00972289615177,TRUE
"Autochamber",1.03469013434158,TRUE
"Autochamber",1.0654436723509,TRUE
"Autochamber",1.25017854066579,TRUE
"Autochamber",1.05935819727832,TRUE
"Autochamber",1.22398978579526,TRUE
"Autochamber",1.34428335278199,TRUE
"Autochamber",1.21449853044836,TRUE
"Autochamber",1.38462088367077,TRUE
"Autochamber",1.51008619052406,TRUE
"Autochamber",1.37270586352009,TRUE
"Autochamber",1.24831098739065,TRUE
"Autochamber",1.26141319938795,TRUE
"Autochamber",1.11832310502386,TRUE
"Autochamber",1.25022431333924,TRUE
"Autochamber",1.41123001890734,TRUE
"Autochamber",1.33469437126816,TRUE
"Autochamber",1.35434065596157,TRUE
"Autochamber",1.45534291575075,TRUE
"Autochamber",1.07872245875434,TRUE
"Autochamber",1.52652446361721,TRUE
"Autochamber",1.11014494342702,TRUE
"Autochamber",1.03898410552613,TRUE
"Autochamber",1.0100271928326,TRUE
"Autochamber",1.07108603655482,TRUE
"Autochamber",1.13777733446455,TRUE
"Autochamber",1.08337451174465,TRUE
"Autochamber",1.03174009083595,TRUE
"Autochamber",1.04108802761629,TRUE
"Autochamber",1.01176660500104,TRUE
"Autochamber",1.01044643163281,TRUE
"Autochamber",1.0075797678031,TRUE
"Autochamber",1.00837436426172,TRUE
"Autochamber",1.01697236931546,TRUE
"Autochamber",1.01688564982995,TRUE
"Autochamber",1.00951622253526,TRUE
"Autochamber",1.05871767189532,TRUE
"Autochamber",1.01021650049695,TRUE
"Autochamber",1.18407974211734,TRUE
"Autochamber",1.09049596819394,TRUE
"Autochamber",1.00678859050876,TRUE
"Autochamber",1.04594509209932,TRUE
"Autochamber",1.13221262029522,TRUE
"Autochamber",1.00533420306691,TRUE
"Autochamber",1.00728014296527,TRUE
"Autochamber",1.0155872179718,TRUE
"Autochamber",1.14732307599943,TRUE
"Autochamber",1.08020675902892,TRUE
"Autochamber",1.13922831753444,TRUE
"Autochamber",1.26488763061634,TRUE
"Autochamber",1.18607244113702,TRUE
"Autochamber",1.09052526245164,TRUE
"Autochamber",1.27724209888241,TRUE
"Autochamber",1.31041110747746,TRUE
"Autochamber",1.18274923973477,TRUE
"Autochamber",1.00948573592381,TRUE
"Autochamber",1.26917830750993,TRUE
"Autochamber",1.21500270257187,TRUE
"Autochamber",1.32022311770286,TRUE
"Autochamber",1.42890300024811,TRUE
"Autochamber",1.75074107287737,TRUE
"Autochamber",1.53044472746803,TRUE
"Autochamber",1.33207686838136,TRUE
"Autochamber",1.5671538086607,TRUE
"Autochamber",1.18906004747471,TRUE
"Autochamber",1.06308125489311,TRUE
"Autochamber",1.46224488838481,TRUE
"Autochamber",1.37967537709195,TRUE
"Autochamber",1.35371033169831,TRUE
"Autochamber",1.31130619037963,TRUE
"Autochamber",1.20847994684749,TRUE
"Autochamber",1.10552998048545,TRUE
"Autochamber",1.55200242353739,TRUE
"Autochamber",1.20221179351802,TRUE
"Autochamber",1.21094194260352,TRUE
"Autochamber",1.26944534778349,TRUE
"Autochamber",1.48172664963046,TRUE
"Autochamber",1.4866479345037,TRUE
"Autochamber",1.45197718336523,TRUE
"Autochamber",1.35785854904705,TRUE
"Autochamber",1.34530178279478,TRUE
"Autochamber",1.48149249216866,TRUE
"Autochamber",1.39465582941335,TRUE
"Autochamber",1.45095320479693,TRUE
"Autochamber",1.11062313807326,TRUE
"Autochamber",1.20511523017611,TRUE
"Autochamber",1.51780081951793,TRUE
"Autochamber",1.47408145461829,TRUE
"Autochamber",1.43762093586627,TRUE
"Autochamber",1.35184190253104,TRUE
"Autochamber",1.5809183092615,TRUE
"Autochamber",1.45625389792351,TRUE
"Autochamber",1.30365455563405,TRUE
"Autochamber",1.60066705617712,TRUE
"Autochamber",1.35088293474072,TRUE
"Autochamber",1.17007349133293,TRUE
"Autochamber",1.19419475734785,TRUE
"Autochamber",1.1424066545532,TRUE
"Autochamber",1.21447049630122,TRUE
"Autochamber",1.13963510529766,TRUE
"Autochamber",1.24973743329939,TRUE
"Autochamber",1.09393849083942,TRUE
"Autochamber",1.01554428754547,TRUE
"Autochamber",1.25466337200976,TRUE
"Autochamber",1.32637521702228,TRUE
"Autochamber",1.61712902280025,TRUE
"Autochamber",1.64010121603193,TRUE
"Autochamber",1.58499395090093,TRUE
"Autochamber",1.22217952807654,TRUE
"Autochamber",1.464637342889,TRUE
"Autochamber",1.35469003890154,TRUE
"Autochamber",1.36601486316518,TRUE
"Autochamber",1.46187696449601,TRUE
"Autochamber",1.57358782649006,TRUE
"Autochamber",1.77611091406542,TRUE
"Autochamber",1.56238111460387,TRUE
"Autochamber",1.28036063644478,TRUE
"Autochamber",1.70414632114126,TRUE
"Autochamber",1.37638775251638,TRUE
"Autochamber",1.40787485114119,TRUE
"Autochamber",1.12095996137338,TRUE
"Autochamber",1.2042908795541,TRUE
"Autochamber",1.3174452637995,TRUE
"Autochamber",1.14855217247825,TRUE
"Autochamber",1.46142561945622,TRUE
"Autochamber",1.33845819528789,TRUE
"Autochamber",1.05432966757119,TRUE
"Autochamber",1.17149796096208,TRUE
"Autochamber",1.35504197623075,TRUE
"Autochamber",1.08082010680338,TRUE
"Autochamber",1.26916564737632,TRUE
"Autochamber",1.10336301696718,TRUE
"Autochamber",1.01286086238592,TRUE
"Autochamber",1.20101519617578,TRUE
"Autochamber",1.5337064582598,TRUE
"Autochamber",1.33271123349624,TRUE
"Autochamber",1.26787085639675,TRUE
"Autochamber",1.34785344723706,TRUE
"Autochamber",1.07446212777055,TRUE
"Autochamber",1.07833634284053,TRUE
"Autochamber",1.01570174946793,TRUE
"Autochamber",1.06535681393499,TRUE
"Autochamber",1.10888815887348,TRUE
"Autochamber",1.11148820749858,TRUE
"Autochamber",1.1152204060643,TRUE
"Autochamber",1.00602325913729,TRUE
"Autochamber",1.03801903915257,TRUE
"Autochamber",1.14124513763333,TRUE
"Autochamber",1.14749387877815,TRUE
"Autochamber",1.4074115343021,TRUE
"Autochamber",1.18099973255859,TRUE
"Autochamber",1.58888595857251,TRUE
"Autochamber",1.26744930014964,TRUE
"Autochamber",1.50200055463402,TRUE
"Autochamber",1.00657680750757,TRUE
"Autochamber",1.15273171556372,TRUE
"Autochamber",1.05118659088361,TRUE
"Autochamber",1,FALSE
"Autochamber",1.00726787547339,TRUE
"Autochamber",1.00643563750338,TRUE
"Autochamber",1.00451228396988,TRUE
"Autochamber",1.00783182947371,TRUE
"Autochamber",1.01128405462804,TRUE
"Autochamber",1.01013358720393,TRUE
"Autochamber",1.01183162083218,TRUE
"Autochamber",1.18756340015884,TRUE
"Autochamber",1.0095442664143,TRUE
"Autochamber",1.00746985723918,TRUE
"Autochamber",1.00474488459762,TRUE
"Autochamber",1.00628101819243,TRUE
"Autochamber",1.20233415705172,TRUE
"Autochamber",1.01242790502997,TRUE
"Autochamber",1.06994572458568,TRUE
"Autochamber",1.13869698095316,TRUE
"Autochamber",1.16428217660934,TRUE
"Autochamber",1.41419221212065,TRUE
"Autochamber",1.44231300496896,TRUE
"Autochamber",1.01292024873996,TRUE
"Autochamber",1.01120460296581,TRUE
"Autochamber",1.13416223972364,TRUE
"Autochamber",1.01119853766746,TRUE
"Autochamber",1.08333788838336,TRUE
"Autochamber",1.14473103838044,TRUE
"Autochamber",1.16093916609374,TRUE
"Autochamber",1.39018896889113,TRUE
"Autochamber",1.74127195455873,TRUE
"Autochamber",1.24359746082744,TRUE
"Autochamber",1.55310608711863,TRUE
"Autochamber",1.33296123259753,TRUE
"Autochamber",1.2455445342633,TRUE
"Autochamber",1.60230577556274,TRUE
"Autochamber",1.13700586691961,TRUE
"Autochamber",1.06121562172733,TRUE
"Autochamber",1.01690386132206,TRUE
"Autochamber",1.2307668011723,TRUE
"Autochamber",1.22210733793169,TRUE
"Autochamber",1.3540644707646,TRUE
"Autochamber",1.27259843755919,TRUE
"Autochamber",1.37418362037221,TRUE
"Autochamber",1.26172380108576,TRUE
"Autochamber",1.14424955262572,TRUE
"Autochamber",1.00868054258829,TRUE
"Autochamber",1.01215457013324,TRUE
"Autochamber",1.22570228549969,TRUE
"Autochamber",1.27444408683612,TRUE
"Autochamber",1.21384922137655,TRUE
"Autochamber",1.05314622236663,TRUE
"Autochamber",1.00705269933478,TRUE
"Autochamber",1.0061888351834,TRUE
"Autochamber",1.01542657897127,TRUE
"Autochamber",1.01069740329649,TRUE
"Autochamber",1.02352294870574,TRUE
"Autochamber",1,FALSE
"Autochamber",1.0091304734637,TRUE
"Autochamber",1.01594114743644,TRUE
"Autochamber",1.01211960158941,TRUE
"Autochamber",1.1817971708284,TRUE
"Autochamber",1.56240019372835,TRUE
"Autochamber",1.01541188765584,TRUE
"Autochamber",1.01651448385579,TRUE
"Autochamber",1.05631996438737,TRUE
"Autochamber",1.00821128864882,TRUE
"Autochamber",1.00558201256413,TRUE
"Autochamber",1.24197237600051,TRUE
"Autochamber",1.1540778491803,TRUE
"Autochamber",1.01019971836451,TRUE
"Autochamber",1.00781865572633,TRUE
"Autochamber",1.06380686455537,TRUE
"Autochamber",1.00821003094027,TRUE
"Autochamber",1.00707042165969,TRUE
"Autochamber",1.00857130965213,TRUE
"Autochamber",1.05812449916503,TRUE
"Autochamber",1.41755682743527,TRUE
"Autochamber",1.40377438386055,TRUE
"Autochamber",1.58760011643068,TRUE
"Autochamber",1.52875642380327,TRUE
"Autochamber",1.51395309302124,TRUE
"Autochamber",1.53081707745219,TRUE
"Autochamber",1.38804073237547,TRUE
"Autochamber",1.08582882946902,TRUE
"Autochamber",1.20017144839094,TRUE
"Autochamber",1.42718958511146,TRUE
"Autochamber",1.01060874982377,TRUE
"Autochamber",1.03148906586947,TRUE
"Autochamber",1.12222730512927,TRUE
"Autochamber",1.30231010375639,TRUE
"Autochamber",1.0492826666126,TRUE
"Autochamber",1.00673792842793,TRUE
"Autochamber",1.00857368358673,TRUE
"Autochamber",1.17392994232071,TRUE
"Autochamber",1.02266121089936,TRUE
"Autochamber",1.00571466985065,TRUE
"Autochamber",1.01159361085912,TRUE
"Autochamber",1.006708193233,TRUE
"Autochamber",1.01473192842679,TRUE
"Autochamber",1.00821570075896,TRUE
"Autochamber",1,FALSE
"Autochamber",1,FALSE
"Autochamber",1.00463004610256,TRUE
"Autochamber",1.01290221605522,TRUE
"Autochamber",1.00598794221061,TRUE
"Autochamber",1.01782853949464,TRUE
"Autochamber",1.01586379627775,TRUE
"Autochamber",1.15374642821769,TRUE
"Autochamber",1.21623505740839,TRUE
"Autochamber",1.22745619535043,TRUE
"Autochamber",1.29914610945318,TRUE
"Autochamber",1.24099185031594,TRUE
"Autochamber",1.34076679662583,TRUE
"Autochamber",1.27117969145696,TRUE
"Autochamber",1.16291771606927,TRUE
"Autochamber",1.02172365412,TRUE
"Autochamber",1.02315828645818,TRUE
"Autochamber",1.16859759896807,TRUE
"Autochamber",1.14596908292922,TRUE
"Autochamber",1.18771003942365,TRUE
"Autochamber",1.11683665322359,TRUE
"Autochamber",1.01566859893323,TRUE
"Autochamber",1.00809162014751,TRUE
"Autochamber",1.00896038920543,TRUE
"Autochamber",1.04320415097199,TRUE
"Autochamber",1.09579298631557,TRUE
"Autochamber",1.06847877137933,TRUE
"Autochamber",1.13046698742291,TRUE
"Autochamber",1.1170416024581,TRUE
"Autochamber",1.05716629807651,TRUE
"Autochamber",1.0987138516057,TRUE
"Autochamber",1.0965011370351,TRUE
"Autochamber",1.03011709677724,TRUE
"Autochamber",1.16604930395812,TRUE
"Autochamber",1.02416865165838,TRUE
"Autochamber",1.25108954552482,TRUE
"Autochamber",1.12450477851116,TRUE
"Autochamber",1.20075862287055,TRUE
"Autochamber",1.30796502334395,TRUE
"Autochamber",1.28292650899199,TRUE
"Autochamber",1.30274154032398,TRUE
"Autochamber",1.58712098117192,TRUE
"Autochamber",1.15357344211,TRUE
"Autochamber",1.24831516577091,TRUE
"Autochamber",1.2439735338913,TRUE
"Autochamber",1.34836702774675,TRUE
"Autochamber",1.32780436991627,TRUE
"Autochamber",1.08397515210538,TRUE
"Autochamber",1.25442687481697,TRUE
"Autochamber",1.25743448392818,TRUE
"Autochamber",1.01695375823693,TRUE
"Autochamber",1.3371221225371,TRUE
"Autochamber",1.23955081569022,TRUE
"Autochamber",1.3587877310517,TRUE
"Autochamber",1.16150674351062,TRUE
"Autochamber",1.00622729638826,TRUE
"Autochamber",1.15871192947169,TRUE
"Autochamber",1.11846954255844,TRUE
"Autochamber",1.00994914140707,TRUE
"Autochamber",1.14983012853267,TRUE
"Autochamber",1.0111373981253,TRUE
"Autochamber",1.22243633613773,TRUE
"Autochamber",1.00819097431714,TRUE
"Autochamber",1.01014097547307,TRUE
"Autochamber",1.00892140737912,TRUE
"Autochamber",1.00967130037712,TRUE
"Autochamber",1.03551995126109,TRUE
"Autochamber",1.01134028569016,TRUE
"Autochamber",1.05010361662823,TRUE
"Autochamber",1.01020291373866,TRUE
"Autochamber",1.00681422611627,TRUE
"Autochamber",1.00543150008368,TRUE
"Autochamber",1.19527551086902,TRUE
"Autochamber",1.10149119669181,TRUE
"Autochamber",1.02175632032045,TRUE
"Autochamber",1.00746307988645,TRUE
"Autochamber",1.08715652097553,TRUE
"Autochamber",1.01285132969973,TRUE
"Autochamber",1.11413512486173,TRUE
"Autochamber",1.20137867937616,TRUE
"Autochamber",1.1914099424333,TRUE
"Autochamber",1.19187960849437,TRUE
"Autochamber",1.07666817646284,TRUE
"Autochamber",1.24171040830611,TRUE
"Autochamber",1.26920047937899,TRUE
"Autochamber",1.43357885174451,TRUE
"Autochamber",1.44274785615853,TRUE
"Autochamber",1.14520361107278,TRUE
"Autochamber",1.26938102551848,TRUE
"Autochamber",1.53877638792503,TRUE
"Autochamber",1.67509855856171,TRUE
"Autochamber",1.38221806581411,TRUE
"Autochamber",1.43740459532202,TRUE
"Autochamber",1.42368494112275,TRUE
"Autochamber",1.64491229320899,TRUE
"Autochamber",1.52531535574144,TRUE
"Autochamber",1.71034947042072,TRUE
"Autochamber",1.30115131035692,TRUE
"Autochamber",1.08703451081805,TRUE
"Autochamber",1.20984326474463,TRUE
"Autochamber",1.11699408608661,TRUE
"Autochamber",1.11806332347836,TRUE
"Autochamber",1.02777558489715,TRUE
"Autochamber",1.01875658017222,TRUE
"Autochamber",1.01689466207482,TRUE
"Autochamber",1.02315619200406,TRUE
"Autochamber",1.05303146197196,TRUE
"Autochamber",1.08934395594383,TRUE
"Autochamber",1.08411002164778,TRUE
"Autochamber",1.01393875620411,TRUE
"Autochamber",1.08449092135366,TRUE
"Autochamber",1.01484651264894,TRUE
"Autochamber",1.13595040441102,TRUE
"Autochamber",1.11057603292389,TRUE
"Autochamber",1.18553439945826,TRUE
"Autochamber",1.36760688030616,TRUE
"Autochamber",1.35378318687782,TRUE
"Autochamber",1.01152926679561,TRUE
"Autochamber",1.0114350272528,TRUE
"Autochamber",1.01739548123007,TRUE
"Autochamber",1.14532701703019,TRUE
"Autochamber",1.25413386811631,TRUE
"Autochamber",1.0775353583232,TRUE
"Autochamber",1.05481461925553,TRUE
"Autochamber",1.23158588001301,TRUE
"Autochamber",1.0470728909726,TRUE
"Autochamber",1.07046663545059,TRUE
"Autochamber",1.04120489711335,TRUE
"Autochamber",1.04623163463586,TRUE
"Autochamber",1.04591380516335,TRUE
"Autochamber",1.0151271624371,TRUE
"Autochamber",1.1697116994312,TRUE
"Autochamber",1.34294722879269,TRUE
"Autochamber",1.21451290820073,TRUE
"Autochamber",1.30604676120494,TRUE
"Autochamber",1.16501498208692,TRUE
"Autochamber",1.38715876603262,TRUE
"Autochamber",1.2063816231078,TRUE
"Autochamber",1.104944482738,TRUE
"Autochamber",1.3911335793748,TRUE
"Autochamber",1.38953933053827,TRUE
"Autochamber",1.01565160261605,TRUE
"Autochamber",1.20064662979348,TRUE
"Autochamber",1.00958385874585,TRUE
"Autochamber",1.02507534300328,TRUE
"Autochamber",1.00516644849872,TRUE
"Autochamber",1.00986358242723,TRUE
"Autochamber",1.00563077036068,TRUE
"Autochamber",1.00506627815602,TRUE
"Autochamber",1,FALSE
"Autochamber",1.00278365796477,TRUE
"Autochamber",1.00340593534704,TRUE
"Autochamber",1.00481657415205,TRUE
"Autochamber",1.00591277805213,TRUE
"Autochamber",1.00481430540953,TRUE
"Autochamber",1.03683568057767,TRUE
"Autochamber",1.01517332580283,TRUE
"Autochamber",1.00702721592711,TRUE
"Autochamber",1.00618315665452,TRUE
"Autochamber",1.00914175597216,TRUE
"Autochamber",1.00494664390979,TRUE
"Autochamber",1.00507041106274,TRUE
"Autochamber",1.00839176386102,TRUE
"Autochamber",1.00835412674014,TRUE
"Autochamber",1.00735711433156,TRUE
"Autochamber",1.00691605496251,TRUE
"Autochamber",1.04284779301727,TRUE
"Autochamber",1.00858794411604,TRUE
"Autochamber",1.03112398699207,TRUE
"Autochamber",1.33771239415333,TRUE
"Autochamber",1.26114286790116,TRUE
"Autochamber",1.06255876052401,TRUE
"Autochamber",1.22404341269823,TRUE
"Autochamber",1.05045453062655,TRUE
"Autochamber",1.10678927510261,TRUE
"Autochamber",1.03310251417788,TRUE
"Autochamber",1.00769173429925,TRUE
"Autochamber",1.33601811442822,TRUE
"Autochamber",1.363151299321,TRUE
"Autochamber",1.58358964157491,TRUE
"Autochamber",1.43850150310934,TRUE
"Autochamber",1.47033489908311,TRUE
"Autochamber",1.39738208506441,TRUE
"Autochamber",1.43703792249756,TRUE
"Autochamber",1.54147388395365,TRUE
"Autochamber",1.15114382278187,TRUE
"Autochamber",1.08803029037663,TRUE
"Autochamber",1.21786942561381,TRUE
"Autochamber",1.25366974393666,TRUE
"Autochamber",1.01083199824009,TRUE
"Autochamber",1.01605340880056,TRUE
"Autochamber",1.02633510927894,TRUE
"Autochamber",1.33783037753099,TRUE
"Autochamber",1.01800177452688,TRUE
"Autochamber",1.00945785817838,TRUE
"Autochamber",1.00911770754955,TRUE
"Autochamber",1.01333554289789,TRUE
"Autochamber",1.15889929986967,TRUE
"Autochamber",1.21811525116673,TRUE
"Autochamber",1.37252960863959,TRUE
"Autochamber",1.13837761314746,TRUE
"Autochamber",1.17574839520712,TRUE
"Autochamber",1.00886582598937,TRUE
"Autochamber",1.02639771157987,TRUE
"Autochamber",1.00496385267807,TRUE
"Autochamber",1.00899992120824,TRUE
"Autochamber",1.00685851402205,TRUE
"Autochamber",1.00480634241622,TRUE
"Autochamber",1.00635515529891,TRUE
"Autochamber",1.1721632347335,TRUE
"Autochamber",1.08600882091582,TRUE
"Autochamber",1.01383730590892,TRUE
"Autochamber",1.00612569500442,TRUE
"Autochamber",1.01564968271,TRUE
"Autochamber",1.3778885831559,TRUE
"Autochamber",1.26522685313811,TRUE
"Autochamber",1.16558268105063,TRUE
"Autochamber",1.23339982333267,TRUE
"Autochamber",1.29511320308854,TRUE
"Autochamber",1.08185300156573,TRUE
"Autochamber",1.32616352961336,TRUE
"Autochamber",1.02011685043249,TRUE
"Autochamber",1.12024860450953,TRUE
"Autochamber",1.09145709512484,TRUE
"Autochamber",1.41104467228866,TRUE
"Autochamber",1.46270243524764,TRUE
"Autochamber",1.07212638817764,TRUE
"Autochamber",1.40980775756608,TRUE
"Autochamber",1.4040998388773,TRUE
"Autochamber",1.61532359207092,TRUE
"Autochamber",1.51249095550706,TRUE
"Autochamber",1.90987756331024,TRUE
"Autochamber",1.68945062009449,TRUE
"Autochamber",1,FALSE
"Autochamber",1,FALSE
"Autochamber",1.51469102991725,TRUE
"Autochamber",1.71876579055379,TRUE
"Autochamber",1,FALSE
"Autochamber",1.04019555789833,TRUE
"Autochamber",1.30883576795645,TRUE
"Autochamber",1.64034494687907,TRUE
"Autochamber",1.23957714391661,TRUE
"Autochamber",1.09789354095542,TRUE
"Autochamber",1.07056806615975,TRUE
"Autochamber",1.30201789183927,TRUE
"Autochamber",1.10612812791567,TRUE
"Autochamber",1.01100272681208,TRUE
"Autochamber",1.01042731338709,TRUE
"Autochamber",1.00994651372804,TRUE
"Autochamber",1.0172034758421,TRUE
"Autochamber",1.133427131225,TRUE
"Autochamber",1.07158517217566,TRUE
"Autochamber",1.00673384535955,TRUE
"Autochamber",1.00791788381759,TRUE
"Autochamber",1.22070171202888,TRUE
"Autochamber",1.22289978867847,TRUE
"Autochamber",1.39963600247117,TRUE
"Autochamber",1.00532880219525,TRUE
"Autochamber",1.04942718429222,TRUE
"Autochamber",1.27488503105449,TRUE
"Autochamber",1.22817705646877,TRUE
"Autochamber",1.23624725186522,TRUE
"Autochamber",1.21174160413601,TRUE
"Autochamber",1.35339248720155,TRUE
"Autochamber",1.38623936903542,TRUE
"Autochamber",1.15289890011656,TRUE
"Autochamber",1.07476889942097,TRUE
"Autochamber",1.19117187495757,TRUE
"Autochamber",1.00831255929853,TRUE
"Autochamber",1.0157320520286,TRUE
"Autochamber",1.0716949582968,TRUE
"Autochamber",1.13813438565814,TRUE
"Autochamber",1.01696151062352,TRUE
"Autochamber",1.51929743822195,TRUE
"Autochamber",1.07489723140054,TRUE
"Autochamber",1.27462481845047,TRUE
"Autochamber",1.25347849740273,TRUE
"Autochamber",1.16203107817416,TRUE
"Autochamber",1.41003609336956,TRUE
"Autochamber",1.5737677506825,TRUE
"Autochamber",1.65002520311642,TRUE
"Autochamber",1,FALSE
"Autochamber",1.36817503428597,TRUE
"Autochamber",1.01225873722582,TRUE
"Autochamber",1.00929336132895,TRUE
"Autochamber",1.24807314180771,TRUE
"Autochamber",1.00576737797405,TRUE
"Autochamber",1.00486797482364,TRUE
"Autochamber",1.00950195959202,TRUE
"Autochamber",1,FALSE
"Autochamber",1.21214069494584,TRUE
"Autochamber",1.00708987141667,TRUE
"Autochamber",1.009987358608,TRUE
"Autochamber",1.01724932977769,TRUE
"Autochamber",1.00832621483127,TRUE
"Autochamber",1.0064314255441,TRUE
"Autochamber",1.0284145500708,TRUE
"Autochamber",1.00671607562126,TRUE
"Autochamber",1.35637083105473,TRUE
"Autochamber",1.23747251582432,TRUE
"Autochamber",1.03145723657616,TRUE
"Autochamber",1.01063311719978,TRUE
"Autochamber",1.00609745092734,TRUE
"Autochamber",1.25773760316965,TRUE
"Autochamber",1.01056200876514,TRUE
"Autochamber",1.15534565489619,TRUE
"Autochamber",1.01552484502531,TRUE
"Autochamber",1.00984611761747,TRUE
"Autochamber",1.42485564192645,TRUE
"Autochamber",1.14429100950426,TRUE
"Autochamber",1.04262178521062,TRUE
"Autochamber",1.0121728822547,TRUE
"Autochamber",1.00872235576012,TRUE
"Autochamber",1.33135969985192,TRUE
"Autochamber",1.01313553874883,TRUE
"Autochamber",1.20394816896624,TRUE
"Autochamber",1.00601147291083,TRUE
"Autochamber",1.00620434372147,TRUE
"Autochamber",1.00751067127274,TRUE
"Autochamber",1.19630530630731,TRUE
"Autochamber",1.00774578105641,TRUE
"Autochamber",1.00590165925765,TRUE
"Autochamber",1.16945417164115,TRUE
"Autochamber",1.25252827568863,TRUE
"Autochamber",1.2087990835992,TRUE
"Autochamber",1.32883006970293,TRUE
"Autochamber",1.30265695631567,TRUE
"Autochamber",1.37744304251509,TRUE
"Autochamber",1.01212575236827,TRUE
"Autochamber",1.00481467800835,TRUE
"Autochamber",1.00451228660915,TRUE
"Autochamber",1.00433388684389,TRUE
"Autochamber",1.01918692463733,TRUE
"Autochamber",1.01019024359027,TRUE
"Autochamber",1.0120622876831,TRUE
"Autochamber",1.00573051231033,TRUE
"Autochamber",1.00974212907014,TRUE
"Autochamber",1,FALSE
"Autochamber",1.01121979603784,TRUE
"Autochamber",1.01186228526083,TRUE
"Autochamber",1.17049632163925,TRUE
"Autochamber",1.19016009642217,TRUE
"Autochamber",1.06288953748567,TRUE
"Autochamber",1.66972339257112,TRUE
"Autochamber",1.13397184133058,TRUE
"Autochamber",1.16704499312893,TRUE
"Autochamber",1.17870762588943,TRUE
"Autochamber",1.02379879198101,TRUE
"Autochamber",1.48498377388727,TRUE
"Autochamber",1.19954074033102,TRUE
"Autochamber",1.38330495586283,TRUE
"Autochamber",1.22226900546213,TRUE
"Autochamber",1.53519895996054,TRUE
"Autochamber",1.13249890827416,TRUE
"Autochamber",1.38852842171097,TRUE
"Autochamber",1.17473914490693,TRUE
"Autochamber",1.21003553497294,TRUE
"Autochamber",1.20089225505541,TRUE
"Autochamber",1.32724027771889,TRUE
"Autochamber",1.25533499966235,TRUE
"Autochamber",1.18033597076814,TRUE
"Autochamber",1.08010767760424,TRUE
"Autochamber",1.18939384903712,TRUE
"Autochamber",1.15871494924965,TRUE
"Autochamber",1.18895758071976,TRUE
"Autochamber",1.07028062846204,TRUE
"Autochamber",1.05553471559495,TRUE
"Autochamber",1.10841664667416,TRUE
"Autochamber",1.16412427549763,TRUE
"Autochamber",1.2948199613197,TRUE
"Autochamber",1.14929303235482,TRUE
"Autochamber",1.07700638033842,TRUE
"Autochamber",1.17007268287353,TRUE
"Autochamber",1.21589518911719,TRUE
"Autochamber",1.3540771382039,TRUE
"Autochamber",1.24908142102977,TRUE
"Autochamber",1.05679381310354,TRUE
"Autochamber",1.14404712387105,TRUE
"Autochamber",1.1989641045971,TRUE
"Autochamber",1.18868843039618,TRUE
"Autochamber",1.11415897997423,TRUE
"Autochamber",1.3139241348153,TRUE
"Autochamber",1.03170431482018,TRUE
"Autochamber",1.04170794178573,TRUE
"Autochamber",1.13474749847413,TRUE
"Autochamber",1.09253295169524,TRUE
"Autochamber",1.17519381180383,TRUE
"Autochamber",1.12417928222524,TRUE
"Autochamber",1.02473268129472,TRUE
"Autochamber",1.17042680746362,TRUE
"Autochamber",1.00997525077642,TRUE
"Autochamber",1.01748204896332,TRUE
"Autochamber",1.24063840769997,TRUE
"Autochamber",1.01596205190445,TRUE
"Autochamber",1.00730084186947,TRUE
"Autochamber",1.01328777768633,TRUE
"Autochamber",1.09151077161117,TRUE
"Autochamber",1.17066468230828,TRUE
"Autochamber",1.00963274979175,TRUE
"Autochamber",1.02302564973833,TRUE
"Autochamber",1.01763276663324,TRUE
"Autochamber",1.28787789712054,TRUE
"Autochamber",1.01513764904783,TRUE
"Autochamber",1.0443293187931,TRUE
"Autochamber",1.0857375948988,TRUE
"Autochamber",1.01563532015567,TRUE
"Autochamber",1.06136561422161,TRUE
"Autochamber",1.16173097576966,TRUE
"Autochamber",1.05340526847462,TRUE
"Autochamber",1.01863573028908,TRUE
"Autochamber",1.04518622648744,TRUE
"Autochamber",1.36796082643852,TRUE
"Autochamber",1.04176572961009,TRUE
"Autochamber",1.11556097649867,TRUE
"Autochamber",1.20485894501579,TRUE
"Autochamber",1.46432085066648,TRUE
"Autochamber",1.21728871418664,TRUE
"Autochamber",1.23530140060162,TRUE
"Autochamber",1.23816189441412,TRUE
"Autochamber",1.20404921669163,TRUE
"Autochamber",1.23489238301811,TRUE
"Autochamber",1.01613806179402,TRUE
"Autochamber",1.41002383396488,TRUE
"Autochamber",1.00944086257605,TRUE
"Autochamber",1.41919571363682,TRUE
"Autochamber",1.1638634324038,TRUE
"Autochamber",1.00951623108392,TRUE
"Autochamber",1.00839733094268,TRUE
"Autochamber",1.00835805511341,TRUE
"Autochamber",1.00885965559568,TRUE
"Autochamber",1.00858443003545,TRUE
"Autochamber",1.0102361157731,TRUE
"Autochamber",1.01866379070902,TRUE
"Autochamber",1.01814086600578,TRUE
"Autochamber",1.01520767863702,TRUE
"Autochamber",1.01124725839997,TRUE
"Autochamber",1.04306270281916,TRUE
"Autochamber",1.01743872258895,TRUE
"Autochamber",1.00704410454744,TRUE
"Autochamber",1.00913386853846,TRUE
"Autochamber",1.02623767245519,TRUE
"Autochamber",1.01106997484257,TRUE
"Autochamber",1.01971996387221,TRUE
"Autochamber",1.21599433356366,TRUE
"Autochamber",1.05710440387759,TRUE
"Autochamber",1.1836574430657,TRUE
"Autochamber",1.06838130768139,TRUE
"Autochamber",1.32173826847639,TRUE
"Autochamber",1.014917228967,TRUE
"Autochamber",1.01517087908607,TRUE
"Autochamber",1.01196436682578,TRUE
"Autochamber",1.05988400521016,TRUE
"Autochamber",1.0119506451612,TRUE
"Autochamber",1.01495219957839,TRUE
"Autochamber",1.13848119826478,TRUE
"Autochamber",1.05486947966126,TRUE
"Autochamber",1.01527155827308,TRUE
"Autochamber",1.02995337600965,TRUE
"Autochamber",1.28304375168966,TRUE
"Autochamber",1.01518786128561,TRUE
"Autochamber",1.00932944499696,TRUE
"Autochamber",1.01304360810428,TRUE
"Autochamber",1.00296256825469,TRUE
"Autochamber",1.15833909128815,TRUE
"Autochamber",1.04012968936602,TRUE
"Autochamber",1.01994691257174,TRUE
"Autochamber",1.09786894559179,TRUE
"Autochamber",1.29418273646414,TRUE
"Autochamber",1.05104288605788,TRUE
"Autochamber",1.02451892525201,TRUE
"Autochamber",1.36676312921631,TRUE
"Autochamber",1.71391671272099,TRUE
"Autochamber",1.29840989170712,TRUE
"Autochamber",1.31968248123962,TRUE
"Autochamber",1.3057343128721,TRUE
"Autochamber",1.24923910021404,TRUE
"Autochamber",1.34894454044778,TRUE
"Autochamber",1.07936236222088,TRUE
"Autochamber",1.02079518605072,TRUE
"Autochamber",1.16481348051781,TRUE
"Autochamber",1.15808472765759,TRUE
"Autochamber",1.5206534038377,TRUE
"Autochamber",1.08475430835983,TRUE
"Autochamber",1.19793251518077,TRUE
"Autochamber",1.26451261402664,TRUE
"Autochamber",1.00412510063906,TRUE
"Autochamber",1,FALSE
"Autochamber",1,FALSE
"Autochamber",1.13093083283273,TRUE
"Autochamber",1.01040325634824,TRUE
"Autochamber",1.00705976045433,TRUE
"Autochamber",1.01302099909871,TRUE
"Autochamber",1.17241195170329,TRUE
"Autochamber",1.24465412159508,TRUE
"Autochamber",1.00808139461058,TRUE
"Autochamber",1.01190573609751,TRUE
"Autochamber",1.01216914073145,TRUE
"Autochamber",1.01184013149691,TRUE
"Autochamber",1.12972372083332,TRUE
"Autochamber",1.07418529150413,TRUE
"Autochamber",1.07710857322095,TRUE
"Autochamber",1.50133571755331,TRUE
"Autochamber",1.01629886844415,TRUE
"Autochamber",1.10160440767843,TRUE
"Autochamber",1.30407126082061,TRUE
"Autochamber",1.42998795282241,TRUE
"Autochamber",1.64590037916809,TRUE
"Autochamber",1.55261223707502,TRUE
"Autochamber",1.59672562404102,TRUE
"Autochamber",1.65637277581557,TRUE
"Autochamber",1.38445407770305,TRUE
"Autochamber",1.57834156041582,TRUE
"Autochamber",1.39022225026391,TRUE
"Autochamber",1.36123482909794,TRUE
"Autochamber",1.42435174703909,TRUE
"Autochamber",1.07140239233671,TRUE
"Autochamber",1.04122224339274,TRUE
"Autochamber",1,FALSE
"Autochamber",1,FALSE
"Autochamber",1.04043653152223,TRUE
"Autochamber",1,FALSE
"Autochamber",1.44803743617912,TRUE
"Autochamber",1.34255842666763,TRUE
"Autochamber",1.10561596051697,TRUE
"Autochamber",1.16586970715271,TRUE
"Autochamber",1.16684158301815,TRUE
"Autochamber",1.23504859659392,TRUE
"Autochamber",1.23013046353724,TRUE
"Autochamber",1.07406216056628,TRUE
"Autochamber",1.0808135438654,TRUE
"Autochamber",1.00900070125979,TRUE
"Autochamber",1.00490075532352,TRUE
"Autochamber",1.00906238213189,TRUE
"Autochamber",1.00458483331904,TRUE
"Autochamber",1.00519987047728,TRUE
"Autochamber",1,FALSE
"Autochamber",1,FALSE
"Autochamber",1,FALSE
"Autochamber",1,FALSE
"Autochamber",1.00441655941632,TRUE
"Autochamber",1,FALSE
"Autochamber",1.00378927376686,TRUE
"Autochamber",1.01299218212949,TRUE
"Autochamber",1,FALSE
"Autochamber",1.01499973477821,TRUE
"Autochamber",1,FALSE
"Autochamber",1,FALSE
"Autochamber",1,FALSE
"Autochamber",1,FALSE
"Autochamber",1,FALSE
"Autochamber",1,FALSE
"Autochamber",1.00473826711992,TRUE
"Autochamber",1,FALSE
"Autochamber",1,FALSE
"Autochamber",1,FALSE
"Autochamber",1,FALSE
"Autochamber",1,FALSE
"Autochamber",1,FALSE
"Autochamber",1,FALSE
"Autochamber",1.00294885706087,TRUE
"Autochamber",1,FALSE
"Autochamber",1,FALSE
"Autochamber",1,FALSE
"Autochamber",1,FALSE
"Autochamber",1,FALSE
"Autochamber",1,FALSE
"Autochamber",1,FALSE
"Autochamber",1,FALSE
"Autochamber",1,FALSE
"Autochamber",1,FALSE
"Autochamber",1,FALSE
"Autochamber",1,FALSE
"Autochamber",1,FALSE
"Autochamber",1,FALSE
"Autochamber",1,FALSE
"Autochamber",1,FALSE
"Autochamber",1,FALSE
"Autochamber",1,FALSE
"Autochamber",1,FALSE
"Autochamber",1,FALSE
"Autochamber",1,FALSE
"Autochamber",1,FALSE
"Autochamber",1,FALSE
"Autochamber",1,FALSE
"Autochamber",1,FALSE
"Autochamber",1.11489612234267,TRUE
"Autochamber",1,FALSE
"Autochamber",1,FALSE
"Autochamber",1,FALSE
"Autochamber",1.27330531721179,TRUE
"Autochamber",1.00976988169874,TRUE
"Autochamber",1.00876646757986,TRUE
"Autochamber",1.00820148888935,TRUE
"Autochamber",1.00778452809259,TRUE
"Autochamber",1.22805741757135,TRUE
"Autochamber",1.07721169865783,TRUE
"Autochamber",1.11821395681845,TRUE
"Autochamber",1,FALSE
"Autochamber",1.00917672174202,TRUE
"Autochamber",1.01002272938111,TRUE
"Autochamber",1,FALSE
"Autochamber",1,FALSE
"Autochamber",1.01239776167081,TRUE
"Autochamber",1.04892174759053,TRUE
"Autochamber",1.01613778837117,TRUE
"Autochamber",1.06030282154092,TRUE
"Autochamber",1.01370939075312,TRUE
"Autochamber",1.01582893589512,TRUE
"Autochamber",1.20394397739945,TRUE
"Autochamber",1.01278952234517,TRUE
"Autochamber",1.22208961727963,TRUE
"Autochamber",1.17312819385624,TRUE
"Autochamber",1.53337323990761,TRUE
"Autochamber",1.00997590390913,TRUE
"Autochamber",1.31940306536927,TRUE
"Autochamber",1.35484990887963,TRUE
"Autochamber",1.08014322099636,TRUE
"Autochamber",1.39152915963221,TRUE
"Autochamber",1.13743396685032,TRUE
"Autochamber",1.01601020177519,TRUE
"Autochamber",1.12761648991709,TRUE
"Autochamber",1.04782926767235,TRUE
"Autochamber",1.18834555951953,TRUE
"Autochamber",1.04640579166229,TRUE
"Autochamber",1.34595778640038,TRUE
"Autochamber",1.1076681797838,TRUE
"Autochamber",1.07593054928293,TRUE
"Autochamber",1.10469280853288,TRUE
"Autochamber",1.17024194274338,TRUE
"Autochamber",1.00978417806135,TRUE
"Autochamber",1.16658847378511,TRUE
"Autochamber",1.42125693040968,TRUE
"Autochamber",1.01440045063817,TRUE
"Autochamber",1.04073129704382,TRUE
"Autochamber",1.0076840455722,TRUE
"Autochamber",1.03485608237618,TRUE
"Autochamber",1.01213647538271,TRUE
"Autochamber",1.00342485549153,TRUE
"Autochamber",1.00416693660658,TRUE
"Autochamber",1.06622838243077,TRUE
"Autochamber",1.01154341310406,TRUE
"Autochamber",1.27367537363613,TRUE
"Autochamber",1.04564236954361,TRUE
"Autochamber",1.08900720768886,TRUE
"Autochamber",1.00791478071117,TRUE
"Autochamber",1.17109397439981,TRUE
"Autochamber",1.52522450037454,TRUE
"Autochamber",1.52287688237172,TRUE
"Autochamber",1.19558800292206,TRUE
"Autochamber",1.15905778192798,TRUE
"Autochamber",1.19641200556439,TRUE
"Autochamber",1.19015204788634,TRUE
"Autochamber",1.03933035092301,TRUE
"Autochamber",1.0801634257186,TRUE
"Autochamber",1.3712279301901,TRUE
"Autochamber",1.19491216768315,TRUE
"Autochamber",1.12400916765587,TRUE
"Autochamber",1.09003926418895,TRUE
"Autochamber",1.04647720322005,TRUE
"Autochamber",1.1104457542958,TRUE
"Autochamber",1.13115160388846,TRUE
"Autochamber",1.05545004763273,TRUE
"Autochamber",1.15866781938884,TRUE
"Autochamber",1.01947195680912,TRUE
"Autochamber",1.12211212647006,TRUE
"Autochamber",1.09099040843999,TRUE
"Autochamber",1.19216119696378,TRUE
"Autochamber",1.02880584474226,TRUE
"Autochamber",1.19762299993098,TRUE
"Autochamber",1.05277474431995,TRUE
"Autochamber",1.1983392805086,TRUE
"Autochamber",1.05903632525029,TRUE
"Autochamber",1.07335882091071,TRUE
"Autochamber",1.05377189617167,TRUE
"Autochamber",1.27585394122245,TRUE
"Autochamber",1.2492149620405,TRUE
"Autochamber",1.18013413537753,TRUE
"Autochamber",1.00964948525271,TRUE
"Autochamber",1.26788715225131,TRUE
"Autochamber",1.34527215480735,TRUE
"Autochamber",1.00469703750028,TRUE
"Autochamber",1.01313073240773,TRUE
"Autochamber",1.00765472944268,TRUE
"Autochamber",1.43605068784474,TRUE
"Autochamber",1.04399458326831,TRUE
"Autochamber",1.0042597320324,TRUE
"Autochamber",1.13129793757185,TRUE
"Autochamber",1.08215646837953,TRUE
"Autochamber",1.00609847737414,TRUE
"Autochamber",1.01101573312293,TRUE
"Autochamber",1.01468159118113,TRUE
"Autochamber",1.18522203009705,TRUE
"Autochamber",1.29501620019287,TRUE
"Autochamber",1.43178548616958,TRUE
"Autochamber",1.59221775600239,TRUE
"Autochamber",1.45282643717488,TRUE
"Autochamber",1.28598076734943,TRUE
"Autochamber",1.16705554873187,TRUE
"Autochamber",1.06859379925265,TRUE
"Autochamber",1.11140499557508,TRUE
"Autochamber",1.08422937884818,TRUE
"Autochamber",1.14684602858487,TRUE
"Autochamber",1.05147051013382,TRUE
"Autochamber",1.17809873921738,TRUE
"Autochamber",1.31937188120781,TRUE
"Autochamber",1.17112590176661,TRUE
"Autochamber",1.28733080432475,TRUE
"Autochamber",1.11561954821535,TRUE
"Autochamber",1.06945731487081,TRUE
"Autochamber",1.04226225813136,TRUE
"Autochamber",1.11801194198807,TRUE
"Autochamber",1.21245152133083,TRUE
"Autochamber",1.08603979863508,TRUE
"Autochamber",1.16236799030493,TRUE
"Autochamber",1.01726165614857,TRUE
"Autochamber",1.13453991665889,TRUE
"Autochamber",1.11925021680186,TRUE
"Autochamber",1.03282293706359,TRUE
"Autochamber",1.10717378304201,TRUE
"Autochamber",1.11228237313071,TRUE
"Autochamber",1.19449471976544,TRUE
"Autochamber",1.28237796655886,TRUE
"Autochamber",1.14957516127031,TRUE
"Autochamber",1.19748793452138,TRUE
"Autochamber",1.0075745443323,TRUE
"Autochamber",1.27391442622333,TRUE
"Autochamber",1.0046961294171,TRUE
"Autochamber",1.08973462802542,TRUE
"Autochamber",1.00382986486888,TRUE
"Autochamber",1.00593906874798,TRUE
"Autochamber",1.26179528888811,TRUE
"Autochamber",1.00442518266639,TRUE
"Autochamber",1.00614066788309,TRUE
"Autochamber",1.1911414594795,TRUE
"Autochamber",1.35113490942276,TRUE
"Autochamber",1.24155135666253,TRUE
"Autochamber",1.26898234182511,TRUE
"Autochamber",1,FALSE
"Autochamber",1.1756860017971,TRUE
"Autochamber",1.3849486512069,TRUE
"Autochamber",1.07942888129207,TRUE
"Autochamber",1.05767696741146,TRUE
"Autochamber",1.25786299444045,TRUE
"Autochamber",1.4942226357935,TRUE
"Autochamber",1.29232711053219,TRUE
"Autochamber",1.15491121955499,TRUE
"Autochamber",1.32549122573068,TRUE
"Autochamber",1.17950233779512,TRUE
"Autochamber",1.14260821058011,TRUE
"Autochamber",1.27007505407125,TRUE
"Autochamber",1.1501468207014,TRUE
"Autochamber",1.24504775020577,TRUE
"Autochamber",1.10917125476405,TRUE
"Autochamber",1.11675882140867,TRUE
"Autochamber",1.10062253756671,TRUE
"Autochamber",1.11591571538001,TRUE
"Autochamber",1.0909995304704,TRUE
"Autochamber",1.12782389506051,TRUE
"Autochamber",1.17758946189796,TRUE
"Autochamber",1.12837137919013,TRUE
"Autochamber",1.14169556971491,TRUE
"Autochamber",1.0701712710168,TRUE
"Autochamber",1.07933748259995,TRUE
"Autochamber",1.01657551735401,TRUE
"Autochamber",1.06005067338247,TRUE
"Autochamber",1.16680123814937,TRUE
"Autochamber",1.3111074411109,TRUE
"Autochamber",1.13232184506504,TRUE
"Autochamber",1.10863254659844,TRUE
"Autochamber",1.01052039493775,TRUE
"Autochamber",1.05062425568841,TRUE
"Autochamber",1.1840633582218,TRUE
"Autochamber",1.00293840492419,TRUE
"Autochamber",1.16868792362881,TRUE
"Autochamber",1.00487694247625,TRUE
"Autochamber",1.6335180130667,TRUE
"Autochamber",1.00518736985573,TRUE
"Autochamber",1.00947618990243,TRUE
"Autochamber",1.14200720287353,TRUE
"Autochamber",1.43752910521459,TRUE
"Autochamber",1.29386870637456,TRUE
"Autochamber",1.00431874346954,TRUE
"Autochamber",1.00213985907224,TRUE
"Autochamber",1.44226944272827,TRUE
"Autochamber",1.00266440151303,TRUE
"Autochamber",1.06258409679206,TRUE
"Autochamber",1.1229318085789,TRUE
"Autochamber",1.12035445121928,TRUE
"Autochamber",1.01072541270347,TRUE
"Autochamber",1.0819297932363,TRUE
"Autochamber",1.00571648501548,TRUE
"Autochamber",1.68742967345959,TRUE
"Autochamber",1.27919459683781,TRUE
"Autochamber",1.33350205652926,TRUE
"Autochamber",1.34268267508258,TRUE
"Autochamber",1.23477406615134,TRUE
"Autochamber",1.05956086477413,TRUE
"Autochamber",1.25631797667324,TRUE
"Autochamber",1.05602578567545,TRUE
"Autochamber",1.42480920391815,TRUE
"Autochamber",1.46624124752552,TRUE
"Autochamber",1.23368121241395,TRUE
"Autochamber",1.15466158145629,TRUE
"Autochamber",1.13736285176751,TRUE
"Autochamber",1.02716323811809,TRUE
"Autochamber",1.30010591868603,TRUE
"Autochamber",1.42336955905776,TRUE
"Autochamber",1.41558114002329,TRUE
"Autochamber",1.34428322302728,TRUE
"Autochamber",1.57815173227811,TRUE
"Autochamber",1.14864085314184,TRUE
"Autochamber",1.40607101166091,TRUE
"Autochamber",1.37207271924027,TRUE
"Autochamber",1.39920452390129,TRUE
"Autochamber",1.18803658042514,TRUE
"Autochamber",1.30106232131879,TRUE
"Autochamber",1.26928331186605,TRUE
"Autochamber",1.28202112131622,TRUE
"Autochamber",1.09653546205614,TRUE
"Autochamber",1.01829771577749,TRUE
"Autochamber",1.13456430808371,TRUE
"Autochamber",1.33774676250875,TRUE
"Autochamber",1.00675511625794,TRUE
"Autochamber",1.00646597329713,TRUE
"Autochamber",1.00573294537226,TRUE
"Autochamber",1.01004958199048,TRUE
"Autochamber",1.03769863756752,TRUE
"Autochamber",1.52253444405473,TRUE
"Autochamber",1.00449707672955,TRUE
"Autochamber",1.56771108545168,TRUE
"Autochamber",1.00915888610989,TRUE
"Autochamber",1.2480941355192,TRUE
"Autochamber",1.10861431868022,TRUE
"Autochamber",1.05076466585446,TRUE
"Autochamber",1.11850507816439,TRUE
"Autochamber",1.12576666439962,TRUE
"Autochamber",1.29648670605352,TRUE
"Autochamber",1.00647788636012,TRUE
"Autochamber",1.01468922663634,TRUE
"Autochamber",1.36927515130668,TRUE
"Autochamber",1.35728481335193,TRUE
"Autochamber",1.26066185492213,TRUE
"Autochamber",1.44530013795094,TRUE
"Autochamber",1.55363206060536,TRUE
"Autochamber",1.6620130036334,TRUE
"Autochamber",1.68210419499748,TRUE
"Autochamber",1.66450322695119,TRUE
"Autochamber",1.29026982997721,TRUE
"Autochamber",1.34453034720696,TRUE
"Autochamber",1.24090066336693,TRUE
"Autochamber",1.22408711549481,TRUE
"Autochamber",1.12334149859055,TRUE
"Autochamber",1.28293348765533,TRUE
"Autochamber",1.17787568732267,TRUE
"Autochamber",1.49323936652729,TRUE
"Autochamber",1.36531138988357,TRUE
"Autochamber",1.33566929355636,TRUE
"Autochamber",1.30578532872667,TRUE
"Autochamber",1.30644155147078,TRUE
"Autochamber",1.48963116900586,TRUE
"Autochamber",1.25166500222458,TRUE
"Autochamber",1.4005913696364,TRUE
"Autochamber",1.26562485968792,TRUE
"Autochamber",1.37283832226211,TRUE
"Autochamber",1.32791199787041,TRUE
"Autochamber",1.43533398821589,TRUE
"Autochamber",1.26066970214703,TRUE
"Autochamber",1.17969060518308,TRUE
"Autochamber",1.16566924406903,TRUE
"Autochamber",1.22334342134578,TRUE
"Autochamber",1.00686604665042,TRUE
"Autochamber",1.07089198809201,TRUE
"Autochamber",1.00541516984278,TRUE
"Autochamber",1.01396100222241,TRUE
"Autochamber",1.01825279086209,TRUE
"Autochamber",1.01644939189168,TRUE
"Autochamber",1.00401018266511,TRUE
"Autochamber",1.04532760803648,TRUE
"Autochamber",1.27108675172578,TRUE
"Autochamber",1.0256489585955,TRUE
"Autochamber",1.5085433725508,TRUE
"Autochamber",1.27721733975444,TRUE
"Autochamber",1.30814599978956,TRUE
"Autochamber",1.177394716846,TRUE
"Autochamber",1.32405189655887,TRUE
"Autochamber",1,FALSE
"Autochamber",1.01418814459876,TRUE
"Autochamber",1.18959057500718,TRUE
"Autochamber",1.29725411217025,TRUE
"Autochamber",1.59934755272474,TRUE
"Autochamber",1.34219855277693,TRUE
"Autochamber",1.26167377439398,TRUE
"Autochamber",1.27808930692829,TRUE
"Autochamber",1.81635087641493,TRUE
"Autochamber",1.42816624747161,TRUE
"Autochamber",1.36278662699169,TRUE
"Autochamber",1.15096923937391,TRUE
"Autochamber",1.18766635896325,TRUE
"Autochamber",1.24205863007276,TRUE
"Autochamber",1.17623848606363,TRUE
"Autochamber",1.22294427233154,TRUE
"Autochamber",1.15741010450559,TRUE
"Autochamber",1.04956200031417,TRUE
"Autochamber",1.19210187690599,TRUE
"Autochamber",1.17525258765257,TRUE
"Autochamber",1.05548061936023,TRUE
"Autochamber",1.11060585582618,TRUE
"Autochamber",1.20687848106268,TRUE
"Autochamber",1.08762072489829,TRUE
"Autochamber",1.01688377477604,TRUE
"Autochamber",1.12253922815171,TRUE
"Autochamber",1.05145380439543,TRUE
"Autochamber",1.07649982366255,TRUE
"Autochamber",1.29998333150536,TRUE
"Autochamber",1.17881113659267,TRUE
"Autochamber",1.51578902209818,TRUE
"Autochamber",1.17911744455681,TRUE
"Autochamber",1.40388274911102,TRUE
"Autochamber",1.01370622646115,TRUE
"Autochamber",1.01306822116647,TRUE
"Autochamber",1.12057838582199,TRUE
"Autochamber",1.0059964164914,TRUE
"Autochamber",1.00360340755587,TRUE
"Autochamber",1.13816946154625,TRUE
"Autochamber",1.13065265929847,TRUE
"Autochamber",1.00572295268825,TRUE
"Autochamber",1.00510195874044,TRUE
"Autochamber",1.0085907665588,TRUE
"Autochamber",1.00795006847389,TRUE
"Autochamber",1.10132497840441,TRUE
"Autochamber",1.01003970926191,TRUE
"Autochamber",1.00481435763826,TRUE
"Autochamber",1.00889166938853,TRUE
"Autochamber",1.08986981082089,TRUE
"Autochamber",1.33367958081135,TRUE
"Autochamber",1.30438684198591,TRUE
"Autochamber",1.36527354558988,TRUE
"Autochamber",1.26539459104677,TRUE
"Autochamber",1.30714216215755,TRUE
"Autochamber",1.22251275577826,TRUE
"Autochamber",1.16666446790741,TRUE
"Autochamber",1.42480829748343,TRUE
"Autochamber",1.32813929139102,TRUE
"Autochamber",1.67204399075472,TRUE
"Autochamber",1.31783128285025,TRUE
"Autochamber",1.35579890071742,TRUE
"Autochamber",1.45510841060501,TRUE
"Autochamber",1.49681303033963,TRUE
"Autochamber",1.28242842654473,TRUE
"Autochamber",1.50485704866597,TRUE
"Autochamber",1.34940510187783,TRUE
"Autochamber",1.13885932719958,TRUE
"Autochamber",1.01909188813741,TRUE
"Autochamber",1.03385974581057,TRUE
"Autochamber",1.22612316952205,TRUE
"Autochamber",1.04655299023498,TRUE
"Autochamber",1.1463150089293,TRUE
"Autochamber",1.21012268375309,TRUE
"Autochamber",1.10112191885944,TRUE
"Autochamber",1.11063673800209,TRUE
"Autochamber",1.25802560275275,TRUE
"Autochamber",1.15332664562131,TRUE
"Autochamber",1.14132514731316,TRUE
"Autochamber",1.06229888779001,TRUE
"Autochamber",1.10678529611885,TRUE
"Autochamber",1.06572760998214,TRUE
"Autochamber",1.00590353115343,TRUE
"Autochamber",1.02978975865918,TRUE
"Autochamber",1.00328457477326,TRUE
"Autochamber",1.00367992148873,TRUE
"Autochamber",1.00942487755781,TRUE
"Autochamber",1.00526795628075,TRUE
"Autochamber",1.01467771154281,TRUE
"Autochamber",1.00789811630921,TRUE
"Autochamber",1.00508047535471,TRUE
"Autochamber",1.01398790570799,TRUE
"Autochamber",1.00612727737156,TRUE
"Autochamber",1.00691993001897,TRUE
"Autochamber",1.00408064644478,TRUE
"Autochamber",1.0047377510636,TRUE
"Autochamber",1.13855783290761,TRUE
"Autochamber",1.01060250633405,TRUE
"Autochamber",1.00692031981522,TRUE
"Autochamber",1.42259430416105,TRUE
"Autochamber",1.5869465194274,TRUE
"Autochamber",1.26105727206813,TRUE
"Autochamber",1.28489876190518,TRUE
"Autochamber",1.31368267507262,TRUE
"Autochamber",1.46446523333163,TRUE
"Autochamber",1.13781874861991,TRUE
"Autochamber",1.09809250404578,TRUE
"Autochamber",1.03852612936318,TRUE
"Autochamber",1.1965800349989,TRUE
"Autochamber",1.29758897295833,TRUE
"Autochamber",1.13048992506788,TRUE
"Autochamber",1.02738522220465,TRUE
"Autochamber",1.10089099134813,TRUE
"Autochamber",1.0694584939234,TRUE
"Autochamber",1.37096581072684,TRUE
"Autochamber",1.12964505602035,TRUE
"Autochamber",1.44448304647973,TRUE
"Autochamber",1.00216717605136,TRUE
"Autochamber",1.19007094038842,TRUE
"Autochamber",1.08428953607022,TRUE
"Autochamber",1.086565560816,TRUE
"Autochamber",1.18648470996693,TRUE
"Autochamber",1.21778725090402,TRUE
"Autochamber",1.17270767567702,TRUE
"Autochamber",1.21194609154858,TRUE
"Autochamber",1.22170297749771,TRUE
"Autochamber",1.03073238203118,TRUE
"Autochamber",1.1308682570566,TRUE
"Autochamber",1.0376510486753,TRUE
"Autochamber",1.08582442299115,TRUE
"Autochamber",1.01359470923116,TRUE
"Autochamber",1.28545222546703,TRUE
"Autochamber",1,FALSE
"Autochamber",1.00588831367209,TRUE
"Autochamber",1.01586058356585,TRUE
"Autochamber",1.00273504000734,TRUE
"Autochamber",1.36302640898569,TRUE
"Autochamber",1.00882222221415,TRUE
"Autochamber",1.00724772985717,TRUE
"Autochamber",1.00837831508197,TRUE
"Autochamber",1.01389058091907,TRUE
"Autochamber",1.01743550754767,TRUE
"Autochamber",1.00759532076796,TRUE
"Autochamber",1.01563899202836,TRUE
"Autochamber",1.19848903353544,TRUE
"Autochamber",1.00871186555756,TRUE
"Autochamber",1.22154829143193,TRUE
"Autochamber",1.10072669349137,TRUE
"Autochamber",1.16751754590512,TRUE
"Autochamber",1.0733964526708,TRUE
"Autochamber",1.03524583904591,TRUE
"Autochamber",1.06213054425472,TRUE
"Autochamber",1.10252022594018,TRUE
"Autochamber",1.11198160039774,TRUE
"Autochamber",1.17817628477169,TRUE
"Autochamber",1.20410696441318,TRUE
"Autochamber",1.03734820702572,TRUE
"Autochamber",1.01108596279398,TRUE
"Autochamber",1.0151864037404,TRUE
"Autochamber",1.12190665551931,TRUE
"Autochamber",1.04765572111608,TRUE
"Autochamber",1.15172523155749,TRUE
"Autochamber",1.53635535932481,TRUE
"Autochamber",1.21616116567648,TRUE
"Autochamber",1.21561672075956,TRUE
"Autochamber",1.06089756470166,TRUE
"Autochamber",1.01323232413083,TRUE
"Autochamber",1.00835460083046,TRUE
"Autochamber",1.2194849728313,TRUE
"Autochamber",1.05340870994903,TRUE
"Autochamber",1.21039781938956,TRUE
"Autochamber",1.20148008934285,TRUE
"Autochamber",1.08144864502517,TRUE
"Autochamber",1.05526589248508,TRUE
"Autochamber",1.0120058169486,TRUE
"Autochamber",1.00458212442438,TRUE
"Autochamber",1.00510517183127,TRUE
"Autochamber",1.01087994565716,TRUE
"Autochamber",1.00658950197939,TRUE
"Autochamber",1.01695500687438,TRUE
"Autochamber",1.00441461536324,TRUE
"Autochamber",1.00766313672322,TRUE
"Autochamber",1.00843561972965,TRUE
"Autochamber",1.00614507454078,TRUE
"Autochamber",1.01872650567514,TRUE
"Autochamber",1.00648730929624,TRUE
"Autochamber",1.01085076109962,TRUE
"Autochamber",1.0031758248376,TRUE
"Autochamber",1.00969424388636,TRUE
"Autochamber",1.01005569025054,TRUE
"Autochamber",1.0048002141936,TRUE
"Autochamber",1.00314257287166,TRUE
"Autochamber",1.01453436018341,TRUE
"Autochamber",1.25845243101531,TRUE
"Autochamber",1.01424733599179,TRUE
"Autochamber",1.07781709764712,TRUE
"Autochamber",1.44870168718066,TRUE
"Autochamber",1.52893431516637,TRUE
"Autochamber",1.18794177489755,TRUE
"Autochamber",1.10702132452483,TRUE
"Autochamber",1.30027980558901,TRUE
"Autochamber",1.16608716134021,TRUE
"Autochamber",1.35499770429905,TRUE
"Autochamber",1.13443585990189,TRUE
"Autochamber",1.11270795621534,TRUE
"Autochamber",1.18560595657835,TRUE
"Autochamber",1.21526076161312,TRUE
"Autochamber",1.03470477311204,TRUE
"Autochamber",1.01357117221906,TRUE
"Autochamber",1.08756350617805,TRUE
"Autochamber",1.24297418775365,TRUE
"Autochamber",1.15333457836969,TRUE
"Autochamber",1.16999693416185,TRUE
"Autochamber",1.04037414132064,TRUE
"Autochamber",1.00861043641183,TRUE
"Autochamber",1.21284697788991,TRUE
"Autochamber",1.16309454691221,TRUE
"Autochamber",1.25463924249694,TRUE
"Autochamber",1.45304438946394,TRUE
"Autochamber",1.00435421109892,TRUE
"Autochamber",1.18815121158952,TRUE
"Autochamber",1.16396113981547,TRUE
"Autochamber",1.01557151737637,TRUE
"Autochamber",1.2269008949411,TRUE
"Autochamber",1.03273010741433,TRUE
"Autochamber",1.15210850451152,TRUE
"Autochamber",1.06501367051133,TRUE
"Autochamber",1.00516273159913,TRUE
"Autochamber",1.12879862496473,TRUE
"Autochamber",1.2799505400805,TRUE
"Autochamber",1.07150026174602,TRUE
"Autochamber",1.00346300016383,TRUE
"Autochamber",1.0088666063702,TRUE
"Autochamber",1.0043055459345,TRUE
"Autochamber",1.12905018135193,TRUE
"Autochamber",1.11117171591413,TRUE
"Autochamber",1.00439612768756,TRUE
"Autochamber",1.00519764177861,TRUE
"Autochamber",1.00734906773215,TRUE
"Autochamber",1.00337847855032,TRUE
"Autochamber",1.16413965062376,TRUE
"Autochamber",1.04520361568078,TRUE
"Autochamber",1.04011741855317,TRUE
"Autochamber",1.55413497337169,TRUE
"Autochamber",1.00849189901536,TRUE
"Autochamber",1.10408356467147,TRUE
"Autochamber",1.37175391446209,TRUE
"Autochamber",1.30587714052879,TRUE
"Autochamber",1.31911960382969,TRUE
"Autochamber",1.3463146370877,TRUE
"Autochamber",1.42510756976037,TRUE
"Autochamber",1.28913670905901,TRUE
"Autochamber",1.09809716271713,TRUE
"Autochamber",1.01317844582613,TRUE
"Autochamber",1.03374562859471,TRUE
"Autochamber",1.14690829239794,TRUE
"Autochamber",1.00265185829371,TRUE
"Autochamber",1.01476343481731,TRUE
"Autochamber",1.00167397640319,TRUE
"Autochamber",1.09376892634203,TRUE
"Autochamber",1.15532732730235,TRUE
"Autochamber",1.29605445449293,TRUE
"Autochamber",1.00390315249043,TRUE
"Autochamber",1.01376594333256,TRUE
"Autochamber",1.34162166481155,TRUE
"Autochamber",1.40728195719043,TRUE
"Autochamber",1.00342512932967,TRUE
"Autochamber",1.01000144934406,TRUE
"Autochamber",1.00357200220625,TRUE
"Autochamber",1.00346639080473,TRUE
"Autochamber",1.00533479851713,TRUE
"Autochamber",1.00480119461257,TRUE
"Autochamber",1.00559150079731,TRUE
"Autochamber",1.38355616224373,TRUE
"Autochamber",1,FALSE
"Autochamber",1.00319678711149,TRUE
"Autochamber",1.12390023730057,TRUE
"Autochamber",1.01628689557582,TRUE
"Autochamber",1.12781835542725,TRUE
"Autochamber",1.37697546765535,TRUE
"Autochamber",1.01287552087141,TRUE
"Autochamber",1.14742950607562,TRUE
"Autochamber",1.00628697789561,TRUE
"Autochamber",1.00553461984796,TRUE
"Autochamber",1.0561804037709,TRUE
"Autochamber",1.01453844962137,TRUE
"Autochamber",1.0100136704537,TRUE
"Autochamber",1.03596805647724,TRUE
"Autochamber",1.17155731935324,TRUE
"Autochamber",1.03181291020436,TRUE
"Autochamber",1.21359408132642,TRUE
"Autochamber",1.00442740241412,TRUE
"Autochamber",1.00456948954967,TRUE
"Autochamber",1.10454968081483,TRUE
"Autochamber",1.302149419453,TRUE
"Autochamber",1.24903977419726,TRUE
"Autochamber",1.43950607160484,TRUE
"Autochamber",1.13783377380248,TRUE
"Autochamber",1.07954573925334,TRUE
"Autochamber",1.03294787403375,TRUE
"Autochamber",1.01510549073631,TRUE
"Autochamber",1,FALSE
"Autochamber",1.00558473886633,TRUE
"Autochamber",1.00826818507158,TRUE
"Autochamber",1.19578909292468,TRUE
"Autochamber",1.00787400167768,TRUE
"Autochamber",1.15077374470729,TRUE
"Autochamber",1.00430386430823,TRUE
"Autochamber",1.05181665136253,TRUE
"Autochamber",1.11244775665678,TRUE
"Autochamber",1.00532690788231,TRUE
"Autochamber",1.00572905089379,TRUE
"Autochamber",1.01762779006502,TRUE
"Autochamber",1.00556804474286,TRUE
"Autochamber",1.00548957774576,TRUE
"Autochamber",1.01009139939444,TRUE
"Autochamber",1.00669202515322,TRUE
"Autochamber",1,FALSE
"Autochamber",1.08958359419992,TRUE
"Autochamber",1.04931379543239,TRUE
"Autochamber",1.02019683204897,TRUE
"Autochamber",1.07495379880094,TRUE
"Autochamber",1,FALSE
"Autochamber",1.00395249278857,TRUE
"Autochamber",1.00379613331532,TRUE
"Autochamber",1.00627946025243,TRUE
"Autochamber",1.18147459044826,TRUE
"Autochamber",1,FALSE
"Autochamber",1.00231227828968,TRUE
"Autochamber",1.00222738090507,TRUE
"Autochamber",1.36542236367262,TRUE
"Autochamber",1.00472162092178,TRUE
"Autochamber",1.00470378953742,TRUE
"Autochamber",1.00279555349386,TRUE
"Autochamber",1.00519483647072,TRUE
"Autochamber",1.00569493505333,TRUE
"Autochamber",1,FALSE
"Autochamber",1.0046084588559,TRUE
"Autochamber",1,FALSE
"Autochamber",1.00894144671021,TRUE
"Autochamber",1,FALSE
"Autochamber",1.00282190777993,TRUE
"Autochamber",1.00345504487351,TRUE
"Autochamber",1.00339064579107,TRUE
"Autochamber",1.00537911936313,TRUE
"Autochamber",1,FALSE
"Autochamber",1,FALSE
"Autochamber",1,FALSE
"Autochamber",1.00356571911511,TRUE
"Autochamber",1.00303064895233,TRUE
"Autochamber",1.00486486561331,TRUE
"Autochamber",1,FALSE
"Autochamber",1,FALSE
"Autochamber",1,FALSE
"Autochamber",1,FALSE
"Autochamber",1,FALSE
"Autochamber",1,FALSE
"Autochamber",1.00320601606244,TRUE
"Autochamber",1.00271302639008,TRUE
"Autochamber",1.00696031393346,TRUE
"Autochamber",1.00650239151536,TRUE
"Autochamber",1.00431884795376,TRUE
"Autochamber",1.00378150512093,TRUE
"Autochamber",1,FALSE
"Autochamber",1,FALSE
"Autochamber",1.00276439239562,TRUE
"Autochamber",1.00287493984459,TRUE
"Autochamber",1.32634856967074,TRUE
"Autochamber",1.00410878844707,TRUE
"Autochamber",1,FALSE
"Autochamber",1.00720318130843,TRUE
"Autochamber",1.00408410281896,TRUE
"Autochamber",1.00500579333102,TRUE
"Autochamber",1.00834525812307,TRUE
"Autochamber",1.00433790739272,TRUE
"Autochamber",1.00250769121193,TRUE
"Autochamber",1.00623519575801,TRUE
"Autochamber",1,FALSE
"Autochamber",1.00876661639892,TRUE
"Autochamber",1.03312434165325,TRUE
"Autochamber",1.08742370721558,TRUE
"Autochamber",1,FALSE
"Autochamber",1,FALSE
"Autochamber",1.10672295017563,TRUE
"Autochamber",1.00657296278764,TRUE
"Autochamber",1.01431630219706,TRUE
"Autochamber",1.0133522192474,TRUE
"Autochamber",1,FALSE
"Autochamber",1,FALSE
"Autochamber",1.00941892016258,TRUE
"Autochamber",1.00668439348157,TRUE
"Autochamber",1.00658710770423,TRUE
"Autochamber",1.00644544859943,TRUE
"Autochamber",1.01250965085957,TRUE
"Autochamber",1.09634179648229,TRUE
"Autochamber",1.00389837964981,TRUE
"Autochamber",1.00603543036419,TRUE
"Autochamber",1.01215940803243,TRUE
"Autochamber",1.00873641491065,TRUE
"Autochamber",1.00822304722221,TRUE
"Autochamber",1.0094135512825,TRUE
"Autochamber",1.01059571938378,TRUE
"Autochamber",1.05495008690687,TRUE
"Autochamber",1.00690899497239,TRUE
"Autochamber",1.01571952853539,TRUE
"Autochamber",1.00883934700922,TRUE
"Autochamber",1.02943815754613,TRUE
"Autochamber",1.00769660797647,TRUE
"Autochamber",1.01065806281495,TRUE
"Autochamber",1.00643255665678,TRUE
"Autochamber",1.06414414555667,TRUE
"Autochamber",1.08891113212989,TRUE
"Autochamber",1.02453631670383,TRUE
"Autochamber",1.01551803126755,TRUE
"Autochamber",1.03864535022103,TRUE
"Autochamber",1.04680692198318,TRUE
"Autochamber",1.13414392912607,TRUE
"Autochamber",1.00530489469469,TRUE
"Autochamber",1.00494121786626,TRUE
"Autochamber",1.30157040619357,TRUE
"Autochamber",1.03504016814578,TRUE
"Autochamber",1.00910533622378,TRUE
"Autochamber",1.14230327810068,TRUE
"Autochamber",1.11795406890756,TRUE
"Autochamber",1.1683852659132,TRUE
"Autochamber",1.15375305756827,TRUE
"Autochamber",1.25956430084545,TRUE
"Autochamber",1,FALSE
"Autochamber",1.00873249769882,TRUE
"Autochamber",1.0868422700631,TRUE
"Autochamber",1.00888219229575,TRUE
"Autochamber",1.58077492809018,TRUE
"Autochamber",1.41775171929175,TRUE
"Autochamber",1.11807842939041,TRUE
"Autochamber",1.00670658066021,TRUE
"Autochamber",1.3495210658823,TRUE
"Autochamber",1.18940715382899,TRUE
"Autochamber",1.46199670793353,TRUE
"Autochamber",1.21115523022475,TRUE
"Autochamber",1.1603863375655,TRUE
"Autochamber",1.0153341827108,TRUE
"Autochamber",1.01490136906333,TRUE
"Autochamber",1.12610458289787,TRUE
"Autochamber",1.78194015461693,TRUE
"Autochamber",1.01344962878115,TRUE
"Autochamber",1.0056707220228,TRUE
"Autochamber",1.21753763586503,TRUE
"Autochamber",1.29135353504042,TRUE
"Autochamber",1.11677639136026,TRUE
"Autochamber",1.26811650086307,TRUE
"Autochamber",1.11145467228488,TRUE
"Autochamber",1.01277900762533,TRUE
"Autochamber",1.55755804871821,TRUE
"Autochamber",1.11496349038503,TRUE
"Autochamber",1.21626333418957,TRUE
"Autochamber",1.15954508421768,TRUE
"Autochamber",1.0456730806192,TRUE
"Autochamber",1.00597298078339,TRUE
"Autochamber",1.28499824836252,TRUE
"Autochamber",1.45675647521034,TRUE
"Autochamber",1.00701439759016,TRUE
"Autochamber",1.32894217137725,TRUE
"Autochamber",1.04631153826826,TRUE
"Autochamber",1.03074062084561,TRUE
"Autochamber",1.27449809903345,TRUE
"Autochamber",1.36559164705036,TRUE
"Autochamber",1.61490040198014,TRUE
"Autochamber",1.30143847685212,TRUE
"Autochamber",1.20189836745913,TRUE
"Autochamber",1.01117282114283,TRUE
"Autochamber",1.44114292749634,TRUE
"Autochamber",1.67584696147284,TRUE
"Autochamber",1.00623035201757,TRUE
"Autochamber",1.0649044111488,TRUE
"Autochamber",1.01895039641095,TRUE
"Autochamber",1.01209075906271,TRUE
"Autochamber",1.20550338836798,TRUE
"Autochamber",1.00462813989924,TRUE
"Autochamber",1.0040727472146,TRUE
"Autochamber",1.22338832542916,TRUE
"Autochamber",1.11456270387947,TRUE
"Autochamber",1.00706845655866,TRUE
"Autochamber",1.00899488750819,TRUE
"Autochamber",1.60518996457954,TRUE
"Autochamber",1.47935266556619,TRUE
"Autochamber",1.16478974972936,TRUE
"Autochamber",1.06391596205014,TRUE
"Autochamber",1.26492365705619,TRUE
"Autochamber",1.1817962409324,TRUE
"Autochamber",1.26114917708588,TRUE
"Autochamber",1.09163022037725,TRUE
"Autochamber",1.05037641080593,TRUE
"Autochamber",1.16053631996148,TRUE
"Autochamber",1.10370722356526,TRUE
"Autochamber",1.08168519491144,TRUE
"Autochamber",1.19723284221359,TRUE
"Autochamber",1.03059496880411,TRUE
"Autochamber",1.10815273708401,TRUE
"Autochamber",1.03339808466795,TRUE
"Autochamber",1.00780690784753,TRUE
"Autochamber",1.36047030036934,TRUE
"Autochamber",1.00910595863645,TRUE
"Autochamber",1.24801760143813,TRUE
"Autochamber",1.18197606382876,TRUE
"Autochamber",1.0124530251604,TRUE
"Autochamber",1.13395927369987,TRUE
"Autochamber",1.01096552027665,TRUE
"Autochamber",1.28172075364519,TRUE
"Autochamber",1.01536283633258,TRUE
"Autochamber",1.04477864989178,TRUE
"Autochamber",1.28990498496913,TRUE
"Autochamber",1.04373229546,TRUE
"Autochamber",1.94861402465632,TRUE
"Autochamber",1.01377270812021,TRUE
"Autochamber",1.57018546160269,TRUE
"Autochamber",1.00777011352067,TRUE
"Autochamber",1.00454934192611,TRUE
"Autochamber",1.37093925761982,TRUE
"Autochamber",1.58714710870741,TRUE
"Autochamber",1.01255358816351,TRUE
"Autochamber",1.36847506500632,TRUE
"Autochamber",1.04960494682958,TRUE
"Autochamber",1.00189774037012,TRUE
"Autochamber",1.0102656863465,TRUE
"Autochamber",1.15908293245042,TRUE
"Autochamber",1.01301982301385,TRUE
"Autochamber",1.26683507043403,TRUE
"Autochamber",1.01243181732364,TRUE
"Autochamber",1.00769181950513,TRUE
"Autochamber",1.01008705109496,TRUE
"Autochamber",1.01205829586404,TRUE
"Autochamber",1.00586623840706,TRUE
"Autochamber",1.25776011766503,TRUE
"Autochamber",1.53603895501838,TRUE
"Autochamber",1.02929813416999,TRUE
"Autochamber",1.10283978391244,TRUE
"Autochamber",1.1679793231326,TRUE
"Autochamber",1.00786115668622,TRUE
"Autochamber",1.08475658657533,TRUE
"Autochamber",1.00644944521779,TRUE
"Autochamber",1.2070691680587,TRUE
"Autochamber",1.00288027498048,TRUE
"Autochamber",1,FALSE
"Autochamber",1.15985425584845,TRUE
"Autochamber",1,FALSE
"Autochamber",1.07105771919385,TRUE
"Autochamber",1.00959722859837,TRUE
"Autochamber",1.01864008788352,TRUE
"Autochamber",1.4760141097416,TRUE
"Autochamber",1.01099709509769,TRUE
"Autochamber",1.00969546047994,TRUE
"Autochamber",1.00711085102617,TRUE
"Autochamber",1.00336621945954,TRUE
"Autochamber",1.00724339223021,TRUE
"Autochamber",1.06526957083585,TRUE
"Autochamber",1.00726537988242,TRUE
"Autochamber",1.00747050958924,TRUE
"Autochamber",1.00986743444206,TRUE
"Autochamber",1.00415132475042,TRUE
"Autochamber",1.00318908286581,TRUE
"Autochamber",1.00998574292756,TRUE
"Autochamber",1.00173497723597,TRUE
"Autochamber",1.00274525847106,TRUE
"Autochamber",1.00466804987097,TRUE
"Autochamber",1.11438551673784,TRUE
"Autochamber",1.00797290330535,TRUE
"Autochamber",1.0039862016967,TRUE
"Autochamber",1.00279945694387,TRUE
"Autochamber",1.00307474840835,TRUE
"Autochamber",1.00339353623532,TRUE
"Autochamber",1.13796288473239,TRUE
"Autochamber",1.00546077369101,TRUE
"Autochamber",1.13348156447726,TRUE
"Autochamber",1.01235830457765,TRUE
"Autochamber",1.00840603351723,TRUE
"Autochamber",1.1793657700392,TRUE
"Autochamber",1.38850706372701,TRUE
"Autochamber",1.49473345815863,TRUE
"Autochamber",1.01109669891623,TRUE
"Autochamber",1.00833884000153,TRUE
"Autochamber",1.00703474492701,TRUE
"Autochamber",1.00650291945744,TRUE
"Autochamber",1.00793432076139,TRUE
"Autochamber",1.00372392612829,TRUE
"Autochamber",1.00438167532611,TRUE
"Autochamber",1.10954921389513,TRUE
"Autochamber",1.00478342237629,TRUE
"Autochamber",1.02017576077287,TRUE
"Autochamber",1.00400089364306,TRUE
"Autochamber",1.19984078274522,TRUE
"Autochamber",1.01281183854337,TRUE
"Autochamber",1.00881961494711,TRUE
"Autochamber",1,FALSE
"Autochamber",1.180766850106,TRUE
"Autochamber",1.3207150293532,TRUE
"Autochamber",1.109982415334,TRUE
"Autochamber",1.00651801808512,TRUE
"Autochamber",1,FALSE
"Autochamber",1.1115294639401,TRUE
"Autochamber",1.00439077396856,TRUE
"Autochamber",1.00352116066034,TRUE
"Autochamber",1.00328169948865,TRUE
"Autochamber",1.23200532792646,TRUE
"Autochamber",1.00694158769576,TRUE
"Autochamber",1.01452521091566,TRUE
"Autochamber",1.29113257925801,TRUE
"Autochamber",1.01268963776642,TRUE
"Autochamber",1.00424545310195,TRUE
"Autochamber",1.00713871833118,TRUE
"Autochamber",1.06541088908391,TRUE
"Autochamber",1,FALSE
"Autochamber",1.00402034115742,TRUE
"Autochamber",1.00359070066852,TRUE
"Autochamber",1.00454340944043,TRUE
"Autochamber",1.00328684932469,TRUE
"Autochamber",1.00305471025686,TRUE
"Autochamber",1.00751419974434,TRUE
"Autochamber",1.00343764443279,TRUE
"Autochamber",1.0039279562189,TRUE
"Autochamber",1.00560585616225,TRUE
"Autochamber",1.01609840634237,TRUE
"Autochamber",1.21052780706767,TRUE
"Autochamber",1.00746004178274,TRUE
"Autochamber",1.43370932222359,TRUE
"Autochamber",1.12181525300768,TRUE
"Autochamber",1.08406966156506,TRUE
"Autochamber",1,FALSE
"Autochamber",1.00958899619687,TRUE
"Autochamber",1.43500136244292,TRUE
"Autochamber",1,FALSE
"Autochamber",1.22486277398566,TRUE
"Autochamber",1.01160437482077,TRUE
"Autochamber",1.26481873539867,TRUE
"Autochamber",1.00606150831964,TRUE
"Autochamber",1.15448303941084,TRUE
"Autochamber",1.21925989167544,TRUE
"Autochamber",1.23623910640572,TRUE
"Autochamber",1.01408083849046,TRUE
"Autochamber",1.00499807346371,TRUE
"Autochamber",1.01487829143173,TRUE
"Autochamber",1.01466306143794,TRUE
"Autochamber",1.00689301872992,TRUE
"Autochamber",1.00892378300348,TRUE
"Autochamber",1.03551858811528,TRUE
"Autochamber",1.31489669629636,TRUE
"Autochamber",1.00366645367189,TRUE
"Autochamber",1.01560562790002,TRUE
"Autochamber",1.28108882292684,TRUE
"Autochamber",1.47864607068758,TRUE
"Autochamber",1.00403402753604,TRUE
"Autochamber",1.10093223662895,TRUE
"Autochamber",1.81203985141101,TRUE
"Autochamber",1.11465178148805,TRUE
"Autochamber",1.38895145194309,TRUE
"Autochamber",1.00809132467767,TRUE
"Autochamber",1.00993850525826,TRUE
"Autochamber",1.19426310314274,TRUE
"Autochamber",1.00470817672065,TRUE
"Autochamber",1.00460629638163,TRUE
"Autochamber",1.01598787603114,TRUE
"Autochamber",1.00433909085105,TRUE
"Autochamber",1.02079756790675,TRUE
"Autochamber",1.00824893059225,TRUE
"Autochamber",1.0038236187646,TRUE
"Autochamber",1.01153371932886,TRUE
"Autochamber",1.01117994073089,TRUE
"Autochamber",1.70777952726844,TRUE
"Autochamber",1.0094471098138,TRUE
"Autochamber",1.16631160714676,TRUE
"Autochamber",1.25132201234382,TRUE
"Autochamber",1.02377743309832,TRUE
"Autochamber",1.01197280947932,TRUE
"Autochamber",1.45923270562721,TRUE
"Autochamber",1.15885311114128,TRUE
"Autochamber",1,FALSE
"Autochamber",1.00617686593856,TRUE
"Autochamber",1.01386947608619,TRUE
"Autochamber",1.00524851087531,TRUE
"Autochamber",1.01312850674502,TRUE
"Autochamber",1.00837374031395,TRUE
"Autochamber",1.0139830273524,TRUE
"Autochamber",1.01703970541046,TRUE
"Autochamber",1.00701606096846,TRUE
"Autochamber",1.10820993424746,TRUE
"Autochamber",1.22393954923464,TRUE
"Autochamber",1.00592916932403,TRUE
"Autochamber",1.08890178123687,TRUE
"Autochamber",1.01638046592412,TRUE
"Autochamber",1.04877793787454,TRUE
"Autochamber",1.01523402019634,TRUE
"Autochamber",1.01424001073876,TRUE
"Autochamber",1.03979491684228,TRUE
"Autochamber",1.03527266279665,TRUE
"Autochamber",1.31624529661022,TRUE
"Autochamber",1.22054795791812,TRUE
"Autochamber",1.18194530368182,TRUE
"Autochamber",1.01635021560153,TRUE
"Autochamber",1.17919790487108,TRUE
"Autochamber",1.15371465236788,TRUE
"Autochamber",1.40474814902045,TRUE
"Autochamber",1.17424351627398,TRUE
"Autochamber",1.60088372092131,TRUE
"Autochamber",1.35048150559075,TRUE
"Autochamber",1.00594346612798,TRUE
"Autochamber",1.00429334709322,TRUE
"Autochamber",1.0037702033961,TRUE
"Autochamber",1.00418959039931,TRUE
"Autochamber",1,FALSE
"Autochamber",1.00401966891757,TRUE
"Autochamber",1.00601326808277,TRUE
"Autochamber",1.00365841498881,TRUE
"Autochamber",1.00261279137034,TRUE
"Autochamber",1.00547647107394,TRUE
"Autochamber",1.00450813538313,TRUE
"Autochamber",1.08698923499114,TRUE
"Autochamber",1.02576770898967,TRUE
"Autochamber",1.01490865426733,TRUE
"Autochamber",1.00700723181675,TRUE
"Autochamber",1.01009469246555,TRUE
"Autochamber",1.0525998521768,TRUE
"Autochamber",1.01581375870676,TRUE
"Autochamber",1.00480109809156,TRUE
"Autochamber",1.20119418702109,TRUE
"Autochamber",1.00360632975165,TRUE
"Autochamber",1.08120753091246,TRUE
"Autochamber",1.00691049397331,TRUE
"Autochamber",1.00771627404742,TRUE
"Autochamber",1.00687152157709,TRUE
"Autochamber",1,FALSE
"Autochamber",1.01554105715739,TRUE
"Autochamber",1.03939217733807,TRUE
"Autochamber",1.21828631186401,TRUE
"Autochamber",1.00964218314568,TRUE
"Autochamber",1.27860522212448,TRUE
"Autochamber",1.33858717171313,TRUE
"Autochamber",1.40654797291188,TRUE
"Autochamber",1.9354450788078,TRUE
"Autochamber",1.38811584100076,TRUE
"Autochamber",1.2032658740813,TRUE
"Autochamber",1.31551981400197,TRUE
"Autochamber",1.01597756967773,TRUE
"Autochamber",1.06861251474157,TRUE
"Autochamber",1.28953164748201,TRUE
"Autochamber",1.13485197261783,TRUE
"Autochamber",1.18370966848962,TRUE
"Autochamber",1.19251381908167,TRUE
"Autochamber",1.13418190346561,TRUE
"Autochamber",1.43302975682669,TRUE
"Autochamber",1.2068500340232,TRUE
"Autochamber",1.08231071238857,TRUE
"Autochamber",1.12918683882021,TRUE
"Autochamber",1.01824628174439,TRUE
"Autochamber",1.06482560234427,TRUE
"Autochamber",1.20979869680294,TRUE
"Autochamber",1.00495728061284,TRUE
"Autochamber",1.16009186773587,TRUE
"Autochamber",1.03690878915976,TRUE
"Autochamber",1.06277249868253,TRUE
"Autochamber",1.00682678725971,TRUE
"Autochamber",1.08670796693054,TRUE
"Autochamber",1.00846304687951,TRUE
"Autochamber",1.00456392605494,TRUE
"Autochamber",1.01432702824661,TRUE
"Autochamber",1.100292985939,TRUE
"Autochamber",1.00534304968253,TRUE
"Autochamber",1.00640033559775,TRUE
"Autochamber",1.00662248321776,TRUE
"Autochamber",1.00604015253854,TRUE
"Autochamber",1.05196181241415,TRUE
"Autochamber",1.00633873334174,TRUE
"Autochamber",1.00529871652975,TRUE
"Autochamber",1.00901947265031,TRUE
"Autochamber",1.00767723675454,TRUE
"Autochamber",1.00835411200585,TRUE
"Autochamber",1.00991511706083,TRUE
"Autochamber",1.00507290785369,TRUE
"Autochamber",1.00732977750484,TRUE
"Autochamber",1.0113434432517,TRUE
"Autochamber",1.00895929692771,TRUE
"Autochamber",1.07107762363734,TRUE
"Autochamber",1.00943718764312,TRUE
"Autochamber",1.01025660686375,TRUE
"Autochamber",1.02374085790285,TRUE
"Autochamber",1.01055933078691,TRUE
"Autochamber",1.13901930246688,TRUE
"Autochamber",1.03853614074179,TRUE
"Autochamber",1.1409539560451,TRUE
"Autochamber",1.01606671712364,TRUE
"Autochamber",1.012689466054,TRUE
"Autochamber",1.01309416400989,TRUE
"Autochamber",1.00939027020914,TRUE
"Autochamber",1.01316537201093,TRUE
"Autochamber",1.0060384577025,TRUE
"Autochamber",1.01142208015346,TRUE
"Autochamber",1.03506741042492,TRUE
"Autochamber",1.00993891524157,TRUE
"Autochamber",1.00437419956209,TRUE
"Autochamber",1.00364804096752,TRUE
"Autochamber",1.00587654393374,TRUE
"Autochamber",1.12227054957776,TRUE
"Autochamber",1.01127887609916,TRUE
"Autochamber",1.0181712384576,TRUE
"Autochamber",1.03057274857222,TRUE
"Autochamber",1.01341350637246,TRUE
"Autochamber",1.01384569256068,TRUE
"Autochamber",1.03799111902994,TRUE
"Autochamber",1.00333069721789,TRUE
"Autochamber",1.0053160395063,TRUE
"Autochamber",1.04638685741127,TRUE
"Autochamber",1.01142408275227,TRUE
"Autochamber",1.06274126211344,TRUE
"Autochamber",1.01208500470841,TRUE
"Autochamber",1.01358044680261,TRUE
"Autochamber",1.02420266619773,TRUE
"Autochamber",1.07874599579197,TRUE
"Autochamber",1.10462887709662,TRUE
"Autochamber",1.00677416240095,TRUE
"Autochamber",1.62552501159706,TRUE
"Autochamber",1.04441386582821,TRUE
"Autochamber",1.04521108663632,TRUE
"Autochamber",1.16646040023686,TRUE
"Autochamber",1.1305364205991,TRUE
"Autochamber",1.01956265771971,TRUE
"Autochamber",1.00960919135085,TRUE
"Autochamber",1.00554209228405,TRUE
"Autochamber",1.28529879024422,TRUE
"Autochamber",1.0068034467353,TRUE
"Autochamber",1.09821135244126,TRUE
"Autochamber",1.015968382707,TRUE
"Autochamber",1.02367481188548,TRUE
"Autochamber",1.01025369081353,TRUE
"Autochamber",1.00966172332812,TRUE
"Autochamber",1.27659081677889,TRUE
"Autochamber",1.10888484828323,TRUE
"Autochamber",1.34297255855552,TRUE
"Autochamber",1.21637420553252,TRUE
"Autochamber",1.05157647407984,TRUE
"Autochamber",1.33534497450734,TRUE
"Autochamber",1.20009537055166,TRUE
"Autochamber",1.22670666736736,TRUE
"Autochamber",1.18777272350814,TRUE
"Autochamber",1.55886396802981,TRUE
"Autochamber",1.54165301964763,TRUE
"Autochamber",1.09701074952556,TRUE
"Autochamber",1.06515769886839,TRUE
"Autochamber",1.01691431820866,TRUE
"Autochamber",1.25684177145099,TRUE
"Autochamber",1.18877934083512,TRUE
"Autochamber",1.06876156104097,TRUE
"Autochamber",1.03215703459932,TRUE
"Autochamber",1.03897043992971,TRUE
"Autochamber",1.0188065309351,TRUE
"Autochamber",1.00415442156755,TRUE
"Autochamber",1.00562569900827,TRUE
"Autochamber",1.18476442630058,TRUE
"Autochamber",1.12438179155973,TRUE
"Autochamber",1.00640081585606,TRUE
"Autochamber",1.00839618073928,TRUE
"Autochamber",1.19900227429529,TRUE
"Autochamber",1.0114327528967,TRUE
"Autochamber",1.00820177995913,TRUE
"Autochamber",1.06192782653411,TRUE
"Autochamber",1.00709785257638,TRUE
"Autochamber",1.01828878219174,TRUE
"Autochamber",1.08802143668138,TRUE
"Autochamber",1.05351478642155,TRUE
"Autochamber",1.20295293588674,TRUE
"Autochamber",1.26021945648036,TRUE
"Autochamber",1.15052322484665,TRUE
"Autochamber",1.15843114522787,TRUE
"Autochamber",1.25039944941558,TRUE
"Autochamber",1.18712712668408,TRUE
"Autochamber",1.08981235128483,TRUE
"Autochamber",1.24260976603613,TRUE
"Autochamber",1.01220152656407,TRUE
"Autochamber",1.00806226999047,TRUE
"Autochamber",1.0089990239274,TRUE
"Autochamber",1.0152108518366,TRUE
"Autochamber",1.26435131611673,TRUE
"Autochamber",1,FALSE
"Autochamber",1.30042706151619,TRUE
"Autochamber",1,FALSE
"Autochamber",1.05445856390311,TRUE
"Autochamber",1,FALSE
"Autochamber",1.14244014518238,TRUE
"Autochamber",1.03241718365645,TRUE
"Autochamber",1.00578052033999,TRUE
"Autochamber",1.28356806476816,TRUE
"Autochamber",1.00456304086233,TRUE
"Autochamber",1.00647030596229,TRUE
"Autochamber",1,FALSE
"Autochamber",1.0047700423029,TRUE
"Autochamber",1.00949218933923,TRUE
"Autochamber",1.1672138547082,TRUE
"Autochamber",1,FALSE
"Autochamber",1,FALSE
"Autochamber",1,FALSE
"Autochamber",1.01138227170759,TRUE
"Autochamber",1.25182951574615,TRUE
"Autochamber",1.00543017967106,TRUE
"Autochamber",1.2849520074882,TRUE
"Autochamber",1.00750280476432,TRUE
"Autochamber",1,FALSE
"Autochamber",1.01544817338178,TRUE
"Autochamber",1.04646047464402,TRUE
"Autochamber",1.01839964581314,TRUE
"Autochamber",1.19744639349377,TRUE
"Autochamber",1.4290906210341,TRUE
"Autochamber",1.57711073258629,TRUE
"Autochamber",1.54202086542385,TRUE
"Autochamber",1,FALSE
"Autochamber",1.01460466866935,TRUE
"Autochamber",1.25517191363454,TRUE
"Autochamber",1.21517991594879,TRUE
"Autochamber",1.05090348651627,TRUE
"Autochamber",1.35667255327275,TRUE
"Autochamber",1.37336169151558,TRUE
"Autochamber",1.30905022345458,TRUE
"Autochamber",1.11126171756525,TRUE
"Autochamber",1.01018998619299,TRUE
"Autochamber",1.01617016726875,TRUE
"Autochamber",1.01121355787952,TRUE
"Autochamber",1.12035785003901,TRUE
"Autochamber",1,FALSE
"Autochamber",1.01765634276316,TRUE
"Autochamber",1.26684359970819,TRUE
"Autochamber",1.35232236959553,TRUE
"Autochamber",1.25795195374935,TRUE
"Autochamber",1.25861844349812,TRUE
"Autochamber",1.29020723439119,TRUE
"Autochamber",1.19635895145722,TRUE
"Autochamber",1.01017614231677,TRUE
"Autochamber",1.11630936887035,TRUE
"Autochamber",1.06863495073914,TRUE
"Autochamber",1.29425326995433,TRUE
"Autochamber",1.73535168121669,TRUE
"Autochamber",1,FALSE
"Autochamber",1.0038204544351,TRUE
"Autochamber",1,FALSE
"Autochamber",1.00440025879888,TRUE
"Autochamber",1.10718361874586,TRUE
"Autochamber",1.4524079587713,TRUE
"Autochamber",1.27843138987195,TRUE
"Autochamber",1.00607090265552,TRUE
"Autochamber",1.01982709351838,TRUE
"Autochamber",1.01268615435049,TRUE
"Autochamber",1.00382133363573,TRUE
"Autochamber",1,FALSE
"Autochamber",1.00410050210517,TRUE
"Autochamber",1.00422567342568,TRUE
"Autochamber",1.01470593620372,TRUE
"Autochamber",1.00727167307802,TRUE
"Autochamber",1.00466836592591,TRUE
"Autochamber",1.01103930446902,TRUE
"Autochamber",1.00967906440686,TRUE
"Autochamber",1.01188281324286,TRUE
"Autochamber",1.01332397208834,TRUE
"Autochamber",1.00544129659979,TRUE
"Autochamber",1,FALSE
"Autochamber",1.00772959457642,TRUE
"Autochamber",1.00430790329666,TRUE
"Autochamber",1.01265487076049,TRUE
"Autochamber",1.00442782851622,TRUE
"Autochamber",1.00666151546401,TRUE
"Autochamber",1.01563473784432,TRUE
"Autochamber",1.00964456338711,TRUE
"Autochamber",1.00619697054962,TRUE
"Autochamber",1.01329247093608,TRUE
"Autochamber",1.01731400134701,TRUE
"Autochamber",1.00490420239448,TRUE
"Autochamber",1.01453536026346,TRUE
"Autochamber",1.00604748702501,TRUE
"Autochamber",1.00922983679785,TRUE
"Autochamber",1.0253338962983,TRUE
"Autochamber",1.01216100347633,TRUE
"Autochamber",1.00588631841844,TRUE
"Autochamber",1.01642979631015,TRUE
"Autochamber",1.00950496974712,TRUE
"Autochamber",1.05370204334571,TRUE
"Autochamber",1.01730565542915,TRUE
"Autochamber",1.06537413434584,TRUE
"Autochamber",1.02242260428231,TRUE
"Autochamber",1.01001146953686,TRUE
"Autochamber",1.01500186179621,TRUE
"Autochamber",1.00942558119537,TRUE
"Autochamber",1.06279839267439,TRUE
"Autochamber",1.00712216798337,TRUE
"Autochamber",1.00625651678481,TRUE
"Autochamber",1,FALSE
"Autochamber",1.12873111661721,TRUE
"Autochamber",1,FALSE
"Autochamber",1,FALSE
"Autochamber",1.47407888110792,TRUE
"Autochamber",1.30754341622715,TRUE
"Autochamber",1.01038677235223,TRUE
"Autochamber",1.00446045598348,TRUE
"Autochamber",1.00657553150931,TRUE
"Autochamber",1.04505242234712,TRUE
"Autochamber",1.06210758823489,TRUE
"Autochamber",1,FALSE
"Autochamber",1.01487121625797,TRUE
"Autochamber",1,FALSE
"Autochamber",1,FALSE
"Autochamber",1.00942204723145,TRUE
"Autochamber",1.00920645590327,TRUE
"Autochamber",1.00660894031128,TRUE
"Autochamber",1.00876826082177,TRUE
"Autochamber",1.0078961842964,TRUE
"Autochamber",1.00928327118054,TRUE
"Autochamber",1.02493512829119,TRUE
"Autochamber",1.04274760647283,TRUE
"Autochamber",1.00866644968321,TRUE
"Autochamber",1.08833840292697,TRUE
"Autochamber",1.00780472763513,TRUE
"Autochamber",1.00746451583449,TRUE
"Autochamber",1.02988811824562,TRUE
"Autochamber",1.04826313873056,TRUE
"Autochamber",1.04799045691009,TRUE
"Autochamber",1.01440752916042,TRUE
"Autochamber",1.0798524147145,TRUE
"Autochamber",1.03981531681197,TRUE
"Autochamber",1.11714832037578,TRUE
"Autochamber",1.00866609058456,TRUE
"Autochamber",1.04993761662101,TRUE
"Autochamber",1.01522170929531,TRUE
"Autochamber",1.07821061710287,TRUE
"Autochamber",1.10239390020044,TRUE
"Autochamber",1.00993655642057,TRUE
"Autochamber",1.01591136355446,TRUE
"Autochamber",1.00861959778356,TRUE
"Autochamber",1.01738444166214,TRUE
"Autochamber",1.00508102907332,TRUE
"Autochamber",1.06889623923714,TRUE
"Autochamber",1.00674311182479,TRUE
"Autochamber",1.15514405422544,TRUE
"Autochamber",1.07248370252377,TRUE
"Autochamber",1.05155868998145,TRUE
"Autochamber",1.01686225098362,TRUE
"Autochamber",1.13998431901958,TRUE
"Autochamber",1.46746139574797,TRUE
"Autochamber",1.00905176585742,TRUE
"Autochamber",1,FALSE
"Autochamber",1.00978407523993,TRUE
"Autochamber",1.36136723462145,TRUE
"Autochamber",1.28264553691338,TRUE
"Autochamber",1.01160224901058,TRUE
"Autochamber",1.04379123271667,TRUE
"Autochamber",1.13667463150119,TRUE
"Autochamber",1.02709193972212,TRUE
"Autochamber",1.01171156512914,TRUE
"Autochamber",1.17602821495219,TRUE
"Autochamber",1.14107040011441,TRUE
"Autochamber",1.15747846724227,TRUE
"Autochamber",1.10415192044768,TRUE
"Autochamber",1.39632678223495,TRUE
"Autochamber",1.16821495820985,TRUE
"Autochamber",1.23485134696213,TRUE
"Autochamber",1.12419377497449,TRUE
"Autochamber",1.01407385404761,TRUE
"Autochamber",1.19663607115907,TRUE
"Autochamber",1.08308423616313,TRUE
"Autochamber",1.14374068447352,TRUE
"Autochamber",1.02559418610637,TRUE
"Autochamber",1.08589515021395,TRUE
"Autochamber",1.27166223102718,TRUE
"Autochamber",1.19734174587192,TRUE
"Autochamber",1.03711720780241,TRUE
"Autochamber",1.1660323047564,TRUE
"Autochamber",1.08269252792527,TRUE
"Autochamber",1.11608193467961,TRUE
"Autochamber",1.11475741621954,TRUE
"Autochamber",1.011963288011,TRUE
"Autochamber",1.05658956922841,TRUE
"Autochamber",1.01739082311462,TRUE
"Autochamber",1.17741817548687,TRUE
"Autochamber",1.18361427136538,TRUE
"Autochamber",1.01159260958697,TRUE
"Autochamber",1.0118593936238,TRUE
"Autochamber",1.083990301196,TRUE
"Autochamber",1.01324724477128,TRUE
"Autochamber",1.00881417651964,TRUE
"Autochamber",1.00487910643021,TRUE
"Autochamber",1.01075418577634,TRUE
"Autochamber",1.01362732698904,TRUE
"Autochamber",1.19551692536035,TRUE
"Autochamber",1,FALSE
"Autochamber",1.09037905247937,TRUE
"Autochamber",1.64880809553016,TRUE
"Autochamber",1.44832117154641,TRUE
"Autochamber",1.12260461978474,TRUE
"Autochamber",1.30595455516823,TRUE
"Autochamber",1.2017180983223,TRUE
"Autochamber",1.77155798171492,TRUE
"Autochamber",1.29788646749345,TRUE
"Autochamber",1.36632731574347,TRUE
"Autochamber",1.20654877673019,TRUE
"Autochamber",1.01516575244713,TRUE
"Autochamber",1.05287120693531,TRUE
"Autochamber",1.29723003932458,TRUE
"Autochamber",1.17444423123355,TRUE
"Autochamber",1.04659048471786,TRUE
"Autochamber",1.21290963338258,TRUE
"Autochamber",1.01424880836733,TRUE
"Autochamber",1.00874908892735,TRUE
"Autochamber",1.01120439615095,TRUE
"Autochamber",1.01539966261523,TRUE
"Autochamber",1.05896383002375,TRUE
"Autochamber",1.07870739175886,TRUE
"Autochamber",1.11837683751243,TRUE
"Autochamber",1.13891606164738,TRUE
"Autochamber",1.02633559396633,TRUE
"Autochamber",1.11124842984284,TRUE
"Autochamber",1.28673682908535,TRUE
"Autochamber",1.12038717357766,TRUE
"Autochamber",1.13353970068466,TRUE
"Autochamber",1.11587238494087,TRUE
"Autochamber",1.06851201982625,TRUE
"Autochamber",1.19633759885954,TRUE
"Autochamber",1.18036128728819,TRUE
"Autochamber",1.07641275413135,TRUE
"Autochamber",1.18366231737928,TRUE
"Autochamber",1.24123737713737,TRUE
"Autochamber",1.01271451359414,TRUE
"Autochamber",1.36967167509338,TRUE
"Autochamber",1.08739215517539,TRUE
"Autochamber",1.16078835484464,TRUE
"Autochamber",1.03164119726859,TRUE
"Autochamber",1.00429060044965,TRUE
"Autochamber",1.33715336704073,TRUE
"Autochamber",1.09866293600684,TRUE
"Autochamber",1.10368935800714,TRUE
"Autochamber",1.00795605621588,TRUE
"Autochamber",1.00657428557413,TRUE
"Autochamber",1.00384510878787,TRUE
"Autochamber",1.4372102461994,TRUE
"Autochamber",1,FALSE
"Autochamber",1.17141793798725,TRUE
"Autochamber",1.87905912649574,TRUE
"Autochamber",1.54650022539254,TRUE
"Autochamber",1.97401529820345,TRUE
"Autochamber",1.43554614479113,TRUE
"Autochamber",1,FALSE
"Autochamber",1.72009543861403,TRUE
"Autochamber",1.35561992647113,TRUE
"Autochamber",1.23783719411591,TRUE
"Autochamber",1.11348369171205,TRUE
"Autochamber",1.05445708084725,TRUE
"Autochamber",1.15367246240913,TRUE
"Autochamber",1.01216881767066,TRUE
"Autochamber",1.06940804718025,TRUE
"Autochamber",1.21271235140523,TRUE
"Autochamber",1.13527894436862,TRUE
"Autochamber",1.01369352321029,TRUE
"Autochamber",1.25645572779771,TRUE
"Autochamber",1.1863046782922,TRUE
"Autochamber",1.32610216505958,TRUE
"Autochamber",1.19486116861979,TRUE
"Autochamber",1.07634003185736,TRUE
"Autochamber",1.28271089182275,TRUE
"Autochamber",1.09799182151185,TRUE
"Autochamber",1.23481509607879,TRUE
"Autochamber",1.17567861099329,TRUE
"Autochamber",1.07736184445315,TRUE
"Autochamber",1.07960384765378,TRUE
"Autochamber",1.33901097745197,TRUE
"Autochamber",1.01758749857604,TRUE
"Autochamber",1.01294040595277,TRUE
"Autochamber",1.28467245186674,TRUE
"Autochamber",1.06834489265607,TRUE
"Autochamber",1.28950840546026,TRUE
"Autochamber",1.23240059601647,TRUE
"Autochamber",1.02389118980397,TRUE
"Autochamber",1.26278846870684,TRUE
"Autochamber",1.05118217456985,TRUE
"Autochamber",1,FALSE
"Autochamber",1.3775430060091,TRUE
"Autochamber",1.01012022317972,TRUE
"Autochamber",1.01245550545561,TRUE
"Autochamber",1.06061005349657,TRUE
"Autochamber",1.01461360827451,TRUE
"Autochamber",1.00825246942276,TRUE
"Autochamber",1.72183653179168,TRUE
"Autochamber",1.01720640858825,TRUE
"Autochamber",1.31902246108384,TRUE
"Autochamber",1.00331897969594,TRUE
"Autochamber",1.00611036299231,TRUE
"Autochamber",1.01001233316611,TRUE
"Autochamber",1.01202889045111,TRUE
"Autochamber",1.00694252362769,TRUE
"Autochamber",1.76494592726766,TRUE
"Autochamber",1.00665033814063,TRUE
"Autochamber",1.0109584542902,TRUE
"Autochamber",1.25031681987114,TRUE
"Autochamber",1,FALSE
"Autochamber",1.41008756033128,TRUE
"Autochamber",1.13162610595731,TRUE
"Autochamber",1.01579329930396,TRUE
"Autochamber",1.26335796626549,TRUE
"Autochamber",1.13833026721521,TRUE
"Autochamber",1.2419773944241,TRUE
"Autochamber",1.2086869690116,TRUE
"Autochamber",1.2681268932102,TRUE
"Autochamber",1.03958191080117,TRUE
"Autochamber",1.10856033582006,TRUE
"Autochamber",1.15884127476306,TRUE
"Autochamber",1.01443483217761,TRUE
"Autochamber",1.12861783806434,TRUE
"Autochamber",1.07726212665354,TRUE
"Autochamber",1.01227649293797,TRUE
"Autochamber",1.02834797063578,TRUE
"Autochamber",1.05662189194038,TRUE
"Autochamber",1.10191132427517,TRUE
"Autochamber",1.31817548975363,TRUE
"Autochamber",1.25675979371688,TRUE
"Autochamber",1.03900849649723,TRUE
"Autochamber",1.01480006000679,TRUE
"Autochamber",1.10319708655997,TRUE
"Autochamber",1.242605620972,TRUE
"Autochamber",1.01374376679094,TRUE
"Autochamber",1.26987084284778,TRUE
"Autochamber",1.00670723555238,TRUE
"Autochamber",1.20531348544223,TRUE
"Autochamber",1.00674121722157,TRUE
"Autochamber",1.00612927128777,TRUE
"Autochamber",1.00489442945004,TRUE
"Autochamber",1.01117126327135,TRUE
"Autochamber",1.00795901794521,TRUE
"Autochamber",1.00776396088305,TRUE
"Autochamber",1.00978005981013,TRUE
"Autochamber",1.25359503284393,TRUE
"Autochamber",1.76103675902067,TRUE
"Autochamber",1,FALSE
"Autochamber",1,FALSE
"Autochamber",1.00618946450406,TRUE
"Autochamber",1.00740490397534,TRUE
"Autochamber",1.65400616025231,TRUE
"Autochamber",1.88364105872417,TRUE
"Autochamber",1.15173278508167,TRUE
"Autochamber",1.05193971643268,TRUE
"Autochamber",1.00853980853165,TRUE
"Autochamber",1.07661632522888,TRUE
"Autochamber",1.15851527234374,TRUE
"Autochamber",1.07354085113316,TRUE
"Autochamber",1.03677954666072,TRUE
"Autochamber",1.03977489307539,TRUE
"Autochamber",1.82829744132492,TRUE
"Autochamber",1.79742278833904,TRUE
"Autochamber",1.15611020503288,TRUE
"Autochamber",1.23354853549547,TRUE
"Autochamber",1.06664900110941,TRUE
"Autochamber",1.01586580881667,TRUE
"Autochamber",1.12632605982973,TRUE
"Autochamber",1.13106990848364,TRUE
"Autochamber",1.03491214698969,TRUE
"Autochamber",1.27911944123562,TRUE
"Autochamber",1.19285268714146,TRUE
"Autochamber",1.18341872853967,TRUE
"Autochamber",1.22693110293742,TRUE
"Autochamber",1.0924893117129,TRUE
"Autochamber",1.19413387225768,TRUE
"Autochamber",1.01380148279787,TRUE
"Autochamber",1.03181601216027,TRUE
"Autochamber",1.10363958701959,TRUE
"Autochamber",1.19161958775463,TRUE
"Autochamber",1.0146849284962,TRUE
"Autochamber",1.01579880787099,TRUE
"Autochamber",1.0103419312977,TRUE
"Autochamber",1.01035062146007,TRUE
"Autochamber",1.20602875476481,TRUE
"Autochamber",1.00847043206835,TRUE
"Autochamber",1.00845224854139,TRUE
"Autochamber",1.00482658422823,TRUE
"Autochamber",1.00856321603611,TRUE
"Autochamber",1.00618887787989,TRUE
"Autochamber",1.00559931561389,TRUE
"Autochamber",1.00991074981364,TRUE
"Autochamber",1.24524834650397,TRUE
"Autochamber",1.02537159675744,TRUE
"Autochamber",1.59523346866094,TRUE
"Autochamber",1.20803301088767,TRUE
"Autochamber",1.00691801046762,TRUE
"Autochamber",1.19324579711769,TRUE
"Autochamber",1.32934885966883,TRUE
"Autochamber",1.11688430650465,TRUE
"Autochamber",1.01305291277972,TRUE
"Autochamber",1.57937047892985,TRUE
"Autochamber",1.74685520157944,TRUE
"Autochamber",1.53363132512029,TRUE
"Autochamber",1.02847340454027,TRUE
"Autochamber",1.29959999832203,TRUE
"Autochamber",1.01388874386986,TRUE
"Autochamber",1.06394523726933,TRUE
"Autochamber",1.10388983108222,TRUE
"Autochamber",1.0152185695662,TRUE
"Autochamber",1.46100633993695,TRUE
"Autochamber",1.07425087856998,TRUE
"Autochamber",1.08772314306891,TRUE
"Autochamber",1.01475438591968,TRUE
"Autochamber",1.05533808049943,TRUE
"Autochamber",1.01292091093225,TRUE
"Autochamber",1.0135192253031,TRUE
"Autochamber",1.07337728430263,TRUE
"Autochamber",1.18781273604577,TRUE
"Autochamber",1.09655428633199,TRUE
"Autochamber",1.20381003766269,TRUE
"Autochamber",1.1220863993046,TRUE
"Autochamber",1.01367229579898,TRUE
"Autochamber",1.12696730458016,TRUE
"Autochamber",1.06411229148878,TRUE
"Autochamber",1.01770000827334,TRUE
"Autochamber",1.20921936956647,TRUE
"Autochamber",1.23556286080722,TRUE
"Autochamber",1.13309990939928,TRUE
"Autochamber",1.27379958599382,TRUE
"Autochamber",1.04875328319666,TRUE
"Autochamber",1.01505637498463,TRUE
"Autochamber",1.07983221954614,TRUE
"Autochamber",1.26393718201669,TRUE
"Autochamber",1.08164715520747,TRUE
"Autochamber",1.00626764258554,TRUE
"Autochamber",1.00809257511123,TRUE
"Autochamber",1.00884467043616,TRUE
"Autochamber",1.11340214663555,TRUE
"Autochamber",1.05496857349439,TRUE
"Autochamber",1.00603638392073,TRUE
"Autochamber",1.00330490151445,TRUE
"Autochamber",1.07144157745032,TRUE
"Autochamber",1.14722484021084,TRUE
"Autochamber",1.00432287704556,TRUE
"Autochamber",1.02284365547265,TRUE
"Autochamber",1.00548007563199,TRUE
"Autochamber",1.01489220949006,TRUE
"Autochamber",1.06720917977742,TRUE
"Autochamber",1.00531956553062,TRUE
"Autochamber",1.24664696019434,TRUE
"Autochamber",1.00850519493098,TRUE
"Autochamber",1.28468981722618,TRUE
"Autochamber",1.31225646120162,TRUE
"Autochamber",1.00716568573029,TRUE
"Autochamber",1.0987487754766,TRUE
"Autochamber",1.03601727830625,TRUE
"Autochamber",1.04099684096245,TRUE
"Autochamber",1.32031982510447,TRUE
"Autochamber",1.09110554354352,TRUE
"Autochamber",1.21123632322082,TRUE
"Autochamber",1.31102915071257,TRUE
"Autochamber",1.48247828439547,TRUE
"Autochamber",1.39689744269876,TRUE
"Autochamber",1.29603472789242,TRUE
"Autochamber",1.43702061201494,TRUE
"Autochamber",1.41550850371646,TRUE
"Autochamber",1.09065171995002,TRUE
"Autochamber",1.01680934970564,TRUE
"Autochamber",1.25551554940569,TRUE
"Autochamber",1.11492095895178,TRUE
"Autochamber",1.11812285450263,TRUE
"Autochamber",1.01554249930064,TRUE
"Autochamber",1.06605257430084,TRUE
"Autochamber",1.09194555870593,TRUE
"Autochamber",1.07273836271504,TRUE
"Autochamber",1.01658118344653,TRUE
"Autochamber",1.205021436509,TRUE
"Autochamber",1.1618461119217,TRUE
"Autochamber",1.14153416496493,TRUE
"Autochamber",1.02772189046321,TRUE
"Autochamber",1.11083931654934,TRUE
"Autochamber",1.16114038742403,TRUE
"Autochamber",1.20864775037807,TRUE
"Autochamber",1.3158556304411,TRUE
"Autochamber",1.14501200016103,TRUE
"Autochamber",1.00719465856057,TRUE
"Autochamber",1.01499029525059,TRUE
"Autochamber",1.18544048639687,TRUE
"Autochamber",1.00435933330381,TRUE
"Autochamber",1.27211330218061,TRUE
"Autochamber",1.01679632242775,TRUE
"Autochamber",1.93203573715218,TRUE
"Autochamber",1.25723174073561,TRUE
"Autochamber",1.58559020221526,TRUE
"Autochamber",1.17154978741088,TRUE
"Autochamber",1.00798074263337,TRUE
"Autochamber",1.57908215699567,TRUE
"Autochamber",1.03957658378704,TRUE
"Autochamber",1.27429276072959,TRUE
"Autochamber",1.10819550836606,TRUE
"Autochamber",1.15489088143243,TRUE
"Autochamber",1.15402750811561,TRUE
"Autochamber",1.20999043232701,TRUE
"Autochamber",1.17068527226503,TRUE
"Autochamber",1.07253785615278,TRUE
"Autochamber",1.22080711316453,TRUE
"Autochamber",1.07848259894288,TRUE
"Autochamber",1.01605990338952,TRUE
"Autochamber",1.13533879152961,TRUE
"Autochamber",1.16898133312105,TRUE
"Autochamber",1.00701283570848,TRUE
"Autochamber",1.06969422240388,TRUE
"Autochamber",1.10776629311438,TRUE
"Autochamber",1.01553209378546,TRUE
"Autochamber",1.19845896418994,TRUE
"Autochamber",1.09239946207577,TRUE
"Autochamber",1.17345826242754,TRUE
"Autochamber",1.17010506147686,TRUE
"Autochamber",1.2760773715045,TRUE
"Autochamber",1.18659401216893,TRUE
"Autochamber",1.07254562174786,TRUE
"Autochamber",1.19937291372982,TRUE
"Autochamber",1.22349855255454,TRUE
"Autochamber",1.08606058709561,TRUE
"Autochamber",1.08347022222683,TRUE
"Autochamber",1.11272471895848,TRUE
"Autochamber",1.00760838457131,TRUE
"Autochamber",1.01420886740369,TRUE
"Autochamber",1.00647387808339,TRUE
"Autochamber",1.45009804993458,TRUE
"Autochamber",1.00919927371262,TRUE
"Autochamber",1.01446710058066,TRUE
"Autochamber",1.00450553465376,TRUE
"Autochamber",1.00292423739936,TRUE
"Autochamber",1.00534562293883,TRUE
"Autochamber",1.13169319630165,TRUE
"Autochamber",1.2371847294401,TRUE
"Autochamber",1.27914458525843,TRUE
"Autochamber",1.12560069965287,TRUE
"Autochamber",1.1248850775778,TRUE
"Autochamber",1.23875085156331,TRUE
"Autochamber",1.01690796591101,TRUE
"Autochamber",1.01042903581023,TRUE
"Autochamber",1.01315118168248,TRUE
"Autochamber",1.09289483882568,TRUE
"Autochamber",1.37597805263698,TRUE
"Autochamber",1.10661222064154,TRUE
"Autochamber",1.03380318761301,TRUE
"Autochamber",1.02280935022946,TRUE
"Autochamber",1.08144376273079,TRUE
"Autochamber",1.15793004440191,TRUE
"Autochamber",1.04154102998527,TRUE
"Autochamber",1.20065427423538,TRUE
"Autochamber",1.07744308869322,TRUE
"Autochamber",1.07756900574927,TRUE
"Autochamber",1.0967102644921,TRUE
"Autochamber",1.17943335191932,TRUE
"Autochamber",1.01621765121731,TRUE
"Autochamber",1.13985094275093,TRUE
"Autochamber",1.13092505409362,TRUE
"Autochamber",1.13365555498622,TRUE
"Autochamber",1.15897084921253,TRUE
"Autochamber",1.07158123667218,TRUE
"Autochamber",1.02017944631978,TRUE
"Autochamber",1.01966249614069,TRUE
"Autochamber",1.04087857691578,TRUE
"Autochamber",1.12073150849733,TRUE
"Autochamber",1.00548437265827,TRUE
"Autochamber",1.01650439564125,TRUE
"Autochamber",1.04409876571854,TRUE
"Autochamber",1.07201462850628,TRUE
"Autochamber",1.02566051843633,TRUE
"Autochamber",1.14195141047998,TRUE
"Autochamber",1.01609922152696,TRUE
"Autochamber",1.01175433743913,TRUE
"Autochamber",1.18739059719627,TRUE
"Autochamber",1.24936335202017,TRUE
"Autochamber",1.01462113460102,TRUE
"Autochamber",1.01089127634115,TRUE
"Autochamber",1.00847214846742,TRUE
"Autochamber",1.00378656294531,TRUE
"Autochamber",1.00786188996163,TRUE
"Autochamber",1.03215031230254,TRUE
"Autochamber",1.11942736880181,TRUE
"Autochamber",1.00699616938799,TRUE
"Autochamber",1.1074466138327,TRUE
"Autochamber",1.2247091247213,TRUE
"Autochamber",1.79301933837674,TRUE
"Autochamber",1.41738914281007,TRUE
"Autochamber",1.00273344933859,TRUE
"Autochamber",1.27149710774151,TRUE
"Autochamber",1.03951429537338,TRUE
"Autochamber",1.05529858095466,TRUE
"Autochamber",1.00702345013167,TRUE
"Autochamber",1.22959300617112,TRUE
"Autochamber",1.017042690521,TRUE
"Autochamber",1.02611022733604,TRUE
"Autochamber",1.16255551632045,TRUE
"Autochamber",1.21484344165184,TRUE
"Autochamber",1.04817365783107,TRUE
"Autochamber",1.1052909749522,TRUE
"Autochamber",1.01237935638224,TRUE
"Autochamber",1.01594823829457,TRUE
"Autochamber",1.20711082973432,TRUE
"Autochamber",1.23730760623416,TRUE
"Autochamber",1.22855830143953,TRUE
"Autochamber",1.24630239945708,TRUE
"Autochamber",1.22763441464284,TRUE
"Autochamber",1.01671268113903,TRUE
"Autochamber",1.01295138278093,TRUE
"Autochamber",1.31203591644888,TRUE
"Autochamber",1.12614846391892,TRUE
"Autochamber",1.22848816957854,TRUE
"Autochamber",1.2251048809101,TRUE
"Autochamber",1.0561702130477,TRUE
"Autochamber",1.01027324492304,TRUE
"Autochamber",1.26873132951123,TRUE
"Autochamber",1.19600037886446,TRUE
"Autochamber",1.01217220430432,TRUE
"Autochamber",1.14239478840794,TRUE
"Autochamber",1.12823334306954,TRUE
"Autochamber",1.13476580760185,TRUE
"Autochamber",1.24172238766269,TRUE
"Autochamber",1.06286755594979,TRUE
"Autochamber",1.05717166763613,TRUE
"Autochamber",1.33043999602578,TRUE
"Autochamber",1.36742928004489,TRUE
"Autochamber",1,FALSE
"Autochamber",1.08095800982712,TRUE
"Autochamber",1.44165383327544,TRUE
"Autochamber",1.33469732174476,TRUE
"Autochamber",1.00685710984337,TRUE
"Autochamber",1.00352517145979,TRUE
"Autochamber",1.60644305963406,TRUE
"Autochamber",1.73962403374663,TRUE
"Autochamber",1.27369718625104,TRUE
"Autochamber",1.0513689205389,TRUE
"Autochamber",1.79556331925704,TRUE
"Autochamber",1.37337871576364,TRUE
"Autochamber",1.24660536754387,TRUE
"Autochamber",1.71329000435297,TRUE
"Autochamber",1.07815988569646,TRUE
"Autochamber",1.39636676044298,TRUE
"Autochamber",1.33339058872093,TRUE
"Autochamber",1.47502015425737,TRUE
"Autochamber",1.14678472952673,TRUE
"Autochamber",1.01437938849371,TRUE
"Autochamber",1.17792165045485,TRUE
"Autochamber",1.10545687139169,TRUE
"Autochamber",1.10698483553941,TRUE
"Autochamber",1.01662642839665,TRUE
"Autochamber",1.15532211039875,TRUE
"Autochamber",1.00890071314385,TRUE
"Autochamber",1.17242746615042,TRUE
"Autochamber",1.07206588233992,TRUE
"Autochamber",1.07866949306606,TRUE
"Autochamber",1.08785164479678,TRUE
"Autochamber",1.27422054344166,TRUE
"Autochamber",1.06427627213338,TRUE
"Autochamber",1.17451175880892,TRUE
"Autochamber",1.13649495197579,TRUE
"Autochamber",1.4164609708457,TRUE
"Autochamber",1.1879575133431,TRUE
"Autochamber",1.34998133366511,TRUE
"Autochamber",1.16709584393576,TRUE
"Autochamber",1.23379555513546,TRUE
"Autochamber",1.05746742066945,TRUE
"Autochamber",1.22359845508213,TRUE
"Autochamber",1.39913867476522,TRUE
"Autochamber",1.07812556109348,TRUE
"Autochamber",1.16521051471805,TRUE
"Autochamber",1.18639921318335,TRUE
"Autochamber",1.12416679583318,TRUE
"Autochamber",1.2575996677722,TRUE
"Autochamber",1.01090434035542,TRUE
"Autochamber",1,FALSE
"Autochamber",1.00490117241085,TRUE
"Autochamber",1.17390181218089,TRUE
"Autochamber",1.00528102673933,TRUE
"Autochamber",1.08768892663733,TRUE
"Autochamber",1.00596671266743,TRUE
"Autochamber",1.0027141174679,TRUE
"Autochamber",1.00619190777144,TRUE
"Autochamber",1.07767201137576,TRUE
"Autochamber",1.26393936730248,TRUE
"Autochamber",1.01167158920703,TRUE
"Autochamber",1.01422443816992,TRUE
"Autochamber",1.33985028941201,TRUE
"Autochamber",1.00987048793716,TRUE
"Autochamber",1.13034663092337,TRUE
"Autochamber",1.14791984327311,TRUE
"Autochamber",1.00963139154006,TRUE
"Autochamber",1.14000643805063,TRUE
"Autochamber",1.09881460512272,TRUE
"Autochamber",1.75243600059989,TRUE
"Autochamber",1.11473227099105,TRUE
"Autochamber",1.2599018971792,TRUE
"Autochamber",1.03002486277924,TRUE
"Autochamber",1.02839083139434,TRUE
"Autochamber",1.00814695670256,TRUE
"Autochamber",1.01162369419302,TRUE
"Autochamber",1.01008001907798,TRUE
"Autochamber",1.01170295251767,TRUE
"Autochamber",1.05240697633158,TRUE
"Autochamber",1.01028878623949,TRUE
"Autochamber",1.01122053689812,TRUE
"Autochamber",1.00784137990334,TRUE
"Autochamber",1.02396363379721,TRUE
"Autochamber",1.0093572960059,TRUE
"Autochamber",1.04127732648511,TRUE
"Autochamber",1.14585212921741,TRUE
"Autochamber",1.0080124089296,TRUE
"Autochamber",1.05135755001446,TRUE
"Autochamber",1.01014519840583,TRUE
"Autochamber",1.37155177244131,TRUE
"Autochamber",1.02944062408813,TRUE
"Autochamber",1.19488539011279,TRUE
"Autochamber",1.04513541292732,TRUE
"Autochamber",1.05420542084159,TRUE
"Autochamber",1.1206376503025,TRUE
"Autochamber",1.33903649341526,TRUE
"Autochamber",1.01625185787756,TRUE
"Autochamber",1.0097263519597,TRUE
"Autochamber",1.01006641986411,TRUE
"Autochamber",1.00867885107118,TRUE
"Autochamber",1.005099226478,TRUE
"Autochamber",1.00743957611135,TRUE
"Autochamber",1.54700830680308,TRUE
"Autochamber",1.00321310810387,TRUE
"Autochamber",1.00329693539268,TRUE
"Autochamber",1.00802448811755,TRUE
"Autochamber",1.01143724088968,TRUE
"Autochamber",1.03494173084437,TRUE
"Autochamber",1.06144437711927,TRUE
"Autochamber",1.0046185662195,TRUE
"Autochamber",1.01181218280876,TRUE
"Autochamber",1,FALSE
"Autochamber",1.00650726252176,TRUE
"Autochamber",1.11414656839789,TRUE
"Autochamber",1.21050207979741,TRUE
"Autochamber",1.01349216058151,TRUE
"Autochamber",1.16997997211188,TRUE
"Autochamber",1.16675727770357,TRUE
"Autochamber",1.10065285269098,TRUE
"Autochamber",1.01113275510103,TRUE
"Autochamber",1.00663314847794,TRUE
"Autochamber",1.00604171586093,TRUE
"Autochamber",1,FALSE
"Autochamber",1.00551562452545,TRUE
"Autochamber",1.0056023689138,TRUE
"Autochamber",1,FALSE
"Autochamber",1,FALSE
"Autochamber",1.00808978995799,TRUE
"Autochamber",1.01198498893805,TRUE
"Autochamber",1.00936386367714,TRUE
"Autochamber",1.01105832294837,TRUE
"Autochamber",1.17983098705568,TRUE
"Autochamber",1.10155091336794,TRUE
"Autochamber",1,FALSE
"Autochamber",1.22891049765442,TRUE
"Autochamber",1.21659883472431,TRUE
"Autochamber",1.06269497018386,TRUE
"Autochamber",1.25572102488886,TRUE
"Autochamber",1.12609719351163,TRUE
"Autochamber",1.01617620627931,TRUE
"Autochamber",1.0151036593767,TRUE
"Autochamber",1.017337483587,TRUE
"Autochamber",1.09249679609431,TRUE
"Autochamber",1.0341574677175,TRUE
"Autochamber",1.03492215730514,TRUE
"Autochamber",1,FALSE
"Autochamber",1,FALSE
"Autochamber",1.27623733357832,TRUE
"Autochamber",1.01625538365703,TRUE
"Autochamber",1.01028661262277,TRUE
"Autochamber",1.00387251277815,TRUE
"Autochamber",1.00594217681944,TRUE
"Autochamber",1.00956191188137,TRUE
"Autochamber",1,FALSE
"Autochamber",1,FALSE
"Autochamber",1,FALSE
"Autochamber",1.0240095291137,TRUE
"Autochamber",1.18903442374141,TRUE
"Autochamber",1.01542293162954,TRUE
"Autochamber",1.01279776881605,TRUE
"Autochamber",1.01222224611346,TRUE
"Autochamber",1.00493070718884,TRUE
"Autochamber",1.24867900947817,TRUE
"Autochamber",1.03580179007702,TRUE
"Autochamber",1.01904253369041,TRUE
"Autochamber",1.01039931300179,TRUE
"Autochamber",1.01437840150874,TRUE
"Autochamber",1.01391736243138,TRUE
"Autochamber",1.0126276609468,TRUE
"Autochamber",1.01746488551264,TRUE
"Autochamber",1.03940946239623,TRUE
"Autochamber",1.10734949170784,TRUE
"Autochamber",1.00774455985925,TRUE
"Autochamber",1.11927780910386,TRUE
"Autochamber",1.0111523432273,TRUE
"Autochamber",1.01045219709537,TRUE
"Autochamber",1.00648354838634,TRUE
"Autochamber",1.01303167383967,TRUE
"Autochamber",1.00405960531282,TRUE
"Autochamber",1.11303254479311,TRUE
"Autochamber",1.00739464042111,TRUE
"Autochamber",1.12794819813075,TRUE
"Autochamber",1.01082561688382,TRUE
"Autochamber",1.02813786604251,TRUE
"Autochamber",1.05962846921431,TRUE
"Autochamber",1.00907621812642,TRUE
"Autochamber",1.07158456569016,TRUE
"Autochamber",1.03888588745712,TRUE
"Autochamber",1.01090089689525,TRUE
"Autochamber",1.0592200648772,TRUE
"Autochamber",1.06832272064406,TRUE
"Autochamber",1.16501308061164,TRUE
"Autochamber",1.01301537661553,TRUE
"Autochamber",1.01802055944638,TRUE
"Autochamber",1.06722143651685,TRUE
"Autochamber",1.0112416519251,TRUE
"Autochamber",1.00900401612653,TRUE
"Autochamber",1.00754534643013,TRUE
"Autochamber",1.00422960857077,TRUE
"Autochamber",1.01152847209659,TRUE
"Autochamber",1.01003261767539,TRUE
"Autochamber",1.00793161994589,TRUE
"Autochamber",1.00474911518082,TRUE
"Autochamber",1.00664959035398,TRUE
"Autochamber",1.00535654911889,TRUE
"Autochamber",1.00600121455454,TRUE
"Autochamber",1.0089461992088,TRUE
"Autochamber",1.0534362905004,TRUE
"Autochamber",1.06196477772582,TRUE
"Autochamber",1.0220664425547,TRUE
"Autochamber",1.00993085050609,TRUE
"Autochamber",1.05360383228522,TRUE
"Autochamber",1.01342485556058,TRUE
"Autochamber",1.00792965051797,TRUE
"Autochamber",1.01533993123171,TRUE
"Autochamber",1.08580001263222,TRUE
"Autochamber",1.09089170475873,TRUE
"Autochamber",1.1687137416089,TRUE
"Autochamber",1.03102394415001,TRUE
"Autochamber",1.01127628398317,TRUE
"Autochamber",1.04053307433617,TRUE
"Autochamber",1.03666978541774,TRUE
"Autochamber",1.02482015992365,TRUE
"Autochamber",1.04547660178172,TRUE
"Autochamber",1.01422429976595,TRUE
"Autochamber",1.08568179908887,TRUE
"Autochamber",1.09397153815332,TRUE
"Autochamber",1.02882301167908,TRUE
"Autochamber",1.01513136263061,TRUE
"Autochamber",1.10924472978392,TRUE
"Autochamber",1.06406197731842,TRUE
"Autochamber",1.20516581355826,TRUE
"Autochamber",1.02321267099126,TRUE
"Autochamber",1.01216538205522,TRUE
"Autochamber",1.09041680906465,TRUE
"Autochamber",1.19716075721986,TRUE
"Autochamber",1.01282220582778,TRUE
"Autochamber",1.07210990059494,TRUE
"Autochamber",1.01482628101821,TRUE
"Autochamber",1.01295210492324,TRUE
"Autochamber",1.01285434163471,TRUE
"Autochamber",1.00669188236481,TRUE
"Autochamber",1.01045073470752,TRUE
"Autochamber",1.00430084846294,TRUE
"Autochamber",1.10865240107851,TRUE
"Autochamber",1.00572254891458,TRUE
"Autochamber",1.00699799613397,TRUE
"Autochamber",1.00429251265549,TRUE
"Autochamber",1.00363173141241,TRUE
"Autochamber",1.00424452044625,TRUE
"Autochamber",1.00456498434496,TRUE
"Autochamber",1.00336785085429,TRUE
"Autochamber",1.01184710673171,TRUE
"Autochamber",1.00410228454752,TRUE
"Autochamber",1.00777243959166,TRUE
"Autochamber",1.08846511865667,TRUE
"Autochamber",1.01351400546765,TRUE
"Autochamber",1.03447340889244,TRUE
"Autochamber",1.0113236947459,TRUE
"Autochamber",1.06229794965913,TRUE
"Autochamber",1.0126143556523,TRUE
"Autochamber",1.00805671442563,TRUE
"Autochamber",1.00756864013828,TRUE
"Autochamber",1.03392095500045,TRUE
"Autochamber",1.10203400296262,TRUE
"Autochamber",1.03818984215203,TRUE
"Autochamber",1.09271848529773,TRUE
"Autochamber",1.12136561645168,TRUE
"Autochamber",1.06592813044366,TRUE
"Autochamber",1.11715754016338,TRUE
"Autochamber",1.01440175681175,TRUE
"Autochamber",1.04311881090914,TRUE
"Autochamber",1.07764789125015,TRUE
"Autochamber",1.05419336776266,TRUE
"Autochamber",1.22438900648706,TRUE
"Autochamber",1.18710901678758,TRUE
"Autochamber",1.16951445703056,TRUE
"Autochamber",1.15455644481443,TRUE
"Autochamber",1.0230921074371,TRUE
"Autochamber",1.11362942779981,TRUE
"Autochamber",1.01402130825926,TRUE
"Autochamber",1.10638352043686,TRUE
"Autochamber",1.01689414334874,TRUE
"Autochamber",1.17848774353864,TRUE
"Autochamber",1.11043154701605,TRUE
"Autochamber",1.12796094626652,TRUE
"Autochamber",1.02469234662765,TRUE
"Autochamber",1.17694184761724,TRUE
"Autochamber",1.00540610495732,TRUE
"Autochamber",1.01348422613286,TRUE
"Autochamber",1.00636849437932,TRUE
"Autochamber",1.00357466836514,TRUE
"Autochamber",1.0488705278667,TRUE
"Autochamber",1.03882080823729,TRUE
"Autochamber",1.00565929764452,TRUE
"Autochamber",1.01053293930855,TRUE
"Autochamber",1.01646943683992,TRUE
"Autochamber",1.00729627435913,TRUE
"Autochamber",1.00288659251574,TRUE
"Autochamber",1.00543924389802,TRUE
"Autochamber",1.00254961289207,TRUE
"Autochamber",1.00589979194516,TRUE
"Autochamber",1.00474191236551,TRUE
"Autochamber",1.01422044457755,TRUE
"Autochamber",1.00913990652246,TRUE
"Autochamber",1.04881789377391,TRUE
"Autochamber",1.01429020618652,TRUE
"Autochamber",1.00963646736582,TRUE
"Autochamber",1.00721169042718,TRUE
"Autochamber",1.02353812561259,TRUE
"Autochamber",1.00925680212053,TRUE
"Autochamber",1.00866287283385,TRUE
"Autochamber",1.02195912682446,TRUE
"Autochamber",1.01447683999926,TRUE
"Autochamber",1.00651954984408,TRUE
"Autochamber",1.00267882835462,TRUE
"Autochamber",1.0031010731205,TRUE
"Autochamber",1.0047494300646,TRUE
"Autochamber",1.00479886523029,TRUE
"Autochamber",1.0048690835976,TRUE
"Autochamber",1.00459472553122,TRUE
"Autochamber",1.00558729943857,TRUE
"Autochamber",1.00541726273818,TRUE
"Autochamber",1.01385051904838,TRUE
"Autochamber",1.00456725437512,TRUE
"Autochamber",1.00882527105839,TRUE
"Autochamber",1.00616919456845,TRUE
"Autochamber",1.00997931599576,TRUE
"Autochamber",1.01193612483149,TRUE
"Autochamber",1.00511807782717,TRUE
"Autochamber",1.00537786086714,TRUE
"Autochamber",1.0112140807742,TRUE
"Autochamber",1.01325657304114,TRUE
"Autochamber",1.00441128042945,TRUE
"Autochamber",1.00846103546768,TRUE
"Autochamber",1.04509248373132,TRUE
"Autochamber",1.03606136354097,TRUE
"Autochamber",1.00515722796692,TRUE
"Autochamber",1.05532747890207,TRUE
"Autochamber",1.01070218758636,TRUE
"Autochamber",1.00569007148932,TRUE
"Autochamber",1.01459247674447,TRUE
"Autochamber",1.01179431985289,TRUE
"Autochamber",1.00734278420128,TRUE
"Autochamber",1.01159789323238,TRUE
"Autochamber",1.00359038591253,TRUE
"Autochamber",1.00627371135707,TRUE
"Autochamber",1.00762020061339,TRUE
"Autochamber",1.00785569348242,TRUE
"Autochamber",1.00531908354931,TRUE
"Autochamber",1.00289822797562,TRUE
"Autochamber",1.0104621881051,TRUE
"Autochamber",1.00370962201138,TRUE
"Autochamber",1.00306358866986,TRUE
"Autochamber",1.00691079778987,TRUE
"Autochamber",1.00852911220733,TRUE
"Autochamber",1.00943671949976,TRUE
"Autochamber",1.00591721469982,TRUE
"Autochamber",1.00778667727035,TRUE
"Autochamber",1.0063112854324,TRUE
"Autochamber",1.00563401692725,TRUE
"Autochamber",1.00398820220817,TRUE
"Autochamber",1.01282031902861,TRUE
"Autochamber",1.00402497613708,TRUE
"Autochamber",1.00877805966722,TRUE
"Autochamber",1.00588105529539,TRUE
"Autochamber",1.00587069566293,TRUE
"Autochamber",1.01460747742931,TRUE
"Autochamber",1.00683884928392,TRUE
"Autochamber",1.00400486532961,TRUE
"Autochamber",1.00719569694723,TRUE
"Autochamber",1.01679463623624,TRUE
"Autochamber",1.00416537520301,TRUE
"Autochamber",1.00401316938948,TRUE
"Autochamber",1.00966121017876,TRUE
"Autochamber",1.00378044025506,TRUE
"Autochamber",1.01234830897359,TRUE
"Autochamber",1.00622399851485,TRUE
"Autochamber",1.00734230251014,TRUE
"Autochamber",1.00917309602748,TRUE
"Autochamber",1.00699477894393,TRUE
"Autochamber",1.00284854631645,TRUE
"Autochamber",1.00647360033303,TRUE
"Autochamber",1.00885247602278,TRUE
"Autochamber",1.00281701639619,TRUE
"Autochamber",1.0084470523962,TRUE
"Autochamber",1.23611047737126,TRUE
"Autochamber",1.00590477915623,TRUE
"Autochamber",1.0033716972743,TRUE
"Autochamber",1.00738741302408,TRUE
"Autochamber",1.00650974852545,TRUE
"Autochamber",1.004281640466,TRUE
"Autochamber",1.26459364149747,TRUE
"Autochamber",1.00718677342309,TRUE
"Autochamber",1.00884007476875,TRUE
"Autochamber",1,FALSE
"Autochamber",1.00449894592228,TRUE
"Autochamber",1.01197066715583,TRUE
"Autochamber",1.00362582563087,TRUE
"Autochamber",1.05486924953961,TRUE
"Autochamber",1.00433109826244,TRUE
"Autochamber",1.00781743747625,TRUE
"Autochamber",1.31440596802254,TRUE
"Autochamber",1.18171630714479,TRUE
"Autochamber",1.21605551984242,TRUE
"Autochamber",1.316866728175,TRUE
"Autochamber",1.10229008755273,TRUE
"Autochamber",1,FALSE
"Autochamber",1.1475146021694,TRUE
"Autochamber",1.00604575399122,TRUE
"Autochamber",1.009199303377,TRUE
"Autochamber",1.0064057727642,TRUE
"Autochamber",1.01559949584673,TRUE
"Autochamber",1.23017671477464,TRUE
"Autochamber",1.00704871673433,TRUE
"Autochamber",1.14677187400015,TRUE
"Autochamber",1.00679457855494,TRUE
"Autochamber",1.00410257626351,TRUE
"Autochamber",1.01086387259967,TRUE
"Autochamber",1.00615032050533,TRUE
"Autochamber",1.00698210428635,TRUE
"Autochamber",1.00490947157299,TRUE
"Autochamber",1.0067101311221,TRUE
"Autochamber",1.00570649364177,TRUE
"Autochamber",1.00835004480885,TRUE
"Autochamber",1.09202417490056,TRUE
"Autochamber",1.00850768705615,TRUE
"Autochamber",1.00855520632691,TRUE
"Autochamber",1.00367861912974,TRUE
"Autochamber",1.12815409523367,TRUE
"Autochamber",1.51294920639019,TRUE
"Autochamber",1.00564687612613,TRUE
"Autochamber",1.00812367369598,TRUE
"Autochamber",1.01535681468606,TRUE
"Autochamber",1.00594037323826,TRUE
"Autochamber",1.00739778224595,TRUE
"Autochamber",1.00428038558603,TRUE
"Autochamber",1.00529730119702,TRUE
"Autochamber",1.00594622024293,TRUE
"Autochamber",1.00892872985433,TRUE
"Autochamber",1.00829999739385,TRUE
"Autochamber",1.00477701821916,TRUE
"Autochamber",1.00428589982767,TRUE
"Autochamber",1.01213419084208,TRUE
"Autochamber",1.00476402401368,TRUE
"Autochamber",1.00723247578855,TRUE
"Autochamber",1.00286005369334,TRUE
"Autochamber",1.00419820607672,TRUE
"Autochamber",1.0037360924335,TRUE
"Autochamber",1.00440606801672,TRUE
"Autochamber",1.00483067708992,TRUE
"Autochamber",1.00515137122292,TRUE
"Autochamber",1.00444726038784,TRUE
"Autochamber",1.003771953639,TRUE
"Autochamber",1.00630673682823,TRUE
"Autochamber",1.00537442576798,TRUE
"Autochamber",1.11620777027541,TRUE
"Autochamber",1.01746275276035,TRUE
"Autochamber",1.00583881825399,TRUE
"Autochamber",1.00431850206129,TRUE
"Autochamber",1.0042879773149,TRUE
"Autochamber",1.00739152852652,TRUE
"Autochamber",1.14837169583882,TRUE
"Autochamber",1.22203428525418,TRUE
"Autochamber",1.48543997965169,TRUE
"Autochamber",1.00390036959769,TRUE
"Autochamber",1.00732792898147,TRUE
"Autochamber",1.0048970586362,TRUE
"Autochamber",1.00605294185726,TRUE
"Autochamber",1.00482315678809,TRUE
"Autochamber",1.00416004934616,TRUE
"Autochamber",1.0115106328038,TRUE
"Autochamber",1.00418111015941,TRUE
"Autochamber",1.0058970588831,TRUE
"Autochamber",1.00477679700192,TRUE
"Autochamber",1.00424713849899,TRUE
"Autochamber",1.01641797705768,TRUE
"Autochamber",1.05762890653184,TRUE
"Autochamber",1.17439116715436,TRUE
"Autochamber",1.33078391163254,TRUE
"Autochamber",1.00532576364973,TRUE
"Autochamber",1.00405404942514,TRUE
"Autochamber",1.00652454102574,TRUE
"Autochamber",1.00387105436685,TRUE
"Autochamber",1.00410854491087,TRUE
"Autochamber",1.00339185673602,TRUE
"Autochamber",1.00431041098903,TRUE
"Autochamber",1.00439172285808,TRUE
"Autochamber",1.0030900756462,TRUE
"Autochamber",1.00318749786926,TRUE
"Autochamber",1.00279682859498,TRUE
"Autochamber",1,FALSE
"Autochamber",1.00341743673912,TRUE
"Autochamber",1.00340263996757,TRUE
"Autochamber",1.00281859512185,TRUE
"Autochamber",1.00320790613712,TRUE
"Autochamber",1.00270539537008,TRUE
"Autochamber",1.00277136976105,TRUE
"Autochamber",1.00332051873807,TRUE
"Autochamber",1.00426611014895,TRUE
"Autochamber",1.00533674862351,TRUE
"Autochamber",1.00901702089195,TRUE
"Autochamber",1.00535510924956,TRUE
"Autochamber",1.00671300090062,TRUE
"Autochamber",1.00580878553392,TRUE
"Autochamber",1.04098813896334,TRUE
"Autochamber",1.01155112122433,TRUE
"Autochamber",1.0097473924217,TRUE
"Autochamber",1.00878022425259,TRUE
"Autochamber",1.01336351206047,TRUE
"Autochamber",1.01456768591282,TRUE
"Autochamber",1.01121199917089,TRUE
"Autochamber",1.01470538186904,TRUE
"Autochamber",1.02893365709215,TRUE
"Autochamber",1.01427217971984,TRUE
"Autochamber",1.01032265395045,TRUE
"Autochamber",1.00972045766443,TRUE
"Autochamber",1.04765643090344,TRUE
"Autochamber",1.01518644451154,TRUE
"Autochamber",1.00981053894898,TRUE
"Autochamber",1.01544085798815,TRUE
"Autochamber",1.08670720595379,TRUE
"Autochamber",1.00777218960041,TRUE
"Autochamber",1.02331783273147,TRUE
"Autochamber",1.01105145567163,TRUE
"Autochamber",1.0151281939233,TRUE
"Autochamber",1.01210887345843,TRUE
"Autochamber",1.00842511230751,TRUE
"Autochamber",1.01028077974548,TRUE
"Autochamber",1.0090675115073,TRUE
"Autochamber",1.01126908778047,TRUE
"Autochamber",1.01089582832701,TRUE
"Autochamber",1.03668276885422,TRUE
"Autochamber",1.0245636693863,TRUE
"Autochamber",1.0095825453341,TRUE
"Autochamber",1.01595083677092,TRUE
"Autochamber",1.08284428833502,TRUE
"Autochamber",1.07582316816227,TRUE
"Autochamber",1.07979659140887,TRUE
"Autochamber",1.02446888049564,TRUE
"Autochamber",1.22140184491544,TRUE
"Autochamber",1.15903842854139,TRUE
"Autochamber",1.01557396563176,TRUE
"Autochamber",1.06148084382034,TRUE
"Autochamber",1.09303202442192,TRUE
"Autochamber",1.13302373527994,TRUE
"Autochamber",1.13075427259901,TRUE
"Autochamber",1.11998681990506,TRUE
"Autochamber",1.01700606040255,TRUE
"Autochamber",1.01492309507101,TRUE
"Autochamber",1.01024907833505,TRUE
"Autochamber",1.09154784494289,TRUE
"Autochamber",1.01701764156383,TRUE
"Autochamber",1.016176504904,TRUE
"Autochamber",1.04128822512383,TRUE
"Autochamber",1.01434475892617,TRUE
"Autochamber",1.06869442555798,TRUE
"Autochamber",1.0084899944093,TRUE
"Autochamber",1.08607667912952,TRUE
"Autochamber",1.01563907154821,TRUE
"Autochamber",1.01135107696405,TRUE
"Autochamber",1.08886133389921,TRUE
"Autochamber",1.09965216148773,TRUE
"Autochamber",1.11415924788594,TRUE
"Autochamber",1.02731546420104,TRUE
"Autochamber",1.09013353636976,TRUE
"Autochamber",1.02528366489301,TRUE
"Autochamber",1.05170710417454,TRUE
"Autochamber",1.0154878798181,TRUE
"Autochamber",1.01593895385283,TRUE
"Autochamber",1.11198291273212,TRUE
"Autochamber",1.0067806311782,TRUE
"Autochamber",1.01447793306672,TRUE
"Autochamber",1.05964907195455,TRUE
"Autochamber",1.16390752551068,TRUE
"Autochamber",1.16588302328633,TRUE
"Autochamber",1.04230061368352,TRUE
"Autochamber",1.10677599122944,TRUE
"Autochamber",1.16809766877722,TRUE
"Autochamber",1.01217983279269,TRUE
"Autochamber",1.29713053346339,TRUE
"Autochamber",1.01174443825933,TRUE
"Autochamber",1.01321672916348,TRUE
"Autochamber",1.08041842307218,TRUE
"Autochamber",1.00769486780941,TRUE
"Autochamber",1.36084526734005,TRUE
"Autochamber",1.17278744555216,TRUE
"Autochamber",1.12556239482656,TRUE
"Autochamber",1.03777624889485,TRUE
"Autochamber",1.23539470803756,TRUE
"Autochamber",1.10841055794886,TRUE
"Autochamber",1.01604682611485,TRUE
"Autochamber",1.22244207332304,TRUE
"Autochamber",1.09017489653416,TRUE
"Autochamber",1.033655167187,TRUE
"Autochamber",1.01869882871528,TRUE
"Autochamber",1.05570655988674,TRUE
"Autochamber",1.01480801293413,TRUE
"Autochamber",1.1024652686783,TRUE
"Autochamber",1.00731338738803,TRUE
"Autochamber",1.00838823259029,TRUE
"Autochamber",1.04456397527352,TRUE
"Autochamber",1.12860544447875,TRUE
"Autochamber",1.01297865978252,TRUE
"Autochamber",1.03913636353267,TRUE
"Autochamber",1.01564938691842,TRUE
"Autochamber",1.0136991461598,TRUE
"Autochamber",1.01644227750474,TRUE
"Autochamber",1.06991120112936,TRUE
"Autochamber",1.09120844346094,TRUE
"Autochamber",1.04356032275173,TRUE
"Autochamber",1.11901793234885,TRUE
"Autochamber",1.00855158169214,TRUE
"Autochamber",1.15638174564565,TRUE
"Autochamber",1.06637169438694,TRUE
"Autochamber",1.04140899142823,TRUE
"Autochamber",1.01579783849554,TRUE
"Autochamber",1.07111220492601,TRUE
"Autochamber",1.30546003590514,TRUE
"Autochamber",1.00970776690915,TRUE
"Autochamber",1.04456425980584,TRUE
"Autochamber",1.02566927465744,TRUE
"Autochamber",1.01217250498491,TRUE
"Autochamber",1.0225940892524,TRUE
"Autochamber",1.00828894787283,TRUE
"Autochamber",1.03188988647596,TRUE
"Autochamber",1.01262583626893,TRUE
"Autochamber",1.0058478890215,TRUE
"Autochamber",1.01335173379232,TRUE
"Autochamber",1.00529208310312,TRUE
"Autochamber",1.15681415969029,TRUE
"Autochamber",1.0119073292398,TRUE
"Autochamber",1.01028027547489,TRUE
"Autochamber",1.01347990348451,TRUE
"Autochamber",1.00884215418737,TRUE
"Autochamber",1.13459573744554,TRUE
"Autochamber",1.00962581759397,TRUE
"Autochamber",1.01311355786391,TRUE
"Autochamber",1.01471248325081,TRUE
"Autochamber",1.01023308339965,TRUE
"Autochamber",1.00992041595531,TRUE
"Autochamber",1.18096732493274,TRUE
"Autochamber",1.06053812334876,TRUE
"Autochamber",1.16665232039565,TRUE
"Autochamber",1.08217458195812,TRUE
"Autochamber",1.10204429913469,TRUE
"Autochamber",1.19999114404741,TRUE
"Autochamber",1.2039748419673,TRUE
"Autochamber",1.01167776274171,TRUE
"Autochamber",1.05867854282028,TRUE
"Autochamber",1.01161652077613,TRUE
"Autochamber",1.06959945899044,TRUE
"Autochamber",1.01013615643303,TRUE
"Autochamber",1.00673545853736,TRUE
"Autochamber",1.01328421882587,TRUE
"Autochamber",1.20340825394391,TRUE
"Autochamber",1.01354152530182,TRUE
"Autochamber",1.19051333711729,TRUE
"Autochamber",1.00560836473399,TRUE
"Autochamber",1.2665100263628,TRUE
"Autochamber",1.16293474294871,TRUE
"Autochamber",1,FALSE
"Autochamber",1.08159154618603,TRUE
"Autochamber",1.01346413305816,TRUE
"Autochamber",1.00771723987283,TRUE
"Autochamber",1.0065244207126,TRUE
"Autochamber",1.01372463893416,TRUE
"Autochamber",1.05205182405863,TRUE
"Autochamber",1.25592920142501,TRUE
"Autochamber",1.1970189325306,TRUE
"Autochamber",1.35325830782552,TRUE
"Autochamber",1.08590752275168,TRUE
"Autochamber",1.00738952368073,TRUE
"Autochamber",1.14409572043708,TRUE
"Autochamber",1.06564191567841,TRUE
"Autochamber",1.1747651769579,TRUE
"Autochamber",1.42428346355608,TRUE
"Autochamber",1.30353691666953,TRUE
"Autochamber",1.01099047091716,TRUE
"Autochamber",1.09092392770917,TRUE
"Autochamber",1.0919438283453,TRUE
"Autochamber",1.24679434584984,TRUE
"Autochamber",1.24074865649623,TRUE
"Autochamber",1,FALSE
"Autochamber",1.15148257207108,TRUE
"Autochamber",1.12830077767308,TRUE
"Autochamber",1.31469399823185,TRUE
"Autochamber",1.57525011349168,TRUE
"Autochamber",1.16120860273802,TRUE
"Autochamber",1.59362278097046,TRUE
"Autochamber",1,FALSE
"Autochamber",1.00634150643254,TRUE
"Autochamber",1.00722531495325,TRUE
"Autochamber",1,FALSE
"Autochamber",1.01320666969048,TRUE
"Autochamber",1,FALSE
"Autochamber",1.08495760619502,TRUE
"Autochamber",1.14237673494656,TRUE
"Autochamber",1.39674190161796,TRUE
"Autochamber",1.59399114603756,TRUE
"Autochamber",1.40903720419233,TRUE
"Autochamber",1,FALSE
"Autochamber",1,FALSE
"Autochamber",1,FALSE
"Autochamber",1.00976571912413,TRUE
"Autochamber",1.00524404801525,TRUE
"Autochamber",1.07321618028273,TRUE
"Autochamber",1.0081898844209,TRUE
"Autochamber",1.03668582290542,TRUE
"Autochamber",1.00779386940291,TRUE
"Autochamber",1.00686302265527,TRUE
"Autochamber",1.00434522897981,TRUE
"Autochamber",1.47171488645164,TRUE
"Autochamber",1.10436824058532,TRUE
"Autochamber",1,FALSE
"Autochamber",1.24270487365927,TRUE
"Autochamber",1.97100715722933,TRUE
"Autochamber",1.0698492325731,TRUE
"Autochamber",1.01390144803521,TRUE
"Autochamber",1,FALSE
"Autochamber",1.0080105234204,TRUE
"Autochamber",1.00382957020673,TRUE
"Autochamber",1,FALSE
"Autochamber",1.01230496743582,TRUE
"Autochamber",1.08007698333014,TRUE
"Autochamber",1.0043700545451,TRUE
"Autochamber",1.00510265718276,TRUE
"Autochamber",1.00404328448565,TRUE
"Autochamber",1.00448499246848,TRUE
"Autochamber",1,FALSE
"Autochamber",1,FALSE
"Autochamber",1,FALSE
"Autochamber",1,FALSE
"Autochamber",1,FALSE
"Autochamber",1.00628542198993,TRUE
"Autochamber",1,FALSE
"Autochamber",1,FALSE
"Autochamber",1,FALSE
"Autochamber",1,FALSE
"Autochamber",1,FALSE
"Autochamber",1,FALSE
"Autochamber",1,FALSE
"Autochamber",1,FALSE
"Autochamber",1,FALSE
"Autochamber",1.10874219151964,TRUE
"Autochamber",1.00621247439549,TRUE
"Autochamber",1,FALSE
"Autochamber",1.0048671016786,TRUE
"Autochamber",1,FALSE
"Autochamber",1,FALSE
"Autochamber",1,FALSE
"Autochamber",1,FALSE
"Autochamber",1.00872884354208,TRUE
"Autochamber",1.00603142365671,TRUE
"Autochamber",1.16882501058531,TRUE
"Autochamber",1,FALSE
"Autochamber",1,FALSE
"Autochamber",1.09497600739519,TRUE
"Autochamber",1.00786013900256,TRUE
"Autochamber",1.19279932175337,TRUE
"Autochamber",1,FALSE
"Autochamber",1.00670197581356,TRUE
"Autochamber",1,FALSE
"Autochamber",1.00410394081077,TRUE
"Autochamber",1,FALSE
"Autochamber",1,FALSE
"Autochamber",1,FALSE
"Autochamber",1.00443425026062,TRUE
"Autochamber",1.28354397732526,TRUE
"Autochamber",1.09502805156758,TRUE
"Autochamber",1.26353371586501,TRUE
"Autochamber",1.06821125499204,TRUE
"Autochamber",1,FALSE
"Autochamber",1,FALSE
"Autochamber",1,FALSE
"Autochamber",1.01323408077673,TRUE
"Autochamber",1.01393585296603,TRUE
"Autochamber",1.00644609518205,TRUE
"Autochamber",1.00703719357202,TRUE
"Autochamber",1.00672401874375,TRUE
"Autochamber",1.00627811060628,TRUE
"Autochamber",1.00885834966355,TRUE
"Autochamber",1.0076770962685,TRUE
"Autochamber",1.00937086808551,TRUE
"Autochamber",1.03581743120672,TRUE
"Autochamber",1.0138719778039,TRUE
"Autochamber",1.00740524538513,TRUE
"Autochamber",1.0399504415932,TRUE
"Autochamber",1.01077337257368,TRUE
"Autochamber",1.04625573869299,TRUE
"Autochamber",1.07793939859707,TRUE
"Autochamber",1.00938065760355,TRUE
"Autochamber",1.07564913834542,TRUE
"Autochamber",1.00967571485308,TRUE
"Autochamber",1.01015165156236,TRUE
"Autochamber",1.01398271556418,TRUE
"Autochamber",1.04001740178092,TRUE
"Autochamber",1.0147281876056,TRUE
"Autochamber",1.01583446444665,TRUE
"Autochamber",1.01881381527102,TRUE
"Autochamber",1.00773596835272,TRUE
"Autochamber",1.01145565839869,TRUE
"Autochamber",1.0139129768951,TRUE
"Autochamber",1.01287067206065,TRUE
"Autochamber",1.09255583281344,TRUE
"Autochamber",1.00542860307039,TRUE
"Autochamber",1.00574284543692,TRUE
"Autochamber",1.19411477552808,TRUE
"Autochamber",1.00567755163853,TRUE
"Autochamber",1.01506760014634,TRUE
"Autochamber",1.01292253293162,TRUE
"Autochamber",1.14088448662401,TRUE
"Autochamber",1.0145023473621,TRUE
"Autochamber",1.01359256918099,TRUE
"Autochamber",1.17529226808163,TRUE
"Autochamber",1.02854446482046,TRUE
"Autochamber",1.1781063139636,TRUE
"Autochamber",1.25689999681696,TRUE
"Autochamber",1.18396800892057,TRUE
"Autochamber",1.20012742582618,TRUE
"Autochamber",1.35231945507434,TRUE
"Autochamber",1.23414156427714,TRUE
"Autochamber",1.29190578673913,TRUE
"Autochamber",1.37615549952075,TRUE
"Autochamber",1.24696404331246,TRUE
"Autochamber",1.22910745542818,TRUE
"Autochamber",1.30827909507382,TRUE
"Autochamber",1.45508491225383,TRUE
"Autochamber",1.41757181232129,TRUE
"Autochamber",1.19925052775937,TRUE
"Autochamber",1.34955986405218,TRUE
"Autochamber",1.1336046847235,TRUE
"Autochamber",1.20127069833636,TRUE
"Autochamber",1.19056303116541,TRUE
"Autochamber",1.21071160987768,TRUE
"Autochamber",1.08438116188276,TRUE
"Autochamber",1.13137130309025,TRUE
"Autochamber",1.25149510540897,TRUE
"Autochamber",1.21911349058576,TRUE
"Autochamber",1.09484725794797,TRUE
"Autochamber",1.16676588335729,TRUE
"Autochamber",1.10025223388548,TRUE
"Autochamber",1.09757003393616,TRUE
"Autochamber",1.0884580090189,TRUE
"Autochamber",1.16724749912932,TRUE
"Autochamber",1.1556613877597,TRUE
"Autochamber",1.07070035821868,TRUE
"Autochamber",1.18653164440996,TRUE
"Autochamber",1.19704012182318,TRUE
"Autochamber",1.01716030923702,TRUE
"Autochamber",1.01340516428242,TRUE
"Autochamber",1.008960628642,TRUE
"Autochamber",1.09208919900702,TRUE
"Autochamber",1.00782586307001,TRUE
"Autochamber",1.01667253212923,TRUE
"Autochamber",1.00448973792834,TRUE
"Autochamber",1.01547335890688,TRUE
"Autochamber",1.00801800455103,TRUE
"Autochamber",1.15205794201273,TRUE
"Autochamber",1.20431397283497,TRUE
"Autochamber",1.1185656949365,TRUE
"Autochamber",1.20627282010458,TRUE
"Autochamber",1.02366879686128,TRUE
"Autochamber",1.45357869245126,TRUE
"Autochamber",1.18046984969603,TRUE
"Autochamber",1.21378762882701,TRUE
"Autochamber",1.45696269231388,TRUE
"Autochamber",1.48041089016683,TRUE
"Autochamber",1.33887148577523,TRUE
"Autochamber",1.34162105666891,TRUE
"Autochamber",1.2655277404409,TRUE
"Autochamber",1.11552827782239,TRUE
"Autochamber",1.11249632197204,TRUE
"Autochamber",1.27013528889199,TRUE
"Autochamber",1.40642629716091,TRUE
"Autochamber",1.40203570644528,TRUE
"Autochamber",1.44773191728892,TRUE
"Autochamber",1.30274355260008,TRUE
"Autochamber",1.09618541066795,TRUE
"Autochamber",1.38632839765659,TRUE
"Autochamber",1.09223677118186,TRUE
"Autochamber",1.07901365876222,TRUE
"Autochamber",1.08919269101913,TRUE
"Autochamber",1.44393695304464,TRUE
"Autochamber",1.39360007254379,TRUE
"Autochamber",1.23727775950861,TRUE
"Autochamber",1.09272676789796,TRUE
"Autochamber",1.25825243759619,TRUE
"Autochamber",1.18188791981734,TRUE
"Autochamber",1.01543781983227,TRUE
"Autochamber",1.14982868828747,TRUE
"Autochamber",1.28495276409055,TRUE
"Autochamber",1.1620660472744,TRUE
"Autochamber",1.19701638241467,TRUE
"Autochamber",1.28721014460054,TRUE
"Autochamber",1.28518386961029,TRUE
"Autochamber",1.16835557201361,TRUE
"Autochamber",1.01347098114598,TRUE
"Autochamber",1.01148143748514,TRUE
"Autochamber",1.00895121074343,TRUE
"Autochamber",1.01046850134317,TRUE
"Autochamber",1.03494460791327,TRUE
"Autochamber",1.16059778152854,TRUE
"Autochamber",1.00702779274976,TRUE
"Autochamber",1.08685858124897,TRUE
"Autochamber",1.01054350400737,TRUE
"Autochamber",1.11736758630049,TRUE
"Autochamber",1.03449476023548,TRUE
"Autochamber",1.00654066762071,TRUE
"Autochamber",1.06994259818969,TRUE
"Autochamber",1.12463635952389,TRUE
"Autochamber",1.01552549497632,TRUE
"Autochamber",1.01322098226016,TRUE
"Autochamber",1.24458143672925,TRUE
"Autochamber",1.31568991949027,TRUE
"Autochamber",1.31269553512653,TRUE
"Autochamber",1.13377740837674,TRUE
"Autochamber",1.78133538396604,TRUE
"Autochamber",1.60644397877426,TRUE
"Autochamber",1.41819067324223,TRUE
"Autochamber",1.24537390073846,TRUE
"Autochamber",1.31071103466153,TRUE
"Autochamber",1.0693039487988,TRUE
"Autochamber",1.13401833530883,TRUE
"Autochamber",1.34177709149494,TRUE
"Autochamber",1.27181026532934,TRUE
"Autochamber",1.03837241949611,TRUE
"Autochamber",1.25545437160139,TRUE
"Autochamber",1.13184974953619,TRUE
"Autochamber",1.31133055577783,TRUE
"Autochamber",1.13819614335596,TRUE
"Autochamber",1.13609886854675,TRUE
"Autochamber",1.30504074761362,TRUE
"Autochamber",1.44674163927801,TRUE
"Autochamber",1.05882473269715,TRUE
"Autochamber",1.34192220434813,TRUE
"Autochamber",1.25826339302149,TRUE
"Autochamber",1.11980649280536,TRUE
"Autochamber",1.07379839531586,TRUE
"Autochamber",1.31697239657938,TRUE
"Autochamber",1.14985706473399,TRUE
"Autochamber",1.36841940482569,TRUE
"Autochamber",1.11548023327705,TRUE
"Autochamber",1.10897535669483,TRUE
"Autochamber",1.03261835095172,TRUE
"Autochamber",1.01039221183188,TRUE
"Autochamber",1.00693131428595,TRUE
"Autochamber",1.01266874399359,TRUE
"Autochamber",1.12184045003732,TRUE
"Autochamber",1.00615055075059,TRUE
"Autochamber",1.04590336842175,TRUE
"Autochamber",1.01078495410332,TRUE
"Autochamber",1.21024760184911,TRUE
"Autochamber",1.13323362886043,TRUE
"Autochamber",1.01116016779293,TRUE
"Autochamber",1.0185359504739,TRUE
"Autochamber",1.01156988300805,TRUE
"Autochamber",1.00407502179767,TRUE
"Autochamber",1.17907824660664,TRUE
"Autochamber",1.21664238508188,TRUE
"Autochamber",1.01224427183226,TRUE
"Autochamber",1.16841379120256,TRUE
"Autochamber",1.04328975791951,TRUE
"Autochamber",1.10382922328861,TRUE
"Autochamber",1.40845454071924,TRUE
"Autochamber",1.37565362043638,TRUE
"Autochamber",1.2378688575473,TRUE
"Autochamber",1.33883604017923,TRUE
"Autochamber",1.28965622124005,TRUE
"Autochamber",1.16206498656933,TRUE
"Autochamber",1.11745736975356,TRUE
"Autochamber",1.06232694635245,TRUE
"Autochamber",1.64711803476731,TRUE
"Autochamber",1.45695073383547,TRUE
"Autochamber",1.45347396438344,TRUE
"Autochamber",1.52747312591012,TRUE
"Autochamber",1.00698908063982,TRUE
"Autochamber",1.01267493496643,TRUE
"Autochamber",1.32020741394188,TRUE
"Autochamber",1.4473063664211,TRUE
"Autochamber",1.18984695986787,TRUE
"Autochamber",1.41661530389021,TRUE
"Autochamber",1.26834355636018,TRUE
"Autochamber",1.29023486504007,TRUE
"Autochamber",1.04189049260254,TRUE
"Autochamber",1.79509912498346,TRUE
"Autochamber",1.65800245356626,TRUE
"Autochamber",1.53487871362275,TRUE
"Autochamber",1.38978129577099,TRUE
"Autochamber",1.36163752675945,TRUE
"Autochamber",1.16638405191979,TRUE
"Autochamber",1.11766048684307,TRUE
"Autochamber",1.21198799412553,TRUE
"Autochamber",1.28344947419536,TRUE
"Autochamber",1.01632990712867,TRUE
"Autochamber",1.01749448434627,TRUE
"Autochamber",1.01682840079182,TRUE
"Autochamber",1.26788298947055,TRUE
"Autochamber",1.01285643640559,TRUE
"Autochamber",1.00373426572744,TRUE
"Autochamber",1.0101740880713,TRUE
"Autochamber",1.01623449842692,TRUE
"Autochamber",1.10877998893799,TRUE
"Autochamber",1.02118784358363,TRUE
"Autochamber",1.08082876531597,TRUE
"Autochamber",1.01182146359046,TRUE
"Autochamber",1.00683499238932,TRUE
"Autochamber",1.01276160563071,TRUE
"Autochamber",1.17939224812044,TRUE
"Autochamber",1.31006421517815,TRUE
"Autochamber",1.2622647281501,TRUE
"Autochamber",1.01570185073627,TRUE
"Autochamber",1.37087296607142,TRUE
"Autochamber",1.59209493658703,TRUE
"Autochamber",1.37941013736004,TRUE
"Autochamber",1.40019297904532,TRUE
"Autochamber",1.51121938374708,TRUE
"Autochamber",1.65971463041653,TRUE
"Autochamber",1.6774982967824,TRUE
"Autochamber",1.44993441991487,TRUE
"Autochamber",1.32367145654184,TRUE
"Autochamber",1.55593918588377,TRUE
"Autochamber",1.43230396796338,TRUE
"Autochamber",1.51844592109975,TRUE
"Autochamber",1.25559763239253,TRUE
"Autochamber",1.16842505653416,TRUE
"Autochamber",1.33190330631386,TRUE
"Autochamber",1.5106259451377,TRUE
"Autochamber",1.1879391197847,TRUE
"Autochamber",1.40093912414509,TRUE
"Autochamber",1.46103979011483,TRUE
"Autochamber",1.28127932933882,TRUE
"Autochamber",1.17087369018224,TRUE
"Autochamber",1.25126015322514,TRUE
"Autochamber",1.26455634288232,TRUE
"Autochamber",1.24103014467838,TRUE
"Autochamber",1.08119375780272,TRUE
"Autochamber",1.11307563947661,TRUE
"Autochamber",1.23256303443778,TRUE
"Autochamber",1.01544232720355,TRUE
"Autochamber",1.21500083693102,TRUE
"Autochamber",1.12156080311634,TRUE
"Autochamber",1.00980623485132,TRUE
"Autochamber",1.18622720361891,TRUE
"Autochamber",1.0089181423061,TRUE
"Autochamber",1.01859508659221,TRUE
"Autochamber",1.02752555729219,TRUE
"Autochamber",1.00250943675149,TRUE
"Autochamber",1.13935366151037,TRUE
"Autochamber",1.00979797514484,TRUE
"Autochamber",1.01064669048588,TRUE
"Autochamber",1.45970450371757,TRUE
"Autochamber",1.04844422152604,TRUE
"Autochamber",1.09018864510029,TRUE
"Autochamber",1.30195146827117,TRUE
"Autochamber",1.16742784112511,TRUE
"Autochamber",1.16723125726332,TRUE
"Autochamber",1.55128534882069,TRUE
"Autochamber",1.01130262226434,TRUE
"Autochamber",1.02932220824867,TRUE
"Autochamber",1.14521674980062,TRUE
"Autochamber",1.41151083831875,TRUE
"Autochamber",1.4541641986396,TRUE
"Autochamber",1.35179237747048,TRUE
"Autochamber",1.16980809956491,TRUE
"Autochamber",1.33617638885384,TRUE
"Autochamber",1.21808660407031,TRUE
"Autochamber",1.39324847354381,TRUE
"Autochamber",1.35474195423266,TRUE
"Autochamber",1.24767648926442,TRUE
"Autochamber",1.20976923040806,TRUE
"Autochamber",1.34521171644292,TRUE
"Autochamber",1.15618185858851,TRUE
"Autochamber",1.01279004395181,TRUE
"Autochamber",1.16527212919379,TRUE
"Autochamber",1.18399017011173,TRUE
"Autochamber",1.09287215174918,TRUE
"Autochamber",1.13293278309303,TRUE
"Autochamber",1.31905190838967,TRUE
"Autochamber",1.14991994343745,TRUE
"Autochamber",1.01400044976224,TRUE
"Autochamber",1.10582734419425,TRUE
"Autochamber",1.13367829444533,TRUE
"Autochamber",1.19972744505031,TRUE
"Autochamber",1.29376423617213,TRUE
"Autochamber",1.20988505684202,TRUE
"Autochamber",1.23968045198647,TRUE
"Autochamber",1.24257531744173,TRUE
"Autochamber",1.05434165506613,TRUE
"Autochamber",1.11893762797584,TRUE
"Autochamber",1.00423175855644,TRUE
"Autochamber",1.00898624612258,TRUE
"Autochamber",1.00637874324109,TRUE
"Autochamber",1.01628201586911,TRUE
"Autochamber",1.0084068466268,TRUE
"Autochamber",1.01136782960165,TRUE
"Autochamber",1.01557069844009,TRUE
"Autochamber",1.00542110497416,TRUE
"Autochamber",1.01319733885174,TRUE
"Autochamber",1.00589738489856,TRUE
"Autochamber",1.01340392384092,TRUE
"Autochamber",1.00994312288019,TRUE
"Autochamber",1.00670919979486,TRUE
"Autochamber",1.00666883374535,TRUE
"Autochamber",1.00920597811862,TRUE
"Autochamber",1.24307431026513,TRUE
"Autochamber",1.41327667564397,TRUE
"Autochamber",1.49672746005891,TRUE
"Autochamber",1.48501837681542,TRUE
"Autochamber",1.33124092104314,TRUE
"Autochamber",1.49687720305098,TRUE
"Autochamber",1.15681684197808,TRUE
"Autochamber",1.01409234466395,TRUE
"Autochamber",1.02149903226884,TRUE
"Autochamber",1.54209746803814,TRUE
"Autochamber",1.30033594890059,TRUE
"Autochamber",1.4790178610199,TRUE
"Autochamber",1.01409770716673,TRUE
"Autochamber",1.71262660005302,TRUE
"Autochamber",1.49194838808804,TRUE
"Autochamber",1.67397067062459,TRUE
"Autochamber",1.7266876418373,TRUE
"Autochamber",1.93986928686066,TRUE
"Autochamber",1.41928450377127,TRUE
"Autochamber",1.43419252731394,TRUE
"Autochamber",1.0169539164074,TRUE
"Autochamber",1.11094343156699,TRUE
"Autochamber",1.77102171606076,TRUE
"Autochamber",1.65800400830737,TRUE
"Autochamber",1.44385299697083,TRUE
"Autochamber",1.63613929461634,TRUE
"Autochamber",1.28469348653155,TRUE
"Autochamber",1.33642769840043,TRUE
"Autochamber",1.39694983222774,TRUE
"Autochamber",1.32391116332359,TRUE
"Autochamber",1.39577537255513,TRUE
"Autochamber",1.1044092159689,TRUE
"Autochamber",1.03834861689133,TRUE
"Autochamber",1.00776139550964,TRUE
"Autochamber",1.01230140175839,TRUE
"Autochamber",1.01251212845304,TRUE
"Autochamber",1.05091804168147,TRUE
"Autochamber",1.00564106681501,TRUE
"Autochamber",1.00854056574388,TRUE
"Autochamber",1.00733102340467,TRUE
"Autochamber",1.01070824855259,TRUE
"Autochamber",1.00807946484108,TRUE
"Autochamber",1.00962396366568,TRUE
"Autochamber",1.00810313671686,TRUE
"Autochamber",1.2580761662644,TRUE
"Autochamber",1.59168353085379,TRUE
"Autochamber",1.26314932405797,TRUE
"Autochamber",1.34251212871635,TRUE
"Autochamber",1.42522843356036,TRUE
"Autochamber",1.08921207950289,TRUE
"Autochamber",1.24625327604198,TRUE
"Autochamber",1.42383814391715,TRUE
"Autochamber",1.48464436907409,TRUE
"Autochamber",1.61782200617878,TRUE
"Autochamber",1.94324073192379,TRUE
"Autochamber",1.72116114500321,TRUE
"Autochamber",1.44828027246514,TRUE
"Autochamber",1.36547051124651,TRUE
"Autochamber",1.47528372381257,TRUE
"Autochamber",1.01682905628763,TRUE
"Autochamber",1.36052560046193,TRUE
"Autochamber",1.27478694478334,TRUE
"Autochamber",1.01108050115738,TRUE
"Autochamber",1.57979122283146,TRUE
"Autochamber",1.46855705998855,TRUE
"Autochamber",1.05754037307083,TRUE
"Autochamber",1.20285556967051,TRUE
"Autochamber",1.14873768987266,TRUE
"Autochamber",1.29192428992905,TRUE
"Autochamber",1.42029684329874,TRUE
"Autochamber",1.19684280919422,TRUE
"Autochamber",1.38372262391569,TRUE
"Autochamber",1.14032519257567,TRUE
"Autochamber",1.57132549304259,TRUE
"Autochamber",1.54288527045703,TRUE
"Autochamber",1.91140708303244,TRUE
"Autochamber",1.09739117697448,TRUE
"Autochamber",1,FALSE
"Autochamber",1.02350212483546,TRUE
"Autochamber",1.06282320826891,TRUE
"Autochamber",1.00896422022132,TRUE
"Autochamber",1.01372974326629,TRUE
"Autochamber",1,FALSE
"Autochamber",1.01515100228842,TRUE
"Autochamber",1.00408962980469,TRUE
"Autochamber",1.00325790408347,TRUE
"Autochamber",1.00502665252145,TRUE
"Autochamber",1.00951615809964,TRUE
"Autochamber",1.01359529832005,TRUE
"Autochamber",1.00424935345124,TRUE
"Autochamber",1.00527442791601,TRUE
"Autochamber",1.12990558668465,TRUE
"Autochamber",1.2298858486712,TRUE
"Autochamber",1.18441310424437,TRUE
"Autochamber",1.45878066597466,TRUE
"Autochamber",1.27305856995017,TRUE
"Autochamber",1.41975508040379,TRUE
"Autochamber",1.38280002956012,TRUE
"Autochamber",1.64948805128732,TRUE
"Autochamber",1.37503418494229,TRUE
"Autochamber",1.12344266892269,TRUE
"Autochamber",1.1654715574891,TRUE
"Autochamber",1.01066574752673,TRUE
"Autochamber",1.28868341367222,TRUE
"Autochamber",1.22070484394411,TRUE
"Autochamber",1.38973020515496,TRUE
"Autochamber",1.46098793197195,TRUE
"Autochamber",1.04085198677467,TRUE
"Autochamber",1.06384342416187,TRUE
"Autochamber",1.21784789654542,TRUE
"Autochamber",1.08209643998361,TRUE
"Autochamber",1.13482779233199,TRUE
"Autochamber",1.16643709629767,TRUE
"Autochamber",1.43203576364463,TRUE
"Autochamber",1.40810272004731,TRUE
"Autochamber",1.16605681506724,TRUE
"Autochamber",1.00864212163871,TRUE
"Autochamber",1.13661978365817,TRUE
"Autochamber",1.00936730495208,TRUE
"Autochamber",1.01164244638783,TRUE
"Autochamber",1.01474610984609,TRUE
"Autochamber",1.13198092719141,TRUE
"Autochamber",1.01624939828002,TRUE
"Autochamber",1.00549265879969,TRUE
"Autochamber",1.02017453630072,TRUE
"Autochamber",1.01336186153604,TRUE
"Autochamber",1.26995568910944,TRUE
"Autochamber",1.04494713635424,TRUE
"Autochamber",1.05411184344623,TRUE
"Autochamber",1.0106234425404,TRUE
"Autochamber",1.01186665322968,TRUE
"Autochamber",1.00546430569891,TRUE
"Autochamber",1.01278345553072,TRUE
"Autochamber",1.00559292939821,TRUE
"Autochamber",1.00671891991684,TRUE
"Autochamber",1.0319232046117,TRUE
"Autochamber",1.12040860340271,TRUE
"Autochamber",1.06668848872397,TRUE
"Autochamber",1.01509574347621,TRUE
"Autochamber",1.08378208354364,TRUE
"Autochamber",1.0079539547631,TRUE
"Autochamber",1.00549470541617,TRUE
"Autochamber",1.41437216872507,TRUE
"Autochamber",1.17839282731434,TRUE
"Autochamber",1.24950423306726,TRUE
"Autochamber",1.32056290614175,TRUE
"Autochamber",1.35701293152529,TRUE
"Autochamber",1.18087848479957,TRUE
"Autochamber",1.42756504229474,TRUE
"Autochamber",1.2871364891849,TRUE
"Autochamber",1.31528937987166,TRUE
"Autochamber",1.59189497141651,TRUE
"Autochamber",1.96387105053337,TRUE
"Autochamber",1.97009999565903,TRUE
"Autochamber",1.73779061897687,TRUE
"Autochamber",1.07846006939653,TRUE
"Autochamber",1.06798190423643,TRUE
"Autochamber",1.15428946590133,TRUE
"Autochamber",1.30862736459492,TRUE
"Autochamber",1.01507635251236,TRUE
"Autochamber",1.00988059981375,TRUE
"Autochamber",1.54856934035686,TRUE
"Autochamber",1.12070569595586,TRUE
"Autochamber",1.36773624391372,TRUE
"Autochamber",1.34123758746888,TRUE
"Autochamber",1.36764139303537,TRUE
"Autochamber",1.73081456194024,TRUE
"Autochamber",1.31922105159317,TRUE
"Autochamber",1.76663742671883,TRUE
"Autochamber",1.43669806183901,TRUE
"Autochamber",1.28962878239947,TRUE
"Autochamber",1.24660558774717,TRUE
"Autochamber",1.31450284621238,TRUE
"Autochamber",1.09925940792699,TRUE
"Autochamber",1.05106479123245,TRUE
"Autochamber",1.0874675858364,TRUE
"Autochamber",1.17878913963514,TRUE
"Autochamber",1.00810536243593,TRUE
"Autochamber",1.06486521544721,TRUE
"Autochamber",1.0064139887457,TRUE
"Autochamber",1.01066105834213,TRUE
"Autochamber",1.00702675487636,TRUE
"Autochamber",1.00411692543471,TRUE
"Autochamber",1.00787527938205,TRUE
"Autochamber",1.06498731062948,TRUE
"Autochamber",1.0167439699307,TRUE
"Autochamber",1.00491408350009,TRUE
"Autochamber",1.00446543234708,TRUE
"Autochamber",1.00699450932353,TRUE
"Autochamber",1.01001993220386,TRUE
"Autochamber",1.01271833716253,TRUE
"Autochamber",1.38395924902847,TRUE
"Autochamber",1.11808339384619,TRUE
"Autochamber",1.31858235520427,TRUE
"Autochamber",1.37688970682822,TRUE
"Autochamber",1.32583403563095,TRUE
"Autochamber",1.15778090263095,TRUE
"Autochamber",1.69215893687367,TRUE
"Autochamber",1.51009925463143,TRUE
"Autochamber",1.54339922177387,TRUE
"Autochamber",1.33992789784261,TRUE
"Autochamber",1.27988626000182,TRUE
"Autochamber",1.51874399643492,TRUE
"Autochamber",1.64286129043138,TRUE
"Autochamber",1.27716669204917,TRUE
"Autochamber",1.31321392665228,TRUE
"Autochamber",1.03911801578126,TRUE
"Autochamber",1.25474284643181,TRUE
"Autochamber",1.0102514215082,TRUE
"Autochamber",1.29126204056978,TRUE
"Autochamber",1.4226459317418,TRUE
"Autochamber",1.13949863361047,TRUE
"Autochamber",1.28742534415405,TRUE
"Autochamber",1.48666538501097,TRUE
"Autochamber",1.34986501177227,TRUE
"Autochamber",1.19532268304536,TRUE
"Autochamber",1.25238439962872,TRUE
"Autochamber",1.49016379255714,TRUE
"Autochamber",1.18012996105342,TRUE
"Autochamber",1.01609749285956,TRUE
"Autochamber",1.1214047821386,TRUE
"Autochamber",1.2832718227135,TRUE
"Autochamber",1.07007670286797,TRUE
"Autochamber",1.00566800824665,TRUE
"Autochamber",1.00382437595427,TRUE
"Autochamber",1.01621717230093,TRUE
"Autochamber",1.0078695313767,TRUE
"Autochamber",1.00588387494722,TRUE
"Autochamber",1.00738006303878,TRUE
"Autochamber",1.00674108911071,TRUE
"Autochamber",1.00847507305433,TRUE
"Autochamber",1.00739245755502,TRUE
"Autochamber",1.00575017645492,TRUE
"Autochamber",1.04505116338855,TRUE
"Autochamber",1.11276599334431,TRUE
"Autochamber",1.01086206967977,TRUE
"Autochamber",1.07555800982515,TRUE
"Autochamber",1.06234702912988,TRUE
"Autochamber",1.05814798860934,TRUE
"Autochamber",1.29087910561831,TRUE
"Autochamber",1.58159309407465,TRUE
"Autochamber",1.24001668735488,TRUE
"Autochamber",1.30893922677441,TRUE
"Autochamber",1.33284098668153,TRUE
"Autochamber",1.25004448058885,TRUE
"Autochamber",1.38243919029892,TRUE
"Autochamber",1.7221699652213,TRUE
"Autochamber",1,FALSE
"Autochamber",1.65729860349466,TRUE
"Autochamber",1,FALSE
"Autochamber",1.48166805643688,TRUE
"Autochamber",1.6419354570188,TRUE
"Autochamber",1.00615994512682,TRUE
"Autochamber",1.01556180345519,TRUE
"Autochamber",1.33069146030114,TRUE
"Autochamber",1.13945520717807,TRUE
"Autochamber",1.65572477082257,TRUE
"Autochamber",1.26618040526021,TRUE
"Autochamber",1.01573524832262,TRUE
"Autochamber",1.04821522641402,TRUE
"Autochamber",1.20962266902532,TRUE
"Autochamber",1.1661855097229,TRUE
"Autochamber",1.49565167554518,TRUE
"Autochamber",1.31943099066785,TRUE
"Autochamber",1.34101904644801,TRUE
"Autochamber",1.19443268364904,TRUE
"Autochamber",1.18435666592039,TRUE
"Autochamber",1.43277054453104,TRUE
"Autochamber",1.40685812331059,TRUE
"Autochamber",1.14792806866934,TRUE
"Autochamber",1.05261447607721,TRUE
"Autochamber",1.0235498118269,TRUE
"Autochamber",1.00707666931898,TRUE
"Autochamber",1.1870585591422,TRUE
"Autochamber",1.04503539374824,TRUE
"Autochamber",1.34070654807362,TRUE
"Autochamber",1.20043372821595,TRUE
"Autochamber",1.42743185677202,TRUE
"Autochamber",1.48708671093705,TRUE
"Autochamber",1.06397655548807,TRUE
"Autochamber",1.00408679993337,TRUE
"Autochamber",1.00299425445124,TRUE
"Autochamber",1.00283678061202,TRUE
"Autochamber",1.00305307452748,TRUE
"Autochamber",1.01363323179505,TRUE
"Autochamber",1.3624278656621,TRUE
"Autochamber",1.36169068466512,TRUE
"Autochamber",1.4704934614435,TRUE
"Autochamber",1.34467223483551,TRUE
"Autochamber",1,FALSE
"Autochamber",1.06905384670567,TRUE
"Autochamber",1.00960334336342,TRUE
"Autochamber",1,FALSE
"Autochamber",1.00692884487575,TRUE
"Autochamber",1.00794282804886,TRUE
"Autochamber",1.04991200153143,TRUE
"Autochamber",1,FALSE
"Autochamber",1,FALSE
"Autochamber",1.00488061995232,TRUE
"Autochamber",1.00421394601902,TRUE
"Autochamber",1,FALSE
"Autochamber",1.00361275390591,TRUE
"Autochamber",1.00404339620005,TRUE
"Autochamber",1.00437133217291,TRUE
"Autochamber",1,FALSE
"Autochamber",1.00387725746781,TRUE
"Autochamber",1.00384891668874,TRUE
"Autochamber",1,FALSE
"Autochamber",1,FALSE
"Autochamber",1.00364874514168,TRUE
"Autochamber",1.00506505722261,TRUE
"Autochamber",1.00418600117647,TRUE
"Autochamber",1.00695560324779,TRUE
"Autochamber",1.00525731013023,TRUE
"Autochamber",1.0049381225656,TRUE
"Autochamber",1.00580368936528,TRUE
"Autochamber",1.00372025372233,TRUE
"Autochamber",1.00557683377008,TRUE
"Autochamber",1.01509308725667,TRUE
"Autochamber",1.42062608540094,TRUE
"Autochamber",1.03759124048087,TRUE
"Autochamber",1.40501332452027,TRUE
"Autochamber",1.06953097647654,TRUE
"Autochamber",1.18109105067186,TRUE
"Autochamber",1.01407992307189,TRUE
"Autochamber",1.06840454249042,TRUE
"Autochamber",1.00777348306415,TRUE
"Autochamber",1.00481504912102,TRUE
"Autochamber",1.06115775440135,TRUE
"Autochamber",1.21922364401573,TRUE
"Autochamber",1.117803246986,TRUE
"Autochamber",1,FALSE
"Autochamber",1.04310259162796,TRUE
"Autochamber",1.05280504827539,TRUE
"Autochamber",1.04628084401834,TRUE
"Autochamber",1,FALSE
"Autochamber",1.00837575995492,TRUE
"Autochamber",1,FALSE
"Autochamber",1.20637225618249,TRUE
"Autochamber",1.01135970939184,TRUE
"Autochamber",1.0144898073684,TRUE
"Autochamber",1.00881268177872,TRUE
"Autochamber",1.03030179373643,TRUE
"Autochamber",1.0076741374071,TRUE
"Autochamber",1.01178004157689,TRUE
"Autochamber",1.01043268775538,TRUE
"Autochamber",1.00763603512756,TRUE
"Autochamber",1.00925479847088,TRUE
"Autochamber",1.00945842669466,TRUE
"Autochamber",1.16666595051334,TRUE
"Autochamber",1.01973739688836,TRUE
"Autochamber",1.08485792983478,TRUE
"Autochamber",1.20598171754249,TRUE
"Autochamber",1.0101888758306,TRUE
"Autochamber",1.11413349321193,TRUE
"Autochamber",1.05643275911247,TRUE
"Autochamber",1.00438795141984,TRUE
"Autochamber",1.10222627335087,TRUE
"Autochamber",1.00988859935061,TRUE
"Autochamber",1.27653673909698,TRUE
"Autochamber",1.1575249353004,TRUE
"Autochamber",1.18014480866537,TRUE
"Autochamber",1.22914750796469,TRUE
"Autochamber",1.04271097498783,TRUE
"Autochamber",1.08070795035473,TRUE
"Autochamber",1.01171778386097,TRUE
"Autochamber",1.01011019232285,TRUE
"Autochamber",1.01101458590454,TRUE
"Autochamber",1.00852380984248,TRUE
"Autochamber",1.02219913612636,TRUE
"Autochamber",1.19079024291318,TRUE
"Autochamber",1.03454582260548,TRUE
"Autochamber",1.01454009885169,TRUE
"Autochamber",1.05431311346096,TRUE
"Autochamber",1.01301407017346,TRUE
"Autochamber",1.0121834898054,TRUE
"Autochamber",1.065702408889,TRUE
"Autochamber",1.07334145977117,TRUE
"Autochamber",1.01119912088491,TRUE
"Autochamber",1.10354469909672,TRUE
"Autochamber",1.00594560717965,TRUE
"Autochamber",1.11919660664922,TRUE
"Autochamber",1.03690056750806,TRUE
"Autochamber",1.06083604501588,TRUE
"Autochamber",1.1108848457159,TRUE
"Autochamber",1.03746514475176,TRUE
"Autochamber",1.13015418448635,TRUE
"Autochamber",1.21218752894292,TRUE
"Autochamber",1.28710308030085,TRUE
"Autochamber",1.26456988514034,TRUE
"Autochamber",1.04246840113132,TRUE
"Autochamber",1.09666360798224,TRUE
"Autochamber",1.23717864566593,TRUE
"Autochamber",1.29142274740206,TRUE
"Autochamber",1.30638451247272,TRUE
"Autochamber",1.11790602339393,TRUE
"Autochamber",1.16834692650597,TRUE
"Autochamber",1.33109435215166,TRUE
"Autochamber",1.0852862042609,TRUE
"Autochamber",1.03660428021245,TRUE
"Autochamber",1.24001131389142,TRUE
"Autochamber",1.13651562930073,TRUE
"Autochamber",1.10129021854617,TRUE
"Autochamber",1.01882280432894,TRUE
"Autochamber",1.20254741789199,TRUE
"Autochamber",1.01462533262065,TRUE
"Autochamber",1.48284754449487,TRUE
"Autochamber",1.30322005909785,TRUE
"Autochamber",1.67065762993504,TRUE
"Autochamber",1.36503922487345,TRUE
"Autochamber",1.1324242183454,TRUE
"Autochamber",1.37013044288404,TRUE
"Autochamber",1.29088945626111,TRUE
"Autochamber",1.49167157824802,TRUE
"Autochamber",1.30976584919574,TRUE
"Autochamber",1.01259651128289,TRUE
"Autochamber",1.00971971593704,TRUE
"Autochamber",1.01625966055242,TRUE
"Autochamber",1.00980185107326,TRUE
"Autochamber",1.00696401501735,TRUE
"Autochamber",1.00603813390743,TRUE
"Autochamber",1.00633319230582,TRUE
"Autochamber",1.00553445811715,TRUE
"Autochamber",1.01232908240423,TRUE
"Autochamber",1.00797035111655,TRUE
"Autochamber",1.00791755925843,TRUE
"Autochamber",1.00731845028013,TRUE
"Autochamber",1.01382680231376,TRUE
"Autochamber",1.23765820503049,TRUE
"Autochamber",1.12663543308903,TRUE
"Autochamber",1.26405154527979,TRUE
"Autochamber",1.10435238884013,TRUE
"Autochamber",1.31574024167267,TRUE
"Autochamber",1.29532683458632,TRUE
"Autochamber",1.26250195033649,TRUE
"Autochamber",1.7003533420725,TRUE
"Autochamber",1.55704578670247,TRUE
"Autochamber",1.70354658884977,TRUE
"Autochamber",1.68778532246053,TRUE
"Autochamber",1.71859216805125,TRUE
"Autochamber",1.28824863652099,TRUE
"Autochamber",1.38037613106138,TRUE
"Autochamber",1.75159939634607,TRUE
"Autochamber",1.48532254272529,TRUE
"Autochamber",1.27589563809969,TRUE
"Autochamber",1.11825478103994,TRUE
"Autochamber",1.1909623492252,TRUE
"Autochamber",1.0816041686418,TRUE
"Autochamber",1.01741188874506,TRUE
"Autochamber",1.01722129762379,TRUE
"Autochamber",1.19104616437168,TRUE
"Autochamber",1.29909010240038,TRUE
"Autochamber",1.13567442011189,TRUE
"Autochamber",1.17186198038283,TRUE
"Autochamber",1.02759383537683,TRUE
"Autochamber",1.1479888808009,TRUE
"Autochamber",1.13842551550296,TRUE
"Autochamber",1.25135821231599,TRUE
"Autochamber",1.09939255055065,TRUE
"Autochamber",1.01537412554172,TRUE
"Autochamber",1.01450710337066,TRUE
"Autochamber",1.12804123569424,TRUE
"Autochamber",1.00955874181379,TRUE
"Autochamber",1.07624312479746,TRUE
"Autochamber",1.3195176613065,TRUE
"Autochamber",1.05173247675527,TRUE
"Autochamber",1.00821851814023,TRUE
"Autochamber",1.00700536719615,TRUE
"Autochamber",1.01544343990817,TRUE
"Autochamber",1.00498023901777,TRUE
"Autochamber",1.01204407343602,TRUE
"Autochamber",1.01053127973293,TRUE
"Autochamber",1.00687580048117,TRUE
"Autochamber",1.13766627212249,TRUE
"Autochamber",1.29135919109625,TRUE
"Autochamber",1.0159276805552,TRUE
"Autochamber",1.01574131666064,TRUE
"Autochamber",1.07413734911084,TRUE
"Autochamber",1.29432360967762,TRUE
"Autochamber",1.03187072669343,TRUE
"Autochamber",1.31948302856412,TRUE
"Autochamber",1.60059308912608,TRUE
"Autochamber",1.53172599213143,TRUE
"Autochamber",1.52050311567127,TRUE
"Autochamber",1.48724817341009,TRUE
"Autochamber",1.3438579546955,TRUE
"Autochamber",1.31065728814947,TRUE
"Autochamber",1.32546295010515,TRUE
"Autochamber",1.27655506404845,TRUE
"Autochamber",1.34331974519782,TRUE
"Autochamber",1.0404315341059,TRUE
"Autochamber",1.05287058939804,TRUE
"Autochamber",1.00702767832599,TRUE
"Autochamber",1.32675996893087,TRUE
"Autochamber",1.37410062537372,TRUE
"Autochamber",1.21851098335129,TRUE
"Autochamber",1.52649650061417,TRUE
"Autochamber",1.30217988874161,TRUE
"Autochamber",1.48062318194049,TRUE
"Autochamber",1.32117573987229,TRUE
"Autochamber",1.37536607099008,TRUE
"Autochamber",1.5006867026869,TRUE
"Autochamber",1.0610012538903,TRUE
"Autochamber",1.01092029830288,TRUE
"Autochamber",1.00965477765417,TRUE
"Autochamber",1.37849381906224,TRUE
"Autochamber",1.46023978434167,TRUE
"Autochamber",1.07129992214766,TRUE
"Autochamber",1.29663661833329,TRUE
"Autochamber",1.37516866048508,TRUE
"Autochamber",1.44329411819191,TRUE
"Autochamber",1.04626954424119,TRUE
"Autochamber",1.00910387631389,TRUE
"Autochamber",1.00453263544145,TRUE
"Autochamber",1.0070335801465,TRUE
"Autochamber",1.00284230603901,TRUE
"Autochamber",1.00552207130504,TRUE
"Autochamber",1.01599563170983,TRUE
"Autochamber",1.01779315049809,TRUE
"Autochamber",1.01990114260148,TRUE
"Autochamber",1.00897215099042,TRUE
"Autochamber",1.0062399463818,TRUE
"Autochamber",1.27606323716341,TRUE
"Autochamber",1.24614883228015,TRUE
"Autochamber",1.05613658092179,TRUE
"Autochamber",1.30605102207633,TRUE
"Autochamber",1.23568234168733,TRUE
"Autochamber",1.16296370094245,TRUE
"Autochamber",1.59466438066904,TRUE
"Autochamber",1.09370102075822,TRUE
"Autochamber",1.17535812555675,TRUE
"Autochamber",1.32607483109513,TRUE
"Autochamber",1.34371247682273,TRUE
"Autochamber",1.59525164736291,TRUE
"Autochamber",1.34977629548122,TRUE
"Autochamber",1.21654994068388,TRUE
"Autochamber",1.29407137125494,TRUE
"Autochamber",1.21880272341212,TRUE
"Autochamber",1.45789100077991,TRUE
"Autochamber",1.49377773389886,TRUE
"Autochamber",1.5078882286032,TRUE
"Autochamber",1.56051877934373,TRUE
"Autochamber",1.6312643654568,TRUE
"Autochamber",1.3640375491791,TRUE
"Autochamber",1.4490139692707,TRUE
"Autochamber",1.39665439212693,TRUE
"Autochamber",1.02562773783373,TRUE
"Autochamber",1.26551614426497,TRUE
"Autochamber",1.00746091813293,TRUE
"Autochamber",1.01080525336303,TRUE
"Autochamber",1.25794282407759,TRUE
"Autochamber",1.01528375533427,TRUE
"Autochamber",1.0079826215152,TRUE
"Autochamber",1.02307238233118,TRUE
"Autochamber",1.03630652026207,TRUE
"Autochamber",1.15169967625481,TRUE
"Autochamber",1.24583039430147,TRUE
"Autochamber",1.43857671425719,TRUE
"Autochamber",1.00637503027111,TRUE
"Autochamber",1.00923653183132,TRUE
"Autochamber",1.00393544610966,TRUE
"Autochamber",1.00435640242058,TRUE
"Autochamber",1.00569921510225,TRUE
"Autochamber",1.00588528563421,TRUE
"Autochamber",1.00830805686204,TRUE
"Autochamber",1.01235435061934,TRUE
"Autochamber",1.14471553189691,TRUE
"Autochamber",1.00667617463103,TRUE
"Autochamber",1.06790040351537,TRUE
"Autochamber",1.01145501020506,TRUE
"Autochamber",1.03033237502889,TRUE
"Autochamber",1.10200710894618,TRUE
"Autochamber",1.2297359044779,TRUE
"Autochamber",1.17108601583546,TRUE
"Autochamber",1.39955472025756,TRUE
"Autochamber",1.49282493481926,TRUE
"Autochamber",1.64311893284067,TRUE
"Autochamber",1.96773207420254,TRUE
"Autochamber",1.52054499043152,TRUE
"Autochamber",1.48617353626212,TRUE
"Autochamber",1.47160441838359,TRUE
"Autochamber",1.44944834863651,TRUE
"Autochamber",1.53416817181121,TRUE
"Autochamber",1,FALSE
"Autochamber",1,FALSE
"Autochamber",1,FALSE
"Autochamber",1.51269946193253,TRUE
"Autochamber",1.44319640390032,TRUE
"Autochamber",1.3201332902415,TRUE
"Autochamber",1.11908388381989,TRUE
"Autochamber",1.34574637471598,TRUE
"Autochamber",1.0172534342812,TRUE
"Autochamber",1.22509718465999,TRUE
"Autochamber",1.4357604372462,TRUE
"Autochamber",1.44669194502801,TRUE
"Autochamber",1.798399942675,TRUE
"Autochamber",1.33855770366718,TRUE
"Autochamber",1.53944519551162,TRUE
"Autochamber",1.55606471358774,TRUE
"Autochamber",1.1759036448283,TRUE
"Autochamber",1.18543511969829,TRUE
"Autochamber",1.47454283562055,TRUE
"Autochamber",1.6660206538318,TRUE
"Autochamber",1.78359161139637,TRUE
"Autochamber",1.01269504027093,TRUE
"Autochamber",1.09198196484024,TRUE
"Autochamber",1.01121809925024,TRUE
"Autochamber",1.00863968936958,TRUE
"Autochamber",1.00730573966685,TRUE
"Autochamber",1.01790022522698,TRUE
"Autochamber",1.02562110148349,TRUE
"Autochamber",1.08629875400912,TRUE
"Autochamber",1.0106630845308,TRUE
"Autochamber",1.01802832694305,TRUE
"Autochamber",1,FALSE
"Autochamber",1.11140475218817,TRUE
"Autochamber",1.01058704411064,TRUE
"Autochamber",1.01638020465118,TRUE
"Autochamber",1.13013018492859,TRUE
"Autochamber",1.18102774599525,TRUE
"Autochamber",1.01701884563364,TRUE
"Autochamber",1.26614461096262,TRUE
"Autochamber",1.16699614898518,TRUE
"Autochamber",1.19057216542461,TRUE
"Autochamber",1.51599298810614,TRUE
"Autochamber",1.55141872962676,TRUE
"Autochamber",1.7312119301864,TRUE
"Autochamber",1.27231941899621,TRUE
"Autochamber",1.48370686130228,TRUE
"Autochamber",1.36386348593132,TRUE
"Autochamber",1.46339987984564,TRUE
"Autochamber",1.39357715374992,TRUE
"Autochamber",1.50857489145658,TRUE
"Autochamber",1.54241798621053,TRUE
"Autochamber",1.47946907103847,TRUE
"Autochamber",1.35859805718614,TRUE
"Autochamber",1.53585328991609,TRUE
"Autochamber",1.27924121535423,TRUE
"Autochamber",1.34089295251656,TRUE
"Autochamber",1.81500333002115,TRUE
"Autochamber",1.8202536633647,TRUE
"Autochamber",1.9883058053123,TRUE
"Autochamber",1.84743970061529,TRUE
"Autochamber",1.17841445255175,TRUE
"Autochamber",1.86106513360993,TRUE
"Autochamber",1.72030899153233,TRUE
"Autochamber",1.29753492221584,TRUE
"Autochamber",1.41312533324384,TRUE
"Autochamber",1,FALSE
"Autochamber",1.31902452751926,TRUE
"Autochamber",1.05395191495282,TRUE
"Autochamber",1.12300456530793,TRUE
"Autochamber",1.60950884500988,TRUE
"Autochamber",1.34054913499924,TRUE
"Autochamber",1.06369289406462,TRUE
"Autochamber",1.01256826945884,TRUE
"Autochamber",1.0077904755466,TRUE
"Autochamber",1.0040384683439,TRUE
"Autochamber",1.01189606713025,TRUE
"Autochamber",1,FALSE
"Autochamber",1.0634089178676,TRUE
"Autochamber",1.00656396005319,TRUE
"Autochamber",1.01355846552759,TRUE
"Autochamber",1.05387547611892,TRUE
"Autochamber",1.01124145794379,TRUE
"Autochamber",1.01605154226437,TRUE
"Autochamber",1.00715806647015,TRUE
"Autochamber",1.00680049970609,TRUE
"Autochamber",1.00726476484944,TRUE
"Autochamber",1.00613122061231,TRUE
"Autochamber",1.01198661532621,TRUE
"Autochamber",1.01421491989686,TRUE
"Autochamber",1.00920807433574,TRUE
"Autochamber",1.0059481278318,TRUE
"Autochamber",1.0092380932739,TRUE
"Autochamber",1.09649265541355,TRUE
"Autochamber",1.29021493952157,TRUE
"Autochamber",1.27555322726661,TRUE
"Autochamber",1.2560565815161,TRUE
"Autochamber",1.0092666242494,TRUE
"Autochamber",1.09139118407878,TRUE
"Autochamber",1.18034434124243,TRUE
"Autochamber",1.44092133035598,TRUE
"Autochamber",1.32873553936928,TRUE
"Autochamber",1.37839967786412,TRUE
"Autochamber",1.16010923143921,TRUE
"Autochamber",1.15779590280552,TRUE
"Autochamber",1.4783462714721,TRUE
"Autochamber",1.33861495943748,TRUE
"Autochamber",1.6564528440888,TRUE
"Autochamber",1.01619256811169,TRUE
"Autochamber",1.22638510549711,TRUE
"Autochamber",1.28367251635885,TRUE
"Autochamber",1.46351443082668,TRUE
"Autochamber",1.35308163556178,TRUE
"Autochamber",1.40326127940819,TRUE
"Autochamber",1.71377210822837,TRUE
"Autochamber",1.31113334488601,TRUE
"Autochamber",1.29797783966483,TRUE
"Autochamber",1.23904594343892,TRUE
"Autochamber",1.16344286315223,TRUE
"Autochamber",1.27725424132079,TRUE
"Autochamber",1.05555421828326,TRUE
"Autochamber",1.14277614565704,TRUE
"Autochamber",1.4935955021861,TRUE
"Autochamber",1.24619852821872,TRUE
"Autochamber",1.30482216672382,TRUE
"Autochamber",1.43077602685887,TRUE
"Autochamber",1.29326727453595,TRUE
"Autochamber",1.08732722440924,TRUE
"Autochamber",1.25478042758832,TRUE
"Autochamber",1.19871463415007,TRUE
"Autochamber",1.15461393139653,TRUE
"Autochamber",1.23236156376772,TRUE
"Autochamber",1.28786218582277,TRUE
"Autochamber",1.15659448777218,TRUE
"Autochamber",1.20347436130774,TRUE
"Autochamber",1.09717032718774,TRUE
"Autochamber",1.30827007588482,TRUE
"Autochamber",1.09301579198702,TRUE
"Autochamber",1.1685428640095,TRUE
"Autochamber",1.46822924806126,TRUE
"Autochamber",1.14023182855625,TRUE
"Autochamber",1.24344563574343,TRUE
"Autochamber",1.2419299926051,TRUE
"Autochamber",1.19943938595866,TRUE
"Autochamber",1.09280222024739,TRUE
"Autochamber",1.38357162847534,TRUE
"Autochamber",1.12776878539213,TRUE
"Autochamber",1.17915356849548,TRUE
"Autochamber",1.30833593839873,TRUE
"Autochamber",1.25888474148677,TRUE
"Autochamber",1.22823518473254,TRUE
"Autochamber",1.12078428669106,TRUE
"Autochamber",1.16730009311775,TRUE
"Autochamber",1.37201111460144,TRUE
"Autochamber",1.08935307898521,TRUE
"Autochamber",1.09250919844007,TRUE
"Autochamber",1.19333694669892,TRUE
"Autochamber",1.07622150643613,TRUE
"Autochamber",1.09535349292052,TRUE
"Autochamber",1.16095182442827,TRUE
"Autochamber",1.06288129971736,TRUE
"Autochamber",1.01115170742603,TRUE
"Autochamber",1.06005541957171,TRUE
"Autochamber",1.05859219473684,TRUE
"Autochamber",1.00812916139433,TRUE
"Autochamber",1.17721100963328,TRUE
"Autochamber",1.06925897245949,TRUE
"Autochamber",1.01279130808941,TRUE
"Autochamber",1.14308215558609,TRUE
"Autochamber",1.06388788323602,TRUE
"Autochamber",1.01441948605083,TRUE
"Autochamber",1.00915785714981,TRUE
"Autochamber",1.10812005087211,TRUE
"Autochamber",1.01376288640846,TRUE
"Autochamber",1.0122281402985,TRUE
"Autochamber",1.08651010961482,TRUE
"Autochamber",1.07748484300011,TRUE
"Autochamber",1.0118750149629,TRUE
"Autochamber",1.07935628828043,TRUE
"Autochamber",1.3140339417502,TRUE
"Autochamber",1.06435440014641,TRUE
"Autochamber",1.03122466866938,TRUE
"Autochamber",1.00892682619705,TRUE
"Autochamber",1.0061006291414,TRUE
"Autochamber",1.05253541891287,TRUE
"Autochamber",1.01619325462896,TRUE
"Autochamber",1.01250948959453,TRUE
"Autochamber",1.00665197525592,TRUE
"Autochamber",1.0358381454021,TRUE
"Autochamber",1.05220431759825,TRUE
"Autochamber",1.01140031111398,TRUE
"Autochamber",1.11033488200461,TRUE
"Autochamber",1.06179716228498,TRUE
"Autochamber",1.02249539634009,TRUE
"Autochamber",1.29252119199573,TRUE
"Autochamber",1.1568091450214,TRUE
"Autochamber",1.24796663927077,TRUE
"Autochamber",1.07671531691499,TRUE
"Autochamber",1.01257549328257,TRUE
"Autochamber",1.05841048922907,TRUE
"Autochamber",1.06527525286253,TRUE
"Autochamber",1.01220771077345,TRUE
"Autochamber",1.17095101331245,TRUE
"Autochamber",1.22598273807975,TRUE
"Autochamber",1.20017926044175,TRUE
"Autochamber",1.23510024239369,TRUE
"Autochamber",1.36169101974542,TRUE
"Autochamber",1.3786062090541,TRUE
"Autochamber",1.09281963287869,TRUE
"Autochamber",1.3274771410076,TRUE
"Autochamber",1.2619437111298,TRUE
"Autochamber",1.35983748268287,TRUE
"Autochamber",1.18051024180782,TRUE
"Autochamber",1.30247413357833,TRUE
"Autochamber",1.20552150772414,TRUE
"Autochamber",1.05156673552343,TRUE
"Autochamber",1.04000767562023,TRUE
"Autochamber",1.13545849382697,TRUE
"Autochamber",1.22181415304734,TRUE
"Autochamber",1.01685274795383,TRUE
"Autochamber",1.01369548196788,TRUE
"Autochamber",1.0059551640002,TRUE
"Autochamber",1.48510150318225,TRUE
"Autochamber",1.00569493299022,TRUE
"Autochamber",1.25286576054697,TRUE
"Autochamber",1.01577677387395,TRUE
"Autochamber",1.00405699825788,TRUE
"Autochamber",1.01064548220477,TRUE
"Autochamber",1.2071145376445,TRUE
"Autochamber",1.00845922423785,TRUE
"Autochamber",1.21561124042991,TRUE
"Autochamber",1.38943923276474,TRUE
"Autochamber",1.01577720480064,TRUE
"Autochamber",1.42813511138053,TRUE
"Autochamber",1.40663300684882,TRUE
"Autochamber",1.51680201616129,TRUE
"Autochamber",1.30927382181277,TRUE
"Autochamber",1.10776432088034,TRUE
"Autochamber",1.16611047986786,TRUE
"Autochamber",1.07603890107162,TRUE
"Autochamber",1.12415304122387,TRUE
"Autochamber",1.01240775000615,TRUE
"Autochamber",1.05040424993521,TRUE
"Autochamber",1.32880132985475,TRUE
"Autochamber",1.08875443049827,TRUE
"Autochamber",1.14314796464148,TRUE
"Autochamber",1.26686570780506,TRUE
"Autochamber",1.28116438627824,TRUE
"Autochamber",1.44594997312563,TRUE
"Autochamber",1,FALSE
"Autochamber",1.17042332611086,TRUE
"Autochamber",1.15635959159323,TRUE
"Autochamber",1,FALSE
"Autochamber",1,FALSE
"Autochamber",1,FALSE
"Autochamber",1.99684565693701,TRUE
"Autochamber",1.8761748706542,TRUE
"Autochamber",1,FALSE
"Autochamber",1,FALSE
"Autochamber",1,FALSE
"Autochamber",1,FALSE
"Autochamber",1,FALSE
"Autochamber",1,FALSE
"Autochamber",1.22063798167123,TRUE
"Autochamber",1.0074255031257,TRUE
"Autochamber",1.49092512969123,TRUE
"Autochamber",1,FALSE
"Autochamber",1,FALSE
"Autochamber",1,FALSE
"Autochamber",1,FALSE
"Autochamber",1,FALSE
"Autochamber",1.34521188184332,TRUE
"Autochamber",1.52144658532992,TRUE
"Autochamber",1,FALSE
"Autochamber",1.88298841492318,TRUE
"Autochamber",1.99693355057895,TRUE
"Autochamber",1.46818379266711,TRUE
"Autochamber",1,FALSE
"Autochamber",1.05538516359693,TRUE
"Autochamber",1.23714387914381,TRUE
"Autochamber",1.1863493670064,TRUE
"Autochamber",1,FALSE
"Autochamber",1.99293530019164,TRUE
"Autochamber",1.18978845807965,TRUE
"Autochamber",1.39113978707785,TRUE
"Autochamber",1,FALSE
"Autochamber",1.13405423303085,TRUE
"Autochamber",1.6816777926815,TRUE
"Autochamber",1.53351916043533,TRUE
"Autochamber",1,FALSE
"Autochamber",1,FALSE
"Autochamber",1,FALSE
"Autochamber",1,FALSE
"Autochamber",1,FALSE
"Autochamber",1,FALSE
"Autochamber",1,FALSE
"Autochamber",1,FALSE
"Autochamber",1.42919256538685,TRUE
"Autochamber",1.75465168823925,TRUE
"Autochamber",1.85823778986252,TRUE
"Autochamber",1,FALSE
"Autochamber",1.68075189724925,TRUE
"Autochamber",1,FALSE
"Autochamber",1,FALSE
"Autochamber",1,FALSE
"Autochamber",1.75884324236045,TRUE
"Autochamber",1.01214969875665,TRUE
"Autochamber",1.45040676957135,TRUE
"Autochamber",1,FALSE
"Autochamber",1.05324097019136,TRUE
"Autochamber",1.27386764501872,TRUE
"Autochamber",1.01151090178239,TRUE
"Autochamber",1.32887495660698,TRUE
"Autochamber",1.24171436181626,TRUE
"Autochamber",1,FALSE
"Autochamber",1.80798330381199,TRUE
"Autochamber",1.60754030388673,TRUE
"Autochamber",1.59280291633288,TRUE
"Autochamber",1,FALSE
"Autochamber",1,FALSE
"Autochamber",1,FALSE
"Autochamber",1,FALSE
"Autochamber",1,FALSE
"Autochamber",1,FALSE
"Autochamber",1.47115051169424,TRUE
"Autochamber",1.904765188117,TRUE
"Autochamber",1,FALSE
"Autochamber",1,FALSE
"Autochamber",1,FALSE
"Autochamber",1.76975142702293,TRUE
"Autochamber",1.54094518361689,TRUE
"Autochamber",1.08240633661887,TRUE
"Autochamber",1.8907035870311,TRUE
"Autochamber",1.29391254988495,TRUE
"Autochamber",1,FALSE
"Autochamber",1.01166471162381,TRUE
"Autochamber",1.19054710378765,TRUE
"Autochamber",1,FALSE
"Autochamber",1.10350783930761,TRUE
"Autochamber",1.11900462322269,TRUE
"Autochamber",1.26060343213988,TRUE
"Autochamber",1.00325268392402,TRUE
"Autochamber",1.34241547275309,TRUE
"Autochamber",1.00485877111284,TRUE
"Autochamber",1,FALSE
"Autochamber",1.17300842938072,TRUE
"Autochamber",1.15171809780336,TRUE
"Autochamber",1.14231258159126,TRUE
"Autochamber",1,FALSE
"Autochamber",1,FALSE
"Autochamber",1,FALSE
"Autochamber",1.01083849104969,TRUE
"Autochamber",1.02454590284623,TRUE
"Autochamber",1,FALSE
"Autochamber",1,FALSE
"Autochamber",1,FALSE
"Autochamber",1,FALSE
"Autochamber",1.01320328565666,TRUE
"Autochamber",1,FALSE
"Autochamber",1.10517148271231,TRUE
"Autochamber",1,FALSE
"Autochamber",1,FALSE
"Autochamber",1.1844727310077,TRUE
"Autochamber",1,FALSE
"Autochamber",1.22229713606455,TRUE
"Autochamber",1.25607003442928,TRUE
"Autochamber",1.17317198460762,TRUE
"Autochamber",1.10128834752078,TRUE
"Autochamber",1.79791479788747,TRUE
"Autochamber",1.51372889480324,TRUE
"Autochamber",1.25981903169726,TRUE
"Autochamber",1.12796429688454,TRUE
"Autochamber",1,FALSE
"Autochamber",1.22704750160332,TRUE
"Autochamber",1,FALSE
"Autochamber",1.37808740804963,TRUE
"Autochamber",1.2521731847509,TRUE
"Autochamber",1.3991753342318,TRUE
"Autochamber",1,FALSE
"Autochamber",1,FALSE
"Autochamber",1.05023324278873,TRUE
"Autochamber",1.8711298953398,TRUE
"Autochamber",1.20516806536839,TRUE
"Autochamber",1,FALSE
"Autochamber",1.10703668969655,TRUE
"Autochamber",1,FALSE
"Autochamber",1.1117538113444,TRUE
"Autochamber",1,FALSE
"Autochamber",1,FALSE
"Autochamber",1,FALSE
"Autochamber",1,FALSE
"Autochamber",1,FALSE
"Autochamber",1,FALSE
"Autochamber",1,FALSE
"Autochamber",1,FALSE
"Autochamber",1,FALSE
"Autochamber",1,FALSE
"Autochamber",1,FALSE
"Autochamber",1,FALSE
"Autochamber",1,FALSE
"Autochamber",1.01544291553427,TRUE
"Autochamber",1.19108393178192,TRUE
"Autochamber",1,FALSE
"Autochamber",1.00730182017792,TRUE
"Autochamber",1,FALSE
"Autochamber",1.02557492497418,TRUE
"Autochamber",1.01317033193832,TRUE
"Autochamber",1,FALSE
"Autochamber",1.00823188498569,TRUE
"Autochamber",1.22148384153927,TRUE
"Autochamber",1.54043674137363,TRUE
"Autochamber",1.19520185770121,TRUE
"Autochamber",1.15654414812474,TRUE
"Autochamber",1,FALSE
"Autochamber",1.87819432687512,TRUE
"Autochamber",1.89117529424352,TRUE
"Autochamber",1,FALSE
"Autochamber",1,FALSE
"Autochamber",1,FALSE
"Autochamber",1.80255367677955,TRUE
"Autochamber",1,FALSE
"Autochamber",1,FALSE
"Autochamber",1,FALSE
"Autochamber",1.01675484858316,TRUE
"Autochamber",1.14210565025463,TRUE
"Autochamber",1,FALSE
"Autochamber",1,FALSE
"Autochamber",1,FALSE
"Autochamber",1.56614379565223,TRUE
"Autochamber",1,FALSE
"Autochamber",1,FALSE
"Autochamber",1,FALSE
"Autochamber",1,FALSE
"Autochamber",1,FALSE
"Autochamber",1,FALSE
"Autochamber",1.06748672966274,TRUE
"Autochamber",1,FALSE
"Autochamber",1.00991576606526,TRUE
"Autochamber",1,FALSE
"Autochamber",1,FALSE
"Autochamber",1,FALSE
"Autochamber",1.0395526405541,TRUE
"Autochamber",1,FALSE
"Autochamber",1,FALSE
"Autochamber",1,FALSE
"Autochamber",1.14350956191359,TRUE
"Autochamber",1.11559781954643,TRUE
"Autochamber",1.17080519062393,TRUE
"Autochamber",1,FALSE
"Autochamber",1,FALSE
"Autochamber",1,FALSE
"Autochamber",1,FALSE
"Autochamber",1,FALSE
"Autochamber",1,FALSE
"Autochamber",1,FALSE
"Autochamber",1,FALSE
"Autochamber",1,FALSE
"Autochamber",1.11171457502121,TRUE
"Autochamber",1,FALSE
"Autochamber",1,FALSE
"Autochamber",1,FALSE
"Autochamber",1,FALSE
"Autochamber",1,FALSE
"Autochamber",1,FALSE
"Autochamber",1,FALSE
"Autochamber",1,FALSE
"Autochamber",1,FALSE
"Autochamber",1,FALSE
"Autochamber",1,FALSE
"Autochamber",1,FALSE
"Autochamber",1,FALSE
"Autochamber",1,FALSE
"Autochamber",1,FALSE
"Autochamber",1,FALSE
"Autochamber",1,FALSE
"Autochamber",1,FALSE
"Autochamber",1,FALSE
"Autochamber",1,FALSE
"Autochamber",1,FALSE
"Autochamber",1,FALSE
"Autochamber",1,FALSE
"Autochamber",1,FALSE
"Autochamber",1,FALSE
"Autochamber",1,FALSE
"Autochamber",1,FALSE
"Autochamber",1,FALSE
"Autochamber",1.01721085044507,TRUE
"Autochamber",1,FALSE
"Autochamber",1,FALSE
"Autochamber",1,FALSE
"Autochamber",1,FALSE
"Autochamber",1,FALSE
"Autochamber",1,FALSE
"Autochamber",1,FALSE
"Autochamber",1,FALSE
"Autochamber",1.10589933003359,TRUE
"Autochamber",1.36488795700468,TRUE
"Autochamber",1.14789458868436,TRUE
"Autochamber",1,FALSE
"Autochamber",1.12398214058175,TRUE
"Autochamber",1.03341404283161,TRUE
"Autochamber",1.01824158825868,TRUE
"Autochamber",1,FALSE
"Autochamber",1.04648704269442,TRUE
"Autochamber",1.30200131888234,TRUE
"Autochamber",1.44593547922182,TRUE
"Autochamber",1.43214043959375,TRUE
"Autochamber",1,FALSE
"Autochamber",1,FALSE
"Autochamber",1,FALSE
"Autochamber",1,FALSE
"Autochamber",1,FALSE
"Autochamber",1,FALSE
"Autochamber",1,FALSE
"Autochamber",1,FALSE
"Autochamber",1,FALSE
"Autochamber",1,FALSE
"Autochamber",1.6899784731885,TRUE
"Autochamber",1.46805205277992,TRUE
"Autochamber",1.10231317251321,TRUE
"Autochamber",1,FALSE
"Autochamber",1,FALSE
"Autochamber",1.31988407453341,TRUE
"Autochamber",1,FALSE
"Autochamber",1.54894763888277,TRUE
"Autochamber",1,FALSE
"Autochamber",1.78007392474368,TRUE
"Autochamber",1.65518298339617,TRUE
"Autochamber",1.38149998155229,TRUE
"Autochamber",1.2412081353194,TRUE
"Autochamber",1.58722881662043,TRUE
"Autochamber",1.3906399264395,TRUE
"Autochamber",1.52874160802123,TRUE
"Autochamber",1,FALSE
"Autochamber",1.70801444147205,TRUE
"Autochamber",1.37080110163757,TRUE
"Autochamber",1,FALSE
"Autochamber",1.62565946589615,TRUE
"Autochamber",1.40016349487144,TRUE
"Autochamber",1.36746524157256,TRUE
"Autochamber",1.40410819448002,TRUE
"Autochamber",1.98611077540652,TRUE
"Autochamber",1.69900525994828,TRUE
"Autochamber",1.88649481406573,TRUE
"Autochamber",1,FALSE
"Autochamber",1.0074871636232,TRUE
"Autochamber",1.18093127346149,TRUE
"Autochamber",1.94510363868756,TRUE
"Autochamber",1.27379360533043,TRUE
"Autochamber",1.57679013675919,TRUE
"Autochamber",1.03477173310745,TRUE
"Autochamber",1.40435765673443,TRUE
"Autochamber",1.73809774102599,TRUE
"Autochamber",1.28413366431395,TRUE
"Autochamber",1.72472969102913,TRUE
"Autochamber",1,FALSE
"Autochamber",1,FALSE
"Autochamber",1.55400886080928,TRUE
"Autochamber",1,FALSE
"Autochamber",1.10549419171882,TRUE
"Autochamber",1.05241397438133,TRUE
"Autochamber",1.36461414995241,TRUE
"Autochamber",1.0097157401503,TRUE
"Autochamber",1.2987177901728,TRUE
"Autochamber",1.21949307811661,TRUE
"Autochamber",1.08795697724651,TRUE
"Autochamber",1.23202339045553,TRUE
"Autochamber",1.16240113994514,TRUE
"Autochamber",1.15709277789723,TRUE
"Autochamber",1.00799260109545,TRUE
"Autochamber",1.01222983109728,TRUE
"Autochamber",1.29652609781414,TRUE
"Autochamber",1.25057312442438,TRUE
"Autochamber",1.00874235067359,TRUE
"Autochamber",1.40790182627636,TRUE
"Autochamber",1.02481386003636,TRUE
"Autochamber",1.00733509664259,TRUE
"Autochamber",1.10436201045463,TRUE
"Autochamber",1.42984366588667,TRUE
"Autochamber",1.00929491967057,TRUE
"Autochamber",1.08496672453413,TRUE
"Autochamber",1.14522269690874,TRUE
"Autochamber",1.16479260535089,TRUE
"Autochamber",1.27540825713698,TRUE
"Autochamber",1.01387000689257,TRUE
"Autochamber",1.15502754529393,TRUE
"Autochamber",1.00709303003291,TRUE
"Autochamber",1.46433655433438,TRUE
"Autochamber",1,FALSE
"Autochamber",1.01575297515398,TRUE
"Autochamber",1.12835519294283,TRUE
"Autochamber",1.27648941504222,TRUE
"Autochamber",1.53987100267353,TRUE
"Autochamber",1.57237896475026,TRUE
"Autochamber",1,FALSE
"Autochamber",1.38899003417587,TRUE
"Autochamber",1,FALSE
"Autochamber",1.36133859559374,TRUE
"Autochamber",1,FALSE
"Autochamber",1,FALSE
"Autochamber",1.42562583283282,TRUE
"Autochamber",1.51136238098807,TRUE
"Autochamber",1.244867463166,TRUE
"Autochamber",1.50960734265719,TRUE
"Autochamber",1.27943268437393,TRUE
"Autochamber",1.16266251952764,TRUE
"Autochamber",1,FALSE
"Autochamber",1.04834234693479,TRUE
"Autochamber",1.12020332605103,TRUE
"Autochamber",1.01254225372873,TRUE
"Autochamber",1.17644008866264,TRUE
"Autochamber",1.06499737088894,TRUE
"Autochamber",1.07625112822262,TRUE
"Autochamber",1.12513283838094,TRUE
"Autochamber",1.35541980913073,TRUE
"Autochamber",1.42356423924808,TRUE
"Autochamber",1.25627173095018,TRUE
"Autochamber",1.25844184898808,TRUE
"Autochamber",1.26923291651818,TRUE
"Autochamber",1.01021254511814,TRUE
"Autochamber",1.36792536986124,TRUE
"Autochamber",1.01569302897529,TRUE
"Autochamber",1.63549751245124,TRUE
"Autochamber",1.01596977931904,TRUE
"Autochamber",1.07711575691327,TRUE
"Autochamber",1.04517924147206,TRUE
"Autochamber",1.01434118314604,TRUE
"Autochamber",1.56558841602745,TRUE
"Autochamber",1.01295256647773,TRUE
"Autochamber",1.32012319754897,TRUE
"Autochamber",1.06301201881344,TRUE
"Autochamber",1.17184724694769,TRUE
"Autochamber",1.11549201162486,TRUE
"Autochamber",1.08265751071403,TRUE
"Autochamber",1.20452745694652,TRUE
"Autochamber",1.85776002900852,TRUE
"Autochamber",1.31657110879449,TRUE
"Autochamber",1.57023802238173,TRUE
"Autochamber",1,FALSE
"Autochamber",1.46847915950205,TRUE
"Autochamber",1,FALSE
"Autochamber",1.6089613445986,TRUE
"Autochamber",1,FALSE
"Autochamber",1,FALSE
"Autochamber",1,FALSE
"Autochamber",1,FALSE
"Autochamber",1,FALSE
"Autochamber",1,FALSE
"Autochamber",1.01125165815658,TRUE
"Autochamber",1.22867765428132,TRUE
"Autochamber",1.63083879062437,TRUE
"Autochamber",1,FALSE
"Autochamber",1,FALSE
"Autochamber",1.01357538788781,TRUE
"Autochamber",1,FALSE
"Autochamber",1.01333339216518,TRUE
"Autochamber",1.01500280595249,TRUE
"Autochamber",1.40694785806428,TRUE
"Autochamber",1.0112549516993,TRUE
"Autochamber",1.0064794725917,TRUE
"Autochamber",1.1755939297397,TRUE
"Autochamber",1.33564044051579,TRUE
"Autochamber",1.00482338084471,TRUE
"Autochamber",1.32684437440711,TRUE
"Autochamber",1.00883243483125,TRUE
"Autochamber",1.14633786312741,TRUE
"Autochamber",1.49678665586919,TRUE
"Autochamber",1.037614967606,TRUE
"Autochamber",1.01301081657386,TRUE
"Autochamber",1.07639438565991,TRUE
"Autochamber",1.0732476820537,TRUE
"Autochamber",1.14315572312508,TRUE
"Autochamber",1.0882102128197,TRUE
"Autochamber",1.0063026915478,TRUE
"Autochamber",1.2303428441175,TRUE
"Autochamber",1.00677494580722,TRUE
"Autochamber",1.14616952796953,TRUE
"Autochamber",1.31730862108817,TRUE
"Autochamber",1.04215201837048,TRUE
"Autochamber",1.01704297959935,TRUE
"Autochamber",1,FALSE
"Autochamber",1,FALSE
"Autochamber",1.01257307046564,TRUE
"Autochamber",1.36154400152359,TRUE
"Autochamber",1.25347716166402,TRUE
"Autochamber",1,FALSE
"Autochamber",1.28328303810932,TRUE
"Autochamber",1.19051094188542,TRUE
"Autochamber",1,FALSE
"Autochamber",1,FALSE
"Autochamber",1,FALSE
"Autochamber",1,FALSE
"Autochamber",1,FALSE
"Autochamber",1,FALSE
"Autochamber",1,FALSE
"Autochamber",1.38207073653603,TRUE
"Autochamber",1.98821851736222,TRUE
"Autochamber",1,FALSE
"Autochamber",1.77844961662902,TRUE
"Autochamber",1.01268737538816,TRUE
"Autochamber",1.50120589032245,TRUE
"Autochamber",1,FALSE
"Autochamber",1,FALSE
"Autochamber",1.42926960970416,TRUE
"Autochamber",1,FALSE
"Autochamber",1,FALSE
"Autochamber",1.20109255219844,TRUE
"Autochamber",1.01204782409215,TRUE
"Autochamber",1.0068441507506,TRUE
"Autochamber",1.01475382507876,TRUE
"Autochamber",1.2551904415261,TRUE
"Autochamber",1.40601331684521,TRUE
"Autochamber",1.00760175381041,TRUE
"Autochamber",1.01002514855576,TRUE
"Autochamber",1.30010058304547,TRUE
"Autochamber",1.01657977594802,TRUE
"Autochamber",1.1712731848617,TRUE
"Autochamber",1,FALSE
"Autochamber",1.02380860276224,TRUE
"Autochamber",1.07961002368906,TRUE
"Autochamber",1.53974714049964,TRUE
"Autochamber",1.11638469523683,TRUE
"Autochamber",1.00910965868638,TRUE
"Autochamber",1.15038621296973,TRUE
"Autochamber",1.27441454949835,TRUE
"Autochamber",1.18149595550647,TRUE
"Autochamber",1.19321902996167,TRUE
"Autochamber",1.18004935150025,TRUE
"Autochamber",1.31957905171501,TRUE
"Autochamber",1.07765617372728,TRUE
"Autochamber",1.47191324352187,TRUE
"Autochamber",1.01114354205521,TRUE
"Autochamber",1,FALSE
"Autochamber",1.68957165062785,TRUE
"Autochamber",1.28596637925452,TRUE
"Autochamber",1.78826690814018,TRUE
"Autochamber",1.71038232143362,TRUE
"Autochamber",1.12007313509234,TRUE
"Autochamber",1.31338660287146,TRUE
"Autochamber",1,FALSE
"Autochamber",1,FALSE
"Autochamber",1,FALSE
"Autochamber",1,FALSE
"Autochamber",1.31101485401126,TRUE
"Autochamber",1.45748222579739,TRUE
"Autochamber",1.14554943887361,TRUE
"Autochamber",1.90003725197367,TRUE
"Autochamber",1.78203344970068,TRUE
"Autochamber",1,FALSE
"Autochamber",1,FALSE
"Autochamber",1,FALSE
"Autochamber",1.1365640028368,TRUE
"Autochamber",1.0122712331227,TRUE
"Autochamber",1.00669880804346,TRUE
"Autochamber",1.26044117502321,TRUE
"Autochamber",1.5203279730341,TRUE
"Autochamber",1.00468692152273,TRUE
"Autochamber",1.69141832767347,TRUE
"Autochamber",1.65765767120078,TRUE
"Autochamber",1.00958400211241,TRUE
"Autochamber",1.07998190600882,TRUE
"Autochamber",1.03147321819599,TRUE
"Autochamber",1.02546154863034,TRUE
"Autochamber",1,FALSE
"Autochamber",1,FALSE
"Autochamber",1.00667760200063,TRUE
"Autochamber",1.0048077055463,TRUE
"Autochamber",1.00718088469133,TRUE
"Autochamber",1.01240886811233,TRUE
"Autochamber",1.16611478268347,TRUE
"Autochamber",1.00889430925676,TRUE
"Autochamber",1.01576684744256,TRUE
"Autochamber",1,FALSE
"Autochamber",1,FALSE
"Autochamber",1,FALSE
"Autochamber",1,FALSE
"Autochamber",1,FALSE
"Autochamber",1.0049065801835,TRUE
"Autochamber",1,FALSE
"Autochamber",1,FALSE
"Autochamber",1,FALSE
"Autochamber",1,FALSE
"Autochamber",1,FALSE
"Autochamber",1,FALSE
"Autochamber",1.14695245702781,TRUE
"Autochamber",1,FALSE
"Autochamber",1,FALSE
"Autochamber",1,FALSE
"Autochamber",1.02363674812708,TRUE
"Autochamber",1,FALSE
"Autochamber",1,FALSE
"Autochamber",1,FALSE
"Autochamber",1,FALSE
"Autochamber",1,FALSE
"Autochamber",1,FALSE
"Autochamber",1,FALSE
"Autochamber",1,FALSE
"Autochamber",1,FALSE
"Autochamber",1,FALSE
"Autochamber",1,FALSE
"Autochamber",1,FALSE
"Autochamber",1,FALSE
"Autochamber",1,FALSE
"Autochamber",1.007682062528,TRUE
"Autochamber",1,FALSE
"Autochamber",1,FALSE
"Autochamber",1,FALSE
"Autochamber",1,FALSE
"Autochamber",1,FALSE
"Autochamber",1,FALSE
"Autochamber",1,FALSE
"Autochamber",1,FALSE
"Autochamber",1,FALSE
"Autochamber",1,FALSE
"Autochamber",1,FALSE
"Autochamber",1,FALSE
"Autochamber",1,FALSE
"Autochamber",1,FALSE
"Autochamber",1,FALSE
"Autochamber",1,FALSE
"Autochamber",1,FALSE
"Autochamber",1,FALSE
"Autochamber",1,FALSE
"Autochamber",1,FALSE
"Autochamber",1,FALSE
"Autochamber",1,FALSE
"Autochamber",1,FALSE
"Autochamber",1,FALSE
"Autochamber",1,FALSE
"Autochamber",1,FALSE
"Autochamber",1,FALSE
"Autochamber",1,FALSE
"Autochamber",1.65392506876176,TRUE
"Autochamber",1.00369344414632,TRUE
"Autochamber",1.01509582318314,TRUE
"Autochamber",1,FALSE
"Autochamber",1,FALSE
"Autochamber",1.70972079443829,TRUE
"Autochamber",1.71572585472474,TRUE
"Autochamber",1.06312556450269,TRUE
"Autochamber",1,FALSE
"Autochamber",1.14305238533368,TRUE
"Autochamber",1.01605582131229,TRUE
"Autochamber",1.02110084871953,TRUE
"Autochamber",1.53016419704256,TRUE
"Autochamber",1.22808192548431,TRUE
"Autochamber",1.02645988795418,TRUE
"Autochamber",1.27627344744956,TRUE
"Autochamber",1.8866661650211,TRUE
"Autochamber",1.78861745935328,TRUE
"Autochamber",1.36504658823473,TRUE
"Autochamber",1,FALSE
"Autochamber",1.52267850242914,TRUE
"Autochamber",1.90636660512941,TRUE
"Autochamber",1.48715908578493,TRUE
"Autochamber",1,FALSE
"Autochamber",1,FALSE
"Autochamber",1,FALSE
"Autochamber",1.84024179713225,TRUE
"Autochamber",1.29791388411063,TRUE
"Autochamber",1.86050850867749,TRUE
"Autochamber",1.5801441795903,TRUE
"Autochamber",1.94366344822117,TRUE
"Autochamber",1,FALSE
"Autochamber",1,FALSE
"Autochamber",1.78067692291253,TRUE
"Autochamber",1.64912454103264,TRUE
"Autochamber",1,FALSE
"Autochamber",1,FALSE
"Autochamber",1.63282406324725,TRUE
"Autochamber",1,FALSE
"Autochamber",1.15391993139866,TRUE
"Autochamber",1.00165999010789,TRUE
"Autochamber",1.08767146436734,TRUE
"Autochamber",1.00579255600033,TRUE
"Autochamber",1.00522191132749,TRUE
"Autochamber",1.34851923134603,TRUE
"Autochamber",1.67215965652763,TRUE
"Autochamber",1.50472987473034,TRUE
"Autochamber",1,FALSE
"Autochamber",1.00379917637192,TRUE
"Autochamber",1,FALSE
"Autochamber",1.36443802271362,TRUE
"Autochamber",1.50541503095707,TRUE
"Autochamber",1,FALSE
"Autochamber",1.01533136152822,TRUE
"Autochamber",1.00843479079355,TRUE
"Autochamber",1.00329414285299,TRUE
"Autochamber",1.20321843567964,TRUE
"Autochamber",1.48885036207148,TRUE
"Autochamber",1.40008995978942,TRUE
"Autochamber",1.48986339780191,TRUE
"Autochamber",1.27718542903358,TRUE
"Autochamber",1.11016881901624,TRUE
"Autochamber",1.11414418677182,TRUE
"Autochamber",1.48519769975714,TRUE
"Autochamber",1.01640669359562,TRUE
"Autochamber",1.01091122483753,TRUE
"Autochamber",1.58191182871779,TRUE
"Autochamber",1.36028651136359,TRUE
"Autochamber",1.09281980171219,TRUE
"Autochamber",1.50885176320999,TRUE
"Autochamber",1.23050494352775,TRUE
"Autochamber",1.20944484260851,TRUE
"Autochamber",1.39479966613749,TRUE
"Autochamber",1.55497235762249,TRUE
"Autochamber",1.04627153728854,TRUE
"Autochamber",1.20874453716127,TRUE
"Autochamber",1.35226816781208,TRUE
"Autochamber",1.00902775287833,TRUE
"Autochamber",1.51816002021891,TRUE
"Autochamber",1.42353147048205,TRUE
"Autochamber",1.21322785456895,TRUE
"Autochamber",1.10181478590717,TRUE
"Autochamber",1.42705883261521,TRUE
"Autochamber",1.17277190654848,TRUE
"Autochamber",1.3341716142469,TRUE
"Autochamber",1.08283608535313,TRUE
"Autochamber",1.59150238770755,TRUE
"Autochamber",1.95015257785741,TRUE
"Autochamber",1,FALSE
"Autochamber",1.87165206060391,TRUE
"Autochamber",1.37209945676997,TRUE
"Autochamber",1.92126417959763,TRUE
"Autochamber",1.72706029409252,TRUE
"Autochamber",1,FALSE
"Autochamber",1.24201078309869,TRUE
"Autochamber",1.83249612546567,TRUE
"Autochamber",1.26176899228188,TRUE
"Autochamber",1.01896953299098,TRUE
"Autochamber",1.90274759797387,TRUE
"Autochamber",1,FALSE
"Autochamber",1,FALSE
"Autochamber",1.02429587329532,TRUE
"Autochamber",1,FALSE
"Autochamber",1.25451247702563,TRUE
"Autochamber",1.19163074571779,TRUE
"Autochamber",1,FALSE
"Autochamber",1.19019542062288,TRUE
"Autochamber",1.05153061626195,TRUE
"Autochamber",1.11070685258409,TRUE
"Autochamber",1.00728811969993,TRUE
"Autochamber",1.35182550781209,TRUE
"Autochamber",1.57822733934655,TRUE
"Autochamber",1.01264234783484,TRUE
"Autochamber",1.01648833787411,TRUE
"Autochamber",1.07498643056045,TRUE
"Autochamber",1.14957516064459,TRUE
"Autochamber",1.41146895392704,TRUE
"Autochamber",1.01950009057573,TRUE
"Autochamber",1.00934834826225,TRUE
"Autochamber",1.00685427791303,TRUE
"Autochamber",1.13700631394216,TRUE
"Autochamber",1.08649071408884,TRUE
"Autochamber",1.1278098485812,TRUE
"Autochamber",1.3417593271801,TRUE
"Autochamber",1.20360949177967,TRUE
"Autochamber",1.01352804845682,TRUE
"Autochamber",1.50092807116712,TRUE
"Autochamber",1.65230279583197,TRUE
"Autochamber",1.00523657032269,TRUE
"Autochamber",1.42728728838702,TRUE
"Autochamber",1.00758149798623,TRUE
"Autochamber",1.00915966432367,TRUE
"Autochamber",1.09259890662613,TRUE
"Autochamber",1.00482770277911,TRUE
"Autochamber",1,FALSE
"Autochamber",1,FALSE
"Autochamber",1.92851194913761,TRUE
"Autochamber",1.0041440032023,TRUE
"Autochamber",1,FALSE
"Autochamber",1.26924288456569,TRUE
"Autochamber",1.00565237397936,TRUE
"Autochamber",1.94783035964326,TRUE
"Autochamber",1,FALSE
"Autochamber",1.23599047023028,TRUE
"Autochamber",1.00066225911249,TRUE
"Autochamber",1,FALSE
"Autochamber",1,FALSE
"Autochamber",1,FALSE
"Autochamber",1,FALSE
"Autochamber",1,FALSE
"Autochamber",1.06090920155763,TRUE
"Autochamber",1,FALSE
"Autochamber",1,FALSE
"Autochamber",1,FALSE
"Autochamber",1,FALSE
"Autochamber",1,FALSE
"Autochamber",1,FALSE
"Autochamber",1,FALSE
"Autochamber",1.0035480730011,TRUE
"Autochamber",1,FALSE
"Autochamber",1,FALSE
"Autochamber",1.00133271205512,TRUE
"Autochamber",1,FALSE
"Autochamber",1,FALSE
"Autochamber",1,FALSE
"Autochamber",1,FALSE
"Autochamber",1,FALSE
"Autochamber",1.00533096651108,TRUE
"Autochamber",1,FALSE
"Autochamber",1.11695242372283,TRUE
"Autochamber",1,FALSE
"Autochamber",1.00600664075857,TRUE
"Autochamber",1.09541737693075,TRUE
"Autochamber",1.00617139926333,TRUE
"Autochamber",1.01622913052555,TRUE
"Autochamber",1,FALSE
"Autochamber",1.00636702064455,TRUE
"Autochamber",1.04369816289055,TRUE
"Autochamber",1.00362188589998,TRUE
"Autochamber",1.00847233017613,TRUE
"Autochamber",1,FALSE
"Autochamber",1.3133287260195,TRUE
"Autochamber",1,FALSE
"Autochamber",1,FALSE
"Autochamber",1,FALSE
"Autochamber",1.81359520694713,TRUE
"Autochamber",1,FALSE
"Autochamber",1,FALSE
"Autochamber",1,FALSE
"Autochamber",1,FALSE
"Autochamber",1,FALSE
"Autochamber",1,FALSE
"Autochamber",1,FALSE
"Autochamber",1.5189859714417,TRUE
"Autochamber",1.50666915403559,TRUE
"Autochamber",1,FALSE
"Autochamber",1.94587378986853,TRUE
"Autochamber",1.22439991042471,TRUE
"Autochamber",0.999861897638883,TRUE
"Autochamber",1,FALSE
"Autochamber",0.99998363399569,TRUE
"Autochamber",1,FALSE
"Autochamber",1,FALSE
"Autochamber",1,FALSE
"Autochamber",1,FALSE
"Autochamber",1,FALSE
"Autochamber",1.28212513950288,TRUE
"Autochamber",1,FALSE
"Autochamber",1,FALSE
"Autochamber",1.77463792837955,TRUE
"Autochamber",1,FALSE
"Autochamber",1,FALSE
"Autochamber",1,FALSE
"Autochamber",1,FALSE
"Autochamber",1.4510208621428,TRUE
"Autochamber",1.23559827155708,TRUE
"Autochamber",1,FALSE
"Autochamber",1,FALSE
"Autochamber",1,FALSE
"Autochamber",1,FALSE
"Autochamber",1.22120573017549,TRUE
"Autochamber",1,FALSE
"Autochamber",1,FALSE
"Autochamber",1,FALSE
"Autochamber",1.00610710870726,TRUE
"Autochamber",1.28122833504042,TRUE
"Autochamber",1.1056035300277,TRUE
"Autochamber",1,FALSE
"Autochamber",1.09826679392841,TRUE
"Autochamber",1,FALSE
"Autochamber",1.39435197274869,TRUE
"Autochamber",1,FALSE
"Autochamber",1,FALSE
"Autochamber",1.22161398246098,TRUE
"Autochamber",1.00426896900707,TRUE
"Autochamber",1.5768669275465,TRUE
"Autochamber",1.1294188723712,TRUE
"Autochamber",1,FALSE
"Autochamber",1.00401567476547,TRUE
"Autochamber",1,FALSE
"Autochamber",1,FALSE
"Autochamber",1.00349042490129,TRUE
"Autochamber",1,FALSE
"Autochamber",1.0122192864494,TRUE
"Autochamber",1.18283086603589,TRUE
"Autochamber",1.00200617635781,TRUE
"Autochamber",1,FALSE
"Autochamber",1.0708363869444,TRUE
"Autochamber",1.00362610053539,TRUE
"Autochamber",1.26345441172506,TRUE
"Autochamber",1.07447252455614,TRUE
"Autochamber",1,FALSE
"Autochamber",1.14837763577755,TRUE
"Autochamber",1,FALSE
"Autochamber",1,FALSE
"Autochamber",1.01159017985433,TRUE
"Autochamber",1.00282751730592,TRUE
"Autochamber",1,FALSE
"Autochamber",1,FALSE
"Autochamber",1.00475701835431,TRUE
"Autochamber",1,FALSE
"Autochamber",1.00548303947559,TRUE
"Autochamber",1,FALSE
"Autochamber",1,FALSE
"Autochamber",1.04030973432368,TRUE
"Autochamber",1.02644394096046,TRUE
"Autochamber",1.00432779162027,TRUE
"Autochamber",1.00447602793878,TRUE
"Autochamber",1.00554141276145,TRUE
"Autochamber",1.02129431975365,TRUE
"Autochamber",1.00863649836457,TRUE
"Autochamber",1.01007446463213,TRUE
"Autochamber",1.05489856839799,TRUE
"Autochamber",1.00433824409145,TRUE
"Autochamber",1.00656646647745,TRUE
"Autochamber",1.00642946017175,TRUE
"Autochamber",1.00395776446438,TRUE
"Autochamber",1.00629385211891,TRUE
"Autochamber",1.11895892347225,TRUE
"Autochamber",1.00399674880648,TRUE
"Autochamber",1.01026424935416,TRUE
"Autochamber",1.01389469293621,TRUE
"Autochamber",1.00875471189212,TRUE
"Autochamber",1.21136436014501,TRUE
"Autochamber",1.00391060704292,TRUE
"Autochamber",1.28158998549111,TRUE
"Autochamber",1.00836208953873,TRUE
"Autochamber",1.02275315146519,TRUE
"Autochamber",1.00923702454476,TRUE
"Autochamber",1.01558213376265,TRUE
"Autochamber",1.18466350024824,TRUE
"Autochamber",1.0042676886983,TRUE
"Autochamber",1,FALSE
"Autochamber",1.00911984470809,TRUE
"Autochamber",1,FALSE
"Autochamber",1.00675743613491,TRUE
"Autochamber",1,FALSE
"Autochamber",1.00759866374622,TRUE
"Autochamber",1.00483921751676,TRUE
"Autochamber",1.1656191641796,TRUE
"Autochamber",1.71580779073774,TRUE
"Autochamber",1.00945040853794,TRUE
"Autochamber",1.00508797420164,TRUE
"Autochamber",1.13795735383059,TRUE
"Autochamber",1.01402111866425,TRUE
"Autochamber",1,FALSE
"Autochamber",1,FALSE
"Autochamber",1.00784545764794,TRUE
"Autochamber",1.08278248643336,TRUE
"Autochamber",1.00803475840693,TRUE
"Autochamber",1.01291471573545,TRUE
"Autochamber",1.19226449524495,TRUE
"Autochamber",1.00554109215564,TRUE
"Autochamber",1.00639207968192,TRUE
"Autochamber",1.27548077014241,TRUE
"Autochamber",1.01262082551146,TRUE
"Autochamber",1.0044640005116,TRUE
"Autochamber",1,FALSE
"Autochamber",1.48534592527517,TRUE
"Autochamber",1.00618441630515,TRUE
"Autochamber",1.11469314626622,TRUE
"Autochamber",1.04148625359261,TRUE
"Autochamber",1.11090565072915,TRUE
"Autochamber",1.01411608922118,TRUE
"Autochamber",1.0085223775166,TRUE
"Autochamber",1.01406578845713,TRUE
"Autochamber",1.01610641364207,TRUE
"Autochamber",1.02530153777716,TRUE
"Autochamber",1.49431264623938,TRUE
"Autochamber",1.00427624903192,TRUE
"Autochamber",1.02711626762034,TRUE
"Autochamber",1.06489766632241,TRUE
"Autochamber",1.00353725795111,TRUE
"Autochamber",1.29113663525436,TRUE
"Autochamber",1.0126396062913,TRUE
"Autochamber",1.01891643276846,TRUE
"Autochamber",1.20689224019512,TRUE
"Autochamber",1.01320989721565,TRUE
"Autochamber",1.08854905629085,TRUE
"Autochamber",1.23118554413992,TRUE
"Autochamber",1.5683833715512,TRUE
"Autochamber",1.35287648831559,TRUE
"Autochamber",1.05251374673723,TRUE
"Autochamber",1.64547172672909,TRUE
"Autochamber",1.17269910013774,TRUE
"Autochamber",1.15728094820288,TRUE
"Autochamber",1.38524977583193,TRUE
"Autochamber",1.00742462649196,TRUE
"Autochamber",1,FALSE
"Autochamber",1.00364254754226,TRUE
"Autochamber",1.00424998472149,TRUE
"Autochamber",1.00188306822157,TRUE
"Autochamber",1,FALSE
"Autochamber",1.00292932389457,TRUE
"Autochamber",1.50372700707201,TRUE
"Autochamber",1.08221323674995,TRUE
"Autochamber",1,FALSE
"Autochamber",1.00784083716273,TRUE
"Autochamber",1,FALSE
"Autochamber",1.38826417605881,TRUE
"Autochamber",1.0054608219207,TRUE
"Autochamber",1.00935404440528,TRUE
"Autochamber",1.02713127958455,TRUE
"Autochamber",1.08373904893329,TRUE
"Autochamber",1.10525706468319,TRUE
"Autochamber",1.03280741496655,TRUE
"Autochamber",1.27107446249929,TRUE
"Autochamber",1.03906914622364,TRUE
"Autochamber",1,FALSE
"Autochamber",1.01863184762909,TRUE
"Autochamber",1.00524105663387,TRUE
"Autochamber",1.11514804723244,TRUE
"Autochamber",1,FALSE
"Autochamber",1,FALSE
"Autochamber",1,FALSE
"Autochamber",1,FALSE
"Autochamber",1,FALSE
"Autochamber",1,FALSE
"Autochamber",1,FALSE
"Autochamber",1,FALSE
"Autochamber",1,FALSE
"Autochamber",1,FALSE
"Autochamber",1,FALSE
"Autochamber",1,FALSE
"Autochamber",1,FALSE
"Autochamber",1,FALSE
"Autochamber",1,FALSE
"Autochamber",1.0042333980467,TRUE
"Autochamber",1.00830345005855,TRUE
"Autochamber",1,FALSE
"Autochamber",1,FALSE
"Autochamber",1,FALSE
"Autochamber",1.01469788874718,TRUE
"Autochamber",1.26436515856344,TRUE
"Autochamber",1.29432935230536,TRUE
"Autochamber",1.20191124302098,TRUE
"Autochamber",1.12648675070865,TRUE
"Autochamber",1.015749894725,TRUE
"Autochamber",1.01320624078194,TRUE
"Autochamber",1.079828097248,TRUE
"Autochamber",1.0169539924521,TRUE
"Autochamber",1.00676607612426,TRUE
"Autochamber",1.78215062635995,TRUE
"Autochamber",1.06056328255927,TRUE
"Autochamber",1,FALSE
"Autochamber",1,FALSE
"Autochamber",1,FALSE
"Autochamber",1,FALSE
"Autochamber",1,FALSE
"Autochamber",1.00637417122293,TRUE
"Autochamber",1.0097670163752,TRUE
"Autochamber",1.00611551939353,TRUE
"Autochamber",1.02715736338764,TRUE
"Autochamber",1.08720569731049,TRUE
"Autochamber",1.0139239546573,TRUE
"Autochamber",1.07932670694832,TRUE
"Autochamber",1.01090181847686,TRUE
"Autochamber",1.01171585773467,TRUE
"Autochamber",1.01530165443391,TRUE
"Autochamber",1.10415596665519,TRUE
"Autochamber",1.01518824129452,TRUE
"Autochamber",1.09791091763366,TRUE
"Autochamber",1.00623050867955,TRUE
"Autochamber",1,FALSE
"Autochamber",1.05810831460968,TRUE
"Autochamber",1.01324775225857,TRUE
"Autochamber",1.01368421212885,TRUE
"Autochamber",1,FALSE
"Autochamber",1.0049215511861,TRUE
"Autochamber",1.0063666487285,TRUE
"Autochamber",1.01086177678016,TRUE
"Autochamber",1.00765853026957,TRUE
"Autochamber",1.03195999148804,TRUE
"Autochamber",1.00389166113084,TRUE
"Autochamber",1,FALSE
"Autochamber",1.00905093586448,TRUE
"Autochamber",1.25775126746413,TRUE
"Autochamber",1.01512087499584,TRUE
"Autochamber",1.26625504050244,TRUE
"Autochamber",1,FALSE
"Autochamber",1.32651565277606,TRUE
"Autochamber",1.31720396307885,TRUE
"Autochamber",1.19872419785769,TRUE
"Autochamber",1.00818388153133,TRUE
"Autochamber",1.00833764240454,TRUE
"Autochamber",1.0464025407747,TRUE
"Autochamber",1.18010427046117,TRUE
"Autochamber",1.01022774594099,TRUE
"Autochamber",1.01572081350285,TRUE
"Autochamber",1.01226606278171,TRUE
"Autochamber",1.53179797390707,TRUE
"Autochamber",1.03699009869471,TRUE
"Autochamber",1.00943125475301,TRUE
"Autochamber",1,FALSE
"Autochamber",1,FALSE
"Autochamber",1,FALSE
"Autochamber",1,FALSE
"Autochamber",1,FALSE
"Autochamber",1,FALSE
"Autochamber",1,FALSE
"Autochamber",1.02646726567335,TRUE
"Autochamber",1,FALSE
"Autochamber",1,FALSE
"Autochamber",1,FALSE
"Autochamber",1,FALSE
"Autochamber",1,FALSE
"Autochamber",1,FALSE
"Autochamber",1,FALSE
"Autochamber",1,FALSE
"Autochamber",1,FALSE
"Autochamber",1,FALSE
"Autochamber",1,FALSE
"Autochamber",1,FALSE
"Autochamber",1,FALSE
"Autochamber",1,FALSE
"Autochamber",1,FALSE
"Autochamber",1,FALSE
"Autochamber",1,FALSE
"Autochamber",1,FALSE
"Autochamber",1,FALSE
"Autochamber",1,FALSE
"Autochamber",1,FALSE
"Autochamber",1,FALSE
"Autochamber",1,FALSE
"Autochamber",1,FALSE
"Autochamber",1,FALSE
"Autochamber",1,FALSE
"Autochamber",1,FALSE
"Autochamber",1.34898049646641,TRUE
"Autochamber",1.76664542371537,TRUE
"Autochamber",1.25383304534157,TRUE
"Autochamber",1.04532590593306,TRUE
"Autochamber",1.01546229408905,TRUE
"Autochamber",1,FALSE
"Autochamber",1,FALSE
"Autochamber",1.00958280173062,TRUE
"Autochamber",1.00831005856711,TRUE
"Autochamber",1,FALSE
"Autochamber",1.30020395582928,TRUE
"Autochamber",1.20677274869491,TRUE
"Autochamber",1.01296779897668,TRUE
"Autochamber",1.01511578511728,TRUE
"Autochamber",1,FALSE
"Autochamber",1,FALSE
"Autochamber",1.13084180648888,TRUE
"Autochamber",1,FALSE
"Autochamber",1,FALSE
"Autochamber",1,FALSE
"Autochamber",1,FALSE
"Autochamber",1,FALSE
"Autochamber",1,FALSE
"Autochamber",1,FALSE
"Autochamber",1.00465448658896,TRUE
"Autochamber",1,FALSE
"Autochamber",1,FALSE
"Autochamber",1,FALSE
"Autochamber",1,FALSE
"Autochamber",1,FALSE
"Autochamber",1,FALSE
"Autochamber",1,FALSE
"Autochamber",1,FALSE
"Autochamber",1,FALSE
"Autochamber",1,FALSE
"Autochamber",1,FALSE
"Autochamber",1,FALSE
"Autochamber",1,FALSE
"Autochamber",1,FALSE
"Autochamber",1.01212772764786,TRUE
"Autochamber",1,FALSE
"Autochamber",1.00749336127814,TRUE
"Autochamber",1.17507032318504,TRUE
"Autochamber",1,FALSE
"Autochamber",1,FALSE
"Autochamber",1,FALSE
"Autochamber",1.01393810582109,TRUE
"Autochamber",1,FALSE
"Autochamber",1,FALSE
"Autochamber",1.03111285700406,TRUE
"Autochamber",1,FALSE
"Autochamber",1.00837153639639,TRUE
"Autochamber",1.23690663023649,TRUE
"Autochamber",1.25617403501611,TRUE
"Autochamber",1.19664371411891,TRUE
"Autochamber",1.09658780271927,TRUE
"Autochamber",1.02409966257616,TRUE
"Autochamber",1.106570821628,TRUE
"Autochamber",1.12677232024116,TRUE
"Autochamber",1,FALSE
"Autochamber",1,FALSE
"Autochamber",1,FALSE
"Autochamber",1,FALSE
"Autochamber",1,FALSE
"Autochamber",1,FALSE
"Autochamber",1,FALSE
"Autochamber",1.00457970745245,TRUE
"Autochamber",1.00537205715564,TRUE
"Autochamber",1,FALSE
"Autochamber",1,FALSE
"Autochamber",1,FALSE
"Autochamber",1,FALSE
"Autochamber",1,FALSE
"Autochamber",1,FALSE
"Autochamber",1,FALSE
"Autochamber",1.00500029645963,TRUE
"Autochamber",1,FALSE
"Autochamber",1,FALSE
"Autochamber",1,FALSE
"Autochamber",1.00659127419652,TRUE
"Autochamber",1,FALSE
"Autochamber",1,FALSE
"Autochamber",1.00539005060706,TRUE
"Autochamber",1.0120776067224,TRUE
"Autochamber",1,FALSE
"Autochamber",1.04941917019254,TRUE
"Autochamber",1.022745066672,TRUE
"Autochamber",1.01221542149993,TRUE
"Autochamber",1,FALSE
"Autochamber",1,FALSE
"Autochamber",1,FALSE
"Autochamber",1,FALSE
"Autochamber",1,FALSE
"Autochamber",1,FALSE
"Autochamber",1,FALSE
"Autochamber",1,FALSE
"Autochamber",1,FALSE
"Autochamber",1,FALSE
"Autochamber",1,FALSE
"Autochamber",1,FALSE
"Autochamber",1,FALSE
"Autochamber",1,FALSE
"Autochamber",1,FALSE
"Autochamber",1,FALSE
"Autochamber",1,FALSE
"Autochamber",1,FALSE
"Autochamber",1,FALSE
"Autochamber",1,FALSE
"Autochamber",1,FALSE
"Autochamber",1,FALSE
"Autochamber",1,FALSE
"Autochamber",1,FALSE
"Autochamber",1,FALSE
"Autochamber",1,FALSE
"Autochamber",1,FALSE
"Autochamber",1,FALSE
"Autochamber",1,FALSE
"Autochamber",1,FALSE
"Autochamber",1,FALSE
"Autochamber",1,FALSE
"Autochamber",1,FALSE
"Autochamber",1,FALSE
"Autochamber",1,FALSE
"Autochamber",1,FALSE
"Autochamber",1,FALSE
"Autochamber",1,FALSE
"Autochamber",1,FALSE
"Autochamber",1,FALSE
"Autochamber",1,FALSE
"Autochamber",1,FALSE
"Autochamber",1,FALSE
"Autochamber",1,FALSE
"Autochamber",1,FALSE
"Autochamber",1,FALSE
"Autochamber",1,FALSE
"Autochamber",1,FALSE
"Autochamber",1,FALSE
"Autochamber",1,FALSE
"Autochamber",1,FALSE
"Autochamber",1,FALSE
"Autochamber",1,FALSE
"Autochamber",1,FALSE
"Autochamber",1,FALSE
"Autochamber",1,FALSE
"Autochamber",1,FALSE
"Autochamber",1,FALSE
"Autochamber",1,FALSE
"Autochamber",1,FALSE
"Autochamber",1,FALSE
"Autochamber",1,FALSE
"Autochamber",1,FALSE
"Autochamber",1,FALSE
"Autochamber",1.01118060737355,TRUE
"Autochamber",1.85061238902239,TRUE
"Autochamber",1.35289684351566,TRUE
"Autochamber",1.06033609568569,TRUE
"Autochamber",1.23434303004404,TRUE
"Autochamber",1.4524760515803,TRUE
"Autochamber",1,FALSE
"Autochamber",1.06887554797824,TRUE
"Autochamber",1.11671792010149,TRUE
"Autochamber",1.01426510317571,TRUE
"Autochamber",1.15855804813767,TRUE
"Autochamber",1.03341456280835,TRUE
"Autochamber",1.04927658539983,TRUE
"Autochamber",1.14668444411143,TRUE
"Autochamber",1.11137773286743,TRUE
"Autochamber",1.05933844763593,TRUE
"Autochamber",1.14397726543621,TRUE
"Autochamber",1.1141116410945,TRUE
"Autochamber",1.08184018712341,TRUE
"Autochamber",1.0369083324995,TRUE
"Autochamber",1.31933199280883,TRUE
"Autochamber",1.23244643289289,TRUE
"Autochamber",1.28809220758781,TRUE
"Autochamber",1.2931221952438,TRUE
"Autochamber",1.21855051788572,TRUE
"Autochamber",1.24558135181639,TRUE
"Autochamber",1.12702294893497,TRUE
"Autochamber",1.21581312218363,TRUE
"Autochamber",1.06770451179877,TRUE
"Autochamber",1.03865573374934,TRUE
"Autochamber",1.87786031693613,TRUE
"Autochamber",1.14524734509234,TRUE
"Autochamber",1.01224363352313,TRUE
"Autochamber",1.12361670964942,TRUE
"Autochamber",1.33906417125835,TRUE
"Autochamber",1.52206699819238,TRUE
"Autochamber",1.05096750323643,TRUE
"Autochamber",1.00960157482333,TRUE
"Autochamber",1.32078840063765,TRUE
"Autochamber",1.37816575638355,TRUE
"Autochamber",1.01017427088994,TRUE
"Autochamber",1.1045664307618,TRUE
"Autochamber",1.37317508334342,TRUE
"Autochamber",1.01923987066032,TRUE
"Autochamber",1.23352010278678,TRUE
"Autochamber",1,FALSE
"Autochamber",1.00536185801685,TRUE
"Autochamber",1.06272418136538,TRUE
"Autochamber",1.00901044151441,TRUE
"Autochamber",1.01505110235694,TRUE
"Autochamber",1.1992105495183,TRUE
"Autochamber",1.03495228371915,TRUE
"Autochamber",1.06643510828296,TRUE
"Autochamber",1.18169688794201,TRUE
"Autochamber",1.03732080233459,TRUE
"Autochamber",1.21901916563094,TRUE
"Autochamber",1.0748920648179,TRUE
"Autochamber",1.01553703517283,TRUE
"Autochamber",1.01269576107484,TRUE
"Autochamber",1.0571856242854,TRUE
"Autochamber",1.01845652896129,TRUE
"Autochamber",1.27338242321513,TRUE
"Autochamber",1.13983917376387,TRUE
"Autochamber",1.18601816998082,TRUE
"Autochamber",1.11527018099173,TRUE
"Autochamber",1.04038603226906,TRUE
"Autochamber",1.08050651017797,TRUE
"Autochamber",1.10068085732628,TRUE
"Autochamber",1.08195074128653,TRUE
"Autochamber",1.00995867372231,TRUE
"Autochamber",1.09493780796783,TRUE
"Autochamber",1.21413047333847,TRUE
"Autochamber",1.00711232756689,TRUE
"Autochamber",1.18511456954373,TRUE
"Autochamber",1.0149484993344,TRUE
"Autochamber",1.01512673842762,TRUE
"Autochamber",1.1685944932817,TRUE
"Autochamber",1.237965856985,TRUE
"Autochamber",1.16079317928535,TRUE
"Autochamber",1.10846780105385,TRUE
"Autochamber",1.06843429920267,TRUE
"Autochamber",1.0113359596788,TRUE
"Autochamber",1.18234021251208,TRUE
"Autochamber",1.00719018833576,TRUE
"Autochamber",1.00847161926516,TRUE
"Autochamber",1.00670109563325,TRUE
"Autochamber",1.01054437027935,TRUE
"Autochamber",1.13440640840979,TRUE
"Autochamber",1.00559738112472,TRUE
"Autochamber",1.00674449974756,TRUE
"Autochamber",1,FALSE
"Autochamber",1,FALSE
"Autochamber",1.00432647478668,TRUE
"Autochamber",1.00355841448318,TRUE
"Autochamber",1.00778963198813,TRUE
"Autochamber",1.01564545917684,TRUE
"Autochamber",1.0257410493561,TRUE
"Autochamber",1.00915773161376,TRUE
"Autochamber",1.01663657465761,TRUE
"Autochamber",1,FALSE
"Autochamber",1.01480367566194,TRUE
"Autochamber",1.22111594118775,TRUE
"Autochamber",1.41883492890168,TRUE
"Autochamber",1.01057643353689,TRUE
"Autochamber",1.07349962115463,TRUE
"Autochamber",1.00816447852691,TRUE
"Autochamber",1.01131532678394,TRUE
"Autochamber",1.01284864205718,TRUE
"Autochamber",1.15787934029358,TRUE
"Autochamber",1.0585441070523,TRUE
"Autochamber",1.01555872399481,TRUE
"Autochamber",1.17794473452424,TRUE
"Autochamber",1.11264120889175,TRUE
"Autochamber",1.07633693440801,TRUE
"Autochamber",1.0462832777583,TRUE
"Autochamber",1.13954306402758,TRUE
"Autochamber",1.01924286917228,TRUE
"Autochamber",1.34036335339239,TRUE
"Autochamber",1.17416274470241,TRUE
"Autochamber",1.00882921138475,TRUE
"Autochamber",1.01184234676146,TRUE
"Autochamber",1.01583533103201,TRUE
"Autochamber",1.0100635806374,TRUE
"Autochamber",1.00816406137224,TRUE
"Autochamber",1.00808876399709,TRUE
"Autochamber",1.14249959589683,TRUE
"Autochamber",1.01175714146474,TRUE
"Autochamber",1.00992307422585,TRUE
"Autochamber",1.02930908525684,TRUE
"Autochamber",1.00563229547094,TRUE
"Autochamber",1.15035192650588,TRUE
"Autochamber",1.02764339695709,TRUE
"Autochamber",1.03593738508389,TRUE
"Autochamber",1.23434394828294,TRUE
"Autochamber",1.00718360577896,TRUE
"Autochamber",1.29455396616687,TRUE
"Autochamber",1.06273357251078,TRUE
"Autochamber",1,FALSE
"Autochamber",1.02828483492616,TRUE
"Autochamber",1.00408603208872,TRUE
"Autochamber",1.00396922568692,TRUE
"Autochamber",1.00340525001502,TRUE
"Autochamber",1.00563814876285,TRUE
"Autochamber",1,FALSE
"Autochamber",1.05497814740617,TRUE
"Autochamber",1.01268094503526,TRUE
"Autochamber",1.09810268692678,TRUE
"Autochamber",1.01430240567693,TRUE
"Autochamber",1.07637516715223,TRUE
"Autochamber",1.12100023912999,TRUE
"Autochamber",1.06763597460516,TRUE
"Autochamber",1.0151541600117,TRUE
"Autochamber",1.18958784423395,TRUE
"Autochamber",1.10736221713084,TRUE
"Autochamber",1.18258789879473,TRUE
"Autochamber",1.1221562651539,TRUE
"Autochamber",1.0457553959418,TRUE
"Autochamber",1.2058105934699,TRUE
"Autochamber",1.03320780949102,TRUE
"Autochamber",1.01719468299723,TRUE
"Autochamber",1.0571525869776,TRUE
"Autochamber",1.03517659133618,TRUE
"Autochamber",1.05145958048746,TRUE
"Autochamber",1.45812742894359,TRUE
"Autochamber",1.02694341970978,TRUE
"Autochamber",1.00952720618936,TRUE
"Autochamber",1.12139392689716,TRUE
"Autochamber",1.01080527044127,TRUE
"Autochamber",1.27312513236279,TRUE
"Autochamber",1.17552161976599,TRUE
"Autochamber",1.00969243482527,TRUE
"Autochamber",1.29456890584376,TRUE
"Autochamber",1.12676043178243,TRUE
"Autochamber",1.45138056375518,TRUE
"Autochamber",1.29874341734219,TRUE
"Autochamber",1.49236267431948,TRUE
"Autochamber",1.21098491460461,TRUE
"Autochamber",1.04426163516394,TRUE
"Autochamber",1.02020912712342,TRUE
"Autochamber",1.06623726687467,TRUE
"Autochamber",1.12352823230722,TRUE
"Autochamber",1.01607086137699,TRUE
"Autochamber",1.01229263326774,TRUE
"Autochamber",1.00636613786253,TRUE
"Autochamber",1.12283583694428,TRUE
"Autochamber",1,FALSE
"Autochamber",1.03413108396261,TRUE
"Autochamber",1.01085525278456,TRUE
"Autochamber",1,FALSE
"Autochamber",1.16451414090263,TRUE
"Autochamber",1.08907122514857,TRUE
"Autochamber",1.23291083447876,TRUE
"Autochamber",1,FALSE
"Autochamber",1,FALSE
"Autochamber",1.00893040082121,TRUE
"Autochamber",1.19731453815889,TRUE
"Autochamber",1.04731771243914,TRUE
"Autochamber",1.03951421118506,TRUE
"Autochamber",1.02116661148484,TRUE
"Autochamber",1.01663683857602,TRUE
"Autochamber",1.11505867463078,TRUE
"Autochamber",1.04014380371825,TRUE
"Autochamber",1.06566930417036,TRUE
"Autochamber",1.15154492979666,TRUE
"Autochamber",1.02624082518323,TRUE
"Autochamber",1.11446168811625,TRUE
"Autochamber",1.08265473727751,TRUE
"Autochamber",1.42386555850709,TRUE
"Autochamber",1.0220418539441,TRUE
"Autochamber",1.13280456967953,TRUE
"Autochamber",1.13420645741669,TRUE
"Autochamber",1.00883729899563,TRUE
"Autochamber",1.01369772479677,TRUE
"Autochamber",1.00902026074841,TRUE
"Autochamber",1.03072313542885,TRUE
"Autochamber",1.01534350936073,TRUE
"Autochamber",1.00614504469582,TRUE
"Autochamber",1.1929938444458,TRUE
"Autochamber",1.32113987588089,TRUE
"Autochamber",1.40361798138793,TRUE
"Autochamber",1.26016623278889,TRUE
"Autochamber",1.41704548833879,TRUE
"Autochamber",1.23177558392781,TRUE
"Autochamber",1.17948476299769,TRUE
"Autochamber",1.08959231986973,TRUE
"Autochamber",1.03768662876563,TRUE
"Autochamber",1.01218741434275,TRUE
"Autochamber",1,FALSE
"Autochamber",1.00682801799114,TRUE
"Autochamber",1.00677052485455,TRUE
"Autochamber",1.00762138324607,TRUE
"Autochamber",1.03462455424511,TRUE
"Autochamber",1.00704947592296,TRUE
"Autochamber",1.02397465904124,TRUE
"Autochamber",1.00609006094308,TRUE
"Autochamber",1.25471127785271,TRUE
"Autochamber",1.00533242157459,TRUE
"Autochamber",1.00364601147406,TRUE
"Autochamber",1,FALSE
"Autochamber",1.00433068804214,TRUE
"Autochamber",1.0055548582786,TRUE
"Autochamber",1.00517568716555,TRUE
"Autochamber",1,FALSE
"Autochamber",1.00464311866199,TRUE
"Autochamber",1.00420382125805,TRUE
"Autochamber",1.00539680608125,TRUE
"Autochamber",1.00989567609751,TRUE
"Autochamber",1.05939008253678,TRUE
"Autochamber",1.0061569134991,TRUE
"Autochamber",1.0181490835035,TRUE
"Autochamber",1.00526746636198,TRUE
"Autochamber",1.0043205316665,TRUE
"Autochamber",1.01094659086807,TRUE
"Autochamber",1.00559989003228,TRUE
"Autochamber",1.00804908664495,TRUE
"Autochamber",1.00467548877601,TRUE
"Autochamber",1.00341242092658,TRUE
"Autochamber",1.00349151442988,TRUE
"Autochamber",1,FALSE
"Autochamber",1.00531136656624,TRUE
"Autochamber",1.07330413017113,TRUE
"Autochamber",1.01132264738016,TRUE
"Autochamber",1.00442103128908,TRUE
"Autochamber",1,FALSE
"Autochamber",1.00416096471968,TRUE
"Autochamber",1,FALSE
"Autochamber",1.004902302721,TRUE
"Autochamber",1,FALSE
"Autochamber",1,FALSE
"Autochamber",1,FALSE
"Autochamber",1.00500333397845,TRUE
"Autochamber",1.00595572794633,TRUE
"Autochamber",1,FALSE
"Autochamber",1,FALSE
"Autochamber",1.00411925785808,TRUE
"Autochamber",1,FALSE
"Autochamber",1,FALSE
"Autochamber",1,FALSE
"Autochamber",1,FALSE
"Autochamber",1,FALSE
"Autochamber",1,FALSE
"Autochamber",1,FALSE
"Autochamber",1,FALSE
"Autochamber",1,FALSE
"Autochamber",1,FALSE
"Autochamber",1,FALSE
"Autochamber",1,FALSE
"Autochamber",1,FALSE
"Autochamber",1,FALSE
"Autochamber",1,FALSE
"Autochamber",1,FALSE
"Autochamber",1,FALSE
"Autochamber",1,FALSE
"Autochamber",1,FALSE
"Autochamber",1,FALSE
"Autochamber",1,FALSE
"Autochamber",1,FALSE
"Autochamber",1,FALSE
"Autochamber",1,FALSE
"Autochamber",1,FALSE
"Autochamber",1,FALSE
"Autochamber",1,FALSE
"Autochamber",1,FALSE
"Autochamber",1,FALSE
"Autochamber",1.00440195682294,TRUE
"Autochamber",1,FALSE
"Autochamber",1,FALSE
"Autochamber",1,FALSE
"Autochamber",1,FALSE
"Autochamber",1,FALSE
"Autochamber",1,FALSE
"Autochamber",1,FALSE
"Autochamber",1,FALSE
"Autochamber",1,FALSE
"Autochamber",1,FALSE
"Autochamber",1.00528753611676,TRUE
"Autochamber",1,FALSE
"Autochamber",1,FALSE
"Autochamber",1.0064758640427,TRUE
"Autochamber",1,FALSE
"Autochamber",1.01580010834845,TRUE
"Autochamber",1,FALSE
"Autochamber",1.01044106520458,TRUE
"Autochamber",1,FALSE
"Autochamber",1,FALSE
"Autochamber",1.00622780235314,TRUE
"Autochamber",1.01185722386895,TRUE
"Autochamber",1,FALSE
"Autochamber",1.27525193625861,TRUE
"Autochamber",1.22914264645264,TRUE
"Autochamber",1.00661312786295,TRUE
"Autochamber",1.0683312686975,TRUE
"Autochamber",1.11215330880053,TRUE
"Autochamber",1.05534645731259,TRUE
"Autochamber",1.18248414278961,TRUE
"Autochamber",1.35531894767524,TRUE
"Autochamber",1.37507865749157,TRUE
"Autochamber",1,FALSE
"Autochamber",1.05530026216521,TRUE
"Autochamber",1.01572349255225,TRUE
"Autochamber",1.25672107020614,TRUE
"Autochamber",1,FALSE
"Autochamber",1.00924391082783,TRUE
"Autochamber",1.00979068377297,TRUE
"Autochamber",1,FALSE
"Autochamber",1.72109943272208,TRUE
"Autochamber",1.62738246888402,TRUE
"Autochamber",1.62987405145158,TRUE
"Autochamber",1.54215740158446,TRUE
"Autochamber",1.72077091566103,TRUE
"Autochamber",1.8443241709386,TRUE
"Autochamber",1.58058522506667,TRUE
"Autochamber",1,FALSE
"Autochamber",1,FALSE
"Autochamber",1,FALSE
"Autochamber",1,FALSE
"Autochamber",1.96846134355061,TRUE
"Autochamber",1.52491536636399,TRUE
"Autochamber",1.34392820742175,TRUE
"Autochamber",1.39678542667484,TRUE
"Autochamber",1.28055110023731,TRUE
"Autochamber",1.48326046723256,TRUE
"Autochamber",1.38052506475837,TRUE
"Autochamber",1,FALSE
"Autochamber",1.25801952221968,TRUE
"Autochamber",1.53349631845923,TRUE
"Autochamber",1.43552945459125,TRUE
"Autochamber",1.11963194547899,TRUE
"Autochamber",1.36636421055244,TRUE
"Autochamber",1.13315031949149,TRUE
"Autochamber",1.44034768388486,TRUE
"Autochamber",1.2155190117542,TRUE
"Autochamber",1.58816620778377,TRUE
"Autochamber",1.62637265447617,TRUE
"Autochamber",1.39956876832101,TRUE
"Autochamber",1.38412452194643,TRUE
"Autochamber",1.44367610357729,TRUE
"Autochamber",1.30221812985871,TRUE
"Autochamber",1.20979340874864,TRUE
"Autochamber",1.29128044472044,TRUE
"Autochamber",1.0169129976377,TRUE
"Autochamber",1.34773667260772,TRUE
"Autochamber",1.02700224597838,TRUE
"Autochamber",1.0402492449893,TRUE
"Autochamber",1.12244777175587,TRUE
"Autochamber",1.35761182487541,TRUE
"Autochamber",1.31928798018453,TRUE
"Autochamber",1.18103645019154,TRUE
"Autochamber",1.12654509336167,TRUE
"Autochamber",1.02689096091491,TRUE
"Autochamber",1.01004135388807,TRUE
"Autochamber",1.00509848074174,TRUE
"Autochamber",1.01149316399597,TRUE
"Autochamber",1.01586070673772,TRUE
"Autochamber",1.09970496111638,TRUE
"Autochamber",1.10083514431758,TRUE
"Autochamber",1.05489094116904,TRUE
"Autochamber",1.08442948651758,TRUE
"Autochamber",1.12866276313274,TRUE
"Autochamber",1.11544093365866,TRUE
"Autochamber",1.01348485158845,TRUE
"Autochamber",1.01121656323283,TRUE
"Autochamber",1.01511673883878,TRUE
"Autochamber",1.01053347702369,TRUE
"Autochamber",1.01125835012593,TRUE
"Autochamber",1.01638479814548,TRUE
"Autochamber",1.0079022379396,TRUE
"Autochamber",1.05681967781496,TRUE
"Autochamber",1.06443259952439,TRUE
"Autochamber",1.0351567944404,TRUE
"Autochamber",1.00531578848168,TRUE
"Autochamber",1.04879763484977,TRUE
"Autochamber",1.00575696166417,TRUE
"Autochamber",1.09602577640462,TRUE
"Autochamber",1.01338004897414,TRUE
"Autochamber",1.00832348733704,TRUE
"Autochamber",1.01607570422029,TRUE
"Autochamber",1.01589084039424,TRUE
"Autochamber",1.00757014577648,TRUE
"Autochamber",1.05819332610483,TRUE
"Autochamber",1.01109377372051,TRUE
"Autochamber",1.00976888366431,TRUE
"Autochamber",1,FALSE
"Autochamber",1.01178825211138,TRUE
"Autochamber",1.00746594447732,TRUE
"Autochamber",1.00595440144477,TRUE
"Autochamber",1.16461130895465,TRUE
"Autochamber",1.00271861591339,TRUE
"Autochamber",1.00296886065951,TRUE
"Autochamber",1.00389518850169,TRUE
"Autochamber",1.0063027781505,TRUE
"Autochamber",1.16988692760541,TRUE
"Autochamber",1.17018149530961,TRUE
"Autochamber",1.05372171282191,TRUE
"Autochamber",1.13671366414214,TRUE
"Autochamber",1.07427282292123,TRUE
"Autochamber",1.13418710050155,TRUE
"Autochamber",1.20262959572158,TRUE
"Autochamber",1.17055218873198,TRUE
"Autochamber",1.09204766863584,TRUE
"Autochamber",1.03498400445453,TRUE
"Autochamber",1.01154641255348,TRUE
"Autochamber",1.01005336904233,TRUE
"Autochamber",1.11668366598035,TRUE
"Autochamber",1.01442587969338,TRUE
"Autochamber",1.06053979860827,TRUE
"Autochamber",1.00725859098752,TRUE
"Autochamber",1.00839930830965,TRUE
"Autochamber",1.02158246354372,TRUE
"Autochamber",1.01128956236333,TRUE
"Autochamber",1.0145983836113,TRUE
"Autochamber",1.01329169858541,TRUE
"Autochamber",1.05876677850886,TRUE
"Autochamber",1.01689455503375,TRUE
"Autochamber",1.01448412894891,TRUE
"Autochamber",1.00806705418497,TRUE
"Autochamber",1.01376908513786,TRUE
"Autochamber",1.00891695578616,TRUE
"Autochamber",1.00891085138479,TRUE
"Autochamber",1.03545124091129,TRUE
"Autochamber",1.27216296975744,TRUE
"Autochamber",1.12127545861785,TRUE
"Autochamber",1.00542026497902,TRUE
"Autochamber",1.26075181082388,TRUE
"Autochamber",1.08851366737783,TRUE
"Autochamber",1.0292515939192,TRUE
"Autochamber",1.00467616228908,TRUE
"Autochamber",1.01638099598303,TRUE
"Autochamber",1.21453663947718,TRUE
"Autochamber",1.03741901886958,TRUE
"Autochamber",1.0419593978699,TRUE
"Autochamber",1.00709551675716,TRUE
"Autochamber",1.01098647374948,TRUE
"Autochamber",1.0031374339797,TRUE
"Autochamber",1.06507666210118,TRUE
"Autochamber",1,FALSE
"Autochamber",1.39110138834209,TRUE
"Autochamber",1.00637156663102,TRUE
"Autochamber",1.01474337330985,TRUE
"Autochamber",1.00446348562235,TRUE
"Autochamber",1.0040186781499,TRUE
"Autochamber",1,FALSE
"Autochamber",1,FALSE
"Autochamber",1,FALSE
"Autochamber",1,FALSE
"Autochamber",1,FALSE
"Autochamber",1,FALSE
"Autochamber",1,FALSE
"Autochamber",1,FALSE
"Autochamber",1,FALSE
"Autochamber",1,FALSE
"Autochamber",1,FALSE
"Autochamber",1,FALSE
"Autochamber",1,FALSE
"Autochamber",1,FALSE
"Autochamber",1,FALSE
"Autochamber",1,FALSE
"Autochamber",1,FALSE
"Autochamber",1,FALSE
"Autochamber",1,FALSE
"Autochamber",1,FALSE
"Autochamber",1,FALSE
"Autochamber",1,FALSE
"Autochamber",1,FALSE
"Autochamber",1.00629252817915,TRUE
"Autochamber",1.00350260829615,TRUE
"Autochamber",1.01215228350601,TRUE
"Autochamber",1.4987597978539,TRUE
"Autochamber",1.14379187487326,TRUE
"Autochamber",1.16612061191036,TRUE
"Autochamber",1.07063328116745,TRUE
"Autochamber",1.19567427160258,TRUE
"Autochamber",1.00522674378338,TRUE
"Autochamber",1.01395147065826,TRUE
"Autochamber",1.12454276168545,TRUE
"Autochamber",1.08263630231827,TRUE
"Autochamber",1.04504733951359,TRUE
"Autochamber",1.01195223722241,TRUE
"Autochamber",1.01129891660118,TRUE
"Autochamber",1,FALSE
"Autochamber",1.0088271812932,TRUE
"Autochamber",1.00910976435202,TRUE
"Autochamber",1.00610776843498,TRUE
"Autochamber",1,FALSE
"Autochamber",1.00863934748489,TRUE
"Autochamber",1.14183566171522,TRUE
"Autochamber",1.01618958285791,TRUE
"Autochamber",1.01172247178226,TRUE
"Autochamber",1.15307492003736,TRUE
"Autochamber",1.07412469891321,TRUE
"Autochamber",1.15171351981315,TRUE
"Autochamber",1.0144986233326,TRUE
"Autochamber",1.04913968120463,TRUE
"Autochamber",1,FALSE
"Autochamber",1.00798261733932,TRUE
"Autochamber",1.01502125545352,TRUE
"Autochamber",1.14843245645734,TRUE
"Autochamber",1.00653477741077,TRUE
"Autochamber",1.00444165598137,TRUE
"Autochamber",1.00769331218614,TRUE
"Autochamber",1.12801679206226,TRUE
"Autochamber",1.6737672318691,TRUE
"Autochamber",1.00878720489172,TRUE
"Autochamber",1.15141545415463,TRUE
"Autochamber",1.13527789006149,TRUE
"Autochamber",1,FALSE
"Autochamber",1.40276442890276,TRUE
"Autochamber",1.0939970999099,TRUE
"Autochamber",1.15694307545621,TRUE
"Autochamber",1.29307483774113,TRUE
"Autochamber",1.0751166484665,TRUE
"Autochamber",1.00922308198998,TRUE
"Autochamber",1.00448177910469,TRUE
"Autochamber",1.00576295291384,TRUE
"Autochamber",1.13633638641421,TRUE
"Autochamber",1.0376174057201,TRUE
"Autochamber",1.00549860195151,TRUE
"Autochamber",1.04823690705651,TRUE
"Autochamber",1.01110942520486,TRUE
"Autochamber",1.0048200453629,TRUE
"Autochamber",1.00170917360919,TRUE
"Autochamber",1,FALSE
"Autochamber",1,FALSE
"Autochamber",1.00389347753206,TRUE
"Autochamber",1,FALSE
"Autochamber",1,FALSE
"Autochamber",1.0106378762888,TRUE
"Autochamber",1.12790713698168,TRUE
"Autochamber",1,FALSE
"Autochamber",1,FALSE
"Autochamber",1,FALSE
"Autochamber",1.00808674350964,TRUE
"Autochamber",1.0317601098003,TRUE
"Autochamber",1,FALSE
"Autochamber",1,FALSE
"Autochamber",1,FALSE
"Autochamber",1,FALSE
"Autochamber",1.00556371276456,TRUE
"Autochamber",1,FALSE
"Autochamber",1,FALSE
"Autochamber",1,FALSE
"Autochamber",1,FALSE
"Autochamber",1.00372876405248,TRUE
"Autochamber",1,FALSE
"Autochamber",1.00656587795069,TRUE
"Autochamber",1.00785680870662,TRUE
"Autochamber",1,FALSE
"Autochamber",1,FALSE
"Autochamber",1,FALSE
"Autochamber",1,FALSE
"Autochamber",1,FALSE
"Autochamber",1.00501535321484,TRUE
"Autochamber",1.00468365831936,TRUE
"Autochamber",1.00619560172606,TRUE
"Autochamber",1.00906659415992,TRUE
"Autochamber",1.0096795194372,TRUE
"Autochamber",1.195438387632,TRUE
"Autochamber",1.02524319627845,TRUE
"Autochamber",1.01336200049665,TRUE
"Autochamber",1.0745644327406,TRUE
"Autochamber",1.01522182193973,TRUE
"Autochamber",1.01467836522275,TRUE
"Autochamber",1.00519681214138,TRUE
"Autochamber",1.00354505665259,TRUE
"Autochamber",1.00721766635687,TRUE
"Autochamber",1.00607960399326,TRUE
"Autochamber",1.07635808564973,TRUE
"Autochamber",1.01295767555573,TRUE
"Autochamber",1.0486948774172,TRUE
"Autochamber",1.01424874180674,TRUE
"Autochamber",1.09182937713744,TRUE
"Autochamber",1.00782573156778,TRUE
"Autochamber",1.00908131645086,TRUE
"Autochamber",1.00664150803828,TRUE
"Autochamber",1.02690328224895,TRUE
"Autochamber",1.01390760739039,TRUE
"Autochamber",1.12863125888502,TRUE
"Autochamber",1.00473699432036,TRUE
"Autochamber",1,FALSE
"Autochamber",1,FALSE
"Autochamber",1.00592071738546,TRUE
"Autochamber",1.00762510517039,TRUE
"Autochamber",1.0068854233665,TRUE
"Autochamber",1.00980378027793,TRUE
"Autochamber",1.00732140227534,TRUE
"Autochamber",1.00581108477982,TRUE
"Autochamber",1.01571167621922,TRUE
"Autochamber",1.21265865494465,TRUE
"Autochamber",1.01431024892776,TRUE
"Autochamber",1.19280553217689,TRUE
"Autochamber",1.00847760761813,TRUE
"Autochamber",1.00755720200466,TRUE
"Autochamber",1.04252329823319,TRUE
"Autochamber",1.09898682007096,TRUE
"Autochamber",1.01494596989338,TRUE
"Autochamber",1.12408335081167,TRUE
"Autochamber",1.01659624794938,TRUE
"Autochamber",1.19953757770927,TRUE
"Autochamber",1.081310249315,TRUE
"Autochamber",1.09808755612672,TRUE
"Autochamber",1.01286405469022,TRUE
"Autochamber",1.00713166556728,TRUE
"Autochamber",1.01012391135571,TRUE
"Autochamber",1.00571662560447,TRUE
"Autochamber",1.05355113976405,TRUE
"Autochamber",1.0089747581065,TRUE
"Autochamber",1.01607744357718,TRUE
"Autochamber",1.11971984701813,TRUE
"Autochamber",1.00649880260235,TRUE
"Autochamber",1.02522371271586,TRUE
"Autochamber",1.00581434347627,TRUE
"Autochamber",1.00661802199923,TRUE
"Autochamber",1.00883282883069,TRUE
"Autochamber",1.0051541630373,TRUE
"Autochamber",1.00991798010422,TRUE
"Autochamber",1.00612298218806,TRUE
"Autochamber",1.00759069190555,TRUE
"Autochamber",1.01429048898728,TRUE
"Autochamber",1.00793564918922,TRUE
"Autochamber",1.0077810022376,TRUE
"Autochamber",1.01754798274888,TRUE
"Autochamber",1.00656239134572,TRUE
"Autochamber",1.04165002576565,TRUE
"Autochamber",1.0694945849222,TRUE
"Autochamber",1.01512424580924,TRUE
"Autochamber",1.08595987457267,TRUE
"Autochamber",1.01744131491549,TRUE
"Autochamber",1.02904954048659,TRUE
"Autochamber",1.01609957012852,TRUE
"Autochamber",1.03330322054559,TRUE
"Autochamber",1.09459683091178,TRUE
"Autochamber",1.01594911002071,TRUE
"Autochamber",1.29028429403372,TRUE
"Autochamber",1.42140987309629,TRUE
"Autochamber",1.14462894153484,TRUE
"Autochamber",1.0778142967113,TRUE
"Autochamber",1.04308768632341,TRUE
"Autochamber",1.00389057437176,TRUE
"Autochamber",1.00833356075278,TRUE
"Autochamber",1.00832699158372,TRUE
"Autochamber",1,FALSE
"Autochamber",1.00790399970435,TRUE
"Autochamber",1,FALSE
"Autochamber",1.00277523121066,TRUE
"Autochamber",1.00587450881272,TRUE
"Autochamber",1.30264771031013,TRUE
"Autochamber",1.02222942714264,TRUE
"Autochamber",1.01770320156152,TRUE
"Autochamber",1.01024454805705,TRUE
"Autochamber",1.14303294093025,TRUE
"Autochamber",1.25355413047591,TRUE
"Autochamber",1.06629817015177,TRUE
"Autochamber",1.10958526847658,TRUE
"Autochamber",1.24628180140696,TRUE
"Autochamber",1.01784534686767,TRUE
"Autochamber",1.01639231508688,TRUE
"Autochamber",1.0144475041871,TRUE
"Autochamber",1.06158169870809,TRUE
"Autochamber",1.01757463945431,TRUE
"Autochamber",1,FALSE
"Autochamber",1,FALSE
"Autochamber",1,FALSE
"Autochamber",1,FALSE
"Autochamber",1,FALSE
"Autochamber",1,FALSE
"Autochamber",1,FALSE
"Autochamber",1,FALSE
"Autochamber",1.00938489498683,TRUE
"Autochamber",1,FALSE
"Autochamber",1,FALSE
"Autochamber",1,FALSE
"Autochamber",1,FALSE
"Autochamber",1,FALSE
"Autochamber",1.011445306492,TRUE
"Autochamber",1.0382466174985,TRUE
"Autochamber",1,FALSE
"Autochamber",1,FALSE
"Autochamber",1.20648632270298,TRUE
"Autochamber",1,FALSE
"Autochamber",1.00580185843835,TRUE
"Autochamber",1,FALSE
"Autochamber",1,FALSE
"Autochamber",1,FALSE
"Autochamber",1,FALSE
"Autochamber",1.00391703786718,TRUE
"Autochamber",1,FALSE
"Autochamber",1.01424364220404,TRUE
"Autochamber",1.00792573593087,TRUE
"Autochamber",1.44494303273116,TRUE
"Autochamber",1.00649178345944,TRUE
"Autochamber",1,FALSE
"Autochamber",1,FALSE
"Autochamber",1.00817055070615,TRUE
"Autochamber",1,FALSE
"Autochamber",1.00530591356983,TRUE
"Autochamber",1,FALSE
"Autochamber",1,FALSE
"Autochamber",1,FALSE
"Autochamber",1.01126760130975,TRUE
"Autochamber",1.14840645094897,TRUE
"Autochamber",1.23022354031688,TRUE
"Autochamber",1,FALSE
"Autochamber",1.04317699682631,TRUE
"Autochamber",1,FALSE
"Autochamber",1,FALSE
"Autochamber",1,FALSE
"Autochamber",1.01168681584889,TRUE
"Autochamber",1.03568979905647,TRUE
"Autochamber",1.00825391825086,TRUE
"Autochamber",1.00835019219113,TRUE
"Autochamber",1,FALSE
"Autochamber",1.00843312607053,TRUE
"Autochamber",1.00628410366869,TRUE
"Autochamber",1.00455925361991,TRUE
"Autochamber",1.00951826948328,TRUE
"Autochamber",1.00646901082874,TRUE
"Autochamber",1,FALSE
"Autochamber",1.00874872715054,TRUE
"Autochamber",1.00722764594612,TRUE
"Autochamber",1.00682096504225,TRUE
"Autochamber",1.00928222186766,TRUE
"Autochamber",1.01118419537419,TRUE
"Autochamber",1.00876103752326,TRUE
"Autochamber",1,FALSE
"Autochamber",1.01367095053111,TRUE
"Autochamber",1.01244989398413,TRUE
"Autochamber",1.52601203103163,TRUE
"Autochamber",1.14330418763118,TRUE
"Autochamber",1,FALSE
"Autochamber",1.09330352165806,TRUE
"Autochamber",1.50771142081568,TRUE
"Autochamber",1,FALSE
"Autochamber",1,FALSE
"Autochamber",1,FALSE
"Autochamber",1.11876623367865,TRUE
"Autochamber",1,FALSE
"Autochamber",1.14548199653791,TRUE
"Autochamber",1,FALSE
"Autochamber",1,FALSE
"Autochamber",1,FALSE
"Autochamber",1.01146050675045,TRUE
"Autochamber",1,FALSE
"Autochamber",1.008670108533,TRUE
"Autochamber",1,FALSE
"Autochamber",1,FALSE
"Autochamber",1,FALSE
"Autochamber",1,FALSE
"Autochamber",1,FALSE
"Autochamber",1,FALSE
"Autochamber",1,FALSE
"Autochamber",1,FALSE
"Autochamber",1,FALSE
"Autochamber",1,FALSE
"Autochamber",1,FALSE
"Autochamber",1,FALSE
"Autochamber",1,FALSE
"Autochamber",1,FALSE
"Autochamber",1,FALSE
"Autochamber",1,FALSE
"Autochamber",1,FALSE
"Autochamber",1,FALSE
"Autochamber",1,FALSE
"Autochamber",1,FALSE
"Autochamber",1,FALSE
"Autochamber",1,FALSE
"Autochamber",1,FALSE
"Autochamber",1,FALSE
"Autochamber",1,FALSE
"Autochamber",1,FALSE
"Autochamber",1,FALSE
"Autochamber",1,FALSE
"Autochamber",1,FALSE
"Autochamber",1.12338533694081,TRUE
"Autochamber",1.09562676623974,TRUE
"Autochamber",1,FALSE
"Autochamber",1.24637553053678,TRUE
"Autochamber",1.01197464827126,TRUE
"Autochamber",1.01317530748154,TRUE
"Autochamber",1.00963125503746,TRUE
"Autochamber",1,FALSE
"Autochamber",1,FALSE
"Autochamber",1.01089198483063,TRUE
"Autochamber",1.00969539790371,TRUE
"Autochamber",1.00826930109543,TRUE
"Autochamber",1.00986493357185,TRUE
"Autochamber",1.06781237375063,TRUE
"Autochamber",1,FALSE
"Autochamber",1,FALSE
"Autochamber",1,FALSE
"Autochamber",1.16880120306545,TRUE
"Autochamber",1,FALSE
"Autochamber",1,FALSE
"Autochamber",1,FALSE
"Autochamber",1,FALSE
"Autochamber",1,FALSE
"Autochamber",1,FALSE
"Autochamber",1,FALSE
"Autochamber",1,FALSE
"Autochamber",1,FALSE
"Autochamber",1.00736392985204,TRUE
"Autochamber",1,FALSE
"Autochamber",1.21935622668913,TRUE
"Autochamber",1,FALSE
"Autochamber",1.02042172523736,TRUE
"Autochamber",1,FALSE
"Autochamber",1,FALSE
"Autochamber",1,FALSE
"Autochamber",1,FALSE
"Autochamber",1.0114993484101,TRUE
"Autochamber",1,FALSE
"Autochamber",1.05758266341332,TRUE
"Autochamber",1.00702262899562,TRUE
"Autochamber",1.01584662334706,TRUE
"Autochamber",1.0072574352322,TRUE
"Autochamber",1.0117057784205,TRUE
"Autochamber",1,FALSE
"Autochamber",1.01185473333111,TRUE
"Autochamber",1.00581791522081,TRUE
"Autochamber",1,FALSE
"Autochamber",1.01592520336868,TRUE
"Autochamber",1,FALSE
"Autochamber",1,FALSE
"Autochamber",1.00926879213261,TRUE
"Autochamber",1.00939995886933,TRUE
"Autochamber",1,FALSE
"Autochamber",1.01053307014332,TRUE
"Autochamber",1,FALSE
"Autochamber",1,FALSE
"Autochamber",1,FALSE
"Autochamber",1.15498250665391,TRUE
"Autochamber",1,FALSE
"Autochamber",1.00771597377968,TRUE
"Autochamber",1.26390741315363,TRUE
"Autochamber",1,FALSE
"Autochamber",1,FALSE
"Autochamber",1,FALSE
"Autochamber",1,FALSE
"Autochamber",1,FALSE
"Autochamber",1.0056612402101,TRUE
"Autochamber",1.0041054770743,TRUE
"Autochamber",1,FALSE
"Autochamber",1,FALSE
"Autochamber",1.03317307278873,TRUE
"Autochamber",1,FALSE
"Autochamber",1.01289279244175,TRUE
"Autochamber",1,FALSE
"Autochamber",1.0105506371756,TRUE
"Autochamber",1,FALSE
"Autochamber",1.07409489382054,TRUE
"Autochamber",1.25628857231547,TRUE
"Autochamber",1.10481963049329,TRUE
"Autochamber",1.20502594658725,TRUE
"Autochamber",1.168143039333,TRUE
"Autochamber",1.01067249517795,TRUE
"Autochamber",1.01277894477977,TRUE
"Autochamber",1.01570774617684,TRUE
"Autochamber",1.00668701810968,TRUE
"Autochamber",1.00825669937392,TRUE
"Autochamber",1.27989017957139,TRUE
"Autochamber",1.06089462735809,TRUE
"Autochamber",1.0367521889099,TRUE
"Autochamber",1.81397383748738,TRUE
"Autochamber",1.61529497438893,TRUE
"Autochamber",1.42428811423382,TRUE
"Autochamber",1.62906079692842,TRUE
"Autochamber",1.15880271949129,TRUE
"Autochamber",1.77229233007276,TRUE
"Autochamber",1.01426194025641,TRUE
"Autochamber",1.55347346477784,TRUE
"Autochamber",1.0162341817295,TRUE
"Autochamber",1.60784733320761,TRUE
"Autochamber",1.30601546272336,TRUE
"Autochamber",1.18078436994026,TRUE
"Autochamber",1.10175500519202,TRUE
"Autochamber",1.00882986386066,TRUE
"Autochamber",1,FALSE
"Autochamber",1,FALSE
"Autochamber",1,FALSE
"Autochamber",1,FALSE
"Autochamber",1,FALSE
"Autochamber",1,FALSE
"Autochamber",1,FALSE
"Autochamber",1,FALSE
"Autochamber",1,FALSE
"Autochamber",1,FALSE
"Autochamber",1,FALSE
"Autochamber",1,FALSE
"Autochamber",1,FALSE
"Autochamber",1,FALSE
"Autochamber",1,FALSE
"Autochamber",1,FALSE
"Autochamber",1,FALSE
"Autochamber",1,FALSE
"Autochamber",1,FALSE
"Autochamber",1,FALSE
"Autochamber",1,FALSE
"Autochamber",1,FALSE
"Autochamber",1,FALSE
"Autochamber",1,FALSE
"Autochamber",1,FALSE
"Autochamber",1,FALSE
"Autochamber",1,FALSE
"Autochamber",1,FALSE
"Autochamber",1,FALSE
"Autochamber",1,FALSE
"Autochamber",1,FALSE
"Autochamber",1.01441904847789,TRUE
"Autochamber",1,FALSE
"Autochamber",1,FALSE
"Autochamber",1,FALSE
"Autochamber",1,FALSE
"Autochamber",1,FALSE
"Autochamber",1,FALSE
"Autochamber",1.75567796069602,TRUE
"Autochamber",1.01139836337499,TRUE
"Autochamber",1.09526044568659,TRUE
"Autochamber",1.00484907874603,TRUE
"Autochamber",1.00768261976368,TRUE
"Autochamber",1.05170875781583,TRUE
"Autochamber",1.00622686440112,TRUE
"Autochamber",1.00474537106861,TRUE
"Autochamber",1.01726069887246,TRUE
"Autochamber",1,FALSE
"Autochamber",1.1063194646328,TRUE
"Autochamber",1.00658031112847,TRUE
"Autochamber",1,FALSE
"Autochamber",1,FALSE
"Autochamber",1,FALSE
"Autochamber",1,FALSE
"Autochamber",1,FALSE
"Autochamber",1,FALSE
"Autochamber",1,FALSE
"Autochamber",1,FALSE
"Autochamber",1,FALSE
"Autochamber",1,FALSE
"Autochamber",1.00726900810396,TRUE
"Autochamber",1,FALSE
"Autochamber",1,FALSE
"Autochamber",1,FALSE
"Autochamber",1.00731328381873,TRUE
"Autochamber",1,FALSE
"Autochamber",1.01041448494692,TRUE
"Autochamber",1,FALSE
"Autochamber",1.01810195498945,TRUE
"Autochamber",1.06311493079883,TRUE
"Autochamber",1,FALSE
"Autochamber",1,FALSE
"Autochamber",1.01483322258394,TRUE
"Autochamber",1.07644166722058,TRUE
"Autochamber",1,FALSE
"Autochamber",1.00806479833002,TRUE
"Autochamber",1,FALSE
"Autochamber",1.01375074203121,TRUE
"Autochamber",1.2257003257522,TRUE
"Autochamber",1.07314632023491,TRUE
"Autochamber",1.00526877937655,TRUE
"Autochamber",1,FALSE
"Autochamber",1,FALSE
"Autochamber",1,FALSE
"Autochamber",1,FALSE
"Autochamber",1.00581124770797,TRUE
"Autochamber",1.00960745434887,TRUE
"Autochamber",1,FALSE
"Autochamber",1.00270506262295,TRUE
"Autochamber",1,FALSE
"Autochamber",1.40473667435237,TRUE
"Autochamber",1.00321098875058,TRUE
"Autochamber",1.00490324033673,TRUE
"Autochamber",1.002960825626,TRUE
"Autochamber",1.04435629487452,TRUE
"Autochamber",1.00338996776813,TRUE
"Autochamber",1,FALSE
"Autochamber",1,FALSE
"Autochamber",1.26630984826538,TRUE
"Autochamber",1.10704917242192,TRUE
"Autochamber",1.03321808293694,TRUE
"Autochamber",1.00656547608024,TRUE
"Autochamber",1.00993109947406,TRUE
"Autochamber",1.00751230187971,TRUE
"Autochamber",1.00973807690832,TRUE
"Autochamber",1.18107813111476,TRUE
"Autochamber",1.08633623218133,TRUE
"Autochamber",1.01645479244285,TRUE
"Autochamber",1.10743012015552,TRUE
"Autochamber",1.21996723457567,TRUE
"Autochamber",1.08754862901727,TRUE
"Autochamber",1.06902345127126,TRUE
"Autochamber",1.06312755260564,TRUE
"Autochamber",1.00603676184577,TRUE
"Autochamber",1.0088638277313,TRUE
"Autochamber",1.11151788477202,TRUE
"Autochamber",1.03269048774552,TRUE
"Autochamber",1.01063136418682,TRUE
"Autochamber",1.03776268614921,TRUE
"Autochamber",1.18561207427103,TRUE
"Autochamber",1.19206771487463,TRUE
"Autochamber",1.02638002487793,TRUE
"Autochamber",1.17459297824984,TRUE
"Autochamber",1.06693877570034,TRUE
"Autochamber",1.03927192728855,TRUE
"Autochamber",1.13601874188955,TRUE
"Autochamber",1.27150334903549,TRUE
"Autochamber",1,FALSE
"Autochamber",1,FALSE
"Autochamber",1,FALSE
"Autochamber",1.01149424928595,TRUE
"Autochamber",1.00695864509322,TRUE
"Autochamber",1.01631216248273,TRUE
"Autochamber",1,FALSE
"Autochamber",1,FALSE
"Autochamber",1.00582490276338,TRUE
"Autochamber",1.00339767668124,TRUE
"Autochamber",1.0081739113912,TRUE
"Autochamber",1.00665839702087,TRUE
"Autochamber",1,FALSE
"Autochamber",1,FALSE
"Autochamber",1.34542026296474,TRUE
"Autochamber",1.01164208865599,TRUE
"Autochamber",1,FALSE
"Autochamber",1,FALSE
"Autochamber",1.04017873977576,TRUE
"Autochamber",1.37372967449719,TRUE
"Autochamber",1.13250178145638,TRUE
"Autochamber",1,FALSE
"Autochamber",1.00861357952906,TRUE
"Autochamber",1.01381374619244,TRUE
"Autochamber",1,FALSE
"Autochamber",1,FALSE
"Autochamber",1.2477336420091,TRUE
"Autochamber",1.22113688396352,TRUE
"Autochamber",1.11212612818674,TRUE
"Autochamber",1,FALSE
"Autochamber",1.01174706470874,TRUE
"Autochamber",1.01063027666596,TRUE
"Autochamber",1,FALSE
"Autochamber",1.00892353543665,TRUE
"Autochamber",1.0092134406505,TRUE
"Autochamber",1.00943908076047,TRUE
"Autochamber",1.01582616362348,TRUE
"Autochamber",1.03629593448002,TRUE
"Autochamber",1.01537469825262,TRUE
"Autochamber",1.01372343256096,TRUE
"Autochamber",1.07366100569452,TRUE
"Autochamber",1.08808723440796,TRUE
"Autochamber",1.01598390953352,TRUE
"Autochamber",1.22147570128631,TRUE
"Autochamber",1.01449243261484,TRUE
"Autochamber",1.01581321368251,TRUE
"Autochamber",1.37202855568366,TRUE
"Autochamber",1.34302257483848,TRUE
"Autochamber",1.00913878429932,TRUE
"Autochamber",1.12936408269208,TRUE
"Autochamber",1.22024598329807,TRUE
"Autochamber",1.01619825528816,TRUE
"Autochamber",1.05696976186747,TRUE
"Autochamber",1.05966402613647,TRUE
"Autochamber",1.19584587567162,TRUE
"Autochamber",1.17192360485795,TRUE
"Autochamber",1,FALSE
"Autochamber",1,FALSE
"Autochamber",1.00364729580264,TRUE
"Autochamber",1.00357081181862,TRUE
"Autochamber",1,FALSE
"Autochamber",1.02303800040684,TRUE
"Autochamber",1.32181782736682,TRUE
"Autochamber",1.0280542556223,TRUE
"Autochamber",1.00271863668971,TRUE
"Autochamber",1.03277169677013,TRUE
"Autochamber",1.00489732204341,TRUE
"Autochamber",1.44776547197851,TRUE
"Autochamber",1.20709832899324,TRUE
"Autochamber",1.01579405310117,TRUE
"Autochamber",1.01042276607513,TRUE
"Autochamber",1.00716169470855,TRUE
"Autochamber",1.01483733487627,TRUE
"Autochamber",1.01698760787637,TRUE
"Autochamber",1.00726333785598,TRUE
"Autochamber",1.01514721099718,TRUE
"Autochamber",1,FALSE
"Autochamber",1.01626796139124,TRUE
"Autochamber",1.00806046608035,TRUE
"Autochamber",1.01276709282501,TRUE
"Autochamber",1,FALSE
"Autochamber",1.0076489987738,TRUE
"Autochamber",1.01125715164888,TRUE
"Autochamber",1.03832842627147,TRUE
"Autochamber",1.00893788661019,TRUE
"Autochamber",1.03824182407706,TRUE
"Autochamber",1.01218917785115,TRUE
"Autochamber",1.00866405882701,TRUE
"Autochamber",1.02407030095576,TRUE
"Autochamber",1.08243829914822,TRUE
"Autochamber",1,FALSE
"Autochamber",1.05170448478677,TRUE
"Autochamber",1.16881909510298,TRUE
"Autochamber",1.00912838626326,TRUE
"Autochamber",1.08870574135692,TRUE
"Autochamber",1.31243744623176,TRUE
"Autochamber",1.0997117124183,TRUE
"Autochamber",1.10797618566834,TRUE
"Autochamber",1.29776142851638,TRUE
"Autochamber",1.11948303535049,TRUE
"Autochamber",1.53953408023455,TRUE
"Autochamber",1.39277196537188,TRUE
"Autochamber",1.00285403061218,TRUE
"Autochamber",1.00336547024108,TRUE
"Autochamber",1.07578596879245,TRUE
"Autochamber",1.01870096263122,TRUE
"Autochamber",1.00683911736861,TRUE
"Autochamber",1.10154963280573,TRUE
"Autochamber",1.00469032378521,TRUE
"Autochamber",1.00916326260791,TRUE
"Autochamber",1,FALSE
"Autochamber",1,FALSE
"Autochamber",1,FALSE
"Autochamber",1,FALSE
"Autochamber",1,FALSE
"Autochamber",1,FALSE
"Autochamber",1,FALSE
"Autochamber",1,FALSE
"Autochamber",1,FALSE
"Autochamber",1.04741253680732,TRUE
"Autochamber",1.01644990974408,TRUE
"Autochamber",1.01372298389849,TRUE
"Autochamber",1.01382752903269,TRUE
"Autochamber",1.01829105948035,TRUE
"Autochamber",1.01881776485612,TRUE
"Autochamber",1.00973621273778,TRUE
"Autochamber",1,FALSE
"Autochamber",1,FALSE
"Autochamber",1.01514758451603,TRUE
"Autochamber",1,FALSE
"Autochamber",1.01139498053065,TRUE
"Autochamber",1.009177126589,TRUE
"Autochamber",1.01197952733705,TRUE
"Autochamber",1,FALSE
"Autochamber",1.0143393921836,TRUE
"Autochamber",1,FALSE
"Autochamber",1.01723334225892,TRUE
"Autochamber",1.01507610642695,TRUE
"Autochamber",1.18245825703105,TRUE
"Autochamber",1.01513369520136,TRUE
"Autochamber",1.12410630056777,TRUE
"Autochamber",1.00638382061301,TRUE
"Autochamber",1.05363232284966,TRUE
"Autochamber",1.15113863412946,TRUE
"Autochamber",1.00837696993463,TRUE
"Autochamber",1.04879105796108,TRUE
"Autochamber",1.00976310650316,TRUE
"Autochamber",1,FALSE
"Autochamber",1,FALSE
"Autochamber",1,FALSE
"Autochamber",1,FALSE
"Autochamber",1.09827549801235,TRUE
"Autochamber",1.00609518798344,TRUE
"Autochamber",1,FALSE
"Autochamber",1.0041821899274,TRUE
"Autochamber",1.00621096989151,TRUE
"Autochamber",1.00566086272115,TRUE
"Autochamber",1.00418205930037,TRUE
"Autochamber",1.00660601890905,TRUE
"Autochamber",1.003608916447,TRUE
"Autochamber",1.00359888132646,TRUE
"Autochamber",1,FALSE
"Autochamber",1.07670007401884,TRUE
"Autochamber",1.06239930386013,TRUE
"Autochamber",1.00913639580457,TRUE
"Autochamber",1.00532474081899,TRUE
"Autochamber",1.01178017711272,TRUE
"Autochamber",1.01598420744398,TRUE
"Autochamber",1.03274901688803,TRUE
"Autochamber",1.18219556562981,TRUE
"Autochamber",1.11456981814085,TRUE
"Autochamber",1.06684230529472,TRUE
"Autochamber",1.19922109774592,TRUE
"Autochamber",1.39711754932777,TRUE
"Autochamber",1.17460523572066,TRUE
"Autochamber",1.01624007823135,TRUE
"Autochamber",1.28337270917948,TRUE
"Autochamber",1.19330285495681,TRUE
"Autochamber",1.1965880565486,TRUE
"Autochamber",1.03036562655576,TRUE
"Autochamber",1.00780100114187,TRUE
"Autochamber",1.11657259396345,TRUE
"Autochamber",1.50379693463813,TRUE
"Autochamber",1.23391285191505,TRUE
"Autochamber",1.14135322660719,TRUE
"Autochamber",1.04864495453709,TRUE
"Autochamber",1.02864956567746,TRUE
"Autochamber",1.01360468496879,TRUE
"Autochamber",1.05190145945827,TRUE
"Autochamber",1.01281515173609,TRUE
"Autochamber",1.15843413901382,TRUE
"Autochamber",1.01507402944674,TRUE
"Autochamber",1.02017170705125,TRUE
"Autochamber",1.07868342389855,TRUE
"Autochamber",1.08244806393978,TRUE
"Autochamber",1.01021744528328,TRUE
"Autochamber",1.00539700372803,TRUE
"Autochamber",1.09664801759062,TRUE
"Autochamber",1.0090598438247,TRUE
"Autochamber",1.0045805399103,TRUE
"Autochamber",1.00556217222338,TRUE
"Autochamber",1.00667213776629,TRUE
"Autochamber",1.0076517953477,TRUE
"Autochamber",1.01259539588949,TRUE
"Autochamber",1.00281388652763,TRUE
"Autochamber",1.00317108692843,TRUE
"Autochamber",1,FALSE
"Autochamber",1,FALSE
"Autochamber",1,FALSE
"Autochamber",1.00407628509973,TRUE
"Autochamber",1,FALSE
"Autochamber",1,FALSE
"Autochamber",1,FALSE
"Autochamber",1,FALSE
"Autochamber",1,FALSE
"Autochamber",1,FALSE
"Autochamber",1,FALSE
"Autochamber",1,FALSE
"Autochamber",1,FALSE
"Autochamber",1,FALSE
"Autochamber",1,FALSE
"Autochamber",1,FALSE
"Autochamber",1,FALSE
"Autochamber",1,FALSE
"Autochamber",1,FALSE
"Autochamber",1,FALSE
"Autochamber",1,FALSE
"Autochamber",1,FALSE
"Autochamber",1,FALSE
"Autochamber",1,FALSE
"Autochamber",1,FALSE
"Autochamber",1,FALSE
"Autochamber",1,FALSE
"Autochamber",1,FALSE
"Autochamber",1,FALSE
"Autochamber",1,FALSE
"Autochamber",1,FALSE
"Autochamber",1,FALSE
"Autochamber",1,FALSE
"Autochamber",1,FALSE
"Autochamber",1,FALSE
"Autochamber",1,FALSE
"Autochamber",1,FALSE
"Autochamber",1,FALSE
"Autochamber",1,FALSE
"Autochamber",1,FALSE
"Autochamber",1,FALSE
"Autochamber",1.24447360374831,TRUE
"Autochamber",1.16433700834072,TRUE
"Autochamber",1.01773648952055,TRUE
"Autochamber",1.00797925347938,TRUE
"Autochamber",1.01096355599153,TRUE
"Autochamber",1.06889504468417,TRUE
"Autochamber",1.00848423126098,TRUE
"Autochamber",1.01766446371069,TRUE
"Autochamber",1.01304336907641,TRUE
"Autochamber",1.01289419037163,TRUE
"Autochamber",1.00622303864583,TRUE
"Autochamber",1,FALSE
"Autochamber",1.00810452326859,TRUE
"Autochamber",1,FALSE
"Autochamber",1.00877802827963,TRUE
"Autochamber",1.00475091704713,TRUE
"Autochamber",1,FALSE
"Autochamber",1.00687933873848,TRUE
"Autochamber",1,FALSE
"Autochamber",1.00596932724368,TRUE
"Autochamber",1,FALSE
"Autochamber",1.00630669573673,TRUE
"Autochamber",1,FALSE
"Autochamber",1.00717289611527,TRUE
"Autochamber",1,FALSE
"Autochamber",1,FALSE
"Autochamber",1.00869713084752,TRUE
"Autochamber",1,FALSE
"Autochamber",1.04086405212156,TRUE
"Autochamber",1,FALSE
"Autochamber",1,FALSE
"Autochamber",1,FALSE
"Autochamber",1,FALSE
"Autochamber",1,FALSE
"Autochamber",1,FALSE
"Autochamber",1.00674795251023,TRUE
"Autochamber",1.00710114924107,TRUE
"Autochamber",1,FALSE
"Autochamber",1.00458253301956,TRUE
"Autochamber",1,FALSE
"Autochamber",1,FALSE
"Autochamber",1,FALSE
"Autochamber",1,FALSE
"Autochamber",1,FALSE
"Autochamber",1,FALSE
"Autochamber",1.0035335765801,TRUE
"Autochamber",1,FALSE
"Autochamber",1,FALSE
"Autochamber",1,FALSE
"Autochamber",1,FALSE
"Autochamber",1.00420129235514,TRUE
"Autochamber",1,FALSE
"Autochamber",1.0029384408855,TRUE
"Autochamber",1,FALSE
"Autochamber",1,FALSE
"Autochamber",1,FALSE
"Autochamber",1.06694720468162,TRUE
"Autochamber",1.00779510860803,TRUE
"Autochamber",1.01557544252651,TRUE
"Autochamber",1.01206914369337,TRUE
"Autochamber",1.01532362481089,TRUE
"Autochamber",1.01079215468008,TRUE
"Autochamber",1.01205931686014,TRUE
"Autochamber",1.12942663573641,TRUE
"Autochamber",1.01345567830238,TRUE
"Autochamber",1.10149021880997,TRUE
"Autochamber",1.14265581165512,TRUE
"Autochamber",1.26936241462262,TRUE
"Autochamber",1.19807308837861,TRUE
"Autochamber",1.0071881250914,TRUE
"Autochamber",1.01570245013388,TRUE
"Autochamber",1.00638781649158,TRUE
"Autochamber",1.00794506364081,TRUE
"Autochamber",1.00733296467424,TRUE
"Autochamber",1.00586496255062,TRUE
"Autochamber",1.00561156113088,TRUE
"Autochamber",1.00537792301365,TRUE
"Autochamber",1.00451605541745,TRUE
"Autochamber",1.01116460670958,TRUE
"Autochamber",1.01374914966306,TRUE
"Autochamber",1.01108792012961,TRUE
"Autochamber",1.01130138215645,TRUE
"Autochamber",1.01471614185493,TRUE
"Autochamber",1.01124546256903,TRUE
"Autochamber",1.00506242189918,TRUE
"Autochamber",1.00826001899663,TRUE
"Autochamber",1.0078848183422,TRUE
"Autochamber",1.0049713435162,TRUE
"Autochamber",1.00460496686958,TRUE
"Autochamber",1.00362131026846,TRUE
"Autochamber",1.00854217605834,TRUE
"Autochamber",1.01708375947851,TRUE
"Autochamber",1,FALSE
"Autochamber",1.00273694375573,TRUE
"Autochamber",1.00308990141504,TRUE
"Autochamber",1.00535231507931,TRUE
"Autochamber",1.00340546927902,TRUE
"Autochamber",1,FALSE
"Autochamber",1,FALSE
"Autochamber",1,FALSE
"Autochamber",1.00359731546117,TRUE
"Autochamber",1,FALSE
"Autochamber",1.00395268053469,TRUE
"Autochamber",1.00422001271848,TRUE
"Autochamber",1,FALSE
"Autochamber",1,FALSE
"Autochamber",1,FALSE
"Autochamber",1.0079091947927,TRUE
"Autochamber",1.14235729302379,TRUE
"Autochamber",1.15474418699387,TRUE
"Autochamber",1.63198670818968,TRUE
"Autochamber",1.30974792506073,TRUE
"Autochamber",1.00785541184714,TRUE
"Autochamber",1.01321444888892,TRUE
"Autochamber",1.01043222586617,TRUE
"Autochamber",1.01018241207042,TRUE
"Autochamber",1.10574359131016,TRUE
"Autochamber",1.01453530102166,TRUE
"Autochamber",1.0102487138618,TRUE
"Autochamber",1.0124558646641,TRUE
"Autochamber",1.00859943295265,TRUE
"Autochamber",1.01487901422515,TRUE
"Autochamber",1.10883561574001,TRUE
"Autochamber",1.10228967090868,TRUE
"Autochamber",1.07758031606003,TRUE
"Autochamber",1.04833881051313,TRUE
"Autochamber",1.0896050162728,TRUE
"Autochamber",1.01254392262447,TRUE
"Autochamber",1.01097188402319,TRUE
"Autochamber",1.02546217319734,TRUE
"Autochamber",1.104665306464,TRUE
"Autochamber",1.00776825051571,TRUE
"Autochamber",1.00925438952131,TRUE
"Autochamber",1.00998514202714,TRUE
"Autochamber",1.00786888422029,TRUE
"Autochamber",1.01336776863609,TRUE
"Autochamber",1.0049845357598,TRUE
"Autochamber",1.15996307874251,TRUE
"Autochamber",1.06001707813398,TRUE
"Autochamber",1.00688585776331,TRUE
"Autochamber",1,FALSE
"Autochamber",1.00333602053143,TRUE
"Autochamber",1,FALSE
"Autochamber",1,FALSE
"Autochamber",1.00565935809033,TRUE
"Autochamber",1,FALSE
"Autochamber",1.01183940193321,TRUE
"Autochamber",1.00866264544288,TRUE
"Autochamber",1.01534889152508,TRUE
"Autochamber",1.00612157891898,TRUE
"Autochamber",1,FALSE
"Autochamber",1.00384727964561,TRUE
"Autochamber",1,FALSE
"Autochamber",1,FALSE
"Autochamber",1,FALSE
"Autochamber",1,FALSE
"Autochamber",1.0036528453693,TRUE
"Autochamber",1,FALSE
"Autochamber",1,FALSE
"Autochamber",1,FALSE
"Autochamber",1,FALSE
"Autochamber",1,FALSE
"Autochamber",1,FALSE
"Autochamber",1,FALSE
"Autochamber",1,FALSE
"Autochamber",1,FALSE
"Autochamber",1,FALSE
"Autochamber",1,FALSE
"Autochamber",1,FALSE
"Autochamber",1,FALSE
"Autochamber",1.00595461226936,TRUE
"Autochamber",1.00409448653047,TRUE
"Autochamber",1,FALSE
"Autochamber",1.00389009857971,TRUE
"Autochamber",1.00435818397167,TRUE
"Autochamber",1.00286737080892,TRUE
"Autochamber",1.00312512384191,TRUE
"Autochamber",1.00663711191888,TRUE
"Autochamber",1,FALSE
"Autochamber",1,FALSE
"Autochamber",1.00456645332941,TRUE
"Autochamber",1.00495065608525,TRUE
"Autochamber",1.00254710582487,TRUE
"Autochamber",1.00393034388616,TRUE
"Autochamber",1.00279215861832,TRUE
"Autochamber",1.00779985483663,TRUE
"Autochamber",1.16456727512141,TRUE
"Autochamber",1,FALSE
"Autochamber",1.00340650898938,TRUE
"Autochamber",1.01040914816802,TRUE
"Autochamber",1.00397557948712,TRUE
"Autochamber",1,FALSE
"Autochamber",1,FALSE
"Autochamber",1,FALSE
"Autochamber",1,FALSE
"Autochamber",1,FALSE
"Autochamber",1.00429576749909,TRUE
"Autochamber",1.01743978300071,TRUE
"Autochamber",1,FALSE
"Autochamber",1,FALSE
"Autochamber",1,FALSE
"Autochamber",1,FALSE
"Autochamber",1,FALSE
"Autochamber",1,FALSE
"Autochamber",1,FALSE
"Autochamber",1.97465839495409,TRUE
"Autochamber",1,FALSE
"Autochamber",1,FALSE
"Autochamber",1,FALSE
"Autochamber",1,FALSE
"Autochamber",1.01100884496542,TRUE
"Autochamber",1,FALSE
"Autochamber",1,FALSE
"Autochamber",1,FALSE
"Autochamber",1,FALSE
"Autochamber",1.00434424098197,TRUE
"Autochamber",1,FALSE
"Autochamber",1,FALSE
"Autochamber",1,FALSE
"Autochamber",1,FALSE
"Autochamber",1,FALSE
"Autochamber",1,FALSE
"Autochamber",1,FALSE
"Autochamber",1,FALSE
"Autochamber",1,FALSE
"Autochamber",1,FALSE
"Autochamber",1.00375896692768,TRUE
"Autochamber",1,FALSE
"Autochamber",1,FALSE
"Autochamber",1.04616821432074,TRUE
"Autochamber",1.00700089476984,TRUE
"Autochamber",1,FALSE
"Autochamber",1,FALSE
"Autochamber",1,FALSE
"Autochamber",1,FALSE
"Autochamber",1,FALSE
"Autochamber",1,FALSE
"Autochamber",1,FALSE
"Autochamber",1,FALSE
"Autochamber",1,FALSE
"Autochamber",1,FALSE
"Autochamber",1,FALSE
"Autochamber",1,FALSE
"Autochamber",1.14456052267457,TRUE
"Autochamber",1.16347452785876,TRUE
"Autochamber",1,FALSE
"Autochamber",1.50341284517113,TRUE
"Autochamber",1.92785448723072,TRUE
"Autochamber",1.12998234639579,TRUE
"Autochamber",1.77431851034427,TRUE
"Autochamber",1.5725238205007,TRUE
"Autochamber",1,FALSE
"Autochamber",1,FALSE
"Autochamber",1.65331497772552,TRUE
"Autochamber",1.31501765819496,TRUE
"Autochamber",1,FALSE
"Autochamber",1.2577965615706,TRUE
"Autochamber",1,FALSE
"Autochamber",1,FALSE
"Autochamber",1.31690041486169,TRUE
"Autochamber",1,FALSE
"Autochamber",1.97808482222026,TRUE
"Autochamber",1.74765617097897,TRUE
"Autochamber",1,FALSE
"Autochamber",1.39554713916542,TRUE
"Autochamber",1.12238947167888,TRUE
"Autochamber",1.01213775731838,TRUE
"Autochamber",1,FALSE
"Autochamber",1.2377107481418,TRUE
"Autochamber",1,FALSE
"Autochamber",1.00564030834514,TRUE
"Autochamber",1,FALSE
"Autochamber",1,FALSE
"Autochamber",1,FALSE
"Autochamber",1.62551393238269,TRUE
"Autochamber",1.11530205268776,TRUE
"Autochamber",1,FALSE
"Autochamber",1,FALSE
"Autochamber",1,FALSE
"Autochamber",1.52709084407677,TRUE
"Autochamber",1,FALSE
"Autochamber",1,FALSE
"Autochamber",1,FALSE
"Autochamber",1,FALSE
"Autochamber",1,FALSE
"Autochamber",1,FALSE
"Autochamber",1,FALSE
"Autochamber",1.01221277185486,TRUE
"Autochamber",1,FALSE
"Autochamber",1,FALSE
"Autochamber",1,FALSE
"Autochamber",1,FALSE
"Autochamber",1.00859390695131,TRUE
"Autochamber",1,FALSE
"Autochamber",1,FALSE
"Autochamber",1,FALSE
"Autochamber",1,FALSE
"Autochamber",1,FALSE
"Autochamber",1,FALSE
"Autochamber",1.0073644509192,TRUE
"Autochamber",1.00921619357826,TRUE
"Autochamber",1,FALSE
"Autochamber",1.01647106877197,TRUE
"Autochamber",1.06360071173134,TRUE
"Autochamber",1.03993366146613,TRUE
"Autochamber",1.03425064799551,TRUE
"Autochamber",1.0122693732172,TRUE
"Autochamber",1.00852253544789,TRUE
"Autochamber",1.01508271543828,TRUE
"Autochamber",1,FALSE
"Autochamber",1,FALSE
"Autochamber",1.00803728748389,TRUE
"Autochamber",1.01155234890068,TRUE
"Autochamber",1.01128416583339,TRUE
"Autochamber",1.01209409168845,TRUE
"Autochamber",1.00614635626026,TRUE
"Autochamber",1.00500688117877,TRUE
"Autochamber",1.00669370696755,TRUE
"Autochamber",1.00862653100675,TRUE
"Autochamber",1.01528299080686,TRUE
"Autochamber",1.23391259723359,TRUE
"Autochamber",1.16888038341492,TRUE
"Autochamber",1.14977799736274,TRUE
"Autochamber",1.34591963928895,TRUE
"Autochamber",1.01284262058291,TRUE
"Autochamber",1.00607847846459,TRUE
"Autochamber",1.03156691868542,TRUE
"Autochamber",1.00866125076203,TRUE
"Autochamber",1.00964120596177,TRUE
"Autochamber",1.0134840323221,TRUE
"Autochamber",1.01436380641267,TRUE
"Autochamber",1.16738165741882,TRUE
"Autochamber",1.01517210511228,TRUE
"Autochamber",1.21531108060631,TRUE
"Autochamber",1.01632155948528,TRUE
"Autochamber",1.00519344481117,TRUE
"Autochamber",1.00531814233693,TRUE
"Autochamber",1.00399749214102,TRUE
"Autochamber",1.01231442399758,TRUE
"Autochamber",1.00842820759627,TRUE
"Autochamber",1.08388966884624,TRUE
"Autochamber",1.12984653265137,TRUE
"Autochamber",1.03983052134964,TRUE
"Autochamber",1.06802159069003,TRUE
"Autochamber",1.01527470345154,TRUE
"Autochamber",1.29673951887484,TRUE
"Autochamber",1.47902325124041,TRUE
"Autochamber",1.24790101420735,TRUE
"Autochamber",1.23293818361343,TRUE
"Autochamber",1.18595273250084,TRUE
"Autochamber",1.01180361905598,TRUE
"Autochamber",1.01672889105415,TRUE
"Autochamber",1.18136253738021,TRUE
"Autochamber",1.01131734182533,TRUE
"Autochamber",1.00781132933967,TRUE
"Autochamber",1.00544299913226,TRUE
"Autochamber",1.00574330358949,TRUE
"Autochamber",1.0037515031283,TRUE
"Autochamber",1.00644849043552,TRUE
"Autochamber",1.00444411444341,TRUE
"Autochamber",1.00445530328628,TRUE
"Autochamber",1.20533500525469,TRUE
"Autochamber",1.01503296416191,TRUE
"Autochamber",1.0096683752855,TRUE
"Autochamber",1.19640252687878,TRUE
"Autochamber",1.01620035744289,TRUE
"Autochamber",1.01383354666478,TRUE
"Autochamber",1.03242172125378,TRUE
"Autochamber",1.10526506191907,TRUE
"Autochamber",1.32708602658224,TRUE
"Autochamber",1.18341170105519,TRUE
"Autochamber",1.0102070088928,TRUE
"Autochamber",1.03157863075284,TRUE
"Autochamber",1.00724693010874,TRUE
"Autochamber",1.1678852173513,TRUE
"Autochamber",1.19356130096438,TRUE
"Autochamber",1.10170538409011,TRUE
"Autochamber",1.01001744378294,TRUE
"Autochamber",1.19122985966048,TRUE
"Autochamber",1.01770993914396,TRUE
"Autochamber",1.00839150469278,TRUE
"Autochamber",1.01626564087199,TRUE
"Autochamber",1.24103896786095,TRUE
"Autochamber",1.01754607072886,TRUE
"Autochamber",1.06098684409394,TRUE
"Autochamber",1.11581649337361,TRUE
"Autochamber",1.09013135075299,TRUE
"Autochamber",1.11816284828219,TRUE
"Autochamber",1.14513759054845,TRUE
"Autochamber",1.33645900289351,TRUE
"Autochamber",1.17028475064078,TRUE
"Autochamber",1.00342357159345,TRUE
"Autochamber",1.00390457108896,TRUE
"Autochamber",1.00371380229576,TRUE
"Autochamber",1.00351649792726,TRUE
"Autochamber",1.00732365774586,TRUE
"Autochamber",1.00440597102076,TRUE
"Autochamber",1.00381831304907,TRUE
"Autochamber",1.00265990072536,TRUE
"Autochamber",1.00504839706537,TRUE
"Autochamber",1.01603419207339,TRUE
"Autochamber",1.010681684352,TRUE
"Autochamber",1.16261885115871,TRUE
"Autochamber",1.03132560395858,TRUE
"Autochamber",1.01008893641277,TRUE
"Autochamber",1.01630782399895,TRUE
"Autochamber",1.01583495965817,TRUE
"Autochamber",1.10144903015861,TRUE
"Autochamber",1.01283791338221,TRUE
"Autochamber",1.27888562458607,TRUE
"Autochamber",1.08409235189135,TRUE
"Autochamber",1.0070845269254,TRUE
"Autochamber",1.00604612367879,TRUE
"Autochamber",1.00737936063172,TRUE
"Autochamber",1.17786391013161,TRUE
"Autochamber",1.3278710383068,TRUE
"Autochamber",1,FALSE
"Autochamber",1,FALSE
"Autochamber",1.14953160031583,TRUE
"Autochamber",1.55402240214778,TRUE
"Autochamber",1.81182820802488,TRUE
"Autochamber",1.0647346726751,TRUE
"Autochamber",1,FALSE
"Autochamber",1,FALSE
"Autochamber",1,FALSE
"Autochamber",1.02941823758145,TRUE
"Autochamber",1.47535759653517,TRUE
"Autochamber",1,FALSE
"Autochamber",1,FALSE
"Autochamber",1.19751484185787,TRUE
"Autochamber",1.0759230712926,TRUE
"Autochamber",1.05510182809705,TRUE
"Autochamber",1.34736352228598,TRUE
"Autochamber",1.47557443113673,TRUE
"Autochamber",1.63212141643594,TRUE
"Autochamber",1,FALSE
"Autochamber",1,FALSE
"Autochamber",1.01741005869698,TRUE
"Autochamber",1,FALSE
"Autochamber",1,FALSE
"Autochamber",1,FALSE
"Autochamber",1,FALSE
"Autochamber",1,FALSE
"Autochamber",1,FALSE
"Autochamber",1,FALSE
"Autochamber",1,FALSE
"Autochamber",1,FALSE
"Autochamber",1,FALSE
"Autochamber",1,FALSE
"Autochamber",1,FALSE
"Autochamber",1,FALSE
"Autochamber",1,FALSE
"Autochamber",1,FALSE
"Autochamber",1,FALSE
"Autochamber",1,FALSE
"Autochamber",1,FALSE
"Autochamber",1.00769054623052,TRUE
"Autochamber",1.03903727507428,TRUE
"Autochamber",1.26310417414391,TRUE
"Autochamber",1,FALSE
"Autochamber",1.51088240820482,TRUE
"Autochamber",1,FALSE
"Autochamber",1.27885117694851,TRUE
"Autochamber",1.48331585703669,TRUE
"Autochamber",1.16206095488596,TRUE
"Autochamber",1.0032557423308,TRUE
"Autochamber",1.00543054758251,TRUE
"Autochamber",1,FALSE
"Autochamber",1.00825813999795,TRUE
"Autochamber",1.42753759983355,TRUE
"Autochamber",1.16528568486319,TRUE
"Autochamber",1.00818800563876,TRUE
"Autochamber",1,FALSE
"Autochamber",1,FALSE
"Autochamber",1,FALSE
"Autochamber",1.00470631252768,TRUE
"Autochamber",1.32131015673653,TRUE
"Autochamber",1,FALSE
"Autochamber",1.00379745174281,TRUE
"Autochamber",1,FALSE
"Autochamber",1.01552543074763,TRUE
"Autochamber",1,FALSE
"Autochamber",1.9949777318726,TRUE
"Autochamber",1,FALSE
"Autochamber",1.01703761419161,TRUE
"Autochamber",1,FALSE
"Autochamber",1.21285880218172,TRUE
"Autochamber",1.00599372860616,TRUE
"Autochamber",1.27330478235697,TRUE
"Autochamber",1,FALSE
"Autochamber",1.68792315103418,TRUE
"Autochamber",1.97937063554925,TRUE
"Autochamber",1.19033388939661,TRUE
"Autochamber",1.0152960451955,TRUE
"Autochamber",1,FALSE
"Autochamber",1,FALSE
"Autochamber",1.03009564015444,TRUE
"Autochamber",1.29614520081146,TRUE
"Autochamber",1.08597284929672,TRUE
"Autochamber",1.37052690955986,TRUE
"Autochamber",1.00484437567693,TRUE
"Autochamber",1.21006668193121,TRUE
"Autochamber",1.05567204976991,TRUE
"Autochamber",1.01322136207432,TRUE
"Autochamber",1.0041554747994,TRUE
"Autochamber",1.17412773895652,TRUE
"Autochamber",1.00451447569108,TRUE
"Autochamber",1.0052223328041,TRUE
"Autochamber",1,FALSE
"Autochamber",1,FALSE
"Autochamber",1.84646123165562,TRUE
"Autochamber",1.00288739070061,TRUE
"Autochamber",1,FALSE
"Autochamber",1.00359085089492,TRUE
"Autochamber",1.0117255462485,TRUE
"Autochamber",1.33226681241897,TRUE
"Autochamber",1.00266164542372,TRUE
"Autochamber",1.00655688001687,TRUE
"Autochamber",1,FALSE
"Autochamber",1,FALSE
"Autochamber",1.00351705251585,TRUE
"Autochamber",1.00254203665481,TRUE
"Autochamber",1.00499762362297,TRUE
"Autochamber",1.00376756081601,TRUE
"Autochamber",1.00262366231857,TRUE
"Autochamber",1,FALSE
"Autochamber",1.13296490449799,TRUE
"Autochamber",1,FALSE
"Autochamber",1.00305792177462,TRUE
"Autochamber",1,FALSE
"Autochamber",1.00318557552667,TRUE
"Autochamber",1.00395957275091,TRUE
"Autochamber",1,FALSE
"Autochamber",1.00428439437621,TRUE
"Autochamber",1,FALSE
"Autochamber",1.00442944700926,TRUE
"Autochamber",1.00508102652052,TRUE
"Autochamber",1.00522437793629,TRUE
"Autochamber",1.0051593227301,TRUE
"Autochamber",1.01301720013854,TRUE
"Autochamber",1.01171756144892,TRUE
"Autochamber",1.05103233664392,TRUE
"Autochamber",1.00779491663846,TRUE
"Autochamber",1.00337178263258,TRUE
"Autochamber",1.00417024448517,TRUE
"Autochamber",1.00337866056219,TRUE
"Autochamber",1,FALSE
"Autochamber",1.00458596490572,TRUE
"Autochamber",1,FALSE
"Autochamber",1.01110398818012,TRUE
"Autochamber",1,FALSE
"Autochamber",1.01065796038639,TRUE
"Autochamber",1.00590650572623,TRUE
"Autochamber",1.00637562031333,TRUE
"Autochamber",1.00634192844591,TRUE
"Autochamber",1.00883401147915,TRUE
"Autochamber",1.00290439945723,TRUE
"Autochamber",1.80912620439604,TRUE
"Autochamber",1.00565468110802,TRUE
"Autochamber",1.32604307879964,TRUE
"Autochamber",1,FALSE
"Autochamber",1,FALSE
"Autochamber",1,FALSE
"Autochamber",1,FALSE
"Autochamber",1,FALSE
"Autochamber",1,FALSE
"Autochamber",1,FALSE
"Autochamber",1.31963175337233,TRUE
"Autochamber",1.49078026332113,TRUE
"Autochamber",1.30123378987765,TRUE
"Autochamber",1,FALSE
"Autochamber",1,FALSE
"Autochamber",1,FALSE
"Autochamber",1,FALSE
"Autochamber",1,FALSE
"Autochamber",1,FALSE
"Autochamber",1.00861234124961,TRUE
"Autochamber",1,FALSE
"Autochamber",1,FALSE
"Autochamber",1,FALSE
"Autochamber",1.32571649143658,TRUE
"Autochamber",1.0175543627411,TRUE
"Autochamber",1.14144496808795,TRUE
"Autochamber",1.14053734828092,TRUE
"Autochamber",1.01023424750029,TRUE
"Autochamber",1.00984372526768,TRUE
"Autochamber",1.00806469909253,TRUE
"Autochamber",1.18164285547494,TRUE
"Autochamber",1.01213340082,TRUE
"Autochamber",1.00895266743957,TRUE
"Autochamber",1.00960172386836,TRUE
"Autochamber",1.00962994001545,TRUE
"Autochamber",1.00568882025319,TRUE
"Autochamber",1.01668289510933,TRUE
"Autochamber",1.07917194550862,TRUE
"Autochamber",1.00576225186183,TRUE
"Autochamber",1.01647065532606,TRUE
"Autochamber",1.01075372450107,TRUE
"Autochamber",1.00535250558959,TRUE
"Autochamber",1.00594354990031,TRUE
"Autochamber",1.00878714618175,TRUE
"Autochamber",1.00952609833489,TRUE
"Autochamber",1.00631191778027,TRUE
"Autochamber",1.00833335264141,TRUE
"Autochamber",1.00870871965347,TRUE
"Autochamber",1.00554470629712,TRUE
"Autochamber",1,FALSE
"Autochamber",1,FALSE
"Autochamber",1.00598697787936,TRUE
"Autochamber",1,FALSE
"Autochamber",1.00426533402252,TRUE
"Autochamber",1,FALSE
"Autochamber",1.00383369517907,TRUE
"Autochamber",1.00627760887168,TRUE
"Autochamber",1.33897828314481,TRUE
"Autochamber",1.18633725489414,TRUE
"Autochamber",1.09152963190488,TRUE
"Autochamber",1.08790910210117,TRUE
"Autochamber",1,FALSE
"Autochamber",1.01236820739757,TRUE
"Autochamber",1.21442537145532,TRUE
"Autochamber",1.1085739566675,TRUE
"Autochamber",1.33040719666445,TRUE
"Autochamber",1.35364696170302,TRUE
"Autochamber",1.42136078773495,TRUE
"Autochamber",1.01811748418032,TRUE
"Autochamber",1.08356578741329,TRUE
"Autochamber",1.0911441715611,TRUE
"Autochamber",1.01050324530747,TRUE
"Autochamber",1.01214647187764,TRUE
"Autochamber",1.00904676829852,TRUE
"Autochamber",1.07030856794319,TRUE
"Autochamber",1.01569940690652,TRUE
"Autochamber",1.03424112529681,TRUE
"Autochamber",1.28039656372987,TRUE
"Autochamber",1.05841817055222,TRUE
"Autochamber",1.00746608448978,TRUE
"Autochamber",1.39933679166923,TRUE
"Autochamber",1.10471952176501,TRUE
"Autochamber",1.00981075541121,TRUE
"Autochamber",1.02437519944788,TRUE
"Autochamber",1.29811334125271,TRUE
"Autochamber",1.01065210786853,TRUE
"Autochamber",1.38224283069795,TRUE
"Autochamber",1.01018575472104,TRUE
"Autochamber",1.02881400879526,TRUE
"Autochamber",1.13732124043767,TRUE
"Autochamber",1.10348484912006,TRUE
"Autochamber",1.01161139979843,TRUE
"Autochamber",1.42703368261213,TRUE
"Autochamber",1.02357546421946,TRUE
"Autochamber",1.23280998847715,TRUE
"Autochamber",1.00478143333094,TRUE
"Autochamber",1.00244167055821,TRUE
"Autochamber",1.00596675733059,TRUE
"Autochamber",1.00591495796805,TRUE
"Autochamber",1.16080984524445,TRUE
"Autochamber",1.00225344247986,TRUE
"Autochamber",1.00538650370997,TRUE
"Autochamber",1.00827393266561,TRUE
"Autochamber",1.00444494694357,TRUE
"Autochamber",1.00375926895173,TRUE
"Autochamber",1.00212917792897,TRUE
"Autochamber",1.02946104310483,TRUE
"Autochamber",1.53586632204052,TRUE
"Autochamber",1.24846319706382,TRUE
"Autochamber",1.19686112516621,TRUE
"Autochamber",1.2205032992382,TRUE
"Autochamber",1.05625410036175,TRUE
"Autochamber",1.20178397503817,TRUE
"Autochamber",1.04639192389165,TRUE
"Autochamber",1.00766246845842,TRUE
"Autochamber",1.16624046413179,TRUE
"Autochamber",1.01715649682384,TRUE
"Autochamber",1.24283297132573,TRUE
"Autochamber",1.25638002353709,TRUE
"Autochamber",1.19874456998166,TRUE
"Autochamber",1.12157598715549,TRUE
"Autochamber",1.00912936535077,TRUE
"Autochamber",1.0146396489742,TRUE
"Autochamber",1.04382935227286,TRUE
"Autochamber",1.00579596708659,TRUE
"Autochamber",1.00709338195127,TRUE
"Autochamber",1.01020487275671,TRUE
"Autochamber",1.07552043721814,TRUE
"Autochamber",1.02832852509528,TRUE
"Autochamber",1.06819842462042,TRUE
"Autochamber",1.0060586328042,TRUE
"Autochamber",1.023488480819,TRUE
"Autochamber",1.08677496308883,TRUE
"Autochamber",1.12248503896232,TRUE
"Autochamber",1.35303733904934,TRUE
"Autochamber",1.00803580150721,TRUE
"Autochamber",1.08124514281706,TRUE
"Autochamber",1.01522980459622,TRUE
"Autochamber",1.35600557240323,TRUE
"Autochamber",1.42765554281255,TRUE
"Autochamber",1.02805174057888,TRUE
"Autochamber",1.00383359897251,TRUE
"Autochamber",1.00442876533074,TRUE
"Autochamber",1.00684895229147,TRUE
"Autochamber",1.00222193449469,TRUE
"Autochamber",1.00619675902363,TRUE
"Autochamber",1,FALSE
"Autochamber",1.00493976029685,TRUE
"Autochamber",1.00235801713387,TRUE
"Autochamber",1.00282317946768,TRUE
"Autochamber",1.00616539518712,TRUE
"Autochamber",1.00476950937351,TRUE
"Autochamber",1.11409623319119,TRUE
"Autochamber",1.29515110475391,TRUE
"Autochamber",1.00632646928002,TRUE
"Autochamber",1.01533110615445,TRUE
"Autochamber",1.00746323027395,TRUE
"Autochamber",1.47923092100086,TRUE
"Autochamber",1.06018841634387,TRUE
"Autochamber",1.43868136935026,TRUE
"Autochamber",1.06721632990017,TRUE
"Autochamber",1.02619219883625,TRUE
"Autochamber",1.00980133583006,TRUE
"Autochamber",1.00967841715535,TRUE
"Autochamber",1.00862653456792,TRUE
"Autochamber",1.02383213549369,TRUE
"Autochamber",1.00686794051944,TRUE
"Autochamber",1.00883606025873,TRUE
"Autochamber",1.00765133820567,TRUE
"Autochamber",1.00863618628264,TRUE
"Autochamber",1.00883027669451,TRUE
"Autochamber",1.00606204136417,TRUE
"Autochamber",1.01597170338742,TRUE
"Autochamber",1.01371436634837,TRUE
"Autochamber",1.01585076906404,TRUE
"Autochamber",1.1487905305667,TRUE
"Autochamber",1.12567975679531,TRUE
"Autochamber",1.1429996561463,TRUE
"Autochamber",1.42079077185426,TRUE
"Autochamber",1.02884795578831,TRUE
"Autochamber",1.11358828351873,TRUE
"Autochamber",1.05530254522699,TRUE
"Autochamber",1.16394066626501,TRUE
"Autochamber",1.02430560815598,TRUE
"Autochamber",1.22135432129918,TRUE
"Autochamber",1.00606517955414,TRUE
"Autochamber",1.18343415918702,TRUE
"Autochamber",1.07263035345109,TRUE
"Autochamber",1.00798411844656,TRUE
"Autochamber",1.00617456691135,TRUE
"Autochamber",1.00571375497553,TRUE
"Autochamber",1.00631355642973,TRUE
"Autochamber",1.0038547925802,TRUE
"Autochamber",1.00314768714064,TRUE
"Autochamber",1.0042672291649,TRUE
"Autochamber",1.00345352464134,TRUE
"Autochamber",1.00522780489592,TRUE
"Autochamber",1.01751056633762,TRUE
"Autochamber",1,FALSE
"Autochamber",1.22775470933446,TRUE
"Autochamber",1,FALSE
"Autochamber",1.00251502420647,TRUE
"Autochamber",1.00676895928752,TRUE
"Autochamber",1,FALSE
"Autochamber",1.01465447477042,TRUE
"Autochamber",1,FALSE
"Autochamber",1,FALSE
"Autochamber",1.18484569293945,TRUE
"Autochamber",1.34583433379887,TRUE
"Autochamber",1,FALSE
"Autochamber",1.01801994338548,TRUE
"Autochamber",1.00592842516776,TRUE
"Autochamber",1.04223873413399,TRUE
"Autochamber",1.01177627221866,TRUE
"Autochamber",1.0988519137816,TRUE
"Autochamber",1.10466516625128,TRUE
"Autochamber",1.01229520044773,TRUE
"Autochamber",1.00730479241501,TRUE
"Autochamber",1.00525570017419,TRUE
"Autochamber",1.00922620271811,TRUE
"Autochamber",1.01587314246195,TRUE
"Autochamber",1.04560658043565,TRUE
"Autochamber",1.0099947421269,TRUE
"Autochamber",1,FALSE
"Autochamber",1.02402570419505,TRUE
"Autochamber",1.01052187940081,TRUE
"Autochamber",1.01600313763674,TRUE
"Autochamber",1.09060481273044,TRUE
"Autochamber",1.32741498734577,TRUE
"Autochamber",1.14143216852471,TRUE
"Autochamber",1.08182440779391,TRUE
"Autochamber",1.03810330819118,TRUE
"Autochamber",1.0159602744703,TRUE
"Autochamber",1.03642313401391,TRUE
"Autochamber",1.27777847341878,TRUE
"Autochamber",1.14299007908797,TRUE
"Autochamber",1.05210302334829,TRUE
"Autochamber",1.02858783129341,TRUE
"Autochamber",1.00863143796251,TRUE
"Autochamber",1,FALSE
"Autochamber",1.00241673522235,TRUE
"Autochamber",1.00139260146083,TRUE
"Autochamber",1.00493853822995,TRUE
"Autochamber",1.01254497397963,TRUE
"Autochamber",1.01052365519649,TRUE
"Autochamber",1.20351915724846,TRUE
"Autochamber",1.00839705450909,TRUE
"Autochamber",1.01109831709265,TRUE
"Autochamber",1.13687204069846,TRUE
"Autochamber",1.00630100704756,TRUE
"Autochamber",1.00573777703863,TRUE
"Autochamber",1.0075082913037,TRUE
"Autochamber",1.00826437017062,TRUE
"Autochamber",1.12677328645275,TRUE
"Autochamber",1.08353993280623,TRUE
"Autochamber",1.21587806876222,TRUE
"Autochamber",1.53400350617904,TRUE
"Autochamber",1.27485601051131,TRUE
"Autochamber",1.24604544154605,TRUE
"Autochamber",1.41603133796437,TRUE
"Autochamber",1.45058420427937,TRUE
"Autochamber",1.12958881282421,TRUE
"Autochamber",1.01609297180723,TRUE
"Autochamber",1.13989266235135,TRUE
"Autochamber",1.23984506922079,TRUE
"Autochamber",1.17868848066988,TRUE
"Autochamber",1.13781256428187,TRUE
"Autochamber",1.04584831690475,TRUE
"Autochamber",1.09598119382596,TRUE
"Autochamber",1.00598017726371,TRUE
"Autochamber",1.00941789007074,TRUE
"Autochamber",1,FALSE
"Autochamber",1.00686150147513,TRUE
"Autochamber",1.0421141673726,TRUE
"Autochamber",1.19879497602615,TRUE
"Autochamber",1.36642669624357,TRUE
"Autochamber",1.00788262453981,TRUE
"Autochamber",1.12692154100932,TRUE
"Autochamber",1.27457629748377,TRUE
"Autochamber",1.50793410572959,TRUE
"Autochamber",1.31912863944505,TRUE
"Autochamber",1.01820426192045,TRUE
"Autochamber",1.05002964819004,TRUE
"Autochamber",1.012504725613,TRUE
"Autochamber",1.0100002799754,TRUE
"Autochamber",1.40844917385579,TRUE
"Autochamber",1.54218521682243,TRUE
"Autochamber",1.01461341972818,TRUE
"Autochamber",1.006257203404,TRUE
"Autochamber",1,FALSE
"Autochamber",1.00239329641785,TRUE
"Autochamber",1,FALSE
"Autochamber",1,FALSE
"Autochamber",1.0023142533917,TRUE
"Autochamber",1.00343648083666,TRUE
"Autochamber",1.00473384592055,TRUE
"Autochamber",1.04064373152164,TRUE
"Autochamber",1.36944556073129,TRUE
"Autochamber",1.01638099794859,TRUE
"Autochamber",1.00711881433837,TRUE
"Autochamber",1,FALSE
"Autochamber",1,FALSE
"Autochamber",1,FALSE
"Autochamber",1.0046937929662,TRUE
"Autochamber",1.00437505590335,TRUE
"Autochamber",1.00467091885936,TRUE
"Autochamber",1,FALSE
"Autochamber",1,FALSE
"Autochamber",1.0029764896439,TRUE
"Autochamber",1.00286692338789,TRUE
"Autochamber",1.00349493652958,TRUE
"Autochamber",1.00360006858593,TRUE
"Autochamber",1,FALSE
"Autochamber",1.00547005135016,TRUE
"Autochamber",1.00395297753395,TRUE
"Autochamber",1.00431963358633,TRUE
"Autochamber",1.00334932994011,TRUE
"Autochamber",1.00324503183253,TRUE
"Autochamber",1,FALSE
"Autochamber",1,FALSE
"Autochamber",1.00342620144699,TRUE
"Autochamber",1,FALSE
"Autochamber",1,FALSE
"Autochamber",1,FALSE
"Autochamber",1,FALSE
"Autochamber",1,FALSE
"Autochamber",1,FALSE
"Autochamber",1,FALSE
"Autochamber",1,FALSE
"Autochamber",1.00384576128489,TRUE
"Autochamber",1.01650132112973,TRUE
"Autochamber",1,FALSE
"Autochamber",1.19001319590275,TRUE
"Autochamber",1,FALSE
"Autochamber",1.11553101752929,TRUE
"Autochamber",1.00920111605765,TRUE
"Autochamber",1.03763211374639,TRUE
"Autochamber",1,FALSE
"Autochamber",1,FALSE
"Autochamber",1.01473314507757,TRUE
"Autochamber",1.0056404263291,TRUE
"Autochamber",1.0047070337396,TRUE
"Autochamber",1.00425073921536,TRUE
"Autochamber",1.00623439452286,TRUE
"Autochamber",1.00611604823087,TRUE
"Autochamber",1,FALSE
"Autochamber",1.00496853995145,TRUE
"Autochamber",1.00453023515648,TRUE
"Autochamber",1,FALSE
"Autochamber",1.00491598082365,TRUE
"Autochamber",1,FALSE
"Autochamber",1.0162932101937,TRUE
"Autochamber",1.00563290173498,TRUE
"Autochamber",1.01246280633515,TRUE
"Autochamber",1,FALSE
"Autochamber",1,FALSE
"Autochamber",1,FALSE
"Autochamber",1.00872154219139,TRUE
"Autochamber",1,FALSE
"Autochamber",1,FALSE
"Autochamber",1.00421968845752,TRUE
"Autochamber",1.00493711182344,TRUE
"Autochamber",1,FALSE
"Autochamber",1.00222853791896,TRUE
"Autochamber",1.00494475770783,TRUE
"Autochamber",1.00376191887782,TRUE
"Autochamber",1.00465098279867,TRUE
"Autochamber",1.00884440218164,TRUE
"Autochamber",1.01619879464404,TRUE
"Autochamber",1.38314430841177,TRUE
"Autochamber",1.00459567523658,TRUE
"Autochamber",1.01418154438671,TRUE
"Autochamber",1.00892782239216,TRUE
"Autochamber",1.20201629437551,TRUE
"Autochamber",1.02136327260006,TRUE
"Autochamber",1.00924294200315,TRUE
"Autochamber",1.09474328308299,TRUE
"Autochamber",1.00373418748525,TRUE
"Autochamber",1.004326194823,TRUE
"Autochamber",1.06866993962571,TRUE
"Autochamber",1.00867582367895,TRUE
"Autochamber",1.00684914213258,TRUE
"Autochamber",1.00803091360986,TRUE
"Autochamber",1.00870427995252,TRUE
"Autochamber",1.03345187400563,TRUE
"Autochamber",1.10321971569791,TRUE
"Autochamber",1.01838524946566,TRUE
"Autochamber",1.08922510857433,TRUE
"Autochamber",1.01238168763492,TRUE
"Autochamber",1.09402095510962,TRUE
"Autochamber",1.17934152304505,TRUE
"Autochamber",1.02953497889441,TRUE
"Autochamber",1.08948880573941,TRUE
"Autochamber",1.18114090310363,TRUE
"Autochamber",1.0399376685258,TRUE
"Autochamber",1.01623495434227,TRUE
"Autochamber",1.1194063631758,TRUE
"Autochamber",1.0090206502769,TRUE
"Autochamber",1.01151398730909,TRUE
"Autochamber",1.09411084134771,TRUE
"Autochamber",1.01612169821115,TRUE
"Autochamber",1.09102981609261,TRUE
"Autochamber",1.11842556456614,TRUE
"Autochamber",1.02615403279181,TRUE
"Autochamber",1.01690906569679,TRUE
"Autochamber",1.18881310523516,TRUE
"Autochamber",1.01618475508169,TRUE
"Autochamber",1.00608088517122,TRUE
"Autochamber",1.00870419460588,TRUE
"Autochamber",1.00787697116877,TRUE
"Autochamber",1.00490666682038,TRUE
"Autochamber",1.00673730992425,TRUE
"Autochamber",1.17467216348409,TRUE
"Autochamber",1.00791041192583,TRUE
"Autochamber",1.00745708158282,TRUE
"Autochamber",1.00406816630904,TRUE
"Autochamber",1.00950406228749,TRUE
"Autochamber",1.17525148756372,TRUE
"Autochamber",1.00914705267632,TRUE
"Autochamber",1.07696863428615,TRUE
"Autochamber",1.00675924934049,TRUE
"Autochamber",1.0082587652641,TRUE
"Autochamber",1.10210322674992,TRUE
"Autochamber",1.08343518802901,TRUE
"Autochamber",1.01016133809646,TRUE
"Autochamber",1.01451327170941,TRUE
"Autochamber",1.24424588597639,TRUE
"Autochamber",1.0167251935718,TRUE
"Autochamber",1.00583477805888,TRUE
"Autochamber",1.00265905469799,TRUE
"Autochamber",1.00251832316165,TRUE
"Autochamber",1.00259117175577,TRUE
"Autochamber",1.00415246719035,TRUE
"Autochamber",1.00187373147891,TRUE
"Autochamber",1.05954108802188,TRUE
"Autochamber",1.00758452889128,TRUE
"Autochamber",1.00911629651011,TRUE
"Autochamber",1.01128131983057,TRUE
"Autochamber",1.00490398731569,TRUE
"Autochamber",1.00549055411323,TRUE
"Autochamber",1.00246594363415,TRUE
"Autochamber",1.07601216410947,TRUE
"Autochamber",1.00491814983355,TRUE
"Autochamber",1.02971903557129,TRUE
"Autochamber",1.00807237410902,TRUE
"Autochamber",1.01463391704789,TRUE
"Autochamber",1.00723080322299,TRUE
"Autochamber",1.19614389420261,TRUE
"Autochamber",1.12670356192177,TRUE
"Autochamber",1.00579745012117,TRUE
"Autochamber",1.00886535137734,TRUE
"Autochamber",1.01207999416139,TRUE
"Autochamber",1.00631406004402,TRUE
"Autochamber",1.05726924960659,TRUE
"Autochamber",1.00839758880401,TRUE
"Autochamber",1.01556160171931,TRUE
"Autochamber",1.01104983623507,TRUE
"Autochamber",1.01184423664841,TRUE
"Autochamber",1.0127105884741,TRUE
"Autochamber",1.01196376182344,TRUE
"Autochamber",1.03638226152556,TRUE
"Autochamber",1.05866419522483,TRUE
"Autochamber",1.00854665951807,TRUE
"Autochamber",1.0103815168713,TRUE
"Autochamber",1.06518492717331,TRUE
"Autochamber",1.01254677265122,TRUE
"Autochamber",1.221056905251,TRUE
"Autochamber",1.0119592009856,TRUE
"Autochamber",1.27876171710115,TRUE
"Autochamber",1.22822444475042,TRUE
"Autochamber",1.01068392810602,TRUE
"Autochamber",1.14781032664979,TRUE
"Autochamber",1.00742848828398,TRUE
"Autochamber",1.02044452116704,TRUE
"Autochamber",1.13958600126468,TRUE
"Autochamber",1.00400357700203,TRUE
"Autochamber",1.00204710843249,TRUE
"Autochamber",1.00223789803857,TRUE
"Autochamber",1.00258171642725,TRUE
"Autochamber",1.00367546335377,TRUE
"Autochamber",1.00604893900817,TRUE
"Autochamber",1.00312975646458,TRUE
"Autochamber",1.00539489255796,TRUE
"Autochamber",1.00198406256756,TRUE
"Autochamber",1.00292757721519,TRUE
"Autochamber",1.00441311711563,TRUE
"Autochamber",1.00231119638593,TRUE
"Autochamber",1.00354321365136,TRUE
"Autochamber",1.00303495087742,TRUE
"Autochamber",1.26768321241351,TRUE
"Autochamber",1.20356370285555,TRUE
"Autochamber",1.00463216171768,TRUE
"Autochamber",1.01336090278205,TRUE
"Autochamber",1.05763680753899,TRUE
"Autochamber",1.01535641696634,TRUE
"Autochamber",1.01108934114584,TRUE
"Autochamber",1.00655961210293,TRUE
"Autochamber",1.01055923573294,TRUE
"Autochamber",1.00699697340346,TRUE
"Autochamber",1.04975469404562,TRUE
"Autochamber",1,FALSE
"Autochamber",1.00839057050369,TRUE
"Autochamber",1.00623736766485,TRUE
"Autochamber",1.09973226649754,TRUE
"Autochamber",1,FALSE
"Autochamber",1.02785129140212,TRUE
"Autochamber",1.17537336197963,TRUE
"Autochamber",1.01277062832285,TRUE
"Autochamber",1.00560417634525,TRUE
"Autochamber",1.2730786719428,TRUE
"Autochamber",1,FALSE
"Autochamber",1.01769053237041,TRUE
"Autochamber",1.01176004320243,TRUE
"Autochamber",1.00397594081692,TRUE
"Autochamber",1.00353551436023,TRUE
"Autochamber",1.03068325443246,TRUE
"Autochamber",1.00984627667006,TRUE
"Autochamber",1.00566301774565,TRUE
"Autochamber",1.01648532362889,TRUE
"Autochamber",1.00329415596243,TRUE
"Autochamber",1.2939703848796,TRUE
"Autochamber",1.14713154437103,TRUE
"Autochamber",1.00421547762859,TRUE
"Autochamber",1.00430131566516,TRUE
"Autochamber",1,FALSE
"Autochamber",1,FALSE
"Autochamber",1,FALSE
"Autochamber",1,FALSE
"Autochamber",1,FALSE
"Autochamber",1.00484693081157,TRUE
"Autochamber",1.00512327170923,TRUE
"Autochamber",1,FALSE
"Autochamber",1,FALSE
"Autochamber",1.00586850077838,TRUE
"Autochamber",1,FALSE
"Autochamber",1,FALSE
"Autochamber",1.0039963595201,TRUE
"Autochamber",1,FALSE
"Autochamber",1,FALSE
"Autochamber",1.08660150879069,TRUE
"Autochamber",1.93532559807339,TRUE
"Autochamber",1,FALSE
"Autochamber",1,FALSE
"Autochamber",1,FALSE
"Autochamber",1.00459941723428,TRUE
"Autochamber",1.00248429487029,TRUE
"Autochamber",1.00745630193972,TRUE
"Autochamber",1,FALSE
"Autochamber",1,FALSE
"Autochamber",1,FALSE
"Autochamber",1.13529359599819,TRUE
"Autochamber",1,FALSE
"Autochamber",1,FALSE
"Autochamber",1,FALSE
"Autochamber",1,FALSE
"Autochamber",1.01741446130482,TRUE
"Autochamber",1.00415793861186,TRUE
"Autochamber",1,FALSE
"Autochamber",1.00442778329204,TRUE
"Autochamber",1,FALSE
"Autochamber",1.00359633930166,TRUE
"Autochamber",1.00504878501015,TRUE
"Autochamber",1.00552913852122,TRUE
"Autochamber",1,FALSE
"Autochamber",1,FALSE
"Autochamber",1.12139421032924,TRUE
"Autochamber",1.73017785609898,TRUE
"Autochamber",1,FALSE
"Autochamber",1,FALSE
"Autochamber",1,FALSE
"Autochamber",1.00242708633008,TRUE
"Autochamber",1.00169145357194,TRUE
"Autochamber",1.07116773751118,TRUE
"Autochamber",1.00430627539024,TRUE
"Autochamber",1,FALSE
"Autochamber",1,FALSE
"Autochamber",1.00371218680339,TRUE
"Autochamber",1,FALSE
"Autochamber",1,FALSE
"Autochamber",1,FALSE
"Autochamber",1,FALSE
"Autochamber",1,FALSE
"Autochamber",1.00365280402193,TRUE
"Autochamber",1.01700878420494,TRUE
"Autochamber",1,FALSE
"Autochamber",1,FALSE
"Autochamber",1,FALSE
"Autochamber",1,FALSE
"Autochamber",1.00275445882059,TRUE
"Autochamber",1,FALSE
"Autochamber",1,FALSE
"Autochamber",1,FALSE
"Autochamber",1,FALSE
"Autochamber",1,FALSE
"Autochamber",1.04359464749628,TRUE
"Autochamber",1.00347275942815,TRUE
"Autochamber",1.00353227915902,TRUE
"Autochamber",1,FALSE
"Autochamber",1.00266504509252,TRUE
"Autochamber",1.0030697954916,TRUE
"Autochamber",1.00490242976256,TRUE
"Autochamber",1.00560546121443,TRUE
"Autochamber",1.00424323400298,TRUE
"Autochamber",1.00362613759007,TRUE
"Autochamber",1,FALSE
"Autochamber",1,FALSE
"Autochamber",1.00911356067517,TRUE
"Autochamber",1.0079307914744,TRUE
"Autochamber",1.02261313769873,TRUE
"Autochamber",1.18615922961041,TRUE
"Autochamber",1.06689302630956,TRUE
"Autochamber",1.28481836049542,TRUE
"Autochamber",1.1107387950989,TRUE
"Autochamber",1.03793653136903,TRUE
"Autochamber",1.01167003147941,TRUE
"Autochamber",1.00824041547629,TRUE
"Autochamber",1.01075858514257,TRUE
"Autochamber",1.07150669004983,TRUE
"Autochamber",1.01670498004139,TRUE
"Autochamber",1.05958305726001,TRUE
"Autochamber",1.01244164266355,TRUE
"Autochamber",1.0273895741622,TRUE
"Autochamber",1.00586544255394,TRUE
"Autochamber",1.0078747405822,TRUE
"Autochamber",1.0119195731996,TRUE
"Autochamber",1.0101038365329,TRUE
"Autochamber",1.10054858607055,TRUE
"Autochamber",1.00790637769671,TRUE
"Autochamber",1.00493760983944,TRUE
"Autochamber",1.0063275273689,TRUE
"Autochamber",1.21176288384749,TRUE
"Autochamber",1.01367560476266,TRUE
"Autochamber",1.06722279785994,TRUE
"Autochamber",1.06262111845069,TRUE
"Autochamber",1.01062261883354,TRUE
"Autochamber",1.14370544537798,TRUE
"Autochamber",1.01208457002588,TRUE
"Autochamber",1.00675868110766,TRUE
"Autochamber",1.00806612997248,TRUE
"Autochamber",1.00521095615483,TRUE
"Autochamber",1.00438546790037,TRUE
"Autochamber",1.00845668406256,TRUE
"Autochamber",1.0043260204991,TRUE
"Autochamber",1.00285489826467,TRUE
"Autochamber",1.00483479595027,TRUE
"Autochamber",1.00338931995949,TRUE
"Autochamber",1.0073631824106,TRUE
"Autochamber",1.00670275298819,TRUE
"Autochamber",1,FALSE
"Autochamber",1.00509446891348,TRUE
"Autochamber",1.00407464580617,TRUE
"Autochamber",1.00602227249539,TRUE
"Autochamber",1.00934908495004,TRUE
"Autochamber",1.00480249999671,TRUE
"Autochamber",1.00864773187106,TRUE
"Autochamber",1.01114804896076,TRUE
"Autochamber",1.00388227962941,TRUE
"Autochamber",1.00501216302261,TRUE
"Autochamber",1.0041653837258,TRUE
"Autochamber",1.00620284672428,TRUE
"Autochamber",1,FALSE
"Autochamber",1.0088834763035,TRUE
"Autochamber",1.00629964076164,TRUE
"Autochamber",1.00510302764797,TRUE
"Autochamber",1.00563673540117,TRUE
"Autochamber",1.01258802443502,TRUE
"Autochamber",1.00596706814011,TRUE
"Autochamber",1.00734636077538,TRUE
"Autochamber",1.00493951349242,TRUE
"Autochamber",1.00482367458113,TRUE
"Autochamber",1.00627362910445,TRUE
"Autochamber",1.00750765836218,TRUE
"Autochamber",1.06166799947511,TRUE
"Autochamber",1.01344631450174,TRUE
"Autochamber",1.00941342448889,TRUE
"Autochamber",1.01176372773651,TRUE
"Autochamber",1.04119764074162,TRUE
"Autochamber",1.01690858873126,TRUE
"Autochamber",1.01568973953829,TRUE
"Autochamber",1.01337691636357,TRUE
"Autochamber",1.01566227690788,TRUE
"Autochamber",1.02876664471529,TRUE
"Autochamber",1.07526852573535,TRUE
"Autochamber",1.01513065056658,TRUE
"Autochamber",1.01484298699646,TRUE
"Autochamber",1.04527954137663,TRUE
"Autochamber",1.01329872461494,TRUE
"Autochamber",1.1097899284513,TRUE
"Autochamber",1.00517987818546,TRUE
"Autochamber",1.09914977926886,TRUE
"Autochamber",1.00750615172428,TRUE
"Autochamber",1.00823529297142,TRUE
"Autochamber",1.01327396729242,TRUE
"Autochamber",1.01721736149715,TRUE
"Autochamber",1.02950725418866,TRUE
"Autochamber",1.00673260754041,TRUE
"Autochamber",1.00735065168781,TRUE
"Autochamber",1.00474813074725,TRUE
"Autochamber",1.01343249445781,TRUE
"Autochamber",1.01292524722561,TRUE
"Autochamber",1.0050288585069,TRUE
"Autochamber",1.03020419364876,TRUE
"Autochamber",1.01126477744728,TRUE
"Autochamber",1.01173914379935,TRUE
"Autochamber",1.11513274779529,TRUE
"Autochamber",1.13702863862479,TRUE
"Autochamber",1.00618882149425,TRUE
"Autochamber",1.03750452243046,TRUE
"Autochamber",1.00829210226256,TRUE
"Autochamber",1.01221104078198,TRUE
"Autochamber",1.0081228346726,TRUE
"Autochamber",1.00513939665455,TRUE
"Autochamber",1.00966345351866,TRUE
"Autochamber",1.00862312419207,TRUE
"Autochamber",1.00881795117649,TRUE
"Autochamber",1.01363237275682,TRUE
"Autochamber",1,FALSE
"Autochamber",1,FALSE
"Autochamber",1,FALSE
"Autochamber",1,FALSE
"Autochamber",1,FALSE
"Autochamber",1,FALSE
"Autochamber",1,FALSE
"Autochamber",1,FALSE
"Autochamber",1,FALSE
"Autochamber",1,FALSE
"Autochamber",1.17736183585906,TRUE
"Autochamber",1,FALSE
"Autochamber",1.04202634289652,TRUE
"Autochamber",1,FALSE
"Autochamber",1.01542546685056,TRUE
"Autochamber",1.10679747082862,TRUE
"Autochamber",1,FALSE
"Autochamber",1,FALSE
"Autochamber",1,FALSE
"Autochamber",1,FALSE
"Autochamber",1,FALSE
"Autochamber",1.2240514647783,TRUE
"Autochamber",1.13993642681916,TRUE
"Autochamber",1,FALSE
"Autochamber",1.05847372944231,TRUE
"Autochamber",1.17231555486536,TRUE
"Autochamber",1.01571270206721,TRUE
"Autochamber",1.00650981321983,TRUE
"Autochamber",1.2593035137373,TRUE
"Autochamber",1.30213404394835,TRUE
"Autochamber",1.32444825019371,TRUE
"Autochamber",1.11948461893003,TRUE
"Autochamber",1.21092204776438,TRUE
"Autochamber",1.28862058287863,TRUE
"Autochamber",1.086337964485,TRUE
"Autochamber",1.04166884614138,TRUE
"Autochamber",1,FALSE
"Autochamber",1,FALSE
"Autochamber",1.01184735716062,TRUE
"Autochamber",1,FALSE
"Autochamber",1,FALSE
"Autochamber",1,FALSE
"Autochamber",1,FALSE
"Autochamber",1,FALSE
"Autochamber",1,FALSE
"Autochamber",1,FALSE
"Autochamber",1,FALSE
"Autochamber",1,FALSE
"Autochamber",1.01379923761581,TRUE
"Autochamber",1.14588761933557,TRUE
"Autochamber",1.01509699363496,TRUE
"Autochamber",1,FALSE
"Autochamber",1,FALSE
"Autochamber",1.02624416926763,TRUE
"Autochamber",1.01486438303434,TRUE
"Autochamber",1.00899338561878,TRUE
"Autochamber",1,FALSE
"Autochamber",1,FALSE
"Autochamber",1,FALSE
"Autochamber",1,FALSE
"Autochamber",1,FALSE
"Autochamber",1,FALSE
"Autochamber",1.20608048471671,TRUE
"Autochamber",1.02346310679665,TRUE
"Autochamber",1.08740856368534,TRUE
"Autochamber",1.00927320156343,TRUE
"Autochamber",1,FALSE
"Autochamber",1,FALSE
"Autochamber",1,FALSE
"Autochamber",1.01861290204539,TRUE
"Autochamber",1.13709226004979,TRUE
"Autochamber",1.10537879763605,TRUE
"Autochamber",1.00975607487336,TRUE
"Autochamber",1,FALSE
"Autochamber",1,FALSE
"Autochamber",1,FALSE
"Autochamber",1.30044004029302,TRUE
"Autochamber",1.4274125342447,TRUE
"Autochamber",1.48910460916077,TRUE
"Autochamber",1.33828989533711,TRUE
"Autochamber",1.22412460158775,TRUE
"Autochamber",1.05764494939319,TRUE
"Autochamber",1.26851108276101,TRUE
"Autochamber",1.12179390649533,TRUE
"Autochamber",1.16055504750807,TRUE
"Autochamber",1.01246628111881,TRUE
"Autochamber",1.01453547459448,TRUE
"Autochamber",1.07272081956685,TRUE
"Autochamber",1,FALSE
"Autochamber",1,FALSE
"Autochamber",1.00840933971475,TRUE
"Autochamber",1.01588024480003,TRUE
"Autochamber",1,FALSE
"Autochamber",1,FALSE
"Autochamber",1,FALSE
"Autochamber",1,FALSE
"Autochamber",1,FALSE
"Autochamber",1.01255002613829,TRUE
"Autochamber",1,FALSE
"Autochamber",1,FALSE
"Autochamber",1,FALSE
"Autochamber",1,FALSE
"Autochamber",1,FALSE
"Autochamber",1.00805353218139,TRUE
"Autochamber",1.02759339968153,TRUE
"Autochamber",1.11185641614223,TRUE
"Autochamber",1,FALSE
"Autochamber",1,FALSE
"Autochamber",1.01131752259498,TRUE
"Autochamber",1,FALSE
"Autochamber",1,FALSE
"Autochamber",1,FALSE
"Autochamber",1.32843091147191,TRUE
"Autochamber",1.18833540606648,TRUE
"Autochamber",1,FALSE
"Autochamber",1,FALSE
"Autochamber",1,FALSE
"Autochamber",1.00691296463756,TRUE
"Autochamber",1.08994759634029,TRUE
"Autochamber",1.00618739647455,TRUE
"Autochamber",1.01582804681097,TRUE
"Autochamber",1.01103985641359,TRUE
"Autochamber",1.00999709750344,TRUE
"Autochamber",1.155367730539,TRUE
"Autochamber",1.46533623952664,TRUE
"Autochamber",1.25034280827312,TRUE
"Autochamber",1.51454792593898,TRUE
"Autochamber",1.31273699248481,TRUE
"Autochamber",1.30354536495383,TRUE
"Autochamber",1.09873187731773,TRUE
"Autochamber",1.13343341837921,TRUE
"Autochamber",1.11252460289079,TRUE
"Autochamber",1.0249796761136,TRUE
"Autochamber",1.01363607653877,TRUE
"Autochamber",1.01091408199458,TRUE
"Autochamber",1.0087100253374,TRUE
"Autochamber",1,FALSE
"Autochamber",1,FALSE
"Autochamber",1.13149961312942,TRUE
"Autochamber",1,FALSE
"Autochamber",1,FALSE
"Autochamber",1,FALSE
"Autochamber",1.01075990757296,TRUE
"Autochamber",1,FALSE
"Autochamber",1,FALSE
"Autochamber",1,FALSE
"Autochamber",1,FALSE
"Autochamber",1,FALSE
"Autochamber",1.00913598752011,TRUE
"Autochamber",1.01184703667504,TRUE
"Autochamber",1,FALSE
"Autochamber",1.11835351544717,TRUE
"Autochamber",1.2333206422261,TRUE
"Autochamber",1,FALSE
"Autochamber",1.17143311128454,TRUE
"Autochamber",1.04181889489585,TRUE
"Autochamber",1.38406484619158,TRUE
"Autochamber",1.3106297605845,TRUE
"Autochamber",1.26365698953754,TRUE
"Autochamber",1.00785767300249,TRUE
"Autochamber",1.00806361577868,TRUE
"Autochamber",1.01214676102075,TRUE
"Autochamber",1.04315441736315,TRUE
"Autochamber",1,FALSE
"Autochamber",1,FALSE
"Autochamber",1,FALSE
"Autochamber",1,FALSE
"Autochamber",1,FALSE
"Autochamber",1.10011949580298,TRUE
"Autochamber",1,FALSE
"Autochamber",1,FALSE
"Autochamber",1,FALSE
"Autochamber",1.05727551040423,TRUE
"Autochamber",1.03872043213188,TRUE
"Autochamber",1.31846088241662,TRUE
"Autochamber",1.31693879899727,TRUE
"Autochamber",1.06025384096196,TRUE
"Autochamber",1,FALSE
"Autochamber",1.07534267859566,TRUE
"Autochamber",1.14801142359768,TRUE
"Autochamber",1.0521303703337,TRUE
"Autochamber",1,FALSE
"Autochamber",1.10992740451141,TRUE
"Autochamber",1.0151998051764,TRUE
"Autochamber",1,FALSE
"Autochamber",1,FALSE
"Autochamber",1,FALSE
"Autochamber",1,FALSE
"Autochamber",1.01772142672677,TRUE
"Autochamber",1.1470157462809,TRUE
"Autochamber",1.06246890164101,TRUE
"Autochamber",1.13905630233739,TRUE
"Autochamber",1,FALSE
"Autochamber",1.25766748610427,TRUE
"Autochamber",1,FALSE
"Autochamber",1.01388142388515,TRUE
"Autochamber",1,FALSE
"Autochamber",1,FALSE
"Autochamber",1.1141122038674,TRUE
"Autochamber",1,FALSE
"Autochamber",1.0537158758925,TRUE
"Autochamber",1,FALSE
"Autochamber",1.00634319087701,TRUE
"Autochamber",1,FALSE
"Autochamber",1,FALSE
"Autochamber",1.14746006434852,TRUE
"Autochamber",1.01602974775217,TRUE
"Autochamber",1,FALSE
"Autochamber",1,FALSE
"Autochamber",1.16255180528237,TRUE
"Autochamber",1.2478608473055,TRUE
"Autochamber",1.02671236673953,TRUE
"Autochamber",1,FALSE
"Autochamber",1.01040075666539,TRUE
"Autochamber",1,FALSE
"Autochamber",1,FALSE
"Autochamber",1,FALSE
"Autochamber",1,FALSE
"Autochamber",1.01047668478999,TRUE
"Autochamber",1,FALSE
"Autochamber",1,FALSE
"Autochamber",1,FALSE
"Autochamber",1,FALSE
"Autochamber",1,FALSE
"Autochamber",1,FALSE
"Autochamber",1,FALSE
"Autochamber",1,FALSE
"Autochamber",1,FALSE
"Autochamber",1,FALSE
"Autochamber",1,FALSE
"Autochamber",1,FALSE
"Autochamber",1,FALSE
"Autochamber",1,FALSE
"Autochamber",1,FALSE
"Autochamber",1,FALSE
"Autochamber",1.0093255494983,TRUE
"Autochamber",1,FALSE
"Autochamber",1,FALSE
"Autochamber",1,FALSE
"Autochamber",1,FALSE
"Autochamber",1,FALSE
"Autochamber",1,FALSE
"Autochamber",1,FALSE
"Autochamber",1,FALSE
"Autochamber",1,FALSE
"Autochamber",1,FALSE
"Autochamber",1,FALSE
"Autochamber",1,FALSE
"Autochamber",1,FALSE
"Autochamber",1,FALSE
"Autochamber",1,FALSE
"Autochamber",1,FALSE
"Autochamber",1,FALSE
"Autochamber",1,FALSE
"Autochamber",1.36829767536429,TRUE
"Autochamber",1,FALSE
"Autochamber",1.0137953232203,TRUE
"Autochamber",1.01796509162667,TRUE
"Autochamber",1.37057837418458,TRUE
"Autochamber",1.48391696808262,TRUE
"Autochamber",1.26542560658125,TRUE
"Autochamber",1.25740623774207,TRUE
"Autochamber",1.36165353692657,TRUE
"Autochamber",1.1515119856648,TRUE
"Autochamber",1,FALSE
"Autochamber",1.0162393291801,TRUE
"Autochamber",1,FALSE
"Autochamber",1,FALSE
"Autochamber",1,FALSE
"Autochamber",1.06552038756921,TRUE
"Autochamber",1,FALSE
"Autochamber",1,FALSE
"Autochamber",1,FALSE
"Autochamber",1,FALSE
"Autochamber",1,FALSE
"Autochamber",1.0824637412126,TRUE
"Autochamber",1,FALSE
"Autochamber",1,FALSE
"Autochamber",1,FALSE
"Autochamber",1.10504984503115,TRUE
"Autochamber",1,FALSE
"Autochamber",1,FALSE
"Autochamber",1,FALSE
"Autochamber",1,FALSE
"Autochamber",1.0577141462373,TRUE
"Autochamber",1.07005748032949,TRUE
"Autochamber",1.15430772296269,TRUE
"Autochamber",1.04026601692657,TRUE
"Autochamber",1.17885445001883,TRUE
"Autochamber",1.01570262630142,TRUE
"Autochamber",1.30414045752618,TRUE
"Autochamber",1.07635976461514,TRUE
"Autochamber",1.01435042736449,TRUE
"Autochamber",1.07094416646787,TRUE
"Autochamber",1.01598584279507,TRUE
"Autochamber",1.01278525842746,TRUE
"Autochamber",1.00891180348699,TRUE
"Autochamber",1.05905202708649,TRUE
"Autochamber",1.16474946105911,TRUE
"Autochamber",1,FALSE
"Autochamber",1,FALSE
"Autochamber",1,FALSE
"Autochamber",1.2469289237621,TRUE
"Autochamber",1.17880986284722,TRUE
"Autochamber",1.7565748124379,TRUE
"Autochamber",1,FALSE
"Autochamber",1,FALSE
"Autochamber",1.35496853191618,TRUE
"Autochamber",1.28138653791281,TRUE
"Autochamber",1.46430437009108,TRUE
"Autochamber",1.10835256956661,TRUE
"Autochamber",1.12412074266129,TRUE
"Autochamber",1.04971730920152,TRUE
"Autochamber",1.3589629310022,TRUE
"Autochamber",1.43598936592896,TRUE
"Autochamber",1.21908413038192,TRUE
"Autochamber",1.07590209517858,TRUE
"Autochamber",1.01823254023752,TRUE
"Autochamber",1.43425794616023,TRUE
"Autochamber",1.28724883883912,TRUE
"Autochamber",1.2277281699264,TRUE
"Autochamber",1.24207074722009,TRUE
"Autochamber",1.03021092516808,TRUE
"Autochamber",1,FALSE
"Autochamber",1.18916462426332,TRUE
"Autochamber",1.01199623658258,TRUE
"Autochamber",1,FALSE
"Autochamber",1.1461341784039,TRUE
"Autochamber",1.01432313795548,TRUE
"Autochamber",1,FALSE
"Autochamber",1.02112236470596,TRUE
"Autochamber",1.01279255678297,TRUE
"Autochamber",1,FALSE
"Autochamber",1.0084582010581,TRUE
"Autochamber",1,FALSE
"Autochamber",1.14132173979535,TRUE
"Autochamber",1.01561116774182,TRUE
"Autochamber",1,FALSE
"Autochamber",1.01860647234298,TRUE
"Autochamber",1.01500645077858,TRUE
"Autochamber",1,FALSE
"Autochamber",1.20460293612708,TRUE
"Autochamber",1.2180504814678,TRUE
"Autochamber",1.28498208077896,TRUE
"Autochamber",1.01074375471247,TRUE
"Autochamber",1.00721608627488,TRUE
"Autochamber",1.11104374079527,TRUE
"Autochamber",1,FALSE
"Autochamber",1.01651059655464,TRUE
"Autochamber",1.00659933730248,TRUE
"Autochamber",1.00726532247268,TRUE
"Autochamber",1.01291452314741,TRUE
"Autochamber",1.0046321286055,TRUE
"Autochamber",1.00463096034035,TRUE
"Autochamber",1,FALSE
"Autochamber",1.2582582429048,TRUE
"Autochamber",1.01131003545879,TRUE
"Autochamber",1.04136140805436,TRUE
"Autochamber",1,FALSE
"Autochamber",1.01313998521995,TRUE
"Autochamber",1,FALSE
"Autochamber",1.26540278470009,TRUE
"Autochamber",1.37065254271248,TRUE
"Autochamber",1.22254965806195,TRUE
"Autochamber",1.30172951824324,TRUE
"Autochamber",1.14531760475334,TRUE
"Autochamber",1.01680609195889,TRUE
"Autochamber",1.01014210472146,TRUE
"Autochamber",1.01400661245253,TRUE
"Autochamber",1.01591280560313,TRUE
"Autochamber",1.24388006166258,TRUE
"Autochamber",1.31334514146433,TRUE
"Autochamber",1.10058811810461,TRUE
"Autochamber",1.05938659746717,TRUE
"Autochamber",1,FALSE
"Autochamber",1,FALSE
"Autochamber",1.01778981734585,TRUE
"Autochamber",1.09660532515499,TRUE
"Autochamber",1.01107759954106,TRUE
"Autochamber",1.06116087269436,TRUE
"Autochamber",1.01312314645885,TRUE
"Autochamber",1.13617936515071,TRUE
"Autochamber",1.12921481643477,TRUE
"Autochamber",1.01198671543499,TRUE
"Autochamber",1.04517875161663,TRUE
"Autochamber",1.10680896126734,TRUE
"Autochamber",1.20520577478844,TRUE
"Autochamber",1.01857770381164,TRUE
"Autochamber",1.12836498241945,TRUE
"Autochamber",1.12501653905606,TRUE
"Autochamber",1.08691983345068,TRUE
"Autochamber",1.00810305648217,TRUE
"Autochamber",1,FALSE
"Autochamber",1.0202373889644,TRUE
"Autochamber",1,FALSE
"Autochamber",1,FALSE
"Autochamber",1,FALSE
"Autochamber",1,FALSE
"Autochamber",1,FALSE
"Autochamber",1,FALSE
"Autochamber",1,FALSE
"Autochamber",1.01016927277038,TRUE
"Autochamber",1.27743484257991,TRUE
"Autochamber",1.01318674775101,TRUE
"Autochamber",1.18085150390461,TRUE
"Autochamber",1.12532291593924,TRUE
"Autochamber",1.14669397635131,TRUE
"Autochamber",1.07739824052281,TRUE
"Autochamber",1.16168830931123,TRUE
"Autochamber",1.02330201873348,TRUE
"Autochamber",1.17764061764485,TRUE
"Autochamber",1,FALSE
"Autochamber",1.17711918758775,TRUE
"Autochamber",1.12821218182669,TRUE
"Autochamber",1.08471311912489,TRUE
"Autochamber",1.08740632410847,TRUE
"Autochamber",1,FALSE
"Autochamber",1,FALSE
"Autochamber",1,FALSE
"Autochamber",1,FALSE
"Autochamber",1,FALSE
"Autochamber",1,FALSE
"Autochamber",1,FALSE
"Autochamber",1,FALSE
"Autochamber",1.00986799608714,TRUE
"Autochamber",1,FALSE
"Autochamber",1.15199817689401,TRUE
"Autochamber",1.01485148236874,TRUE
"Autochamber",1.01362685578067,TRUE
"Autochamber",1,FALSE
"Autochamber",1,FALSE
"Autochamber",1,FALSE
"Autochamber",1.01581730582891,TRUE
"Autochamber",1.06995839621239,TRUE
"Autochamber",1.15580190551775,TRUE
"Autochamber",1.04557317082901,TRUE
"Autochamber",1,FALSE
"Autochamber",1.02006075796942,TRUE
"Autochamber",1.08594636741277,TRUE
"Autochamber",1.12555817327928,TRUE
"Autochamber",1,FALSE
"Autochamber",1.28659167092933,TRUE
"Autochamber",1.21126959425316,TRUE
"Autochamber",1,FALSE
"Autochamber",1,FALSE
"Autochamber",1,FALSE
"Autochamber",1,FALSE
"Autochamber",1,FALSE
"Autochamber",1.00376666685972,TRUE
"Autochamber",1.01059459054653,TRUE
"Autochamber",1.00973345130865,TRUE
"Autochamber",1.76566554970139,TRUE
"Autochamber",1.00877138498724,TRUE
"Autochamber",1.110708649582,TRUE
"Autochamber",1.01526455359495,TRUE
"Autochamber",1.01471190442279,TRUE
"Autochamber",1.02108398649532,TRUE
"Autochamber",1.01203063028814,TRUE
"Autochamber",1.02312896901658,TRUE
"Autochamber",1.18903045248954,TRUE
"Autochamber",1.32945071494817,TRUE
"Autochamber",1,FALSE
"Autochamber",1.01179777060888,TRUE
"Autochamber",1.00944815649706,TRUE
"Autochamber",1.0507329777065,TRUE
"Autochamber",1.01512349679015,TRUE
"Autochamber",1.24586119595133,TRUE
"Autochamber",1.15648348651839,TRUE
"Autochamber",1.19999665381919,TRUE
"Autochamber",1,FALSE
"Autochamber",1,FALSE
"Autochamber",1,FALSE
"Autochamber",1,FALSE
"Autochamber",1.05099477881098,TRUE
"Autochamber",1,FALSE
"Autochamber",1.00803461897066,TRUE
"Autochamber",1.15376240890689,TRUE
"Autochamber",1,FALSE
"Autochamber",1,FALSE
"Autochamber",1.00947937991298,TRUE
"Autochamber",1.21784147580538,TRUE
"Autochamber",1.23994637262005,TRUE
"Autochamber",1.13292825448509,TRUE
"Autochamber",1.06701552212357,TRUE
"Autochamber",1.01913368132418,TRUE
"Autochamber",1.06388047280056,TRUE
"Autochamber",1.07172129683476,TRUE
"Autochamber",1.08590685439739,TRUE
"Autochamber",1.00960398193599,TRUE
"Autochamber",1,FALSE
"Autochamber",1.00555885661729,TRUE
"Autochamber",1.00380889922003,TRUE
"Autochamber",1.00581981119891,TRUE
"Autochamber",1.13540375993091,TRUE
"Autochamber",1.1313912177496,TRUE
"Autochamber",1.00906634390388,TRUE
"Autochamber",1.00704667903363,TRUE
"Autochamber",1.01852156604479,TRUE
"Autochamber",1.01269620911221,TRUE
"Autochamber",1.014925593869,TRUE
"Autochamber",1,FALSE
"Autochamber",1.30255899298002,TRUE
"Autochamber",1.28123336694501,TRUE
"Autochamber",1.00635824902981,TRUE
"Autochamber",1.03125049560497,TRUE
"Autochamber",1.26882636326451,TRUE
"Autochamber",1.23276593338539,TRUE
"Autochamber",1,FALSE
"Autochamber",1.18286089099001,TRUE
"Autochamber",1.24307478724279,TRUE
"Autochamber",1.40376164176418,TRUE
"Autochamber",1.56072080135464,TRUE
"Autochamber",1.14754143308859,TRUE
"Autochamber",1,FALSE
"Autochamber",1.0099417260361,TRUE
"Autochamber",1,FALSE
"Autochamber",1.18657454829173,TRUE
"Autochamber",1,FALSE
"Autochamber",1.10236627464017,TRUE
"Autochamber",1.02315077292271,TRUE
"Autochamber",1.28518059817597,TRUE
"Autochamber",1,FALSE
"Autochamber",1.19577242292784,TRUE
"Autochamber",1.24187705493292,TRUE
"Autochamber",1.30445904876079,TRUE
"Autochamber",1.086693294436,TRUE
"Autochamber",1.01197605134197,TRUE
"Autochamber",1,FALSE
"Autochamber",1.01625084806367,TRUE
"Autochamber",1.08886487046371,TRUE
"Autochamber",1.0946014274501,TRUE
"Autochamber",1.00770500201207,TRUE
"Autochamber",1.01092585650298,TRUE
"Autochamber",1.01251433888179,TRUE
"Autochamber",1.02332198319774,TRUE
"Autochamber",1.43871976477633,TRUE
"Autochamber",1.2184377325792,TRUE
"Autochamber",1.23780676542919,TRUE
"Autochamber",1.00884219463398,TRUE
"Autochamber",1,FALSE
"Autochamber",1.00762517374347,TRUE
"Autochamber",1.00625324653187,TRUE
"Autochamber",1.04175143317822,TRUE
"Autochamber",1,FALSE
"Autochamber",1,FALSE
"Autochamber",1.36136465329184,TRUE
"Autochamber",1.3350218325786,TRUE
"Autochamber",1.20502438937963,TRUE
"Autochamber",1.01300825783332,TRUE
"Autochamber",1,FALSE
"Autochamber",1.00453202671548,TRUE
"Autochamber",1.00606233970633,TRUE
"Autochamber",1,FALSE
"Autochamber",1,FALSE
"Autochamber",1,FALSE
"Autochamber",1,FALSE
"Autochamber",1,FALSE
"Autochamber",1,FALSE
"Autochamber",1.12779344550532,TRUE
"Autochamber",1.01704532713783,TRUE
"Autochamber",1.01642158383388,TRUE
"Autochamber",1,FALSE
"Autochamber",1.01614757623593,TRUE
"Autochamber",1,FALSE
"Autochamber",1.01557576688785,TRUE
"Autochamber",1.01291577331455,TRUE
"Autochamber",1,FALSE
"Autochamber",1,FALSE
"Autochamber",1,FALSE
"Autochamber",1,FALSE
"Autochamber",1,FALSE
"Autochamber",1,FALSE
"Autochamber",1,FALSE
"Autochamber",1,FALSE
"Autochamber",1,FALSE
"Autochamber",1,FALSE
"Autochamber",1,FALSE
"Autochamber",1,FALSE
"Autochamber",1,FALSE
"Autochamber",1,FALSE
"Autochamber",1,FALSE
"Autochamber",1,FALSE
"Autochamber",1,FALSE
"Autochamber",1,FALSE
"Autochamber",1,FALSE
"Autochamber",1,FALSE
"Autochamber",1.35920777249692,TRUE
"Autochamber",1,FALSE
"Autochamber",1,FALSE
"Autochamber",1,FALSE
"Autochamber",1,FALSE
"Autochamber",1,FALSE
"Autochamber",1,FALSE
"Autochamber",1,FALSE
"Autochamber",1,FALSE
"Autochamber",1.01211903420163,TRUE
"Autochamber",1,FALSE
"Autochamber",1.01151263916869,TRUE
"Autochamber",1.00790891377121,TRUE
"Autochamber",1,FALSE
"Autochamber",1,FALSE
"Autochamber",1,FALSE
"Autochamber",1,FALSE
"Autochamber",1.00743023849192,TRUE
"Autochamber",1,FALSE
"Autochamber",1,FALSE
"Autochamber",1.00947623997231,TRUE
"Autochamber",1.00641375568325,TRUE
"Autochamber",1.00735144947581,TRUE
"Autochamber",1.00510560874585,TRUE
"Autochamber",1.00461807970384,TRUE
"Autochamber",1.00608029271308,TRUE
"Autochamber",1,FALSE
"Autochamber",1,FALSE
"Autochamber",1,FALSE
"Autochamber",1.01494500734893,TRUE
"Autochamber",1,FALSE
"Autochamber",1.01272035649384,TRUE
"Autochamber",1.01301852106718,TRUE
"Autochamber",1.02255839828402,TRUE
"Autochamber",1.07104885002596,TRUE
"Autochamber",1.15131696105992,TRUE
"Autochamber",1.43215942762192,TRUE
"Autochamber",1.18595636241421,TRUE
"Autochamber",1.01519222824666,TRUE
"Autochamber",1.16190070807733,TRUE
"Autochamber",1.14569142157632,TRUE
"Autochamber",1.00819056910165,TRUE
"Autochamber",1.04755028741654,TRUE
"Autochamber",1.09328795907868,TRUE
"Autochamber",1.01418235218832,TRUE
"Autochamber",1.01750759700148,TRUE
"Autochamber",1.10434433200703,TRUE
"Autochamber",1.00787098915772,TRUE
"Autochamber",1.00511341226045,TRUE
"Autochamber",1.00452878776794,TRUE
"Autochamber",1.00399697503355,TRUE
"Autochamber",1.00428058971534,TRUE
"Autochamber",1.00881851365663,TRUE
"Autochamber",1.00936980805499,TRUE
"Autochamber",1.0345558548675,TRUE
"Autochamber",1.00628604398512,TRUE
"Autochamber",1.08174213731671,TRUE
"Autochamber",1.25780999815997,TRUE
"Autochamber",1.2124476425459,TRUE
"Autochamber",1.07543565965337,TRUE
"Autochamber",1.2523006195086,TRUE
"Autochamber",1.17465695810798,TRUE
"Autochamber",1.26731473154524,TRUE
"Autochamber",1.06054604908282,TRUE
"Autochamber",1.10295648282507,TRUE
"Autochamber",1.17297740621294,TRUE
"Autochamber",1.00960782342333,TRUE
"Autochamber",1.01732817396732,TRUE
"Autochamber",1.0840988963271,TRUE
"Autochamber",1.08551393127728,TRUE
"Autochamber",1.04289809093448,TRUE
"Autochamber",1.11778903996548,TRUE
"Autochamber",1.00973625524998,TRUE
"Autochamber",1.01508829042209,TRUE
"Autochamber",1.00456394290189,TRUE
"Autochamber",1.00813786366157,TRUE
"Autochamber",1.00939110767537,TRUE
"Autochamber",1.00580677489421,TRUE
"Autochamber",1.00450089848851,TRUE
"Autochamber",1.00442390688891,TRUE
"Autochamber",1.00945797929413,TRUE
"Autochamber",1,FALSE
"Autochamber",1.04272939078731,TRUE
"Autochamber",1.00692930036386,TRUE
"Autochamber",1.02618026363326,TRUE
"Autochamber",1.00972389605647,TRUE
"Autochamber",1.01022682631585,TRUE
"Autochamber",1,FALSE
"Autochamber",1.01367650744197,TRUE
"Autochamber",1.00871054858098,TRUE
"Autochamber",1.0067704266703,TRUE
"Autochamber",1.01066802901292,TRUE
"Autochamber",1.0076004635099,TRUE
"Autochamber",1.00574860524399,TRUE
"Autochamber",1,FALSE
"Autochamber",1.00368217357661,TRUE
"Autochamber",1.00534563769658,TRUE
"Autochamber",1,FALSE
"Autochamber",1,FALSE
"Autochamber",1.26334251344215,TRUE
"Autochamber",1.00383505033756,TRUE
"Autochamber",1,FALSE
"Autochamber",1.00842958087978,TRUE
"Autochamber",1.00467259251619,TRUE
"Autochamber",1.00847157892352,TRUE
"Autochamber",1.00420236573557,TRUE
"Autochamber",1.00651494504697,TRUE
"Autochamber",1,FALSE
"Autochamber",1.00943542910049,TRUE
"Autochamber",1.01539079854997,TRUE
"Autochamber",1.02826581461644,TRUE
"Autochamber",1.25300728981346,TRUE
"Autochamber",1.01769287777569,TRUE
"Autochamber",1.1190110323917,TRUE
"Autochamber",1.00894775771683,TRUE
"Autochamber",1.16103576072894,TRUE
"Autochamber",1.0248485672193,TRUE
"Autochamber",1.0084173363482,TRUE
"Autochamber",1.00957692531756,TRUE
"Autochamber",1.01394672014628,TRUE
"Autochamber",1.00993690879925,TRUE
"Autochamber",1.00718422569433,TRUE
"Autochamber",1.01445560067942,TRUE
"Autochamber",1.0127214523965,TRUE
"Autochamber",1.01029155495228,TRUE
"Autochamber",1.09794265368493,TRUE
"Autochamber",1.00937445528296,TRUE
"Autochamber",1.00823282418209,TRUE
"Autochamber",1.0117151390832,TRUE
"Autochamber",1.0300640288906,TRUE
"Autochamber",1.01854308080083,TRUE
"Autochamber",1.01004251949533,TRUE
"Autochamber",1.02454214593278,TRUE
"Autochamber",1.01126978908558,TRUE
"Autochamber",1.12326403721231,TRUE
"Autochamber",1.0231175328428,TRUE
"Autochamber",1.16474038821874,TRUE
"Autochamber",1.09413739382443,TRUE
"Autochamber",1.03987950498553,TRUE
"Autochamber",1.00679735527991,TRUE
"Autochamber",1.01049535814481,TRUE
"Autochamber",1.00932467981178,TRUE
"Autochamber",1,FALSE
"Autochamber",1,FALSE
"Autochamber",1,FALSE
"Autochamber",1,FALSE
"Autochamber",1,FALSE
"Autochamber",1,FALSE
"Autochamber",1.00246619980026,TRUE
"Autochamber",1.00350950839938,TRUE
"Autochamber",1.01368817163549,TRUE
"Autochamber",1.08982745837009,TRUE
"Autochamber",1.02604742657794,TRUE
"Autochamber",1.01272882499383,TRUE
"Autochamber",1.00689857435756,TRUE
"Autochamber",1,FALSE
"Autochamber",1,FALSE
"Autochamber",1.09636308587464,TRUE
"Autochamber",1.19616262206704,TRUE
"Autochamber",1.04828303659194,TRUE
"Autochamber",1.17661335684278,TRUE
"Autochamber",1.06513637735802,TRUE
"Autochamber",1.01646730073667,TRUE
"Autochamber",1.07195619747325,TRUE
"Autochamber",1.01239485305474,TRUE
"Autochamber",1.00728046033016,TRUE
"Autochamber",1.03169564229731,TRUE
"Autochamber",1,FALSE
"Autochamber",1.13607511211218,TRUE
"Autochamber",1,FALSE
"Autochamber",1.00814255114981,TRUE
"Autochamber",1,FALSE
"Autochamber",1,FALSE
"Autochamber",1.00785729199638,TRUE
"Autochamber",1,FALSE
"Autochamber",1,FALSE
"Autochamber",1,FALSE
"Autochamber",1,FALSE
"Autochamber",1,FALSE
"Autochamber",1,FALSE
"Autochamber",1.00695507877671,TRUE
"Autochamber",1,FALSE
"Autochamber",1,FALSE
"Autochamber",1,FALSE
"Autochamber",1,FALSE
"Autochamber",1.13100669468329,TRUE
"Autochamber",1.33722512795744,TRUE
"Autochamber",1.00748767605485,TRUE
"Autochamber",1.00434647796183,TRUE
"Autochamber",1.00514520266827,TRUE
"Autochamber",1,FALSE
"Autochamber",1.00482770579615,TRUE
"Autochamber",1.01583986389058,TRUE
"Autochamber",1,FALSE
"Autochamber",1,FALSE
"Autochamber",1.05749412266731,TRUE
"Autochamber",1.10028094385974,TRUE
"Autochamber",1.23248764668064,TRUE
"Autochamber",1.33364115567374,TRUE
"Autochamber",1.22070058957132,TRUE
"Autochamber",1.38579034903628,TRUE
"Autochamber",1.16263414268695,TRUE
"Autochamber",1.01152085003853,TRUE
"Autochamber",1.13940966942965,TRUE
"Autochamber",1,FALSE
"Autochamber",1,FALSE
"Autochamber",1,FALSE
"Autochamber",1.01052920437357,TRUE
"Autochamber",1.01017440874744,TRUE
"Autochamber",1.01105054318509,TRUE
"Autochamber",1,FALSE
"Autochamber",1.13720414953299,TRUE
"Autochamber",1,FALSE
"Autochamber",1.05511944774014,TRUE
"Autochamber",1.66194378998184,TRUE
"Autochamber",1.63514171594272,TRUE
"Autochamber",1.01314187632437,TRUE
"Autochamber",1.13044804042629,TRUE
"Autochamber",1.29063218013496,TRUE
"Autochamber",1.01070459228598,TRUE
"Autochamber",1.01206029805207,TRUE
"Autochamber",1.01047794601038,TRUE
"Autochamber",1.02942599911863,TRUE
"Autochamber",1.01355030846459,TRUE
"Autochamber",1.01458578005261,TRUE
"Autochamber",1,FALSE
"Autochamber",1,FALSE
"Autochamber",1.01243016635151,TRUE
"Autochamber",1.01009773087292,TRUE
"Autochamber",1.0435705714934,TRUE
"Autochamber",1.05667074901622,TRUE
"Autochamber",1,FALSE
"Autochamber",1,FALSE
"Autochamber",1.12320606126239,TRUE
"Autochamber",1,FALSE
"Autochamber",1.00610648676382,TRUE
"Autochamber",1.05119010267399,TRUE
"Autochamber",1,FALSE
"Autochamber",1.04310453103543,TRUE
"Autochamber",1.01090511010463,TRUE
"Autochamber",1.19126139479764,TRUE
"Autochamber",1,FALSE
"Autochamber",1,FALSE
"Autochamber",1,FALSE
"Autochamber",1.00239896701419,TRUE
"Autochamber",1.0164353060324,TRUE
"Autochamber",1,FALSE
"Autochamber",1,FALSE
"Autochamber",1,FALSE
"Autochamber",1.00436191607205,TRUE
"Autochamber",1.07821377485092,TRUE
"Autochamber",1,FALSE
"Autochamber",1,FALSE
"Autochamber",1.03475336104886,TRUE
"Autochamber",1,FALSE
"Autochamber",1.00904335818683,TRUE
"Autochamber",1.00704779724002,TRUE
"Autochamber",1.18175341725193,TRUE
"Autochamber",1.09582242106681,TRUE
"Autochamber",1.05531334787355,TRUE
"Autochamber",1.04278500278427,TRUE
"Autochamber",1.0098535236887,TRUE
"Autochamber",1.0072588842313,TRUE
"Autochamber",1.00616536305478,TRUE
"Autochamber",1,FALSE
"Autochamber",1,FALSE
"Autochamber",1.01376290088574,TRUE
"Autochamber",1.01012344489564,TRUE
"Autochamber",1.27223899388627,TRUE
"Autochamber",1.2694634758208,TRUE
"Autochamber",1,FALSE
"Autochamber",1,FALSE
"Autochamber",1,FALSE
"Autochamber",1,FALSE
"Autochamber",1,FALSE
"Autochamber",1,FALSE
"Autochamber",1.01144527101173,TRUE
"Autochamber",1.01108466448352,TRUE
"Autochamber",1.01195069338643,TRUE
"Autochamber",1.0067821659542,TRUE
"Autochamber",1.00860610688623,TRUE
"Autochamber",1,FALSE
"Autochamber",1,FALSE
"Autochamber",1.00725576077671,TRUE
"Autochamber",1,FALSE
"Autochamber",1.11801562494902,TRUE
"Autochamber",1.01054836774919,TRUE
"Autochamber",1.00590385033457,TRUE
"Autochamber",1.14423021299071,TRUE
"Autochamber",1,FALSE
"Autochamber",1.01102417283033,TRUE
"Autochamber",1.03461407572417,TRUE
"Autochamber",1.01291301173945,TRUE
"Autochamber",1.01344897882217,TRUE
"Autochamber",1.00978545461245,TRUE
"Autochamber",1.04131571343212,TRUE
"Autochamber",1,FALSE
"Autochamber",1.00775573653921,TRUE
"Autochamber",1,FALSE
"Autochamber",1.00866742956565,TRUE
"Autochamber",1,FALSE
"Autochamber",1.13206922592285,TRUE
"Autochamber",1.00999335076644,TRUE
"Autochamber",1.17367986622898,TRUE
"Autochamber",1,FALSE
"Autochamber",1,FALSE
"Autochamber",1.00552679146553,TRUE
"Autochamber",1.00601810716798,TRUE
"Autochamber",1.0079658821331,TRUE
"Autochamber",1.00984355842174,TRUE
"Autochamber",1.00654576641478,TRUE
"Autochamber",1.00611838622145,TRUE
"Autochamber",1.00954562591395,TRUE
"Autochamber",1.10177386111747,TRUE
"Autochamber",1,FALSE
"Autochamber",1,FALSE
"Autochamber",1,FALSE
"Autochamber",1.006322892305,TRUE
"Autochamber",1.00679825471566,TRUE
"Autochamber",1,FALSE
"Autochamber",1,FALSE
"Autochamber",1,FALSE
"Autochamber",1.00633621955883,TRUE
"Autochamber",1,FALSE
"Autochamber",1,FALSE
"Autochamber",1.00821116816204,TRUE
"Autochamber",1.00603035299247,TRUE
"Autochamber",1.00967158724507,TRUE
"Autochamber",1.00899004227416,TRUE
"Autochamber",1.00547449403642,TRUE
"Autochamber",1.00568001578233,TRUE
"Autochamber",1.00870293064908,TRUE
"Autochamber",1.00707461261899,TRUE
"Autochamber",1.00973809390949,TRUE
"Autochamber",1.03590617104187,TRUE
"Autochamber",1.01133399144823,TRUE
"Autochamber",1.01504801787142,TRUE
"Autochamber",1.01618580355491,TRUE
"Autochamber",1.00491415647275,TRUE
"Autochamber",1.01050776500813,TRUE
"Autochamber",1.00825644669456,TRUE
"Autochamber",1.01277887046996,TRUE
"Autochamber",1.00932822169097,TRUE
"Autochamber",1.06064803888643,TRUE
"Autochamber",1.0122831138854,TRUE
"Autochamber",1.04143339264488,TRUE
"Autochamber",1.03877758614827,TRUE
"Autochamber",1.01327530192859,TRUE
"Autochamber",1.02751322208158,TRUE
"Autochamber",1.01567404243436,TRUE
"Autochamber",1.01094216444352,TRUE
"Autochamber",1.00377131593078,TRUE
"Autochamber",1.00936149607983,TRUE
"Autochamber",1.00507161426087,TRUE
"Autochamber",1.00366808059118,TRUE
"Autochamber",1.00407586712729,TRUE
"Autochamber",1.01693105777854,TRUE
"Autochamber",1.00437574649134,TRUE
"Autochamber",1.00496824362649,TRUE
"Autochamber",1.0822513411481,TRUE
"Autochamber",1.09271925861538,TRUE
"Autochamber",1.00369066149973,TRUE
"Autochamber",1.00323238680955,TRUE
"Autochamber",1.0063557025145,TRUE
"Autochamber",1.01508866709794,TRUE
"Autochamber",1.00763258910956,TRUE
"Autochamber",1.01045433124758,TRUE
"Autochamber",1.05437895247426,TRUE
"Autochamber",1.11656022996297,TRUE
"Autochamber",1.01062933024412,TRUE
"Autochamber",1.13620829234834,TRUE
"Autochamber",1.03501798321836,TRUE
"Autochamber",1.01134742148915,TRUE
"Autochamber",1.06943124074272,TRUE
"Autochamber",1.01128770658693,TRUE
"Autochamber",1.00782869066664,TRUE
"Autochamber",1.00862120979359,TRUE
"Autochamber",1.0140096396448,TRUE
"Autochamber",1,FALSE
"Autochamber",1,FALSE
"Autochamber",1,FALSE
"Autochamber",1,FALSE
"Autochamber",1.06321205063915,TRUE
"Autochamber",1,FALSE
"Autochamber",1,FALSE
"Autochamber",1,FALSE
"Autochamber",1,FALSE
"Autochamber",1,FALSE
"Autochamber",1,FALSE
"Autochamber",1,FALSE
"Autochamber",1,FALSE
"Autochamber",1,FALSE
"Autochamber",1.07427032112113,TRUE
"Autochamber",1.22026291232721,TRUE
"Autochamber",1.08014499908319,TRUE
"Autochamber",1.34067332249132,TRUE
"Autochamber",1.37243707284912,TRUE
"Autochamber",1.7710226067594,TRUE
"Autochamber",1.09813878066374,TRUE
"Autochamber",1.46918167484748,TRUE
"Autochamber",1.28838824273344,TRUE
"Autochamber",1.09292511354497,TRUE
"Autochamber",1.20436044596378,TRUE
"Autochamber",1,FALSE
"Autochamber",1,FALSE
"Autochamber",1,FALSE
"Autochamber",1.12018672570559,TRUE
"Autochamber",1,FALSE
"Autochamber",1.09836545229984,TRUE
"Autochamber",1,FALSE
"Autochamber",1.01707853141928,TRUE
"Autochamber",1.01489425581443,TRUE
"Autochamber",1.02812041141273,TRUE
"Autochamber",1.43926461725213,TRUE
"Autochamber",1.1932276185974,TRUE
"Autochamber",1.14783430672904,TRUE
"Autochamber",1.17267582056253,TRUE
"Autochamber",1.06242449030503,TRUE
"Autochamber",1.21193320855935,TRUE
"Autochamber",1.09376818845091,TRUE
"Autochamber",1.24600158324661,TRUE
"Autochamber",1.10884077887885,TRUE
"Autochamber",1.40090643573507,TRUE
"Autochamber",1.03522599318606,TRUE
"Autochamber",1.1488067402902,TRUE
"Autochamber",1.29256484165631,TRUE
"Autochamber",1.2277663787774,TRUE
"Autochamber",1,FALSE
"Autochamber",1.04124187084423,TRUE
"Autochamber",1.09954487645885,TRUE
"Autochamber",1.03943302252613,TRUE
"Autochamber",1,FALSE
"Autochamber",1.24065857979339,TRUE
"Autochamber",1.12130777245253,TRUE
"Autochamber",1.13137803363669,TRUE
"Autochamber",1.27344964727476,TRUE
"Autochamber",1.05004187666677,TRUE
"Autochamber",1.08969589621201,TRUE
"Autochamber",1.02670861380078,TRUE
"Autochamber",1.24664455654149,TRUE
"Autochamber",1.14991595769812,TRUE
"Autochamber",1,FALSE
"Autochamber",1.45297539526652,TRUE
"Autochamber",1.12024079544453,TRUE
"Autochamber",1.91603496468487,TRUE
"Autochamber",1.40692303481533,TRUE
"Autochamber",1,FALSE
"Autochamber",1.35071226416283,TRUE
"Autochamber",1,FALSE
"Autochamber",1,FALSE
"Autochamber",1,FALSE
"Autochamber",1,FALSE
"Autochamber",1,FALSE
"Autochamber",1,FALSE
"Autochamber",1,FALSE
"Autochamber",1,FALSE
"Autochamber",1,FALSE
"Autochamber",1,FALSE
"Autochamber",1,FALSE
"Autochamber",1,FALSE
"Autochamber",1,FALSE
"Autochamber",1,FALSE
"Autochamber",1,FALSE
"Autochamber",1,FALSE
"Autochamber",1,FALSE
"Autochamber",1,FALSE
"Autochamber",1,FALSE
"Autochamber",1,FALSE
"Autochamber",1,FALSE
"Autochamber",1,FALSE
"Autochamber",1,FALSE
"Autochamber",1,FALSE
"Autochamber",1,FALSE
"Autochamber",1,FALSE
"Autochamber",1,FALSE
"Autochamber",1,FALSE
"Autochamber",1,FALSE
"Autochamber",1,FALSE
"Autochamber",1,FALSE
"Autochamber",1,FALSE
"Autochamber",1,FALSE
"Autochamber",1,FALSE
"Autochamber",1,FALSE
"Autochamber",1,FALSE
"Autochamber",1.06018180214537,TRUE
"Autochamber",1.13727086777831,TRUE
"Autochamber",1.1586062303151,TRUE
"Autochamber",1.0662160329684,TRUE
"Autochamber",1,FALSE
"Autochamber",1.4603722506395,TRUE
"Autochamber",1.12070719991914,TRUE
"Autochamber",1.89241305727307,TRUE
"Autochamber",1.80946141679509,TRUE
"Autochamber",1.25674941615542,TRUE
"Autochamber",1.53046947870105,TRUE
"Autochamber",1.23831917069317,TRUE
"Autochamber",1,FALSE
"Autochamber",1.020797499529,TRUE
"Autochamber",1.54917982491803,TRUE
"Autochamber",1.38735814828563,TRUE
"Autochamber",1.02604371438484,TRUE
"Autochamber",1,FALSE
"Autochamber",1,FALSE
"Autochamber",1.03872551194946,TRUE
"Autochamber",1,FALSE
"Autochamber",1,FALSE
"Autochamber",1,FALSE
"Autochamber",1,FALSE
"Autochamber",1,FALSE
"Autochamber",1,FALSE
"Autochamber",1,FALSE
"Autochamber",1,FALSE
"Autochamber",1,FALSE
"Autochamber",1,FALSE
"Autochamber",1,FALSE
"Autochamber",1,FALSE
"Autochamber",1,FALSE
"Autochamber",1,FALSE
"Autochamber",1,FALSE
"Autochamber",1,FALSE
"Autochamber",1,FALSE
"Autochamber",1,FALSE
"Autochamber",1.26448970265026,TRUE
"Autochamber",1.24226365323581,TRUE
"Autochamber",1,FALSE
"Autochamber",1.37743379813929,TRUE
"Autochamber",1.16722309291273,TRUE
"Autochamber",1.14055007746175,TRUE
"Autochamber",1,FALSE
"Autochamber",1,FALSE
"Autochamber",1.05024430335549,TRUE
"Autochamber",1.02409809665914,TRUE
"Autochamber",1.53554037916821,TRUE
"Autochamber",1,FALSE
"Autochamber",1,FALSE
"Autochamber",1.02193076111204,TRUE
"Autochamber",1,FALSE
"Autochamber",1,FALSE
"Autochamber",1.03493658928682,TRUE
"Autochamber",1,FALSE
"Autochamber",1.05649777766257,TRUE
"Autochamber",1.09291221036684,TRUE
"Autochamber",1.02129077841406,TRUE
"Autochamber",1,FALSE
"Autochamber",1.02212436619365,TRUE
"Autochamber",1.07037169231531,TRUE
"Autochamber",1,FALSE
"Autochamber",1.15175468518946,TRUE
"Autochamber",1,FALSE
"Autochamber",1,FALSE
"Autochamber",1.01494028991415,TRUE
"Autochamber",1,FALSE
"Autochamber",1,FALSE
"Autochamber",1.18184109759177,TRUE
"Autochamber",1.06063778863305,TRUE
"Autochamber",1,FALSE
"Autochamber",1,FALSE
"Autochamber",1,FALSE
"Autochamber",1,FALSE
"Autochamber",1,FALSE
"Autochamber",1,FALSE
"Autochamber",1,FALSE
"Autochamber",1,FALSE
"Autochamber",1,FALSE
"Autochamber",1.04434844404268,TRUE
"Autochamber",1,FALSE
"Autochamber",1,FALSE
"Autochamber",1,FALSE
"Autochamber",1,FALSE
"Autochamber",1,FALSE
"Autochamber",1.05334208141672,TRUE
"Autochamber",1.16706376622927,TRUE
"Autochamber",1,FALSE
"Autochamber",1,FALSE
"Autochamber",1,FALSE
"Autochamber",1,FALSE
"Autochamber",1,FALSE
"Autochamber",1,FALSE
"Autochamber",1,FALSE
"Autochamber",1,FALSE
"Autochamber",1,FALSE
"Autochamber",1,FALSE
"Autochamber",1,FALSE
"Autochamber",1,FALSE
"Autochamber",1,FALSE
"Autochamber",1,FALSE
"Autochamber",1,FALSE
"Autochamber",1,FALSE
"Autochamber",1,FALSE
"Autochamber",1,FALSE
"Autochamber",1,FALSE
"Autochamber",1,FALSE
"Autochamber",1,FALSE
"Autochamber",1,FALSE
"Autochamber",1,FALSE
"Autochamber",1,FALSE
"Autochamber",1,FALSE
"Autochamber",1,FALSE
"Autochamber",1,FALSE
"Autochamber",1,FALSE
"Autochamber",1,FALSE
"Autochamber",1,FALSE
"Autochamber",1,FALSE
"Autochamber",1,FALSE
"Autochamber",1,FALSE
"Autochamber",1,FALSE
"Autochamber",1,FALSE
"Autochamber",1,FALSE
"Autochamber",1,FALSE
"Autochamber",1,FALSE
"Autochamber",1,FALSE
"Autochamber",1,FALSE
"Autochamber",1,FALSE
"Autochamber",1,FALSE
"Autochamber",1,FALSE
"Autochamber",1,FALSE
"Autochamber",1,FALSE
"Autochamber",1,FALSE
"Autochamber",1,FALSE
"Autochamber",1,FALSE
"Autochamber",1,FALSE
"Autochamber",1,FALSE
"Autochamber",1,FALSE
"Autochamber",1,FALSE
"Autochamber",1,FALSE
"Autochamber",1,FALSE
"Autochamber",1,FALSE
"Autochamber",1,FALSE
"Autochamber",1,FALSE
"Autochamber",1,FALSE
"Autochamber",1,FALSE
"Autochamber",1,FALSE
"Autochamber",1,FALSE
"Autochamber",1,FALSE
"Autochamber",1,FALSE
"Autochamber",1,FALSE
"Autochamber",1,FALSE
"Autochamber",1,FALSE
"Autochamber",1.03529175608413,TRUE
"Autochamber",1.05782350260823,TRUE
"Autochamber",1.01676656977237,TRUE
"Autochamber",1,FALSE
"Autochamber",1,FALSE
"Autochamber",1,FALSE
"Autochamber",1,FALSE
"Autochamber",1,FALSE
"Autochamber",1,FALSE
"Autochamber",1,FALSE
"Autochamber",1,FALSE
"Autochamber",1.04358833494497,TRUE
"Autochamber",1.0179504361943,TRUE
"Autochamber",1,FALSE
"Autochamber",1,FALSE
"Autochamber",1.1093321117126,TRUE
"Autochamber",1.08449250263722,TRUE
"Autochamber",1.1613200975843,TRUE
"Autochamber",1.04771607197328,TRUE
"Autochamber",1.12195764302182,TRUE
"Autochamber",1.06491715615508,TRUE
"Autochamber",1.23764705460813,TRUE
"Autochamber",1.42957398709019,TRUE
"Autochamber",1.18048047873457,TRUE
"Autochamber",1.19484132235245,TRUE
"Autochamber",1.02738438474764,TRUE
"Autochamber",1.23432138661799,TRUE
"Autochamber",1.30048620433886,TRUE
"Autochamber",1.31886821179314,TRUE
"Autochamber",1.009052200142,TRUE
"Autochamber",1,FALSE
"Autochamber",1.01838059867447,TRUE
"Autochamber",1.08742067929078,TRUE
"Autochamber",1,FALSE
"Autochamber",1.20421459392265,TRUE
"Autochamber",1,FALSE
"Autochamber",1.01892011510314,TRUE
"Autochamber",1.00610493394714,TRUE
"Autochamber",1,FALSE
"Autochamber",1.0079323101668,TRUE
"Autochamber",1.01089838713521,TRUE
"Autochamber",1.01033952695672,TRUE
"Autochamber",1,FALSE
"Autochamber",1,FALSE
"Autochamber",1,FALSE
"Autochamber",1.1000431412361,TRUE
"Autochamber",1.01473701187987,TRUE
"Autochamber",1.33230122425647,TRUE
"Autochamber",1.11059896573206,TRUE
"Autochamber",1.27361153638189,TRUE
"Autochamber",1.39745859944842,TRUE
"Autochamber",1.14341420854761,TRUE
"Autochamber",1.01755406523259,TRUE
"Autochamber",1.19976095680113,TRUE
"Autochamber",1.03717450207199,TRUE
"Autochamber",1.111487616513,TRUE
"Autochamber",1.23053385241737,TRUE
"Autochamber",1,FALSE
"Autochamber",1,FALSE
"Autochamber",1.01053936432827,TRUE
"Autochamber",1,FALSE
"Autochamber",1,FALSE
"Autochamber",1.10047083550122,TRUE
"Autochamber",1.21281652568569,TRUE
"Autochamber",1.15443095430879,TRUE
"Autochamber",1.05111574011161,TRUE
"Autochamber",1.09223565510037,TRUE
"Autochamber",1.21303656312808,TRUE
"Autochamber",1,FALSE
"Autochamber",1.10680740793872,TRUE
"Autochamber",1.14602860932041,TRUE
"Autochamber",1.13764719821315,TRUE
"Autochamber",1.04737874996142,TRUE
"Autochamber",1,FALSE
"Autochamber",1.13033139790257,TRUE
"Autochamber",1.17034538672968,TRUE
"Autochamber",1.27859584654434,TRUE
"Autochamber",1,FALSE
"Autochamber",1.07335863993641,TRUE
"Autochamber",1.01153073280416,TRUE
"Autochamber",1,FALSE
"Autochamber",1.02690828437501,TRUE
"Autochamber",1.19249911518263,TRUE
"Autochamber",1,FALSE
"Autochamber",1.00957874058179,TRUE
"Autochamber",1.00729418292374,TRUE
"Autochamber",1,FALSE
"Autochamber",1.01349882553566,TRUE
"Autochamber",1.0117936661975,TRUE
"Autochamber",1,FALSE
"Autochamber",1.00766460461335,TRUE
"Autochamber",1,FALSE
"Autochamber",1,FALSE
"Autochamber",1.00828682779394,TRUE
"Autochamber",1,FALSE
"Autochamber",1.43097379549766,TRUE
"Autochamber",1.19667149025593,TRUE
"Autochamber",1.118592597265,TRUE
"Autochamber",1,FALSE
"Autochamber",1,FALSE
"Autochamber",1,FALSE
"Autochamber",1.12976071891981,TRUE
"Autochamber",1.3060406272991,TRUE
"Autochamber",1.01528107237663,TRUE
"Autochamber",1.15745506346349,TRUE
"Autochamber",1,FALSE
"Autochamber",1.01542210675353,TRUE
"Autochamber",1,FALSE
"Autochamber",1,FALSE
"Autochamber",1.24004781005971,TRUE
"Autochamber",1.1641880524681,TRUE
"Autochamber",1,FALSE
"Autochamber",1,FALSE
"Autochamber",1.06073911417249,TRUE
"Autochamber",1.00568215323025,TRUE
"Autochamber",1.03904463474473,TRUE
"Autochamber",1,FALSE
"Autochamber",1,FALSE
"Autochamber",1,FALSE
"Autochamber",1.15376224026279,TRUE
"Autochamber",1.09820610290894,TRUE
"Autochamber",1,FALSE
"Autochamber",1.0074478422788,TRUE
"Autochamber",1.12358713310209,TRUE
"Autochamber",1.04546930189951,TRUE
"Autochamber",1.21489874448175,TRUE
"Autochamber",1,FALSE
"Autochamber",1,FALSE
"Autochamber",1,FALSE
"Autochamber",1,FALSE
"Autochamber",1.18440019733546,TRUE
"Autochamber",1,FALSE
"Autochamber",1,FALSE
"Autochamber",1,FALSE
"Autochamber",1,FALSE
"Autochamber",1,FALSE
"Autochamber",1.01383755445601,TRUE
"Autochamber",1,FALSE
"Autochamber",1.03434208338024,TRUE
"Autochamber",1,FALSE
"Autochamber",1,FALSE
"Autochamber",1,FALSE
"Autochamber",1,FALSE
"Autochamber",1,FALSE
"Autochamber",1.17123373131963,TRUE
"Autochamber",1.18154917600515,TRUE
"Autochamber",1.18816396726035,TRUE
"Autochamber",1.37049177927565,TRUE
"Autochamber",1.02842735648299,TRUE
"Autochamber",1.06786458165642,TRUE
"Autochamber",1.01949948253909,TRUE
"Autochamber",1,FALSE
"Autochamber",1.27529288018526,TRUE
"Autochamber",1,FALSE
"Autochamber",1.15521432929213,TRUE
"Autochamber",1.09128220225004,TRUE
"Autochamber",1,FALSE
"Autochamber",1.16080574794513,TRUE
"Autochamber",1,FALSE
"Autochamber",1.06170595473391,TRUE
"Autochamber",1.11562842989057,TRUE
"Autochamber",1,FALSE
"Autochamber",1.44462912580004,TRUE
"Autochamber",1.187981042387,TRUE
"Autochamber",1,FALSE
"Autochamber",1.09970255636863,TRUE
"Autochamber",1,FALSE
"Autochamber",1.02323111058396,TRUE
"Autochamber",1.28231130569503,TRUE
"Autochamber",1,FALSE
"Autochamber",1.12214997539379,TRUE
"Autochamber",1,FALSE
"Autochamber",1.21684137150766,TRUE
"Autochamber",1.4798658258769,TRUE
"Autochamber",1.14434397628898,TRUE
"Autochamber",1.01884842244702,TRUE
"Autochamber",1.26352241396611,TRUE
"Autochamber",1.02382053484759,TRUE
"Autochamber",1.05552398336418,TRUE
"Autochamber",1.13146725186398,TRUE
"Autochamber",1.04655770407059,TRUE
"Autochamber",1.11632980226544,TRUE
"Autochamber",1,FALSE
"Autochamber",1,FALSE
"Autochamber",1,FALSE
"Autochamber",1,FALSE
"Autochamber",1,FALSE
"Autochamber",1,FALSE
"Autochamber",1,FALSE
"Autochamber",1.11384026400768,TRUE
"Autochamber",1,FALSE
"Autochamber",1,FALSE
"Autochamber",1,FALSE
"Autochamber",1,FALSE
"Autochamber",1.02041818662944,TRUE
"Autochamber",1,FALSE
"Autochamber",1.04536331931539,TRUE
"Autochamber",1.01461043647094,TRUE
"Autochamber",1,FALSE
"Autochamber",1.01273022784152,TRUE
"Autochamber",1.02461450056514,TRUE
"Autochamber",1,FALSE
"Autochamber",1.11857703248918,TRUE
"Autochamber",1.04928729898969,TRUE
"Autochamber",1.09988261674414,TRUE
"Autochamber",1.58423558829534,TRUE
"Autochamber",1.21752832222303,TRUE
"Autochamber",1.12101745476485,TRUE
"Autochamber",1,FALSE
"Autochamber",1.01781601125996,TRUE
"Autochamber",1.30678919440741,TRUE
"Autochamber",1.22325335612719,TRUE
"Autochamber",1,FALSE
"Autochamber",1,FALSE
"Autochamber",1.2008880526224,TRUE
"Autochamber",1.11872703253494,TRUE
"Autochamber",1.05541743472768,TRUE
"Autochamber",1,FALSE
"Autochamber",1.06043143240632,TRUE
"Autochamber",1.4133994510391,TRUE
"Autochamber",1.51059805790379,TRUE
"Autochamber",1.48580381853872,TRUE
"Autochamber",1.23766745586095,TRUE
"Autochamber",1.34030033409495,TRUE
"Autochamber",1.02365921805036,TRUE
"Autochamber",1.00807430524217,TRUE
"Autochamber",1.0105952300543,TRUE
"Autochamber",1.01401176205113,TRUE
"Autochamber",1.00659267023627,TRUE
"Autochamber",1,FALSE
"Autochamber",1,FALSE
"Autochamber",1.05646049597829,TRUE
"Autochamber",1.00898684101667,TRUE
"Autochamber",1,FALSE
"Autochamber",1.01049525542813,TRUE
"Autochamber",1,FALSE
"Autochamber",1,FALSE
"Autochamber",1,FALSE
"Autochamber",1,FALSE
"Autochamber",1,FALSE
"Autochamber",1,FALSE
"Autochamber",1,FALSE
"Autochamber",1.12954584571377,TRUE
"Autochamber",1.12102806314824,TRUE
"Autochamber",1.29187104955266,TRUE
"Autochamber",1,FALSE
"Autochamber",1,FALSE
"Autochamber",1.00906923664807,TRUE
"Autochamber",1,FALSE
"Autochamber",1.0077160405091,TRUE
"Autochamber",1,FALSE
"Autochamber",1,FALSE
"Autochamber",1,FALSE
"Autochamber",1,FALSE
"Autochamber",1.20617492186133,TRUE
"Autochamber",1,FALSE
"Autochamber",1.00659403846397,TRUE
"Autochamber",1,FALSE
"Autochamber",1.01332523832029,TRUE
"Autochamber",1.01121651959374,TRUE
"Autochamber",1,FALSE
"Autochamber",1.0092299994984,TRUE
"Autochamber",1,FALSE
"Autochamber",1.00905606708294,TRUE
"Autochamber",1.01360739738757,TRUE
"Autochamber",1,FALSE
"Autochamber",1.00783146073384,TRUE
"Autochamber",1,FALSE
"Autochamber",1.00646863095121,TRUE
"Autochamber",1,FALSE
"Autochamber",1,FALSE
"Autochamber",1,FALSE
"Autochamber",1,FALSE
"Autochamber",1,FALSE
"Autochamber",1,FALSE
"Autochamber",1,FALSE
"Autochamber",1,FALSE
"Autochamber",1,FALSE
"Autochamber",1,FALSE
"Autochamber",1,FALSE
"Autochamber",1,FALSE
"Autochamber",1,FALSE
"Autochamber",1,FALSE
"Autochamber",1,FALSE
"Autochamber",1,FALSE
"Autochamber",1,FALSE
"Autochamber",1,FALSE
"Autochamber",1,FALSE
"Autochamber",1,FALSE
"Autochamber",1,FALSE
"Autochamber",1,FALSE
"Autochamber",1,FALSE
"Autochamber",1,FALSE
"Autochamber",1,FALSE
"Autochamber",1,FALSE
"Autochamber",1,FALSE
"Autochamber",1,FALSE
"Autochamber",1,FALSE
"Autochamber",1,FALSE
"Autochamber",1,FALSE
"Autochamber",1,FALSE
"Autochamber",1,FALSE
"Autochamber",1,FALSE
"Autochamber",1,FALSE
"Autochamber",1,FALSE
"Autochamber",1,FALSE
"Autochamber",1,FALSE
"Autochamber",1,FALSE
"Autochamber",1,FALSE
"Autochamber",1,FALSE
"Autochamber",1,FALSE
"Autochamber",1,FALSE
"Autochamber",1,FALSE
"Autochamber",1,FALSE
"Autochamber",1,FALSE
"Autochamber",1,FALSE
"Autochamber",1,FALSE
"Autochamber",1,FALSE
"Autochamber",1,FALSE
"Autochamber",1,FALSE
"Autochamber",1,FALSE
"Autochamber",1,FALSE
"Autochamber",1,FALSE
"Autochamber",1,FALSE
"Autochamber",1.0977456468402,TRUE
"Autochamber",1,FALSE
"Autochamber",1,FALSE
"Autochamber",1.07778482833779,TRUE
"Autochamber",1.26881650098503,TRUE
"Autochamber",1.01076013534653,TRUE
"Autochamber",1.09759370981703,TRUE
"Autochamber",1.25329860019746,TRUE
"Autochamber",1,FALSE
"Autochamber",1.11082618723734,TRUE
"Autochamber",1.05662266992016,TRUE
"Autochamber",1.01187700464162,TRUE
"Autochamber",1.40086660242892,TRUE
"Autochamber",1,FALSE
"Autochamber",1,FALSE
"Autochamber",1.14160998536405,TRUE
"Autochamber",1,FALSE
"Autochamber",1.29801083057655,TRUE
"Autochamber",1.15229936175412,TRUE
"Autochamber",1.25087144156683,TRUE
"Autochamber",1,FALSE
"Autochamber",1,FALSE
"Autochamber",1,FALSE
"Autochamber",1,FALSE
"Autochamber",1,FALSE
"Autochamber",1.09117353591586,TRUE
"Autochamber",1.01400655616409,TRUE
"Autochamber",1,FALSE
"Autochamber",1.14445627218565,TRUE
"Autochamber",1.07743469189196,TRUE
"Autochamber",1,FALSE
"Autochamber",1.12458100870439,TRUE
"Autochamber",1,FALSE
"Autochamber",1.20138710174765,TRUE
"Autochamber",1,FALSE
"Autochamber",1,FALSE
"Autochamber",1,FALSE
"Autochamber",1,FALSE
"Autochamber",1.40691760534299,TRUE
"Autochamber",1.17643562398794,TRUE
"Autochamber",1.01217533680898,TRUE
"Autochamber",1,FALSE
"Autochamber",1,FALSE
"Autochamber",1,FALSE
"Autochamber",1.22688574879582,TRUE
"Autochamber",1,FALSE
"Autochamber",1.08215670234341,TRUE
"Autochamber",1.32533781902773,TRUE
"Autochamber",1,FALSE
"Autochamber",1,FALSE
"Autochamber",1.01485340618456,TRUE
"Autochamber",1.0912104858679,TRUE
"Autochamber",1.03583283919953,TRUE
"Autochamber",1.59872251367406,TRUE
"Autochamber",1.46405144626633,TRUE
"Autochamber",1.36550324375758,TRUE
"Autochamber",1.00872291987701,TRUE
"Autochamber",1,FALSE
"Autochamber",1,FALSE
"Autochamber",1,FALSE
"Autochamber",1,FALSE
"Autochamber",1.00748925012803,TRUE
"Autochamber",1,FALSE
"Autochamber",1.03046415801265,TRUE
"Autochamber",1,FALSE
"Autochamber",1,FALSE
"Autochamber",1.00604727445778,TRUE
"Autochamber",1,FALSE
"Autochamber",1,FALSE
"Autochamber",1,FALSE
"Autochamber",1,FALSE
"Autochamber",1,FALSE
"Autochamber",1.00707038357569,TRUE
"Autochamber",1,FALSE
"Autochamber",1.02413342003421,TRUE
"Autochamber",1.0499435352704,TRUE
"Autochamber",1,FALSE
"Autochamber",1,FALSE
"Autochamber",1.00663388234585,TRUE
"Autochamber",1.00778266644681,TRUE
"Autochamber",1.01180462173086,TRUE
"Autochamber",1,FALSE
"Autochamber",1,FALSE
"Autochamber",1.09280100966157,TRUE
"Autochamber",1.05387243933484,TRUE
"Autochamber",1,FALSE
"Autochamber",1.26521225371943,TRUE
"Autochamber",1.02623279170974,TRUE
"Autochamber",1.02954297113799,TRUE
"Autochamber",1,FALSE
"Autochamber",1,FALSE
"Autochamber",1,FALSE
"Autochamber",1,FALSE
"Autochamber",1,FALSE
"Autochamber",1,FALSE
"Autochamber",1.00545875383796,TRUE
"Autochamber",1.00735558678684,TRUE
"Autochamber",1,FALSE
"Autochamber",1.09268447173168,TRUE
"Autochamber",1,FALSE
"Autochamber",1,FALSE
"Autochamber",1,FALSE
"Autochamber",1,FALSE
"Autochamber",1,FALSE
"Autochamber",1,FALSE
"Autochamber",1,FALSE
"Autochamber",1.10551153374908,TRUE
"Autochamber",1.01730431705033,TRUE
"Autochamber",1.01237654942636,TRUE
"Autochamber",1.10249062200833,TRUE
"Autochamber",1,FALSE
"Autochamber",1.04592103373247,TRUE
"Autochamber",1.03607709273439,TRUE
"Autochamber",1.01455937680135,TRUE
"Autochamber",1.01161799912986,TRUE
"Autochamber",1.11993523648093,TRUE
"Autochamber",1.00851898555,TRUE
"Autochamber",1.01671505565199,TRUE
"Autochamber",1.20623374223101,TRUE
"Autochamber",1,FALSE
"Autochamber",1.04711954441481,TRUE
"Autochamber",1.14683455062823,TRUE
"Autochamber",1.02884774799376,TRUE
"Autochamber",1,FALSE
"Autochamber",1.01662620408575,TRUE
"Autochamber",1.14943412616617,TRUE
"Autochamber",1.10589315928642,TRUE
"Autochamber",1.12184391641245,TRUE
"Autochamber",1.01096852275824,TRUE
"Autochamber",1.06194245332861,TRUE
"Autochamber",1.21528161919082,TRUE
"Autochamber",1.26663709009376,TRUE
"Autochamber",1.36771204853842,TRUE
"Autochamber",1.1082469410968,TRUE
"Autochamber",1.04237421470219,TRUE
"Autochamber",1.47766382449629,TRUE
"Autochamber",1.56632312163301,TRUE
"Autochamber",1,FALSE
"Autochamber",1,FALSE
"Autochamber",1,FALSE
"Autochamber",1,FALSE
"Autochamber",1,FALSE
"Autochamber",1,FALSE
"Autochamber",1.00642075371986,TRUE
"Autochamber",1,FALSE
"Autochamber",1.00722559429109,TRUE
"Autochamber",1.24476821463651,TRUE
"Autochamber",1.01037576261311,TRUE
"Autochamber",1,FALSE
"Autochamber",1,FALSE
"Autochamber",1,FALSE
"Autochamber",1,FALSE
"Autochamber",1,FALSE
"Autochamber",1,FALSE
"Autochamber",1,FALSE
"Autochamber",1,FALSE
"Autochamber",1,FALSE
"Autochamber",1,FALSE
"Autochamber",1,FALSE
"Autochamber",1,FALSE
"Autochamber",1,FALSE
"Autochamber",1,FALSE
"Autochamber",1,FALSE
"Autochamber",1,FALSE
"Autochamber",1,FALSE
"Autochamber",1,FALSE
"Autochamber",1,FALSE
"Autochamber",1,FALSE
"Autochamber",1,FALSE
"Autochamber",1,FALSE
"Autochamber",1,FALSE
"Autochamber",1,FALSE
"Autochamber",1,FALSE
"Autochamber",1,FALSE
"Autochamber",1,FALSE
"Autochamber",1,FALSE
"Autochamber",1.01391760116181,TRUE
"Autochamber",1,FALSE
"Autochamber",1,FALSE
"Autochamber",1,FALSE
"Autochamber",1,FALSE
"Autochamber",1,FALSE
"Autochamber",1.2690406600987,TRUE
"Autochamber",1,FALSE
"Autochamber",1,FALSE
"Autochamber",1,FALSE
"Autochamber",1,FALSE
"Autochamber",1.1034755782688,TRUE
"Autochamber",1.00982278324166,TRUE
"Autochamber",1.29917710015295,TRUE
"Autochamber",1,FALSE
"Autochamber",1,FALSE
"Autochamber",1,FALSE
"Autochamber",1,FALSE
"Autochamber",1.03387995169409,TRUE
"Autochamber",1.01201639149389,TRUE
"Autochamber",1.01229319230356,TRUE
"Autochamber",1,FALSE
"Autochamber",1,FALSE
"Autochamber",1,FALSE
"Autochamber",1,FALSE
"Autochamber",1.24307548112302,TRUE
"Autochamber",1,FALSE
"Autochamber",1.01498865978528,TRUE
"Autochamber",1.12100536188042,TRUE
"Autochamber",1.00887624658447,TRUE
"Autochamber",1.01157362363265,TRUE
"Autochamber",1,FALSE
"Autochamber",1.00804095450984,TRUE
"Autochamber",1.16576399075057,TRUE
"Autochamber",1,FALSE
"Autochamber",1,FALSE
"Autochamber",1.17076658446107,TRUE
"Autochamber",1,FALSE
"Autochamber",1,FALSE
"Autochamber",1,FALSE
"Autochamber",1,FALSE
"Autochamber",1,FALSE
"Autochamber",1,FALSE
"Autochamber",1,FALSE
"Autochamber",1,FALSE
"Autochamber",1,FALSE
"Autochamber",1,FALSE
"Autochamber",1,FALSE
"Autochamber",1,FALSE
"Autochamber",1,FALSE
"Autochamber",1.12469393917605,TRUE
"Autochamber",1.7337847833089,TRUE
"Autochamber",1.80116868476783,TRUE
"Autochamber",1,FALSE
"Autochamber",1,FALSE
"Autochamber",1,FALSE
"Autochamber",1.20475219799615,TRUE
"Autochamber",1,FALSE
"Autochamber",1,FALSE
"Autochamber",1,FALSE
"Autochamber",1,FALSE
"Autochamber",1.00954593375615,TRUE
"Autochamber",1,FALSE
"Autochamber",1,FALSE
"Autochamber",1.06361185077073,TRUE
"Autochamber",1.22260603059618,TRUE
"Autochamber",1.00956697780793,TRUE
"Autochamber",1,FALSE
"Autochamber",1.00775670222851,TRUE
"Autochamber",1,FALSE
"Autochamber",1,FALSE
"Autochamber",1,FALSE
"Autochamber",1,FALSE
"Autochamber",1.19347002194559,TRUE
"Autochamber",1,FALSE
"Autochamber",1,FALSE
"Autochamber",1,FALSE
"Autochamber",1,FALSE
"Autochamber",1,FALSE
"Autochamber",1,FALSE
"Autochamber",1,FALSE
"Autochamber",1,FALSE
"Autochamber",1,FALSE
"Autochamber",1,FALSE
"Autochamber",1,FALSE
"Autochamber",1,FALSE
"Autochamber",1,FALSE
"Autochamber",1,FALSE
"Autochamber",1,FALSE
"Autochamber",1,FALSE
"Autochamber",1.02120921797456,TRUE
"Autochamber",1.05449494444396,TRUE
"Autochamber",1,FALSE
"Autochamber",1.36471570772194,TRUE
"Autochamber",1.16897907209619,TRUE
"Autochamber",1.04664020139645,TRUE
"Autochamber",1,FALSE
"Autochamber",1,FALSE
"Autochamber",1,FALSE
"Autochamber",1,FALSE
"Autochamber",1.20088171862917,TRUE
"Autochamber",1,FALSE
"Autochamber",1,FALSE
"Autochamber",1.00558706398539,TRUE
"Autochamber",1,FALSE
"Autochamber",1,FALSE
"Autochamber",1,FALSE
"Autochamber",1,FALSE
"Autochamber",1,FALSE
"Autochamber",1,FALSE
"Autochamber",1,FALSE
"Autochamber",1.01655150926889,TRUE
"Autochamber",1,FALSE
"Autochamber",1,FALSE
"Autochamber",1,FALSE
"Autochamber",1,FALSE
"Autochamber",1.00744981688939,TRUE
"Autochamber",1.16214276241306,TRUE
"Autochamber",1.00815049548027,TRUE
"Autochamber",1,FALSE
"Autochamber",1,FALSE
"Autochamber",1,FALSE
"Autochamber",1,FALSE
"Autochamber",1.02760792387289,TRUE
"Autochamber",1,FALSE
"Autochamber",1.08658964217307,TRUE
"Autochamber",1.0342462635894,TRUE
"Autochamber",1.22200292953391,TRUE
"Autochamber",1,FALSE
"Autochamber",1.24083979270287,TRUE
"Autochamber",1.02034239711029,TRUE
"Autochamber",1.00714001851211,TRUE
"Autochamber",1.01760148914238,TRUE
"Autochamber",1.23041046861065,TRUE
"Autochamber",1.14601655088463,TRUE
"Autochamber",1,FALSE
"Autochamber",1.12432742797438,TRUE
"Autochamber",1.32891077680207,TRUE
"Autochamber",1.06183013844822,TRUE
"Autochamber",1,FALSE
"Autochamber",1.07125297779929,TRUE
"Autochamber",1.04838315264784,TRUE
"Autochamber",1,FALSE
"Autochamber",1.07314679938322,TRUE
"Autochamber",1.0143961425169,TRUE
"Autochamber",1,FALSE
"Autochamber",1,FALSE
"Autochamber",1,FALSE
"Autochamber",1,FALSE
"Autochamber",1.00568094416084,TRUE
"Autochamber",1.09827371983575,TRUE
"Autochamber",1,FALSE
"Autochamber",1.00632768725949,TRUE
"Autochamber",1.01544956828372,TRUE
"Autochamber",1.00667472493485,TRUE
"Autochamber",1.0095687100046,TRUE
"Autochamber",1.01161790288743,TRUE
"Autochamber",1.00648469825152,TRUE
"Autochamber",1.0158265097613,TRUE
"Autochamber",1.01240472637822,TRUE
"Autochamber",1.00725832560726,TRUE
"Autochamber",1.0208314827021,TRUE
"Autochamber",1.00658603393451,TRUE
"Autochamber",1.01111407771731,TRUE
"Autochamber",1.01010528576562,TRUE
"Autochamber",1.01608908845742,TRUE
"Autochamber",1.05768653137807,TRUE
"Autochamber",1.23396918071798,TRUE
"Autochamber",1.02460718577522,TRUE
"Autochamber",1.08959718702345,TRUE
"Autochamber",1.0134278092866,TRUE
"Autochamber",1.26139342246318,TRUE
"Autochamber",1.01246723038103,TRUE
"Autochamber",1.21648648353592,TRUE
"Autochamber",1.25237576657754,TRUE
"Autochamber",1.00634797036682,TRUE
"Autochamber",1,FALSE
"Autochamber",1.36278960126979,TRUE
"Autochamber",1.211997117066,TRUE
"Autochamber",1.02740794668667,TRUE
"Autochamber",1.00896350072761,TRUE
"Autochamber",1.23781840705226,TRUE
"Autochamber",1.24089653130757,TRUE
"Autochamber",1.11638321012018,TRUE
"Autochamber",1.01099014457398,TRUE
"Autochamber",1.01752323240973,TRUE
"Autochamber",1.2384868058046,TRUE
"Autochamber",1.19389335598979,TRUE
"Autochamber",1.01021781775971,TRUE
"Autochamber",1.18535549687953,TRUE
"Autochamber",1.06009605924528,TRUE
"Autochamber",1.13359119441189,TRUE
"Autochamber",1,FALSE
"Autochamber",1.04837453621164,TRUE
"Autochamber",1.29755739186269,TRUE
"Autochamber",1.12462225128539,TRUE
"Autochamber",1.33770860733513,TRUE
"Autochamber",1,FALSE
"Autochamber",1.0109167646487,TRUE
"Autochamber",1,FALSE
"Autochamber",1.01298036222066,TRUE
